TransientID,Classification,Dec (J2000),SDSS,count,mag_info,mag_max,mag_mean,mag_median,mag_min,mag_std,magerr_max,magerr_mean,magerr_std,mjd_std,SN,baseline,mag_baseline
1210061091254108515,SN,8.91432,yes,196,18.31,21.3838,19.57994030612245,19.672600000000003,12.2208,0.8267908980419623,0.5180218388372679,0.24664838621884932,0.08271332129133697,944.4403616640395,1,3056.797137997499,9.163
1305091120654118444,SN,12.25101,yes,44,18.88,21.5437,20.01772727272727,20.36435,12.4589,1.4145988247743086,0.630020660256377,0.32667200469055563,0.12619809979316426,794.7051680621743,1,2674.8138489699995,9.084800000000001
1007051071254133856,SN,8.00804,yes,9,19.08,21.3105,18.76031111111111,19.0583,12.4652,2.544811773709621,0.571777453829556,0.24845657645912395,0.1715308291416893,436.012865278702,1,1379.1372675001985,8.845300000000002
1408311210014119351,Blazar,20.7972,yes,255,17.6,20.3146,18.769759607843138,18.8944,11.6801,1.0232087627561393,0.620302870420346,0.17167891261388238,0.05104524174726977,933.346573209555,0,2944.9580308329023,8.6345
1502071150154145908,HPM,16.86533,no,13,12.52,20.8485,13.004976923076924,12.3553,12.3152,2.356798227169595,0.502200413732648,0.0854779265776753,0.12520952812961683,783.3358946363894,0,2840.2169811111016,8.5333
1304181400734166981,CV,41.79893,no,265,13.97,21.2597,19.343204150943397,19.971,12.737,1.8899832818979942,0.641395241999151,0.26934115498354466,0.11438006517614012,949.3553428674239,0,3069.709241296092,8.522699999999999
1002171210554127510,CV,21.21863,yes,436,12.57,20.6007,19.241743807339446,19.346600000000002,12.5351,0.8897349510966414,0.50658734263718,0.20211544736923692,0.05415800350174576,878.2407691890735,0,2991.9467307523882,8.0656
712151210224139942,CV,21.9453,no,107,17.0,21.1734,19.288959813084112,19.4764,13.1909,1.1933774107556465,0.5815056945854461,0.27295957980901814,0.12275767529865854,918.3461896902041,0,2947.928021111089,7.982500000000002
712180180624111439,SN,-18.9727,no,28,12.93,20.8207,16.000860714285714,16.00965,12.9332,1.627913897154153,0.451230648330859,0.08316107878671788,0.07294841331141404,277.23009846091173,1,1531.8320869094969,7.887499999999999
804011350404111947,CV,34.74687,yes,279,16.4,21.3801,19.204272759856632,19.6886,13.5202,1.5861938725583438,0.56602509164384,0.2248982158254772,0.0887388014451697,842.9362621505277,0,3065.3264697449995,7.859899999999998
1311021320354124799,AGN,31.9807,yes,59,18.87,21.161,19.787477966101694,19.8525,13.354,0.9778256487399601,0.493518790996623,0.2702226381521584,0.07096984014001369,1046.9460329296487,0,2913.9746401155935,7.807000000000002
1002191010224113664,CV,0.87886,yes,371,13.83,20.8278,17.797010242587604,17.9258,13.144,1.0794334292419687,0.542594324643371,0.12686446628873124,0.04656339778775503,912.2649492759434,0,2964.8438324997987,7.6838
1109211120074116827,Blazar,12.38222,yes,286,17.79,20.5416,18.964885314685315,18.9882,12.9127,0.6688130993174924,0.393194398245896,0.1821467246827085,0.05095820568146917,945.5127213302848,0,2958.8163453243033,7.6289
1012041320074131511,CV,32.92911,yes,286,13.2,20.7691,19.245415734265734,19.37975,13.1963,0.9882796309646552,0.407665619433921,0.20331428836080656,0.055765660544243575,917.246830944939,0,3057.801655393603,7.572800000000001
1205270150814144994,CV,-15.28853,yes,108,17.21,20.1674,18.58806851851852,18.99385,12.6688,1.1661808354062464,0.437846607756537,0.17714792108345215,0.06860270194214509,979.8520113886534,0,2918.972991214898,7.4986000000000015
1101041071234110880,CV,6.42945,yes,25,13.82,21.2144,18.974132,20.2178,13.8212,2.87452766565222,0.541529784358711,0.3184373938010055,0.16175318981251977,813.981867505152,0,2869.976241585304,7.393200000000002
1102260150544125462,CV,-15.70602,no,141,13.06,20.1216,18.50802340425532,19.0553,12.7369,1.7241930958997382,0.338203965968797,0.1758452113310101,0.057444082257653364,827.213023456029,0,2589.0317121875996,7.3847000000000005
904180180764143130,CV,-17.93056,no,82,13.56,20.9373,19.331771951219512,19.55575,13.5562,1.398218218920807,0.5081473042240721,0.24051585342376872,0.07971411757610539,873.0882416744548,0,2925.954209073905,7.3811
910200091184135678,SN,-9.21232,yes,13,18.07,20.9033,19.09493076923077,19.6107,13.5911,1.951350544445486,0.4659705513103429,0.2541648126715878,0.14580150015620377,553.4722665778764,1,2458.0989731481022,7.312200000000001
907271090864112546,CV,9.12737,yes,158,13.86,21.1522,19.81265506329114,19.9553,13.8544,1.0846929098745701,0.572084523202219,0.2870155850988542,0.08295031526781396,871.1621875433792,0,3100.708393229106,7.2978000000000005
801010071244101248,CV,-8.30523,yes,287,14.83,20.0802,18.354016724738674,18.6517,12.7853,1.3197528161755216,0.7092229041044241,0.15139145298954226,0.053561975429745896,921.0058099679521,0,3016.821565393897,7.294900000000002
1104141320374107841,CV,31.53773,yes,289,14.76,21.3303,19.40725294117647,19.4608,14.1159,1.056291848612136,0.5561056669849089,0.22671457389347904,0.08287634793821197,776.4142326641755,0,2933.0390179976966,7.214400000000001
909281091224142365,CV,11.15324,yes,335,12.86,19.9555,18.512422686567167,18.749,12.8525,1.1347728225618978,0.8086829077322351,0.15938514721583816,0.06376855572919815,939.0394330814318,0,3081.753109872705,7.1030000000000015
1109211210014107917,CV,20.12269,yes,12,17.07,20.9111,17.991358333333334,17.379849999999998,13.8931,1.927705541668329,0.474126047328935,0.1873226769821553,0.13923054332003842,691.061594061979,0,2153.068804305498,7.018000000000001
1106111070884131228,CV,6.88764,yes,108,14.22,21.0983,18.539318518518517,19.36,14.1037,2.097829138430102,0.8299524452144911,0.21672853391669747,0.12555997425194967,847.4083825713839,0,3100.7029740857033,6.994599999999998
1006010010864157554,CV,-0.16401,yes,328,13.85,19.2533,17.70742317073171,18.0109,12.2673,1.2826353616757578,0.426883729353103,0.1261800690133766,0.042303649237089645,932.6223069962564,0,3005.843377696794,6.985999999999999
1007051120874117074,CV,12.05252,yes,358,13.11,20.0804,18.377805586592178,18.41885,13.0962,1.09089940256805,0.595414109357109,0.15258464342041578,0.05665863207124839,877.5496578543265,0,3004.932900902815,6.984200000000001
1006030090614101504,CV,-11.17699,yes,46,14.3,21.2761,19.76641304347826,20.22515,14.2968,1.7664111438618755,0.5581099612588629,0.31015700675358854,0.12065479006890568,506.9212377381806,0,2243.8927992246026,6.9793
909111151154137804,CV,16.02786,yes,326,17.97,20.862,18.807754601226996,18.9742,13.8902,1.1901425183023548,0.450583212590288,0.18077097594550867,0.05754055442045799,886.1635434697472,0,3106.7019642017985,6.971799999999998
1403041090444115966,CV,9.13311,yes,196,14.3,21.3497,19.644892346938775,19.89535,14.4134,1.250493068616967,0.609149125777203,0.2627850031923306,0.10534016422028321,904.1739086863562,0,3130.29452054391,6.936299999999999
1310260150154113290,CV,-16.05383,yes,32,14.3,21.1231,19.610146875,20.3624,14.2223,2.092623931194823,0.498338597152707,0.31145545229821686,0.1224738037179455,927.728596122165,0,2886.146990231704,6.9008
906011070824151155,CV,8.30052,yes,364,12.7,19.406,17.07623598901099,17.686700000000002,12.5124,1.5918899439533831,0.3003099107826369,0.09874841202973662,0.028819745820741444,925.3295566780993,0,2987.962527928401,6.893599999999999
804031320744141349,CV,33.18719,yes,256,15.1,21.2733,18.376887109375,19.21095,14.4175,1.9439592412690991,0.573936271343313,0.18482135346397888,0.10266007727216699,807.7451429439643,0,3030.808996226704,6.855799999999999
904021180524130924,CV,19.18552,yes,448,13.62,19.4821,17.88447455357143,18.0441,12.6551,0.8635359849697112,0.7311965435585991,0.11699178658228641,0.04260203688702059,903.6668251271577,0,3122.288070590199,6.827
1105201121174113562,CV,11.93162,yes,84,14.34,21.1105,19.883935714285716,20.11675,14.3414,1.3594582394223151,0.559553455343515,0.32107259821743944,0.11686970469412261,978.6122207840673,0,3017.9149854396965,6.769099999999998
802081070564124647,CV,7.3552,yes,292,15.55,21.1121,19.188690410958905,19.34515,14.3684,1.031352575784749,0.788769719621292,0.20890326219774605,0.08587727426965244,915.1887670514955,0,3099.2284054631164,6.743700000000002
911190011164102559,CV,-2.65352,yes,357,16.56,21.0176,19.11142100840336,19.4057,14.276,1.2938508155285624,0.554402880134858,0.21788884664318864,0.08192801194425285,1022.2621509615383,0,3098.668972766005,6.741600000000002
811021210044141173,CV,22.45222,yes,131,17.85,21.2415,18.63327251908397,19.704,14.5046,2.1483457308805862,0.559553455343515,0.2251993632309343,0.1424595952164645,1041.7938278837155,0,2956.7714181136907,6.736899999999999
810251070594102293,CV,5.7851,yes,93,15.73,21.2883,19.300463440860213,20.0523,14.6353,1.9191965626376593,0.5808647699906191,0.2731779254576129,0.13166880451772187,954.557741740197,0,2742.6946362383023,6.652999999999999
908281120104139170,CV,14.01333,yes,218,17.78,21.2962,19.435937155963305,19.678449999999998,14.6664,1.2926408038878179,0.67049294058838,0.2503493929288709,0.09743722802825609,972.5706003465089,0,2958.891984235903,6.6297999999999995
1305141070524109313,CV,6.17894,yes,121,14.7,21.3039,19.45655041322314,19.9199,14.6764,1.553577846623935,0.589346282602782,0.2532537286847718,0.1063343656195887,918.6130130356288,0,3130.255633495304,6.6274999999999995
1010070120014131116,CV,-12.1713,no,71,14.61,21.0635,18.962616901408452,19.6187,14.4478,1.9750131954702685,0.504820217251591,0.2420275336512831,0.12741960966843457,1134.0839482776346,0,2963.96880871521,6.6157
809221210074124820,CV,21.88067,yes,101,15.13,21.341,19.359671287128712,19.991,14.7355,1.8496192469444421,0.5818268862694821,0.2693716250770191,0.1333282836854858,829.7681582538144,0,2958.761941574099,6.605500000000001
1204240120784120240,CV,-13.18834,no,31,14.36,20.9453,18.714358064516126,19.9474,14.3586,2.5647546433364985,0.498126381721223,0.25316094430157654,0.13385748473030526,960.8623770464359,0,2351.6954347686988,6.5867
1210041071154132318,CV,7.24606,yes,399,14.36,19.4153,18.33076666666667,18.4384,12.8492,0.7711737033707255,0.536289614041235,0.1412573849514948,0.03697768310206774,941.7129468146497,0,3107.68094487262,6.566099999999999
1011160010193123255,CV,-1.04452,yes,16,15.8,21.0821,18.507825,20.139400000000002,14.519,2.728567655138254,0.568428293287317,0.2710222143972106,0.18892466432876506,797.9697151775252,0,2824.284338518497,6.5631
1411200040324146816,HPM,-4.17823,no,101,14.16,20.3354,17.13598415841584,18.784,13.7805,2.4843169239343363,0.453188300480926,0.1510824765356003,0.07857441195755797,1015.1300282607601,0,2642.7063532756074,6.5549
909301120444140061,CV,13.30685,yes,409,14.45,20.5634,18.957305378973107,19.1698,14.0282,1.17784225776913,0.746249243774259,0.18818204971517585,0.06328766802948249,851.6983232460626,0,3130.254684756903,6.5352000000000015
1201231290534138174,AGN,30.53024,yes,219,19.52,21.2461,19.616968949771692,19.5417,14.7119,0.6088719607077062,0.572700014338573,0.2382566083992463,0.07709666403014731,790.7384222840014,0,2979.957471840302,6.5341999999999985
1301311380344128824,CV,38.20694,yes,33,14.74,21.2321,17.847854545454545,19.4676,14.7222,2.786115290719644,0.5648336108897889,0.22234897829644876,0.17594226340003064,877.0930361051225,0,2727.7681152894947,6.509899999999998
1106091430394126567,CV,44.7793,yes,308,18.28,20.7734,18.43123831168831,18.46905,14.2723,0.7605547531038122,0.508595383194366,0.1422063304744127,0.047026885321048775,839.7784194897218,0,2902.0776613889975,6.501099999999999
1005051400624118443,CV,40.72794,yes,228,13.88,19.8173,18.634660526315788,18.862099999999998,13.3332,1.0930182789737093,0.4138036066251571,0.16404774545568754,0.042249202806257886,872.4233179798154,0,2936.045374803216,6.4841
1602261380334117968,CV,37.62914,yes,492,15.4,19.1733,18.24903638211382,18.2867,12.7098,0.3573808404057558,0.260598763539602,0.12623604638884978,0.01547133737497994,904.8124033807402,0,3113.2508359839994,6.463500000000002
1301080070724103395,CV,-8.33589,no,232,14.31,20.7607,19.05534698275862,19.18565,14.3064,0.8434749192387394,0.708142124846918,0.1906614932458184,0.06020406482423846,867.1518691690787,0,2951.0272519560967,6.4543
1211230090264132139,CV,-9.52022,no,39,14.78,21.2367,19.61114358974359,20.2475,14.7825,1.7906277008496014,0.5780036196340229,0.29758997910873486,0.13107462657502333,1037.1611357009172,0,2924.9925448383,6.454199999999998
1005131230814132089,CV,24.0498,yes,429,15.72,21.1265,18.919586247086247,19.438,14.6994,1.5252487042557288,0.595756075497911,0.2085399973688335,0.0845361165149037,921.3315652426832,0,3119.6901940162134,6.427099999999999
1109211150844146881,CV,16.87789,yes,83,16.27,21.3405,19.51415421686747,20.0108,14.9269,1.5960059640072264,0.529176605550354,0.26914979931872995,0.11053495463334154,832.9433429171961,0,2980.9198253122013,6.413599999999999
1210061380014126444,CV,37.83702,no,269,16.94,20.7221,19.09907843866171,19.168,14.3288,0.6678856017842328,0.4491357160486729,0.19587333188656197,0.05300885319133586,928.3602222149777,0,2947.0482826619045,6.393300000000002
1304211180904145030,CV,18.23916,no,23,17.51,21.1804,18.50568260869565,19.9057,14.7928,2.6412027576383688,0.5417954155274439,0.27528956017990225,0.19698165896074346,881.0942405273607,0,2624.861232268202,6.387599999999999
1011271090094109951,CV,9.13933,yes,157,14.69,21.0634,19.58746305732484,19.8326,14.688,1.2378887080939445,0.646013959527962,0.27052527202972465,0.10125923807934499,916.9047269968653,0,2926.995548483421,6.375400000000001
1206081210854103927,CV,19.99455,yes,187,15.49,21.2799,19.084493048128344,19.7352,14.9136,1.7601242951298233,0.586701695794902,0.24480659909536556,0.12428716326617646,907.4163130917021,0,3120.6332645603034,6.366300000000001
1010091290054106863,CV,28.55118,yes,300,14.06,20.4167,19.138665666666665,19.194650000000003,14.0536,0.6703276248746776,0.471182128604856,0.19328624278338083,0.04685556064475103,922.0221680232388,0,3055.8409792473976,6.363099999999999
1209271400104123217,CV,40.69156,no,75,15.33,21.2785,19.116086666666668,19.6675,14.9156,1.5891619374164905,0.554402880134858,0.23025392438561929,0.1117314618175761,840.2638393524101,0,2948.8356451154978,6.3629000000000016
1005211291074109408,Blazar,28.48262,yes,224,16.51,20.5692,18.299439732142854,18.2474,14.2252,0.9690294989109324,0.447067116847811,0.1504210680127183,0.06426280589362361,911.7334891651673,0,3033.893306041602,6.343999999999999
809211090064126748,CV,11.04802,yes,90,16.45,21.3079,18.761034444444444,19.972700000000003,14.9773,2.1868611218144647,0.621448104954041,0.2487178402381163,0.15144247161830138,1004.0928894716129,0,2958.861430984005,6.3306000000000004
1011301180544138966,CV,19.34577,yes,231,14.83,21.1022,19.450986580086578,19.7812,14.7716,1.345760536435743,0.4874174843233589,0.24209799092514234,0.08280674391211229,836.0546403468489,0,3122.232269513901,6.3306000000000004
1104281430634140646,CV,44.47502,yes,62,15.08,21.4089,19.740006451612903,20.4077,15.0839,1.840412850945381,0.626867402359437,0.3279656426481272,0.14565097973447969,940.5793284644697,0,3028.8370533799025,6.324999999999999
1502071490284143743,CV,50.708,no,248,14.56,20.876,19.148801612903224,19.41955,14.5637,1.200250347737648,0.5612988546296099,0.21319204149948628,0.07558099229714219,809.6491171488536,0,2904.0933166551986,6.3123000000000005
1302061230454136240,CV,24.28318,yes,33,14.92,21.2133,18.24447878787879,19.2303,14.9112,2.2587725208835185,0.6934504754595289,0.21551120947153918,0.16800295618420721,509.2130104103709,0,2715.3068368868044,6.302100000000001
903310150804155525,CV,-14.69582,yes,99,15.84,20.8807,18.503843434343434,19.5744,14.5898,2.042478196079839,0.5163791737612909,0.21504691867018472,0.12138385269970786,757.331947303992,0,2926.9945113193025,6.290900000000001
1210150070174107414,CV,-7.91665,yes,63,16.05,21.2357,18.69878253968254,19.6975,14.9497,2.298840434874242,0.542061355566421,0.25017635902164664,0.16957341386018518,829.3262516555756,0,2917.9555440508047,6.286000000000001
1201191150534121730,AGN,15.3999,yes,217,20.04,21.3286,19.946689861751153,19.9064,15.0546,0.57372632161943,0.557535347099384,0.27815865199764617,0.07889692837427334,756.1762754494438,0,2886.0310939006013,6.274000000000001
1112280090094129502,CV,-9.20979,yes,264,12.68,18.9177,18.140184469696973,18.2265,12.646,0.703745886740306,0.232764133018597,0.12341565865602344,0.01878294022546954,906.3775403407928,0,2969.949875694205,6.271699999999999
910241150234105998,Mira,14.45379,no,159,12.23,17.5952,12.700287421383647,12.8694,11.3431,0.6697564144156455,0.0982566035706919,0.052540524315391086,0.00415491063426808,766.7851751308631,0,2631.819116632003,6.252099999999999
1206110040934111559,CV,-5.28702,no,67,14.76,21.0073,18.6017552238806,19.0832,14.7642,1.355726715140828,0.4906459834538599,0.19265085449122227,0.08002612969580199,714.7390286656139,0,3045.7769376737924,6.2431
801301180124103586,CV,17.27342,yes,281,14.38,20.5843,18.60320071174377,18.9611,14.3476,1.3231972002905068,0.429129002251806,0.17617438810384542,0.05955925019860509,919.4244064370394,0,2975.8832195945943,6.236699999999999
1101241120454105248,CV,11.63922,yes,166,15.95,21.218000000000004,19.902556024096388,20.06425,14.9888,1.0927526345412426,0.536807520885934,0.2876100501359321,0.0919024469171659,781.6143267576724,0,2669.8399216317994,6.229200000000004
1012060040494101697,CV,-5.60219,no,93,15.01,21.1724,18.729133333333333,19.0784,14.9609,1.7733387657511868,0.539417322980019,0.20665155019074694,0.12897918913355613,763.3738116901693,0,2623.8839786225,6.211499999999999
1402181150484139804,CV,16.80539,yes,417,14.61,20.8882,18.131275779376498,18.2546,14.6888,0.9503761933103065,0.4735702666459729,0.13039459611301937,0.04873752461167602,896.4148936608718,0,3122.3265836458013,6.199400000000001
1011271040014129121,CV,5.10657,no,119,15.68,21.2702,19.521119327731093,19.9698,15.0788,1.5445188617992924,0.5610069469222779,0.2707211034457405,0.11448658863590888,951.0101690352698,0,2958.8923547109007,6.1914
809290121154131085,SN,-12.34451,no,19,19.84,21.0351,19.32692631578947,19.5281,14.8454,1.363864904861713,0.4836573269353449,0.22552079934266805,0.09137126859706847,452.51049132124876,1,1888.8717057406902,6.1897
1112271181144146614,CV,18.90505,yes,360,15.8,20.9802,18.67380361111111,18.75795,14.8162,0.7816945054480353,0.805650616226963,0.165802867977709,0.06489174344326508,938.5562373704752,0,3106.7019387385008,6.164
903031350794146364,CV,35.35648,no,47,14.97,20.9913,18.54328085106383,19.867,14.8395,2.2839558786226397,0.491462161259986,0.21962175639660536,0.12474518563759335,939.0797891930993,0,3041.7134364699014,6.1518
911061090144134618,CV,11.19919,no,230,16.23,20.9786,18.855451304347827,19.20375,14.8556,1.286045985810142,0.530679530049164,0.1996522409769623,0.0787094546735384,933.9150383082917,0,2938.053816226806,6.122999999999999
1103281350224120296,Flare,34.4758,no,27,17.99,21.1101,19.739318518518516,20.0373,15.0025,1.2823141745828837,0.520870729192152,0.3527097520413391,0.12329148859520388,804.5523771605391,0,2813.2584433564916,6.1076
1212021350134123988,CV,34.97443,no,99,15.48,21.3051,19.093485858585858,19.9824,15.2,1.9457269352436573,0.533719967693943,0.2508172574692423,0.12849138761351667,985.3614535966449,0,2949.9949077894053,6.1051
801311040734112057,HPM,3.67688,yes,85,14.39,20.4441,14.52826705882353,14.3941,14.3393,0.8884496092563015,0.366168098637827,0.061299197532192186,0.04165194602325442,342.6949699843436,0,2163.0412014121976,6.104799999999999
1001151040734114938,HPM,3.67624,yes,113,14.41,20.4441,14.507428318584072,14.4008,14.3393,0.7704715299585126,0.366168098637827,0.059775481134917235,0.03617556884432222,320.39285587247826,0,1573.7251219909012,6.104799999999999
1006091120874119140,CV,12.07644,yes,357,16.6,20.7735,18.75437843137255,18.7991,14.674,0.7394026591584352,0.683924769229243,0.17627512955826138,0.06633455135214401,877.2280516830707,0,3004.932900902815,6.099499999999999
909271210194141689,CV,21.95206,no,56,18.5,21.2333,19.090057142857145,19.819499999999998,15.1372,1.8641643185335095,0.63442544081712,0.27237320274716553,0.14901428922446072,927.5138269741107,0,2943.9076711689995,6.0961
1102260150524119509,CV,-16.02984,no,164,14.64,20.0946,18.841080487804877,19.15575,14.003,1.1979407860904072,0.576116887210896,0.17938539338395446,0.05749067664326127,829.5506027708792,0,2635.8428950465823,6.0916
901310040794132056,SN,-3.91485,no,63,18.71,21.3219,19.900095238095236,20.1312,15.2321,0.9187046568891771,0.566324029290547,0.2991398984684416,0.11471954813020131,603.0023124915995,1,2951.9504570486024,6.0897999999999985
1210040041124149411,CV,-3.9743,no,385,14.12,20.1859,18.461726753246754,18.4822,14.0969,0.5146358732821279,0.4809364154832419,0.14790833778362272,0.036043587033126226,965.6914334468228,0,3087.70639799771,6.089
905251210444119239,CV,21.01488,yes,218,15.76,21.3867,19.34376651376147,19.88375,15.2986,1.5628418607115677,0.573626523978025,0.24741157415554332,0.1105026048297506,947.3395556707899,0,2929.0084142475025,6.088100000000001
1001151320344156239,Blazar,33.11925,no,274,16.02,20.5662,18.063685401459857,17.94115,14.5101,1.32568324597189,0.371933975881849,0.14099008983227476,0.06915865733084636,911.9720526090256,0,3081.302142442306,6.056099999999999
1005221320424122472,CV,33.01002,yes,450,14.82,20.631,18.885009555555555,18.86605,14.5763,0.5210889341160048,0.395770862649656,0.1628364932916171,0.03500707725718717,855.8610124319789,0,2938.0240399651957,6.0547
802271010724123230,CV,1.89144,yes,343,14.15,20.1625,18.91755801749271,19.0131,14.108,0.7630158893585391,0.960603692139348,0.17646452871519516,0.06826909476664493,898.6968530985214,0,3005.8467368287966,6.054500000000001
909291180894139837,CV,18.63388,no,176,16.25,20.934,19.21838409090909,19.6568,14.9185,1.4364981808261659,0.546909191442649,0.240892473234934,0.10176033645674369,907.0087983236358,0,3071.740732395592,6.015500000000001
804271290604119048,CV,30.06699,yes,312,15.99,20.7287,18.338637499999997,18.410649999999997,14.715,0.9481237813677145,0.487217595131943,0.14560050312324183,0.057275277439379574,918.7882548180341,0,2990.9378770020994,6.0137
1110241350124145757,CV,35.67976,no,44,15.39,21.0508,17.944975,19.154850000000003,15.0374,2.176879237565065,0.460398024304346,0.17022319280654077,0.11073291821190646,1002.0543648571842,0,2919.0545976502035,6.013399999999999
1502081290374141264,CV,30.1079,yes,184,15.43,21.0772,19.415377717391305,19.68955,15.0643,1.3554303692936447,0.604122736138085,0.2415953034488502,0.088209517020999,844.0184456672399,0,3090.2957404394983,6.012900000000002
804271320724132848,CV,33.48113,yes,309,15.39,20.7709,18.50383786407767,18.6236,14.7824,0.8696058684549386,0.8876951754747671,0.15363429041488144,0.06759463609752556,885.1561435110602,0,3088.7911254633,5.9885
911231010114107310,CV,0.46871,yes,288,17.18,20.9316,17.334290625,17.22395,14.952,1.2542872042788806,0.4513929043334129,0.10987137514204917,0.058924299200463964,963.5623740676815,0,2963.924247581097,5.9796
910161071214145478,CV,8.15752,yes,178,13.71,19.252,17.696765730337077,18.41485,13.2732,1.6404766716338557,0.211833071698293,0.12702441547950313,0.038576119161449304,961.7147499524774,0,2918.029967106406,5.9788
1510031071144131261,CV,6.79359,yes,141,15.71,20.0683,18.612637588652483,18.8934,14.0912,1.0024393563801548,0.284426634435151,0.15948058823292613,0.04346021737645685,882.9016666616237,0,3107.65822379609,5.9771
911181290484113217,Blazar,29.19375,yes,445,15.72,20.1812,17.742435280898878,17.8904,14.2074,0.9262701944839831,0.587359882133207,0.11453112645513895,0.04653068110446066,862.4187165672603,0,2984.9759113195905,5.973800000000001
1006101261134132083,CV,27.17689,yes,315,16.04,21.1295,19.23784380952381,19.4299,15.1654,0.9971113818844571,1.17307377602909,0.22453354868402822,0.09442049253443156,947.4293818944778,0,3032.8059156714007,5.9641
1611021070314137583,YSO,6.77902,no,167,16.72,20.1813,17.903550898203594,17.8482,14.2222,0.6324328966612238,0.3777629578643039,0.130536675430901,0.03714799963355145,790.1045665365085,0,2838.0838974071958,5.959099999999999
1204161120574107039,SN,11.67151,yes,109,12.99,18.6548,15.173111009174312,14.8981,12.6976,1.599574674737901,0.1861869990627889,0.06895093822386315,0.026464703962973214,708.2566966102127,1,2486.0272707520053,5.957200000000002
1005190041194148620,CV,-3.08772,yes,327,16.03,20.9428,19.275451681957186,19.4127,14.9876,0.831849307739712,0.788769719621292,0.22627579913714993,0.07451775486068869,969.8062522020605,0,3081.713396469597,5.955199999999998
904300040604104004,CV,-5.37171,no,169,15.75,21.3191,19.528028402366864,19.8215,15.3705,1.3578484491485678,0.5496529614403379,0.26306006299562934,0.10731644081225511,818.2221346160638,0,2894.005237419209,5.948599999999999
1609221041244110267,SN,3.53927,yes,266,17.82,21.0341,19.505579323308268,19.473100000000002,15.0998,0.5285180817180578,0.496437487506258,0.23561659082513658,0.06211571943247089,901.501825492342,1,3034.7943054745047,5.934299999999999
908290181084101567,CV,-19.67403,no,140,16.44,21.1763,18.52651642857143,18.94455,15.2472,1.4384003184798668,0.473016239220765,0.19232736180630058,0.1047463045596576,980.486490488254,0,3058.7387650349046,5.929100000000002
1312241460334126377,AGN,46.8764,yes,224,18.34,21.2807,19.542011160714285,19.468400000000003,15.3603,0.7288047496131813,0.545280384557757,0.2327762196242845,0.08615501673626265,800.0523534445957,0,2879.1685417825065,5.920399999999999
1310281380044109757,CV,37.05902,yes,37,15.52,21.1838,17.679708108108105,17.992,15.2716,1.9473156835298504,0.512905891409603,0.1489145500884071,0.11065438488307412,1133.619595718749,0,2909.137705034598,5.912200000000002
910210090164109136,CV,-10.5664,no,209,15.07,20.9556,19.059133971291864,19.1279,15.0436,0.6974793100350312,0.4602268106882339,0.18369835287005298,0.04578752367307972,846.7985705914804,0,2965.0107358446985,5.912000000000001
909100041214124313,CV,-3.92503,yes,82,15.25,21.1508,18.663681707317075,19.846600000000002,15.2503,2.0864956086629776,0.576116887210896,0.24079426918457675,0.15200790235031766,914.7534286851637,0,3020.8571897451984,5.900500000000001
910100151064131770,CV,-15.91032,no,195,14.47,19.0051,17.146924102564103,17.857,13.1069,1.7288756539998449,0.3412219253795649,0.11872391597230941,0.05149906230167552,1059.4111727790025,0,3071.6790070370043,5.898199999999999
1006151121184152430,CV,13.82892,yes,26,15.21,21.0896,18.43760769230769,19.210900000000002,15.1978,2.1995332028270136,0.520870729192152,0.22565051570892108,0.15495520458328157,548.58559824733,0,1830.9144273607963,5.8918
1004060010564103401,Blazar,-2.61655,yes,346,16.37,21.0132,18.40667196531792,18.47815,15.1233,0.8841273023264372,0.458693498168974,0.14838664988893221,0.05332290719273678,872.2779769092562,0,2901.045347430292,5.889900000000001
1203151010534135815,CV,1.81968,yes,56,15.69,21.4955,19.88117857142857,20.39885,15.6107,1.6294341417932683,0.605190552873945,0.32393154272882635,0.1388961004297021,786.1815411401014,0,2864.0390237850006,5.8848
1312231490234178647,CV,50.51973,no,197,14.76,19.1246,17.28491269035533,17.5648,13.2596,1.1288907064158205,0.37530332896457,0.10401171191562612,0.03671499566231331,888.7376683032375,0,2904.189519375097,5.865
806230090754110801,CV,-10.45056,yes,172,16.51,20.837,19.046611627906977,19.2202,14.9724,1.0350438692760764,0.436212038941992,0.20018608933512816,0.06873038477536683,887.9862406280143,0,2903.0231239237037,5.864599999999999
1004071150784109051,CV,14.63762,yes,205,15.74,21.3695,19.178130731707316,19.4948,15.5098,1.2861537582210865,0.6066221371282309,0.22194643321989782,0.08496469345904482,914.2855407834677,0,3070.7460196297907,5.859699999999998
1012141180124125553,CV,18.73771,yes,251,15.86,21.2041,19.57469561752988,19.7142,15.3448,0.9679715802546671,0.590680503445439,0.2641337686937033,0.08496900835947933,914.2289380638446,0,2975.8832195945943,5.859300000000001
1610051040264100999,CV,2.86507,no,84,16.84,21.2843,19.360508333333332,19.850450000000002,15.4463,1.4001636522429242,0.523762087231927,0.252622749306483,0.12101921809719363,993.7875860831555,0,2900.0286870369964,5.838000000000001
804250180744124610,CV,-18.0577,yes,47,15.17,20.8848,18.815693617021275,19.3118,15.0547,1.5285730607056023,0.612071438909649,0.2129900427086814,0.12045276648250454,639.9224718509572,0,2445.195909363094,5.830099999999998
1002191070274109660,CV,6.08221,no,50,15.44,21.2045,19.897002,20.26025,15.3772,1.4714908210813047,0.521589557277535,0.33258498111690443,0.11908827858227257,986.3092364389901,0,2904.977222731308,5.827299999999999
803091430354107829,CV,42.84368,yes,215,17.76,21.1621,19.262351162790697,19.7409,15.3372,1.4762480896300898,0.51451894338195,0.23218944478593467,0.09875710925206961,820.021264983768,0,2879.1675586342026,5.8248999999999995
907270151174129545,CV,-14.9763,no,9,14.37,20.1892,17.425155555555556,19.4331,14.3658,2.885989420940031,0.479209016145074,0.18105696172044594,0.1454959878955462,411.554029810872,0,1059.0588899306022,5.8233999999999995
1305291600394135487,CV,61.50702,yes,20,18.97,21.2588,18.229670000000002,18.909750000000003,15.4442,2.385057526416457,0.5645367810838571,0.22610580846321088,0.18722686455697918,695.5110102056082,0,2220.020742176108,5.8146
1203011400324135123,CV,41.50258,yes,112,18.89,21.3913,17.512491071428574,16.886200000000002,15.5954,1.6147789919653195,0.599204677930739,0.13745896712181974,0.11702378173363011,837.8876846444603,0,2896.1103786802996,5.795900000000001
1203160070494138975,CV,-6.7957,no,211,14.51,19.3734,18.569628909952606,18.7687,13.5797,0.9415750638302302,0.243127426923051,0.15006922833775807,0.027995842841999,774.0099051001944,0,2648.8750015972983,5.793699999999999
1106131350674124017,CV,35.80164,yes,195,15.71,21.2336,19.584933333333332,20.0091,15.4457,1.4147744511385911,0.577688028851418,0.27320124171248844,0.11134282753684935,881.8719470581349,0,2952.015700833399,5.787899999999999
1309050011134105287,CV,-2.7161,yes,27,14.1,19.8762,17.148774074074076,17.3664,14.0928,1.850690567701397,0.269835273373223,0.11193869504482594,0.05734194943718008,17.618265495591015,0,52.89808570591413,5.7834
809270091144116516,CV,-10.44095,no,75,18.14,21.1199,18.828962666666666,19.6752,15.342,1.9082706625529724,0.56602509164384,0.24418105135041326,0.1493479763851903,902.548789082982,0,3067.6539930207946,5.777900000000001
805051090884151996,CV,10.52608,yes,351,14.08,19.7392,18.085299145299143,18.2556,13.994000000000002,1.0142883178856326,0.36231357994679,0.13757993000078222,0.043620905634452437,933.121593987506,0,3107.7085785072923,5.745199999999999
904181120584134509,CV,13.26448,yes,385,14.97,20.3012,18.474386233766232,18.811,14.5663,1.2537513889958247,0.5808647699906191,0.1604885469849133,0.0659295997649454,948.6557639394043,0,3130.282175636894,5.734900000000001
1209220121154133884,CV,-12.31894,no,40,15.29,21.0055,17.834290000000003,16.917450000000002,15.2739,2.184065518154102,0.577058216008813,0.21122318796769046,0.16142543193407063,1028.142823217892,0,2827.1875473148975,5.731600000000002
903211430464155479,SN,45.01409,yes,58,18.88,21.3489,19.518251724137933,19.5408,15.6324,0.967400392667803,0.598164549362653,0.24480905538049352,0.10919122374647477,458.4581805364321,1,2650.883687025198,5.7165
1109230181234122987,Comet,-18.43059,no,4,20.23,20.2346,17.9908,18.6051,14.5184,2.442278755588723,0.3190797733969289,0.23051043648378722,0.10128297847314124,1090.500424438483,0,2181.008745671301,5.716200000000001
1005061090834125680,CV,9.82956,yes,349,16.72,20.7008,18.4495558739255,18.7576,14.9902,1.0225307492783318,0.6854060504233879,0.15690251038806236,0.0668543760098631,948.615356158943,0,2992.900709641108,5.710600000000001
1007071040904138258,CV,3.97634,yes,310,14.05,19.8228,18.383309677419355,18.66195,14.1202,1.0731777774637188,0.3780611541243879,0.1574635768541581,0.04519178840601141,984.8781245942579,0,3105.635485011604,5.7026
1106101320834120295,CV,31.67164,no,165,17.24,19.5694,18.46969818181818,18.6202,13.8824,0.9218378482533051,0.269646898959735,0.14985426316614123,0.037051305632135434,1036.4949400481091,0,3116.6734981831105,5.687000000000001
1305031120794103182,CV,11.47115,yes,282,15.56,21.2125,19.210329078014183,19.22015,15.5266,0.9217571225046842,0.551038700336465,0.21001128416978773,0.08768509854436411,822.0656140006951,0,2987.994237835599,5.685899999999998
802091040474117552,CV,3.65813,yes,44,18.5,21.3011,19.880295454545454,20.26625,15.6206,1.554953857380827,0.5751796303247779,0.3209695804009139,0.1518295636041186,587.0550678280548,0,2686.7559162382895,5.680500000000002
908181230884140146,CV,23.8082,yes,120,15.78,20.094,18.36971583333333,18.832050000000002,14.423,1.4101191624356455,0.360298183586487,0.1633783821328102,0.05848565634377599,1072.3761033322996,0,3098.689292754898,5.671000000000001
1203270230714118652,CV,-24.55128,no,47,16.48,20.9243,17.90361914893617,17.4196,15.2566,1.9301368489034418,0.432558503287457,0.17600843667813876,0.1028755056676721,985.6518178754113,0,2971.924805555507,5.667699999999998
1102050150634124006,CV,-15.43896,no,166,14.13,19.6706,18.12309578313253,18.68475,14.0186,1.4214145698692748,0.408650564864123,0.14675369446265696,0.054821342698981965,913.0362405745208,0,2945.939193090373,5.652000000000001
906021430464112346,CV,43.28819,yes,218,15.66,21.292,19.739369724770643,19.747,15.659,0.6986529123178743,0.579270612122501,0.25768369372040223,0.08139401823461706,769.7229112627267,0,2918.979483483592,5.633000000000001
1302011090264101772,CV,8.50928,no,38,17.7,21.0831,17.589055263157896,16.9115,15.4595,1.7912173898425212,0.592696922933054,0.16245121735534676,0.14692431223987878,900.5936551636127,0,2597.9601994328987,5.6236000000000015
911091010284127183,CV,1.18913,yes,164,15.43,21.053,19.6728,19.6907,15.4334,0.8494619181749391,0.517551053739308,0.25525849189241917,0.0820741779460976,974.8801472846358,0,2941.8526420719063,5.6196
1103281290384113038,CV,28.81559,yes,242,15.67,21.1364,18.620290909090908,19.176650000000002,15.5212,1.7197436373649588,0.5423276849930301,0.19481621866896007,0.11658002602572387,907.9255696603135,0,3099.304739953506,5.615199999999998
1112251320174117100,CV,32.13713,no,96,16.26,21.3566,18.573769791666667,19.26445,15.7465,1.8068634371325003,0.6020019555096761,0.23650506592991147,0.1630801863837376,1020.212418969636,0,2946.9443195253043,5.610100000000001
901170180504102398,CV,-19.61449,no,69,15.22,20.7569,19.060189855072462,19.4239,15.1505,1.4406741553201157,0.448656024030065,0.21538428606243823,0.09082354626159157,844.3690499571827,0,2546.0041594444046,5.6064000000000025
1102081010474158290,CV,2.6552,yes,352,14.82,19.7972,18.39955965909091,18.58285,14.1988,0.8744433683251656,0.330536272920944,0.13949440388172787,0.03253885484444092,868.7606453952355,0,3124.2833124769095,5.5984
1005221090464126949,CV,10.42683,yes,205,15.58,21.1082,19.74736780487805,19.8133,15.5141,0.7974372850364077,0.6161508140298371,0.2564026444060832,0.07468172466990154,753.1694280552997,0,3102.314707882295,5.594100000000001
909170150134129127,CV,-14.80649,no,184,15.46,20.9724,18.87373913043478,19.112450000000003,15.3799,1.1858575296117777,0.470453884032692,0.18530128978503094,0.06965362679636598,894.708207989882,0,2937.0283104861155,5.592500000000001
1306140180684124826,SN,-17.96542,no,19,14.49,20.0784,18.316915789473683,19.191,14.4919,2.0750486974909923,0.304580086452916,0.1799270541295502,0.08153759952020692,744.3560765038291,1,1932.7798792245012,5.586499999999999
907301150164137251,Flare,16.523,no,275,16.38,21.0196,19.80105163636364,19.849,15.4375,0.6102377292138461,0.542594324643371,0.2776519133243568,0.06886864912399705,887.767037279873,0,2975.8613227199967,5.5821000000000005
902200180274145987,CV,-16.99221,no,106,14.52,20.0804,18.545346226415095,18.8837,14.5071,1.22058508641393,0.274834440886353,0.1592131917764858,0.048093396827950205,855.5093649743387,0,2637.747849802996,5.5733000000000015
910261400294164657,CV,41.78382,no,36,15.73,21.3019,19.289522222222224,20.0522,15.7315,1.8894491705424343,0.572084523202219,0.2708019331274724,0.13834717755235587,789.7928467148828,0,2311.770786920999,5.570399999999999
1009101320014148188,CV,33.42861,yes,83,15.85,21.2733,18.79348795180723,19.342,15.7103,2.008207967888808,0.535773042864456,0.23349323342144152,0.14722848631718144,935.1899979439481,0,2914.1215837499985,5.562999999999999
912131180104106336,CV,17.25556,yes,174,16.04,21.2153,19.113558045977012,19.4187,15.6628,1.088938110110786,0.552433807435583,0.1999258246051141,0.06701556972960222,894.1591316425688,0,2922.971319201388,5.552499999999998
1011281090284102188,CV,8.58415,no,367,14.33,19.5661,18.135348228882833,18.4353,14.0164,1.144607697602454,0.239860612786047,0.13739252525867107,0.030973334305274308,897.5149793004117,0,3125.3009114931046,5.549699999999998
1310011070234114365,Flare,6.48788,yes,43,18.05,21.2834,20.1875,20.4074,15.7367,0.9891856881871515,0.590680503445439,0.3798297237367959,0.1297526251891202,836.8768246626623,0,2865.1622372567945,5.5466999999999995
1004080070584127163,CV,-6.72402,no,240,16.14,20.9883,18.838895416666666,19.10115,15.4436,1.0957094244288728,0.504381033544923,0.17919035898663868,0.0703215240005725,827.9733460946975,0,2928.0263733332904,5.544699999999999
1310021400344113215,SN,40.09219,yes,288,18.16,21.4198,20.066532291666665,20.17085,15.8753,0.7699133058342695,0.5933731486331729,0.31126447137385926,0.10128209015416657,882.3165760216057,1,2921.0331552661955,5.544499999999999
1202251040524116814,AGN,3.60305,yes,232,19.03,21.2295,19.647352155172413,19.6386,15.686,0.6192575326014558,0.56305883274627,0.23987947548990965,0.07818193174472213,841.6777864143039,0,2962.9651034836133,5.543500000000002
1410181120084103311,CV,11.51414,no,155,15.52,21.3888,19.702065806451614,19.8261,15.8483,0.8371551515216964,0.66448811191672,0.26215839882973196,0.09175186871933234,960.8810132492033,0,2948.8718445255,5.5405
902221430424130546,CV,44.0861,yes,309,15.18,20.4975,18.440988673139156,18.729,14.962,1.0611340238900069,0.428564634047919,0.15241312379340055,0.05155230822219892,841.166962533162,0,2920.000257916603,5.535499999999999
1005211231134127528,CV,23.92265,yes,15,16.97,20.9317,18.17198,16.97,15.3976,2.3125005498686613,0.486221524521824,0.2015889619131297,0.16162525260321914,818.8347242280873,0,2442.2414130671023,5.534099999999999
1610231570204118948,CV,57.38627,no,9,15.93,21.2778,18.6785,20.7294,15.7439,2.7030263895308155,0.567223307943967,0.29676121428443253,0.22177368055413166,993.8785395626765,0,2748.2568043055144,5.533899999999999
1112291120514141825,AGN,13.8701,yes,266,19.06,21.4283,19.546212781954885,19.45195,15.8959,0.6043375034073957,0.493932906686598,0.2280296947748303,0.07740844767738889,698.3179585208877,0,3096.288805636599,5.532400000000001
1409061381014103015,CV,36.78331,no,212,14.22,19.3411,18.021184905660377,18.22835,13.8119,1.1353916770194397,0.286430075353963,0.1328075740285657,0.03324285587457677,887.6268201763756,0,2962.0821027312923,5.529200000000001
1201201180424110668,CV,17.25784,yes,46,16.3,21.3089,19.78794130434783,20.39645,15.7819,1.8025996325771152,0.566324029290547,0.32703098299262784,0.14771353280548727,826.6816271904275,0,2715.687542719701,5.527000000000001
1101130040254141317,CV,-3.24766,no,158,15.22,20.4608,19.174673417721518,19.3594,14.9373,1.0278879343250027,0.353115227196364,0.20038336556116806,0.05389506704368007,897.310814908941,0,2923.0681203239947,5.5234999999999985
811171460444111078,CV,45.97172,yes,190,15.24,20.6744,19.247324736842106,19.411,15.1581,0.9403593473153059,0.526696927771379,0.20923546654930827,0.0633630916512617,804.9299450566155,0,2902.0421933331017,5.516299999999999
1603070040684126687,SN,-4.14287,no,229,17.49,20.6626,19.58933406113537,19.5915,15.1484,0.4760706599953781,0.4198038845336521,0.23098084829309587,0.04924982791823053,898.3591870792643,1,2948.998169143706,5.514200000000001
1003171460404142882,CV,47.9073,yes,197,14.82,20.2792,19.12177005076142,19.1527,14.7654,0.7340213168834291,0.7353312181750721,0.1971721543475807,0.07625086746601037,904.9565902266239,0,2919.999368402896,5.5138
911201400014137919,CV,41.08191,no,129,16.69,21.1034,18.757507751937982,19.5746,15.6075,1.663611178544114,0.515214398699779,0.21313325813950548,0.11684431321991494,901.9059911028571,0,2947.029606250093,5.495900000000001
1204271380374105813,HPM,37.10039,yes,213,17.17,18.0683,16.644269483568078,16.6296,12.5769,0.4587034258484552,0.135361893456494,0.07859867812317246,0.010265113792892484,667.1653031104954,0,2558.078972361007,5.4914000000000005
804011150764118274,SN,15.29882,yes,213,18.54,21.208,19.82869765258216,19.8424,15.7167,0.5782820285725097,0.527685075697676,0.2644001234005565,0.07360993674528994,829.8879136500793,1,2984.9289148263924,5.491299999999999
803040010554109890,Very,-2.0756,yes,341,16.53,21.0689,17.41613108504399,17.3384,15.5829,0.9915207612410576,0.497491227328425,0.10777044182693421,0.05353699231541524,891.0351367644254,0,2901.052661111098,5.485999999999999
910221120483113936,CV,12.08089,yes,311,16.01,21.335,19.514232154340835,19.7364,15.8545,0.9953691328224257,0.581184995956866,0.23875239737686743,0.08104526043335329,802.908581219617,0,2913.043801435102,5.480500000000001
1105201010824136363,CV,2.15946,yes,263,17.16,21.2956,19.261342585551333,19.446,15.8256,1.019417008634114,0.574868117625171,0.22442471461482036,0.0860620283827357,901.6141925462748,0,3005.837117095005,5.470000000000001
803051320384107064,CV,31.51837,yes,519,14.66,19.7451,18.04195394990366,18.4395,14.2813,1.2025821250738395,0.583439845459926,0.13209565225152953,0.049155823104455904,874.1212066276611,0,3079.254889780197,5.463800000000001
1103121520434112450,CV,51.65704,yes,144,15.63,20.6469,18.510605555555557,18.73575,15.1886,0.9215821704503612,0.7989343474970971,0.16372439091852692,0.0835662653816867,867.863141049552,0,2737.8221766550996,5.4582999999999995
1201191570254149183,CV,58.80669,yes,17,17.49,20.889,17.433723529411765,17.4826,15.432,1.9090375286153398,0.448177728611437,0.14720065815587646,0.12101480638172615,677.2228112019129,0,1874.991589027697,5.456999999999999
1609221070014133607,SN,8.4301,no,7,17.71,20.6593,19.00467142857143,19.5995,15.2069,1.9243434401671355,0.420203577579596,0.2404202435519978,0.14152230882500724,625.0641019821377,1,1759.170338668795,5.452400000000003
910290120104118343,CV,-12.74036,no,223,16.29,19.9497,18.304026457399104,18.8734,14.4993,1.3711986924610013,0.285668354190938,0.1475404315497715,0.04772588647543471,885.5290914474941,0,2948.0507764579015,5.4504
1310271400304156612,CV,42.09687,no,72,15.91,21.278,19.671918055555555,20.236649999999997,15.8421,1.581777607481077,0.5552525318888051,0.303790025666579,0.14166735127506697,959.1631628913407,0,2921.007032511705,5.435899999999998
804281380714144091,CV,39.1573,yes,329,13.45,17.8922,16.956333738601824,17.4438,12.4607,1.3519465843506921,0.285981286385996,0.09423604088814624,0.02824187722575141,911.9213459472174,0,3061.8024355786984,5.4315
1502140120774137712,CV,-12.21545,no,4,17.31,20.9294,19.541375000000002,20.8575,15.5211,2.6806286406674573,0.506587329321255,0.39041493964267043,0.21339568306697063,808.7131600993513,0,1966.715157395498,5.4083000000000006
909301430674124967,CV,43.9377,yes,30,18.37,20.296,18.813346666666668,18.8238,14.8909,0.9127830477336246,0.393194391585327,0.18770866947722242,0.056455487560037584,762.1192788220866,0,2025.3171200116994,5.405099999999999
811071120494103889,CV,11.56717,yes,17,15.96,21.2892,18.817976470588235,20.1069,15.8897,2.0839753224094966,0.548825973360738,0.24330076106027682,0.1760371256840043,466.1457628075316,0,1686.2875761920004,5.3995000000000015
1406091400764165859,Flare,41.89521,yes,119,17.29,20.4875,19.16982268907563,19.2139,15.1007,0.5236781636244863,0.3676320147425739,0.20140793489056452,0.034492001822031826,998.4298995147783,0,3067.737068484006,5.386800000000001
1203261150844117628,CV,14.93839,yes,25,16.64,21.0878,17.848488,18.177,15.7035,1.6448227347042605,0.536031157962306,0.1578585743671969,0.13058307626593638,684.3229742254795,0,2294.7931282058926,5.384300000000001
1603110090554101520,CV,-11.21836,no,8,17.89,21.3526,20.17455,20.67565,15.9691,1.7985168675486887,0.581826876627241,0.38061045621047107,0.16476033562472703,831.3163010525266,0,2506.056096654902,5.3835
811071180194133574,CV,19.18863,no,202,16.25,21.3231,19.29230792079208,19.6052,15.9424,1.2915539073375302,0.586701695794902,0.24924478631644797,0.11814098999145807,871.4048518939734,0,2975.898462014193,5.380700000000001
809291090244127420,CV,9.88828,yes,382,15.44,20.5947,18.68710340314136,18.9831,15.2152,1.1399278774735742,0.458016495381972,0.19266640311507086,0.06737324677788038,920.1345819335291,0,2946.9803297914987,5.3795
810241180044126382,CV,18.89707,yes,84,16.82,21.3236,19.73182023809524,20.1229,15.9503,1.2760769788106612,0.5960985627611679,0.2897329229360359,0.13035108760783853,938.4731270608004,0,2956.7648037727995,5.373299999999999
810261350094107353,CV,34.14903,no,89,16.35,21.1948,18.342808988764045,18.1636,15.8244,1.8271152551495207,0.5147504696948,0.19059042238635615,0.13336470616446763,1105.1466221871885,0,2950.0104608913025,5.3704
1103011210394137153,CV,20.92909,yes,131,15.76,20.9827,19.679541984732825,19.895,15.617,1.0039697200424846,0.468107997947693,0.25624414650177835,0.07911156335662757,853.2902337700023,0,2915.9734252778944,5.3657
804281090894104463,CV,8.63291,yes,332,15.45,20.6309,18.999061445783134,19.16165,15.2724,0.8437778605206773,0.454506315893204,0.19206775547414529,0.051649827461215804,922.8659678441333,0,3107.7077465274997,5.358500000000001
910241150234136893,CV,16.24169,yes,11,15.9,21.2259,17.37981818181818,16.3719,15.8679,2.0147369887001028,0.557248618266391,0.17443728341600345,0.18900540719218992,425.2713585563419,0,1833.8998904628024,5.357999999999999
809241350064130912,CV,35.29008,yes,142,14.41,19.0516,18.036995070422535,18.292650000000002,13.6971,1.1261526937098698,0.21661724871709,0.12591950626945098,0.029020509927904895,1104.5143538645416,0,3055.8724660532025,5.3545
810251120194119274,CV,12.83824,yes,33,16.9,20.902,17.841533333333334,17.5879,15.5484,1.5261230315055418,0.738924121910047,0.17394589683755093,0.14823879443107577,1005.5475373203543,0,2921.0764434141965,5.3536
1301131040554137759,SN,4.87015,yes,296,18.87,21.278,19.892856756756757,19.9347,15.9305,0.48080836221360496,0.659516034633033,0.26750735768982237,0.06629913551930036,864.2069012460322,1,2948.9958409260944,5.347499999999998
1308280011124107474,CV,-2.66467,yes,327,13.96,19.3029,18.22949296636086,18.2763,13.9583,0.6177171063504564,0.629228408425662,0.1376036875480364,0.04109072098664593,1008.8776015915531,0,3111.6551616200013,5.344600000000002
910261400284160650,CV,41.34627,no,42,16.94,21.1425,17.910228571428572,16.92205,15.7979,1.8774427335341937,0.51591242197914,0.17144953841315233,0.13860044096551227,560.6402089408602,0,1853.9352914701012,5.344599999999998
905301490534130920,CV,49.79271,yes,8,15.7,21.0402,17.4566,17.0651,15.6996,2.030450828194144,0.565428519789496,0.1668679757854842,0.16996935253143414,518.5778262606552,0,1486.9433996879015,5.3405999999999985
804270150694124657,CV,-15.22041,no,79,16.91,21.2179,18.889384810126582,19.6304,15.8778,1.6544273532561666,0.509946061867484,0.2207886394677095,0.11731200386731268,811.9941160355072,0,2925.9995409492985,5.3401
906151010694107477,Flare,0.52834,yes,11,17.42,21.3518,19.733454545454546,20.7379,16.0397,1.9567101774987703,0.589346289253874,0.34087115628606257,0.18180675192826093,650.9865098639551,0,1899.8076562727074,5.312100000000001
802111350134121217,CV,34.91894,no,225,14.89,19.8341,18.001458666666668,18.3695,14.5239,1.2701152371185516,0.2507523566299069,0.12815885399187085,0.03715120205574398,1087.2810246458303,0,2949.9999530441128,5.3102
912201230044119403,SN,23.74039,yes,15,19.13,21.3513,19.801806666666668,20.1147,16.0504,1.3377563473788425,0.588682181068745,0.29820960559009013,0.1423025102859852,733.0643701996593,1,2204.981967071799,5.300899999999999
1308281290064116109,SN,29.03744,yes,7,18.7,20.6791,18.599742857142854,18.5586,15.3809,1.6620010337513258,0.482875676484367,0.2531546184978461,0.14114604033036232,133.4748902214657,1,377.96257234919904,5.298199999999998
1202251040774141275,Flare,4.89669,yes,355,14.94,18.7903,18.24655042253521,18.2958,13.5006,0.45362990959565686,0.42716261867272,0.13222511490088512,0.03580917432273275,899.0584887455217,0,2992.864721863596,5.289699999999998
1202261260634124245,CV,26.61202,yes,322,13.54,18.7897,17.63267701863354,17.9144,13.5137,0.9969120668358468,0.434009818525455,0.10944256565668549,0.0321538195218332,922.6106786636158,0,2992.931051955995,5.276
1105130041134149159,CV,-3.842,yes,441,16.28,20.1673,17.719807936507937,17.7516,14.8917,0.7494640141798034,0.344854216435595,0.11525665913041347,0.03385944378763065,978.9959037492063,0,3087.705360104301,5.275600000000001
1002021180433134193,CV,19.26115,yes,325,17.35,21.4057,19.613588307692307,19.8095,16.1355,1.006426712043517,0.5447403376006951,0.2523864279634797,0.08572681459210879,903.5438089501322,0,3127.259965948826,5.270199999999999
1302171230424139186,Blazar,24.64542,yes,494,17.05,20.8661,19.010184615384613,19.2743,15.5988,0.8894367794458407,0.5488259651074701,0.18822298455846936,0.06294965872007767,925.6635241860542,0,3126.2429558797085,5.267299999999999
1209231181154135712,CV,18.66889,yes,377,12.73,17.757,16.938261538461536,17.1878,12.4903,1.0066873515691603,0.2322832989525019,0.08886046798012569,0.01806955608738015,916.4153212811599,0,3106.698973414408,5.266700000000002
810241070224132530,CV,8.00216,no,330,15.41,20.6352,18.458279696969697,18.59225,15.3756,0.794202379317122,0.612071438909649,0.1606039911524903,0.058030025229186585,904.3195081997287,0,2947.8565242361074,5.259600000000001
1202101400324103979,SN,39.73173,yes,18,18.93,21.3093,19.411183333333334,19.0918,16.05,1.2134092478002048,0.519441027024221,0.25836769716653873,0.12907840410660995,421.11010890491525,1,1680.1968941782034,5.2593
1106101290854138513,CV,29.37193,no,153,16.39,20.4421,17.659985620915034,17.9817,15.1917,1.1624274848587517,0.38979441685576,0.12071549495713813,0.05427063982738353,1103.6244940074885,0,3125.641325254801,5.250399999999999
1306101320754113582,SN,31.58255,yes,6,16.32,20.6459,17.12366666666667,15.619299999999999,15.4096,2.503539200944667,0.3990872442005561,0.15831319048400996,0.15011227264030033,330.96635158506786,1,880.8180055320045,5.236300000000002
1101251090234223206,CV,9.75425,no,10,16.28,21.2938,17.183429999999998,16.28575,16.0586,1.9500850260950175,0.483461593257266,0.14124755333256872,0.14884441203871882,11.053733445627902,0,35.00999312510248,5.2352000000000025
1007061070934182952,CV,7.54693,yes,11,18.3,19.7795,16.85250909090909,18.3004,14.5481,2.215482403204569,0.276319706899109,0.13298577074007595,0.07880409856797738,558.0520578888465,0,1862.8615191548015,5.231399999999999
903031490634110911,CV,48.35518,no,38,16.04,21.2043,19.481902631578947,20.061999999999998,15.9734,1.6604153870524252,0.549101274891715,0.2989090204430199,0.14852986496903284,1064.3628295932651,0,3059.7548558683047,5.2309
803240090664110600,CV,-10.45976,no,211,16.79,20.9494,19.077830331753553,19.3088,15.7226,0.9062587065877372,0.500045049699907,0.1973898383074688,0.0666421203802447,921.8770472006505,0,2977.9313264587036,5.226800000000001
1106111320694137973,CV,33.57317,yes,293,15.07,19.249,17.145689078498293,17.2097,14.0415,0.5808507745347092,0.231662759986548,0.09316732059200288,0.026766627939641345,894.255233658639,0,3060.8387664123948,5.2075
1209150070034133708,SN,-6.6684,yes,27,19.07,21.1105,20.00896296296296,20.0897,15.9129,1.007979163073763,0.558686157539815,0.3171678082778517,0.12351176790861831,1133.9213527103332,1,2963.9512060647903,5.197599999999998
1310021520614101453,CV,50.84446,yes,67,15.29,20.0051,18.067823880597015,18.6241,14.8089,1.5054366871835057,0.2827665289380869,0.1443717584555923,0.05656899913355619,996.037779185999,0,3074.722504224599,5.196199999999999
1211201260144138885,CV,27.51922,no,268,14.32,19.491,18.312132835820897,18.39565,14.2952,0.589756317769027,0.259249694359165,0.13550499547340697,0.022565371452252746,952.4434061834069,0,2938.971128564801,5.1958
804041151124139364,CV,15.83453,yes,10,15.67,20.8144,16.7171,15.9004,15.6249,1.9419532761286153,0.493932912905468,0.12843710720833842,0.1422148976989484,323.64749373958387,0,920.3759644678939,5.189499999999999
1309060040054111996,Blazar,-4.87228,no,254,16.15,20.4612,18.790781102362207,19.02915,15.2755,1.073905886399295,0.415993448348156,0.17786948681277617,0.06485201536729687,954.7378337599015,0,2968.9305659145975,5.185700000000002
1211121320074127003,CV,32.38569,yes,334,15.03,17.4459,16.802482035928143,17.0793,12.2603,0.9952538237406152,0.1460407119960939,0.0821173844454115,0.011226583986014851,931.7639243077726,0,3057.806710497498,5.185600000000001
1512061260384150348,Blazar,27.58305,yes,25,18.94,21.3122,20.044072,20.1618,16.1279,1.0723592209547448,0.5529944959541839,0.3268392333876689,0.12493752515887695,858.3667638453329,0,2656.778732210405,5.1843
1101280010694114829,Blazar,-2.03542,yes,213,18.6,21.2109,19.05611971830986,19.1374,16.0289,0.8962304734779357,0.537066996372115,0.19325434792089985,0.07513734496769062,925.9986340441565,0,2742.708757117798,5.181999999999999
1204241320794103277,CV,31.11877,yes,258,16.26,20.9789,19.403161240310077,19.650550000000003,15.8036,1.0246199964713174,0.468107997947693,0.23229049075175393,0.07095603030406152,896.8342022096855,0,3059.724422789499,5.1753
910150040214139850,Flare,-3.09341,no,210,17.21,21.3005,20.06545476190476,20.11425,16.1292,0.6234337904714643,0.5592639660189019,0.3079049495442067,0.0792219389996077,875.7448050786749,0,2967.0265924307023,5.171299999999999
1305121210884131694,Flare,20.67545,yes,224,16.21,21.0825,19.98780357142857,19.9991,15.9152,0.5264726879034318,0.5463648257382879,0.29431988210881793,0.06975693222276996,895.0778447426025,0,3071.7344953939973,5.167299999999999
801311120884124969,CV,12.404,yes,164,17.34,21.2055,18.73453963414634,19.4539,16.0399,1.6783994138302953,0.569640123838901,0.21571118906732545,0.1289271826518443,924.1334838139292,0,2984.9845198839976,5.165600000000001
1003171290214127638,CV,29.46837,yes,41,16.13,20.8471,17.692536585365854,16.6143,15.6828,1.8399890053687917,0.546636823422438,0.16759098633056668,0.13050307106860323,674.0506457912151,0,2613.8413566895906,5.164300000000001
1303021260374143723,CV,27.21929,yes,71,16.17,21.3229,19.722749295774648,19.8233,16.1742,1.033517874456423,0.522552126353229,0.2668504987490716,0.09940516781959986,1133.523690780126,0,2883.1131556712935,5.148700000000002
912150090234136333,CV,-9.12484,no,261,16.13,20.9773,19.038913026819923,19.2081,15.8292,0.9333313280430334,0.50394284503612,0.19200344780834197,0.06210588776368275,860.4867471590953,0,2954.9796943986003,5.1480999999999995
803290010784136859,CV,-0.76842,yes,342,15.1,20.1214,17.817701461988303,17.90205,14.9762,0.6878580731271445,0.4735702666459729,0.11446516537683492,0.03488724035985556,889.9521108733481,0,3005.8168552429997,5.145200000000001
1105200150784122250,CV,-15.81578,no,42,15.89,20.9871,19.346957142857143,19.75295,15.8436,1.3327906913311451,0.489024530648435,0.2539404067990291,0.11172112180854885,659.8684648532444,0,2187.0362037726954,5.143500000000001
1106210071094164382,CV,-6.30077,yes,28,16.01,20.8145,18.675314285714286,19.60835,15.6738,1.8672135047661127,0.45351682672431,0.20866395812851238,0.11444227001233695,551.1804209712698,0,1829.0324535072068,5.140699999999999
1301061090614105661,CV,8.78083,yes,9,14.84,19.9623,16.021233333333335,16.1636,14.8222,1.629878751625409,0.275754924209347,0.08759524316621936,0.07075785535209997,338.27546648998293,0,1021.1205004281001,5.140099999999999
1209210010044118805,Flare,-1.63015,yes,68,18.82,21.2311,20.125261764705883,20.11575,16.0919,0.7883651402346117,0.5527139562978891,0.3197307001796463,0.10666663243029138,929.9461770406709,0,3006.875929687594,5.139200000000002
1304111120594139528,CV,13.56004,yes,24,16.22,21.3473,19.069325,19.672449999999998,16.2105,1.6237130955741936,1.04667517289504,0.273974442294798,0.21374244051417748,922.0975974830584,0,2709.78813978011,5.136800000000001
1209141071174108926,SN,5.94642,yes,134,15.95,21.0098,19.734505223880596,19.9051,15.8761,0.9740345985361303,0.5378474026898049,0.28028834658339896,0.08805681763691274,935.5159152144805,1,3081.740172812206,5.133699999999999
1105120260674103467,SN,-28.06649,no,5,16.83,20.0694,16.41226,15.6897,14.9401,2.0840629652196228,0.303829431491529,0.10860980793009008,0.1091659570617855,489.23762950959554,1,1093.979928993096,5.129300000000002
901180090484140054,CV,-9.44691,no,80,16.16,21.208,19.754067499999998,19.90245,16.0812,0.9565618264342035,0.550483294521959,0.26476088962275696,0.08663786138909509,662.2228170721139,0,2591.878766215399,5.126799999999999
903291210784144089,CV,22.15563,yes,343,15.48,20.5491,18.713233527696794,18.7016,15.4225,0.6540155495237137,0.517786302513275,0.16298686396819778,0.05003755956002902,874.5680759305651,0,2952.9838493521966,5.1266
1606031380684117420,CV,37.90417,yes,173,18.3,21.2749,19.40393294797688,20.0909,16.1488,1.5419261355378318,0.545550965519109,0.2655701994988565,0.12977196466241023,870.0241270893453,0,3033.8518566666025,5.126099999999997
904211350784159221,CV,35.76361,no,85,18.65,21.2045,18.116717647058824,18.0819,16.0805,1.348670247139088,0.567523907442319,0.15696633309070235,0.10189153313182442,1024.3651378929371,0,3061.7291517708,5.123999999999999
904011290354105973,CV,28.50465,yes,220,13.31,18.343,17.502341363636365,17.954349999999998,13.2248,1.3165912396757118,0.144973397622228,0.10497267349572081,0.019424233433185167,901.9274532386522,0,3090.3192196529053,5.1182
711081290154130838,CV,29.8808,no,359,15.53,19.8036,16.441285515320335,15.43,14.6861,1.6511774115710096,0.278737986198182,0.09657489257308642,0.05265022087520169,874.8222658061818,0,2947.041624097219,5.1175
909171181144114493,CV,17.54776,yes,333,17.18,21.0664,19.027825825825825,18.9711,15.9532,0.5967181462617059,0.47154740044319,0.1870041177528002,0.05867177906841289,901.2625056736146,0,3106.7019387385008,5.113200000000001
1101160070644123338,CV,-6.97823,no,259,14.51,19.5931,18.395610038610037,18.6115,14.489,0.9637655142657785,0.23713189826041,0.1390512929419177,0.027483255120821837,883.6322048969073,0,2945.0502706132975,5.104099999999999
1212080121174102903,CV,-13.99989,no,6,15.68,20.7701,17.36975,15.68885,15.6667,2.6163333814710987,0.46828731741952,0.1942573102924412,0.20239895196570604,137.9870816103377,0,421.87592020809825,5.103399999999999
812211120274147621,CV,12.88729,no,106,17.0,21.0925,18.226927358490567,17.4374,15.9926,1.5694387948461699,0.5764302002496441,0.1888786765757642,0.1360717249810065,895.3327080026706,0,2906.9544230206084,5.099900000000002
1011031090484111611,SN,9.09109,yes,21,18.72,21.0116,19.44524285714286,19.7805,15.9151,1.209969813082719,0.489226413384963,0.2511921664028451,0.11997901969280772,460.16945370069095,1,2088.1412577776864,5.096500000000001
806111011244115704,CV,1.11426,yes,360,14.53,19.2641,17.91401527777778,17.979950000000002,14.1744,0.6732608283755939,0.205906505482515,0.1192173268499285,0.02369123155462267,906.0209752360983,0,3060.753692361104,5.089699999999999
909250090174119865,CV,-9.75163,no,175,16.2,21.1492,19.13208285714286,19.5682,16.0625,1.1798913456905546,0.529176605550354,0.21801174028211584,0.09645034802643528,863.105932996226,0,2964.9923451622017,5.0867
906221181134169457,CV,19.54498,yes,337,17.06,21.0302,18.817627299703265,18.8405,15.9439,0.6094078690008248,0.886727463170754,0.17578456976371684,0.06145332441707865,907.8855979721187,0,3117.6712885536035,5.086300000000001
909181260024124094,CV,26.61578,no,309,13.34,18.4081,17.49541359223301,17.6957,13.3241,0.862288222867024,0.278365054962231,0.10212851652689586,0.023394222731419032,954.0601824132483,0,2951.022061400494,5.084000000000001
1203221320614122224,Blazar,32.34548,yes,295,16.85,20.2598,17.77165050847458,17.7924,15.1799,0.7859530573937664,0.390446099930467,0.11367865860915721,0.0360021596748169,849.0175350233633,0,2982.057145926199,5.0798999999999985
1606160041224106591,Flare,-5.24146,yes,128,17.92,21.2265,20.1224359375,20.16565,16.1503,0.6147180856620855,0.5880200319416989,0.32366828258651875,0.09354198263971385,948.8454357007513,0,3060.74909673581,5.0762
1403101460254114460,CV,45.68065,yes,100,15.48,20.6045,18.874815,19.22765,15.5308,1.0178408742668401,0.5101720922034749,0.18255897657622217,0.06261657214066667,822.3519089829502,0,2847.216977117998,5.073700000000002
1402271010614118428,CV,1.24346,yes,7,16.91,20.8032,17.839085714285712,15.764,15.7313,2.6108085991563166,0.4746836068616279,0.23034886322284853,0.16355430211051222,1141.0340523530317,0,2440.174356227202,5.071900000000001
1211201210114118379,CV,20.95205,yes,312,14.53,19.5743,18.19412019230769,18.27695,14.5148,0.7789393912146284,0.2266315398606219,0.13337112429394957,0.032267344462927554,909.917512798174,0,2955.956115346802,5.059500000000002
805020120754126084,CV,-12.80243,yes,64,16.9,21.0353,17.7434015625,17.14055,15.9761,1.4139444957216833,0.4292704060726829,0.147336368932328,0.0999508246559568,812.922635331351,0,2516.1341527429977,5.059199999999999
1002190120524132212,CV,-12.27551,no,5,16.37,21.2841,17.32212,16.3688,16.2276,2.2156361472498123,0.576743969874083,0.17680431726453907,0.22359469696804268,166.33363359047186,0,371.9475390626976,5.0565
1207180041124185000,SN,-2.97396,yes,113,15.75,20.75,18.828620353982302,19.037,15.6938,0.9550441396081519,0.431406987129378,0.18259645463694,0.06492471542485578,940.4741410947596,1,3087.700797014004,5.0562000000000005
802270090614112866,CV,-10.03616,yes,234,16.35,20.9823,18.546296153846153,18.4693,15.9268,0.621021402002218,0.460912758955237,0.14784266823225092,0.04835143785948931,811.6855953932912,0,2657.7789284837927,5.0554999999999986
810301350174147763,Var,35.54637,yes,279,16.48,20.694000000000003,17.631594265232973,17.6174,15.6388,1.1582912699982006,0.468107997947693,0.1262302895289225,0.05911958799965464,931.8675626841332,0,2944.0317124771027,5.055200000000003
1111031400324158535,CV,41.91769,yes,64,16.99,21.4015,19.1436703125,19.9072,16.3498,1.7411439597200857,0.573008407338234,0.259771853683727,0.15646584937214741,868.1402397246948,0,2678.7344372337975,5.0517
804161350364129084,CV,35.84814,yes,319,16.16,21.211,18.990492789968652,19.4642,16.1607,1.3744439772900376,0.542861355248913,0.2102372807922011,0.11132331557481288,825.8934916776439,0,2857.0169867129007,5.0503
1206161231134153898,CV,25.07674,yes,18,15.76,20.3978,16.584433333333333,16.50145,15.3517,1.4630225172164484,0.3844790556323279,0.10117432248660209,0.09089551216291492,1062.0318097969257,0,2956.0595496296955,5.046100000000001
1004140210704122813,CV,-21.4905,no,113,16.7,19.123,17.58289911504425,17.9592,14.0802,1.2448904606498787,0.5780036196340229,0.13300951439356432,0.0905290586005531,814.5814708324132,0,2684.720010474797,5.0428000000000015
910191071174104173,CV,5.81453,yes,355,15.41,19.7964,18.458118591549294,18.7937,14.7536,1.123593544109812,0.6859016717116428,0.16105088957404004,0.06389008004817044,926.9799790568846,0,3081.759400891009,5.042799999999998
806241380064116866,CV,37.62656,no,292,15.02,18.9471,16.503849315068493,16.9887,13.9049,1.042926475071482,0.492487575851989,0.0815508186608691,0.03285959413524814,926.4990000837431,0,2950.050106284689,5.042199999999999
812311430294141229,CV,44.06806,no,385,15.72,19.3317,16.926286493506492,17.1749,14.2945,1.138584780172304,0.2094500017698839,0.09190001075248211,0.029168182416507805,838.0648482021331,0,2915.022243900705,5.037200000000002
1410141180184121565,CV,18.20918,yes,183,16.8,21.2481,19.970704918032787,20.0787,16.2133,0.8948840263297104,0.596785136653451,0.3079566044226956,0.11097516433775158,878.102451708845,0,2948.9217598497926,5.034800000000001
1202020040654134554,CV,-3.4773,yes,122,17.62,21.2355,19.72871229508197,20.24165,16.2082,1.2978463129976647,0.720272713793837,0.2906909452105563,0.13147553434292672,977.7666204108447,0,2928.986299722499,5.027299999999997
811041150144132384,Blazar,16.61665,no,335,15.47,19.977,17.853571641791046,18.0359,14.951,1.01596526447735,0.35377408136746,0.1270499502994309,0.045205834871429706,909.7585849612718,0,2975.880103704003,5.026
1602031350404123359,SN,35.27848,yes,2,19.61,21.3696,18.85665,18.85665,16.3437,3.553847971565469,0.590012395753912,0.3301883456426436,0.3674466954980624,63.55957022252212,1,89.88680622729589,5.0259
901181040484106855,CV,3.14291,yes,366,14.67,19.2608,17.987389890710382,18.2664,14.2469,0.9839065444992628,0.325279481425839,0.12087037051975821,0.028445573071180917,853.7539231874262,0,2932.984708425589,5.0139
1309300040144138533,CV,-3.10567,yes,72,16.21,21.2212,19.65330833333333,19.859650000000002,16.2101,1.081916002799049,0.550206130910405,0.25717911488040435,0.1064634525540077,975.8993672454222,0,2929.020138321903,5.011099999999999
802070070324109056,CV,-8.16243,no,79,16.35,20.7315,18.744249367088607,19.3386,15.7216,1.4945229681323857,0.463859426581005,0.21952737004515258,0.11116990271904045,789.6964907868343,0,2589.0027929860953,5.0099
1406281291044199665,CV,30.94361,yes,53,16.68,20.4709,18.562518867924528,19.0657,15.4636,1.6146539329214453,0.365080846651141,0.1882249928221563,0.09370700601818716,836.9904494691758,0,3120.7627429398053,5.007300000000001
1206211150884114821,CV,14.60941,yes,28,16.67,21.1986,18.948539285714283,19.47195,16.1956,1.7316105991007311,0.5477284844803799,0.24548867563172014,0.1446824887588014,785.9032194121281,0,2388.218771145999,5.003
1102080090744133918,SN,-9.54402,yes,28,16.25,21.2085,18.231735714285715,16.77395,16.2081,2.034366076932455,0.535773035125762,0.20002861849449904,0.1636934524802904,364.5110710274918,1,1448.0233391551155,5.000399999999999
1005081320414119007,CV,32.35255,yes,295,16.2,21.1425,19.588257288135594,19.8479,16.1463,1.0143670712204211,0.522311019024571,0.2432822841212832,0.08948244089923985,878.6912877491546,0,2885.036594942205,4.996199999999998
1103141320434111930,CV,31.85057,yes,239,18.38,21.4206,19.864900000000002,19.997,16.4272,0.8529843400495403,0.590680503445439,0.2735841214332333,0.09353667156177994,846.2138568484711,0,2916.0269231712955,4.993400000000001
902241460324109873,CV,45.69314,yes,183,16.76,21.4306,19.705820218579237,20.0429,16.4493,1.1293070402606937,0.582148527142939,0.2746686809377291,0.11317200964719529,865.1932865564086,0,2874.1637188657987,4.981299999999997
1305300090864133673,Flare,-10.05657,no,213,16.67,20.4733,19.20645868544601,19.2504,15.4941,0.5384703598841221,0.4553354140708689,0.21684909575880368,0.04592296632174787,923.2845186984873,0,2989.8920423495,4.979199999999999
1105141600304117225,Blazar,60.85208,yes,201,15.5,20.4459,17.578007462686568,17.541,15.4718,1.4058654148580603,0.3546025632850439,0.11911860793491544,0.05974116038429752,698.2755885097403,0,2633.0262713776974,4.974100000000002
1103300040624122348,AGN,-4.3509,yes,269,18.96,20.9056,19.127244237918216,19.0755,15.9356,0.42780698484476476,0.437697308722187,0.18562184013431615,0.04126927264317383,926.2821146669825,0,2956.0542443748054,4.969999999999999
911211010194134434,CV,2.07747,no,153,16.93,21.2087,19.363269934640524,19.7356,16.2391,1.274893626836382,0.5799068692430369,0.25325497185968887,0.11258462769261983,940.3946100962762,0,2964.8403545254987,4.9696
1011081380114117622,CV,37.33928,no,57,16.58,21.4214,19.204403508771932,19.9837,16.4526,1.8079088314526834,0.589013983477055,0.2655099259535791,0.16313499795995148,951.1781710485077,0,2925.0575443404014,4.968799999999998
908281090134126513,Flare,10.49436,no,136,18.06,20.8509,19.699124264705883,19.70805,15.8857,0.534286440792081,0.550206130910405,0.25545607940221204,0.059827354338321564,972.8181280173895,0,2938.037935914399,4.965199999999999
1110191350734141576,CV,36.07183,yes,340,16.08,20.2759,18.86666323529412,18.891,15.3151,0.6100153289104514,0.3900113027330329,0.16751785256440443,0.041740370230236565,868.6575262799657,0,3061.7985658219986,4.960800000000001
1511021180544114352,AGN,18.00041,yes,36,19.09,21.1521,20.012822222222223,20.2023,16.1925,0.8641947363581934,0.551874642354795,0.2930245324321511,0.09804826658916871,700.9050259207498,0,2606.8844761229047,4.959600000000002
1110041231084160493,CV,24.76496,yes,172,13.1,18.041,17.20514534883721,17.564300000000003,13.0828,1.2021807919476786,0.1241613912320249,0.09723359647128857,0.01610309180368772,987.7070166400315,0,3120.7219440392,4.9582
1310251400954170028,CV,41.52191,no,13,16.91,20.6812,17.827246153846154,16.9144,15.7244,2.046854021262624,0.411267646021376,0.172182547277649,0.13515166665201606,1174.4716745689946,0,2876.167424652791,4.956800000000001
1005220040824111377,Flare,-5.01422,no,234,18.12,21.1196,19.635419230769234,19.6478,16.1649,0.4969406279830402,0.523762087231927,0.2570260185799736,0.06339339422840228,875.8171358586125,0,2973.9566571992036,4.954699999999999
911180120304152609,CV,-11.62134,no,123,15.99,20.8775,19.332459349593496,19.6474,15.9302,1.2023139770116644,0.615031154883998,0.24395928955645904,0.09806646846656691,823.0967145645345,0,2877.132738113898,4.947300000000002
1010081230074139999,CV,24.92506,yes,160,18.56,21.2497,19.711486875,19.9561,16.3032,1.0480669394533324,0.5474550088984621,0.2719850708610864,0.1035328018651463,861.4117633255321,0,2958.755428333301,4.9465
803060010464155774,CV,-0.12581,yes,155,17.18,21.3567,19.729618064516128,19.771,16.4104,0.8316273651562638,0.560424352285433,0.26229953135474154,0.0972983224528395,869.9846623741587,0,3124.2777772225963,4.946300000000001
1308091011194131840,CV,1.68507,yes,10,16.21,21.1039,18.56214,18.973300000000002,16.1652,2.171047096679388,0.576116887210896,0.25347228183913506,0.20820380117948534,15.831481152061981,0,49.9083014469943,4.938700000000001
812070090294109283,CV,-10.83744,no,82,16.3,21.0835,19.670873170731706,19.8752,16.1486,1.0184334666231134,0.509720267004283,0.2685426716012189,0.09308568245125615,901.3931007969668,0,2905.069039224596,4.9349000000000025
1206081260844152353,CV,27.55036,yes,35,16.23,21.1348,19.539554285714285,19.9426,16.2024,1.4139052354763972,0.5271903622582679,0.28911280719220667,0.14446561755345785,858.133211907413,0,2947.861941111296,4.932399999999998
905161070684127570,CV,7.34719,yes,71,17.76,21.5056,19.381328169014086,20.0299,16.5924,1.5138164957845668,0.5711646163575219,0.2661070589619975,0.15408402880743607,879.8175369621471,0,2979.9294593054947,4.9132
909181320144128368,Blazar,32.28918,yes,166,17.38,21.2709,19.30782831325301,19.567300000000003,16.3596,1.104419501098031,0.6776015832690481,0.2391704846543312,0.11024445156693402,649.2808497127297,0,2886.0846095832967,4.911300000000001
806251490404114182,CV,49.68854,yes,214,12.63,17.5385,16.686820560747663,16.971249999999998,12.6286,1.017029730915416,0.19209666307651,0.08367826592067829,0.018934846796902344,872.5414680508867,0,2921.040542245697,4.909899999999999
806070151094160131,CV,-14.46849,yes,60,16.59,21.1583,18.484166666666667,19.11975,16.2497,1.8184603807884234,0.561298848787407,0.22947054036996015,0.14525379515089473,1036.084265729222,0,3038.772605960701,4.9086
1106101350804125610,CV,34.73323,no,22,17.42,21.501,18.47957272727273,18.286450000000002,16.5974,1.5543616583456588,0.622598967571516,0.19874201332462513,0.15750015353016847,1029.755824087151,0,2691.8008841319024,4.903600000000001
1401110010544101002,CV,-2.7762,yes,38,19.49,21.2893,18.385139473684212,17.90915,16.3883,1.6321980796160784,0.578953180129953,0.1904029231057856,0.1500454763479773,816.9651225134567,0,2330.73671046269,4.901
1504161180434114469,CV,17.72896,yes,171,17.47,21.1146,19.46351111111111,19.5444,16.2219,0.6852108040119048,0.447542169076667,0.2209573087433071,0.05392400725490209,813.9283316082551,0,3090.3432886917144,4.892699999999998
904031350214144684,CV,35.46236,no,189,17.01,20.9854,18.25375132275132,18.2911,16.098,1.1943325687368573,0.484442412047511,0.18021700503704682,0.09079956653808974,903.2358341530339,0,2949.8660202427054,4.8873999999999995
1012140150224122033,CV,-15.38993,no,175,15.66,20.4254,19.272068,19.3212,15.5419,0.6253577168529916,0.430977351523181,0.2027083109401492,0.04683519398316663,883.849741739897,0,2941.962027696907,4.8835
1603131120614106104,SN,11.69863,yes,104,18.05,21.575,20.360892307692307,20.3208,16.6917,0.6045788279153964,0.5751796303247779,0.34172632386296503,0.1015448995530874,789.0117840892142,1,2923.017956898111,4.883299999999998
1012031380394141353,CV,39.09367,yes,393,16.82,20.624,18.26553358778626,18.4979,15.7515,1.04804105377585,0.424396007353547,0.13931839562220547,0.055471272025900194,876.6083364191378,0,2891.081000242797,4.872499999999999
905311291064116657,CV,28.73439,yes,190,14.5,19.3605,17.712584736842103,17.83155,14.4893,0.7451398358368669,0.289028212048504,0.11106259287516908,0.024361261080107624,951.2003065894704,0,3120.7494729515092,4.871199999999998
904261490254112539,CV,48.5142,no,159,17.0,21.3392,18.94797610062893,19.4212,16.47,1.3677848563824846,0.59747378284723,0.20980384434855387,0.10715247309096262,888.2847045907977,0,2904.1782376850024,4.869200000000003
911180150304104379,CV,-16.66983,no,128,15.06,19.5299,18.1083234375,18.61215,14.6643,1.3517197199044793,0.41039014367118,0.13899347535025325,0.04614241287628912,752.4969336318426,0,2637.779558992901,4.865600000000001
905280091124112465,CV,-10.86337,yes,10,16.04,20.9006,18.06685,18.76075,16.037,1.7616457748682377,0.535515244849393,0.18167927511331192,0.14299227920744767,510.7864707896483,0,1473.990900150493,4.863600000000002
903010040574110292,CV,-5.11609,no,325,16.81,21.1341,17.28962430769231,16.9804,16.2751,0.8547280109903452,0.532955476537639,0.10044824006329184,0.0483007715755636,884.8838996340226,0,2917.1346267474,4.859000000000002
1606141430534127913,CV,44.69418,yes,221,16.84,20.6851,19.010790950226244,19.1197,15.8324,0.702379914426984,0.408034206570438,0.18331617616797224,0.044706834189652045,797.3485339881763,0,2920.0288125695006,4.852699999999999
909191290184139269,Var,29.59458,no,369,13.18,17.7616,14.15620894308943,13.7017,12.9109,1.1249298685392617,0.116010659824607,0.057544562616042044,0.00960452709475787,918.0492805872631,0,2951.0622179861966,4.850700000000002
1607081690324112179,CV,68.53093,no,9,16.03,20.7943,16.549555555555557,16.0173,15.945,1.5924146963896608,0.429837324826995,0.15288220239330208,0.10388246795276194,243.16253113210115,0,730.034676145915,4.8492999999999995
907111070894157283,CV,8.13962,no,37,18.71,20.9342,18.96405135135135,19.0454,16.0889,1.1258351657082595,0.470453884032692,0.20688753648023775,0.09948357647379749,938.5101969929799,0,2712.409266516115,4.845300000000002
910270070194120405,CV,-7.1799,yes,277,15.38,19.1621,17.585059205776172,17.9866,14.3171,1.1996436667336472,0.188545150354766,0.11179227524783764,0.03203894979052659,864.0181197481525,0,2969.9429819793077,4.844999999999999
1501241010294121745,CV,0.76946,yes,5,17.9,19.3784,18.1237,18.8717,14.534,2.018135815548596,0.1790505949121439,0.14970460264117658,0.017124284719438686,148.96044507047353,0,333.0948382405986,4.8443999999999985
1111031400964117601,Flare,40.10215,no,132,13.92,18.7585,17.908344696969696,17.9862,13.916,0.5306568348602297,0.179857574423658,0.11742464503818849,0.01663478194054135,1051.0162595880738,0,3108.8064816780025,4.842500000000001
904261550254119759,Blazar,54.74031,no,243,15.44,19.9469,17.943306172839506,18.3002,15.1085,1.1792329069902516,0.290705161317318,0.12808582348815992,0.046497306450676956,819.7895715843022,0,2842.2985898726038,4.8384
1202291210684145534,Blazar,22.27011,yes,324,18.02,21.1038,18.94352314814815,18.96895,16.2701,0.8264835177220505,0.51039842633849,0.18364523181255066,0.0743063189827835,895.7646963067886,0,2994.886607801098,4.8337
1104041180404115397,CV,17.57022,yes,114,17.24,20.8445,19.04689649122807,19.507649999999998,16.0122,1.2457201084754739,0.490849669133044,0.2031012755576825,0.08957270188226661,809.5350099991663,0,2945.9282894559074,4.8323
909231150844135447,CV,16.26361,yes,340,16.29,21.1199,19.173846764705882,19.1874,16.2881,0.7027325217941329,0.628438815043573,0.2039852144368185,0.07428104759703176,901.3848577159752,0,3096.7043790738026,4.831800000000001
1006151091174130008,CV,9.7859,yes,356,13.24,18.0623,17.241361516853935,17.3994,13.2366,0.7237189512137001,0.2671965298259899,0.09674701499919577,0.024417787657612787,905.1161906195122,0,3080.7606149305866,4.825700000000001
1205301380764113640,CV,37.24588,no,241,16.33,21.1546,19.39741244813278,19.6056,16.3301,1.0069558468114344,0.54582188397115,0.2396956561580876,0.08835654757731258,938.702405183256,0,3069.705026631702,4.824499999999997
910161180064133334,CV,19.05477,yes,297,16.31,21.0976,19.48697542087542,19.6703,16.2757,0.8393169018463196,0.594391291086247,0.23415503416594216,0.07940263996003116,914.3579821598449,0,2956.7874437385035,4.821899999999999
1101151380034121388,CV,38.01821,yes,274,15.97,20.2552,17.98505912408759,18.022750000000002,15.4348,0.828632955772722,0.309650275815065,0.1250368521861868,0.041435233675383217,929.4143691227071,0,2950.0281575582994,4.820399999999999
912201320034112505,CV,31.7529,no,301,16.0,19.8614,18.592243521594686,18.7441,15.0429,0.7603838187386397,0.572084523202219,0.1531095860039215,0.046738194286090516,957.7699658583127,0,3055.893312002001,4.8185
901021210684119508,CV,21.01027,yes,239,17.0,21.1255,19.725460251046027,19.7693,16.3105,0.7758722252845527,0.535257801890461,0.26139068166907037,0.08300681218076984,882.3697065348206,0,2994.8815520256976,4.814999999999998
1301181150574139493,SN,16.77635,yes,65,13.69,17.503,15.550810769230768,15.5591,12.6931,1.1753524229623473,0.171759639715156,0.07207236540323148,0.023128884619604936,272.262733674439,1,1642.6282022569067,4.809900000000001
905161350764160199,CV,36.42107,yes,235,17.47,21.1574,19.654277872340426,19.864,16.354,1.0112301062561746,0.535515244849393,0.2608775703942446,0.08931226154160334,841.8403928346386,0,3061.726528726904,4.8034
801301090584117826,CV,9.93904,yes,381,15.33,18.8783,17.63600209973753,17.758,14.0768,0.8282091306235457,0.3171277588257999,0.10901064761171327,0.029585788478122366,920.9297927659936,0,2956.9223319562952,4.801499999999999
903190040504108847,SN,-5.14424,no,14,17.45,20.8545,17.352621428571428,16.995449999999998,16.0543,1.4553805847367118,0.4585239996005379,0.12219877341633882,0.11536236893180657,516.681009654481,1,2626.8891952317936,4.8002
1305131180844143958,SN,18.9598,yes,127,16.55,21.258000000000003,19.49797244094488,19.8606,16.4587,1.1672101484918664,0.9851211295579052,0.2603714379092055,0.126173787672661,978.7350872720434,1,3096.6789327548104,4.799300000000002
1004140040514122049,CV,-4.40729,no,161,16.68,21.1302,19.412560248447203,19.7987,16.3375,1.2319718269546338,0.50548094529995,0.24105936235699346,0.10478487850535279,798.2247154073326,0,2871.140545046401,4.7927
1211201320134127533,SN,32.41108,yes,64,17.03,21.3023,18.6030703125,18.5445,16.5105,1.5533631513262809,0.681962728818509,0.20634932608204554,0.14470589880790302,836.6460220441625,1,2894.0882751387035,4.7917999999999985
805061180634116217,Blazar,18.1686,yes,393,15.83,20.5158,18.56024707379135,18.6391,15.7248,0.6893099888751802,0.480551096075861,0.15106930787533235,0.049833212410552864,865.4206891703087,0,2994.9350018520054,4.790999999999999
1102261230574109109,CV,23.17672,yes,392,16.86,20.6662,19.095682908163266,19.18865,15.8773,0.5821957950497584,0.393527805755584,0.18466123475001053,0.038462658227845226,906.0103696554069,0,2992.920246076217,4.7889
1311101380344149031,SN,39.05827,yes,174,18.26,21.5794,19.888993678160922,19.890349999999998,16.7992,0.6674156833285129,0.628438815043573,0.28108986481675236,0.09569139697050658,897.1828425615422,1,2945.955201238401,4.780200000000001
1111171350514136075,Blazar,36.34131,yes,302,16.37,21.1499,19.250329470198675,19.20115,16.3714,0.6867576734812861,0.5113064040011029,0.2032553541797295,0.07478031562801483,859.6509208007225,0,2917.0130817707904,4.7784999999999975
805061210454106076,CV,20.22756,yes,109,17.49,21.6506,19.688066972477063,20.1576,16.8753,1.3632795631922316,0.589679082959057,0.2803801517599635,0.13985931971626664,825.346328960372,0,2942.028334942195,4.775300000000001
902131210184107976,CV,20.23376,no,361,16.31,20.5235,18.784127146814402,18.8964,15.7502,0.6928060370574336,0.4459639924694279,0.18100350777577326,0.05573845934834526,890.4368071670809,0,2943.9232269096974,4.773299999999999
1107010211074141939,CV,-20.73104,no,108,18.15,20.7154,18.65568888888889,18.89945,15.9423,1.1759600769920417,0.497069013892834,0.17451290255351706,0.07962709643699278,978.3711999989538,0,3060.7080011693106,4.7730999999999995
1103161260694125129,Flare,27.52616,yes,41,17.37,21.2637,20.09038780487805,20.402,16.4916,1.1640348077259377,0.579270612122501,0.3426364601125134,0.12749714367923667,814.2161183420177,0,2926.9243305670097,4.772100000000002
1104010150534111525,AGN,-16.32057,no,130,18.78,20.8553,19.39815769230769,19.3496,16.0852,0.574371427630549,0.4880184551268739,0.2240688292590282,0.06889885146924025,680.9917291510567,0,2598.9352491547033,4.770099999999999
1303021290164141488,Flare,30.57484,no,82,18.63,21.0539,19.98070975609756,20.08045,16.2869,0.7299478605783453,0.583116284260467,0.3565550355239052,0.11177022751998991,1030.5475263837152,0,2946.9785110991943,4.7669999999999995
902010120484163113,CV,-11.50876,no,143,13.01,17.7665,16.99074895104895,17.3914,13.0079,1.200335172432462,0.1175035138001699,0.08839811723745145,0.01353152740557564,795.4620402172918,0,2843.188444224601,4.758600000000001
906221181174111096,CV,17.42727,yes,177,17.46,21.3196,18.95791638418079,18.8692,16.5637,1.0223906409136183,0.511990263259519,0.2034647580930857,0.0969809624616547,878.4561998621775,0,2971.016947199103,4.7559000000000005
904290180524142855,CV,-17.48119,no,30,18.3,21.0149,18.71457666666667,18.5368,16.2639,1.7264567297739057,0.50570168410084,0.2223802532872554,0.15210437058420762,815.8312233745837,0,2602.9312812498974,4.751000000000001
1303241460574123435,CV,46.84929,yes,56,17.67,21.3063,19.6510625,20.12845,16.5638,1.3735330980639948,0.6241422412063199,0.2885712307563968,0.1308054127322351,907.165064504772,0,2910.9930512849023,4.7425
1111011351054108718,CV,34.22522,yes,28,16.57,21.3112,19.952525,20.42395,16.5693,1.4481388146130505,0.582793228264611,0.3533720500105027,0.1554218026186783,825.7350263389985,0,3029.9588337731984,4.741900000000001
1201030070034134767,Blazar,-5.93305,no,288,17.18,19.3281,18.261774305555555,18.56295,14.5866,0.7856385972822234,0.244097961823236,0.1356897418632831,0.032359278869247686,946.8448774404984,0,2979.92942896999,4.7414999999999985
1511201320364108282,CV,31.4202,yes,456,15.86,19.9686,17.8280125,18.164749999999998,15.2295,0.8968063061099495,0.5149823111368971,0.11892731742433096,0.04169249132984556,888.8882687467869,0,3100.323634479202,4.739099999999999
1109181041214127798,CV,4.65418,yes,107,16.35,21.0792,19.803332710280372,19.9742,16.3462,0.9140558401025639,0.5624705464684671,0.29125535329637126,0.10245432858922943,954.0085454477793,0,3082.701743749807,4.7330000000000005
810301010244104094,CV,0.23857,yes,367,16.5,20.67,18.425122615803815,18.4091,15.9385,0.7254164503609878,0.435474566108291,0.15077148933209467,0.050091961885221435,894.5178225303019,0,2964.8650940391017,4.731500000000002
804090010444152026,CV,-0.83948,yes,169,14.77,19.1676,18.223915976331362,18.3963,14.4361,0.8653560759225619,0.265707311865655,0.13288853683924082,0.03204935218933812,867.2088950827917,0,3124.2643459720057,4.7315000000000005
909241091124176358,CV,11.04723,yes,28,16.07,20.8006,19.36055,19.7151,16.0702,1.4485363682006747,0.438745272945932,0.2618276132853559,0.10846006174336958,817.3456562275866,0,3060.678225532196,4.7303999999999995
804061290384155040,CV,30.96818,yes,49,17.05,21.2097,17.603944897959185,17.054000000000002,16.4803,1.239461336471953,0.5378474026898049,0.13330897046231974,0.09788539523069179,977.4727857972383,0,2814.2926958445023,4.729400000000002
1601030090334163193,CV,-9.30843,no,10,18.54,19.3418,18.37095,18.7555,14.6226,1.3368517554729522,1.30665028360551,0.2927521809698844,0.3581510813152004,1047.5863586078278,0,2158.1313494793067,4.719199999999999
1201011520384133265,Blazar,52.83685,yes,136,17.14,21.3226,19.29220588235294,19.43275,16.6089,0.9578359176551718,0.582148527142939,0.22234453427608109,0.09452216160825544,802.7663902624943,0,2737.8147392362007,4.713700000000003
1010291180264169858,CV,19.43961,no,271,14.9,19.6112,17.60453837638376,17.7488,14.9026,0.9869168641877046,0.259316655157676,0.12328765834231888,0.03835524080124177,899.8739210044472,0,3110.3075381019007,4.708600000000001
811221230484131895,SN,25.17276,yes,21,16.41,21.0946,18.911761904761903,19.7591,16.3875,1.8375956667548492,0.4780667122037079,0.22985766520877063,0.14181100699937815,271.3351814280865,1,1284.7746473494117,4.7071000000000005
1004041151104175718,CV,16.51445,yes,167,16.8,20.9129,18.678262275449104,18.9779,16.2093,1.002723396051959,0.5569622852792591,0.17848999104166846,0.07707031788890924,884.1315745446944,0,3120.6502416203,4.703600000000002
1302071350324174129,CV,36.45302,no,185,16.48,21.149,19.595770270270272,19.8518,16.4567,1.0028149619253481,0.50394284503612,0.24963486794582365,0.09035206275569216,894.327933939513,0,2913.990105474404,4.6922999999999995
1109190011114173187,CV,-0.56484,yes,10,17.23,20.8467,17.26525,17.18035,16.1549,1.3842036453017534,0.4483370040453259,0.11900582677597873,0.1165004491942028,467.8921608106605,0,1534.9021594788937,4.691799999999997
1011111150034118129,SN,15.2853,yes,22,19.75,21.3835,20.091486363636363,20.18155,16.703,0.998042715611987,0.605905242009425,0.3472816641316719,0.12164531534314363,777.3574871709731,1,2910.0782850691976,4.680500000000002
809301291114104865,CV,28.4472,yes,144,17.15,21.2706,18.584256944444444,18.2488,16.5944,1.307070614603448,0.582793221808051,0.19631137346886032,0.1274347952119716,978.0739569826096,0,3040.790527025296,4.6762000000000015
810280041154254954,CV,-2.98824,yes,351,12.92,17.4581,16.599785185185183,16.8932,12.7835,0.9939118998079729,0.224228911023657,0.0816575853035937,0.01667697389418733,988.0307879606856,0,3087.6959036459084,4.674600000000002
1405301120844133371,SN,12.86628,yes,280,17.47,20.6525,19.140864285714287,19.1253,15.9865,0.4098544927693432,0.456001684035245,0.18978629800566674,0.04289301778187401,918.6360240129815,1,3100.749100150497,4.666
812201090074110332,CV,9.37115,yes,331,16.12,20.7728,18.80296314199396,18.8509,16.107,0.6650277568377453,0.517786302513275,0.17055825979734235,0.05192560280814332,932.6998373172755,0,2966.8922424418997,4.665800000000001
911160011254116087,CV,-1.67327,yes,354,15.92,19.9742,18.196849717514123,18.3048,15.3255,0.7497725867591087,0.37108118985821,0.13305762504021085,0.03815625680760683,930.6375694323908,0,3060.747927477103,4.6487
1406101350734101660,SN,33.95595,yes,6,19.18,21.3526,19.950633333333332,20.4444,16.7105,1.6815400342146687,0.609149114887593,0.35260261288929917,0.1805338575601613,1057.7565468890612,1,2884.1243527429033,4.642099999999999
703201120684101938,SN,11.43206,yes,75,17.72,21.6285,19.053192,18.7084,16.9885,1.4804519935041003,0.641811530272182,0.22972334411105863,0.15295916585851171,555.5527604957708,1,2872.043236110796,4.640000000000001
801101070194114719,CV,7.129,no,42,17.66,21.2282,18.645678571428572,17.7827,16.5946,1.5522783369561253,0.496227480514791,0.21910458759950277,0.1415993334670347,590.5376274709078,0,2517.0703605208982,4.633600000000001
909281260224128967,HPM,26.50063,yes,276,15.18,19.1173,14.964097463768116,14.908100000000001,14.4883,0.3916849782819427,0.180058578229106,0.06066004261594565,0.008142175534869697,889.0605954875479,0,2948.040781620395,4.629
912151070444105411,CV,5.86888,yes,33,16.65,21.2757,19.077093939393936,19.2152,16.6491,1.7781365653295929,0.54259434065371,0.254087167299999,0.16764792742526285,622.1639742182288,0,2584.924656018091,4.6266
1202290070794150520,CV,-6.00948,yes,147,16.53,21.1575,19.53281768707483,19.6317,16.5314,0.7883997535932182,0.5355152371206671,0.2509463490158372,0.08586473867430221,839.2940170332492,0,2951.9461085648,4.626099999999997
1103060090544123204,CV,-9.63632,no,22,17.45,21.126,18.80945909090909,17.947499999999998,16.5023,1.7637966602539377,0.548551042978482,0.24260782734248904,0.17731154824616266,809.3686355326602,0,1922.8162708915042,4.6236999999999995
1203300070824160651,CV,-5.80088,no,164,16.47,21.0355,19.572978658536584,19.62345,16.4265,0.7376370034971476,0.8544834844832958,0.254943420240011,0.09017673607437794,972.6666555053298,0,2916.984752337892,4.608999999999998
1210101550574139561,CV,55.48833,yes,140,16.23,20.5142,19.085252857142855,19.07965,15.9061,0.6781340628946232,0.4759915372402129,0.19819403438462604,0.06286324532125888,863.9592798008028,0,3067.7957386342096,4.6080999999999985
1301171260514105921,AGN,25.70558,yes,357,18.92,21.3735,19.617533053221287,19.5623,16.7659,0.48402437958022354,0.5639443661355009,0.23155189228721845,0.06409229750889504,842.6465462921618,0,2984.9446757406986,4.6076000000000015
911091090214133107,CV,10.49524,no,283,17.2,20.8821,18.1400371024735,17.9693,16.2854,0.9298944658729166,0.529426313044647,0.14588344051499286,0.0739517252947176,863.4232464285359,0,2913.081624270897,4.596700000000002
1208251011194110586,SN,0.51201,yes,364,15.76,20.3164,18.91781346153846,19.069200000000002,15.725,0.6542214931962171,0.439196515028742,0.17946265471685482,0.04106722255908984,967.2114989746095,1,3080.7363149421,4.591400000000002
901281290354135798,CV,29.39517,no,39,18.73,21.3171,18.467328205128208,18.3692,16.7274,1.237056853764892,0.560424343558476,0.16742875701161947,0.12454398247914229,872.8986511212545,0,2468.0389157175014,4.589700000000001
901021181194105911,CV,17.29861,yes,30,16.01,20.2731,18.64108333333333,19.2217,15.6967,1.4783281146417506,0.334624372501801,0.1854538051356509,0.08012052985472008,901.0573186285669,0,2897.0473403586,4.5764
1203021040484122366,Flare,4.14366,yes,219,17.54,21.2956,20.201442465753424,20.2315,16.7231,0.6375099915571326,0.5708588524217739,0.3216484208648111,0.09144216053853797,863.3662657821226,0,2932.984708425589,4.572500000000002
905171230654131642,Blazar,24.56559,yes,263,16.75,21.2526,18.61248098859316,18.5448,16.6822,1.032825377570292,0.5844133223308001,0.1683356857085046,0.0867557522776919,894.0455941087839,0,2992.9374214811032,4.570399999999999
1306010150874169777,RCorB,-15.42323,no,119,15.42,17.5715,15.615340336134453,16.0633,13.01,1.5810142763171144,0.1030891338539419,0.07517080264586175,0.01855563820705862,925.3561405994602,0,2963.885690567098,4.5615000000000006
1010291290124145820,CV,30.61,yes,134,18.42,21.1267,19.272990298507462,19.77555,16.5669,1.3497525920812228,0.561883895341763,0.24238500581983874,0.11860554699495002,954.8680809047561,0,2950.962945301093,4.559799999999999
1203281180804139974,SN,18.92181,yes,104,19.46,21.2672,20.059140384615382,20.0426,16.7087,0.6695166254480224,0.6184064446423821,0.3144157092941279,0.10818029683409551,838.4797451172332,1,2951.9919680900857,4.558499999999999
801301230184144420,CV,25.21534,no,36,16.69,21.1199,18.61992777777778,18.23985,16.5638,1.449759496825222,0.5714708134326899,0.20507850489656443,0.13525876551381494,800.7499504704928,0,2579.9618458100013,4.556100000000001
1303030010484158805,Flare,-0.21057,yes,299,17.88,20.3253,19.227405016722408,19.2494,15.7696,0.3754447592611029,0.326785187409839,0.18890412288919212,0.02824038008899012,854.3176920724054,0,3124.251818321507,4.555699999999998
1005100040634116249,CV,-4.43497,no,287,12.54,17.0467,15.779573170731707,16.2143,12.4935,1.1389671430813677,0.120387466093014,0.0681634186240073,0.009917806540074327,939.3442632414958,0,2956.052047731806,4.553200000000002
903021490314120932,CV,49.18208,yes,290,15.12,19.0563,17.969107586206896,18.17335,14.5042,0.8685145047690062,0.34995221026293,0.11980053149806029,0.02775059988389528,849.9910774756827,0,2874.160140787186,4.552099999999999
1503111210134119243,CV,21.22439,yes,253,15.87,20.8937,19.532575889328065,19.5823,16.3438,0.6510090163559064,0.505260432817715,0.2490879026443559,0.0763783960215495,917.119592720441,0,2955.9458031482063,4.549899999999997
1103051070734123798,Blazar,7.10863,yes,345,16.29,20.8343,18.65494492753623,18.6524,16.2867,0.732975263141132,0.432992503467168,0.16001231669182742,0.057098340059759785,929.1873923759264,0,2979.9357742360007,4.547599999999999
904191040834124598,CV,3.81994,yes,268,17.39,21.1085,19.32492089552239,19.3174,16.5677,0.7220131006701126,0.848391493877022,0.22273954079489733,0.0879738899917468,892.3113174166775,0,2990.7569295252033,4.540800000000001
911231090254113714,CV,9.14356,yes,18,16.41,20.0908,16.986033333333335,16.381,15.5513,1.5845048983645267,0.316404561843941,0.10986107031831616,0.07197274937895494,1085.2663437195542,0,2652.7950499540966,4.539500000000002
1406230090904110257,CV,-11.07134,yes,101,17.01,20.5198,17.415583168316832,17.298,15.9808,1.0333634328801604,0.459543609170414,0.122397225440947,0.06599188716022937,919.8187509523799,0,2924.0296344216986,4.539
1304291120584117616,SN,12.62213,yes,72,18.94,21.4544,20.08018611111111,20.25475,16.9159,0.8555917800976025,0.5916864482506651,0.314505649255309,0.10577856540400794,960.8316229571934,1,3130.2578397918915,4.538499999999999
905020010894123286,CV,-2.06956,yes,36,17.99,21.1522,19.332894444444445,19.92185,16.6148,1.36733939834043,0.533719967693943,0.28866139554387743,0.12931794383070494,904.8690332654204,0,2933.0004140855963,4.537400000000002
1111181380124132585,CV,38.0676,no,84,17.4,19.6511,18.04020238095238,18.60745,15.1151,1.4739370144768276,0.227682785319006,0.13768113251745637,0.04997246197210622,901.3775804137408,0,2879.990567407098,4.536
1010301070074100959,Blazar,5.70691,yes,162,17.9,21.2694,19.313586419753086,19.27395,16.734,0.6634991996144106,0.5499293590316321,0.2142060077092915,0.07796369843746684,902.9062914257356,0,2931.117293587893,4.535399999999999
1003171260634141181,SN,27.99654,yes,21,16.2,20.6727,17.859547619047618,17.333,16.1424,1.3815887780447016,0.385211058200714,0.13399756912637892,0.08623229089784336,279.12770419768,1,1174.8881851392944,4.5303
1006160180694102054,SN,-19.66406,no,10,16.74,21.1983,19.19416,20.4444,16.6704,2.1381533778265562,0.531435279262704,0.29743051788298763,0.19908812350423538,409.10876739513174,1,1452.9623665741965,4.527899999999999
1403111550264133306,CV,55.79416,yes,89,16.78,20.8801,19.7037595505618,19.7924,16.3523,0.8003365287517129,0.4573421976585171,0.25837964641126926,0.06556577236665657,735.9471307964432,0,2537.0403986456004,4.527799999999999
1404021430274113807,CV,42.82516,no,29,17.02,20.3892,17.363189655172416,16.2295,15.8656,1.5654977855860663,0.3518891400874779,0.1252105026132988,0.08412217307971658,861.3309073096552,0,2801.256269444304,4.523599999999998
811071180194106816,CV,17.4278,yes,335,15.58,19.9519,18.48813014925373,18.9486,15.4304,1.201346954034737,0.3212548343742349,0.16400301007084192,0.05612334183304625,862.5061558969703,0,2975.898462014193,4.521499999999998
1203010090874127108,CV,-10.41678,no,112,16.93,20.8515,18.92566517857143,19.1607,16.3324,0.9563397826859017,0.470817623987164,0.20759911001858125,0.0822121962771383,835.9201024358058,0,2951.9639638774024,4.519100000000002
1301051320504135525,CV,33.47032,yes,12,17.0,21.5199,19.56455,20.56465,17.0034,1.8804982103397259,0.6507212912915871,0.32408821349650857,0.20389598147462643,896.5702071235653,0,2231.900778553507,4.516500000000001
1601121290024142419,SN,30.53346,yes,2,16.59,20.6345,18.377200000000002,18.377200000000002,16.1199,3.1923042743447847,0.507700273138726,0.452875030331143,0.07753460193888186,425.86810993488,1,602.2684568520999,4.514599999999998
1204170230734168358,CV,-22.84435,no,8,14.87,19.3162,16.80765,16.699199999999998,14.8046,2.1143231764055628,0.1979387491588689,0.11231346069977031,0.05918976633430367,5.8650601541956435,0,10.993316979198426,4.511599999999998
1402110120864108840,CV,-13.88536,yes,29,17.85,20.4854,17.843117241379307,17.3648,15.9751,1.5415744644145397,0.460912764110367,0.20046419871039875,0.10093436037598648,599.0666611824022,0,2210.868330729296,4.510299999999999
1202270180614102583,Flare,-19.558,no,86,17.54,20.9449,19.59385930232558,19.6304,16.4398,0.5486497331959442,0.4733853859954771,0.23892876089208484,0.055986009413191276,837.2046256997627,0,2599.908077338303,4.505099999999999
910171041134102333,CV,2.97622,yes,42,15.95,20.4451,17.388833333333334,16.604750000000003,15.9402,1.4258277107746946,0.401067509768079,0.1226985969779744,0.08018843979012882,795.1953489850482,0,2770.310529803399,4.504899999999999
902021380144141949,Blazar,38.24825,yes,153,17.0,21.0245,18.208451633986925,18.0691,16.5244,0.9011842922323899,0.491871628202757,0.1431005979657013,0.06706782929711334,958.260212620928,0,2948.8183344560966,4.5001
811231070034125394,CV,7.5638,yes,294,16.86,20.5072,18.926977551020407,19.033900000000003,16.0109,0.8450892697798589,0.522311019024571,0.18450774982135557,0.06557475108022559,968.3888418590387,0,2938.104040023114,4.4963000000000015
1212091320214200033,CV,33.70419,yes,277,15.74,19.6994,17.99012274368231,18.1072,15.2053,0.932795415821685,0.3094810665039019,0.13968223310047134,0.043002623806232834,940.669490489061,0,3113.3054190969997,4.494100000000001
1004121380694101469,CV,36.77878,yes,249,16.82,20.9294,18.93665903614458,19.075,16.4394,0.8233379814035356,0.484639234619024,0.1804655306290854,0.057519999419413825,893.532461429996,0,3033.8193249307005,4.490000000000002
1305201290844124453,CV,29.01223,no,9,18.39,19.2828,18.37188888888889,18.7797,14.7962,1.3630182825667116,0.185293892215825,0.1454742079581248,0.03517903626942782,1235.219942803537,0,2436.2131730554975,4.486600000000001
1508221211184147541,CV,22.30929,yes,187,17.58,21.2784,19.82184438502674,19.8974,16.7942,0.7218963835695367,0.580545012386319,0.29144158409659615,0.09999984870433624,926.1344441559428,0,2960.9418951506013,4.484200000000001
804040090684106127,SN,-10.86704,no,74,16.08,19.7861,17.62336621621622,17.657049999999998,15.3038,1.2014297128298494,0.257199430498837,0.11592581997979508,0.050424378137653506,761.1039105716917,1,2593.8773272569015,4.4823
1301070040264138462,Flare,-3.58989,no,205,17.93,20.578000000000003,19.509118536585365,19.5388,16.0965,0.43567773038422536,0.3725055692345639,0.21603381712982014,0.03625791593431563,764.4645184951424,0,2923.0716019673055,4.481500000000004
1203011430364110176,CV,43.02174,yes,293,14.05,18.4636,17.76607815699659,17.887999999999998,13.9842,0.5829096816132929,0.175910493519015,0.10650754840842921,0.013356624493553963,878.9328878627016,0,2881.1501280554003,4.4794
1403281210784113098,AGN,20.50043,yes,80,19.45,21.5137,20.38813,20.48405,17.0387,0.6714493515871723,0.6199223336513101,0.3698709996565098,0.11577551546476608,721.9802885224904,0,2952.9368236226946,4.475000000000001
903310070564102615,CV,-8.32407,no,290,15.01,19.1652,17.779179655172413,18.2185,14.6926,1.0377405542945501,0.452369804644302,0.11746020929231256,0.04261349466670308,851.750565811311,0,2919.0246586229914,4.472599999999998
1306051261134144211,CV,27.58069,yes,103,18.14,21.2527,19.189836893203886,19.3454,16.7819,1.0603398688387968,0.580225718865787,0.22509322350486838,0.11348694393578915,987.1812067219657,0,2910.8895009491025,4.4708000000000006
1201261320044143471,CV,33.32159,yes,54,17.11,21.1511,18.790785185185186,18.147399999999998,16.6861,1.5579940547041127,0.573317242516942,0.21184345103232965,0.1432988805912184,1124.2595875534093,0,3041.7567865510864,4.465
1004121520304104992,SN,51.14479,yes,15,17.94,21.3802,18.58223333333333,17.9504,16.9169,1.503700159447956,0.606263409111586,0.19846332784355047,0.17334541602787712,280.84425068153246,1,1085.0947847454008,4.4633
1401070011234112940,Blazar,-1.96798,yes,346,17.75,20.8612,18.71176069364162,18.796149999999997,16.4022,0.5775618069326797,0.494555859006142,0.16666613112189324,0.04934270254383536,940.9528557248121,0,3060.7506408099944,4.459
1304190120714130429,CV,-12.27287,no,28,16.57,20.4621,17.988642857142857,17.367199999999997,16.0036,1.5415414282893207,0.354353453776043,0.14887044254143222,0.09200401238171152,1175.4906432548205,0,2875.060226967391,4.458500000000001
1511301320184101718,CV,31.13554,no,17,18.28,20.7586,17.861023529411767,17.3315,16.3017,1.4900903695453391,0.481129403753669,0.16696946885896308,0.13504802529608656,988.3447661334417,0,2634.8811895601975,4.456900000000001
1001150010794131113,CV,-1.03946,yes,14,17.29,21.1385,17.694821428571426,17.410649999999997,16.6837,1.263438568217442,0.5269435012014559,0.13344924175607395,0.12215503006302422,505.7704297396878,0,1096.9696327312922,4.454799999999999
1205290071154111903,CV,-7.98628,yes,17,16.88,21.3076,19.179417647058823,19.4026,16.852999999999998,1.552001614140308,0.564240366473111,0.2523882496574927,0.15879252878153585,539.9100723035382,0,2543.999346284698,4.454600000000003
1502110210474165610,CV,-20.13682,no,42,16.22,20.1505,18.36726428571429,18.7532,15.697,1.1666623734274737,0.321380401171724,0.15199119339662004,0.06156006181667278,851.8611996147032,0,2596.9359995371924,4.453500000000002
1004071380344122080,CV,37.96682,yes,276,16.84,21.2082,19.663889492753626,19.660249999999998,16.7598,0.6196694318733882,0.559553455343515,0.2509969139832223,0.07732297914948084,935.4039307370597,0,3113.2487349654984,4.448400000000003
1501181320584134322,SN,33.76555,yes,19,18.97,21.5445,20.25922105263158,20.5134,17.0977,1.0530142879578008,0.6572880974533011,0.35636434636583686,0.14791928955666506,630.220457321243,1,1859.0308508099988,4.4468
910221210414156657,CV,22.38142,yes,68,18.31,21.2812,18.859530882352942,18.56765,16.8361,1.3028712899921404,0.53500065925789,0.20467554171346092,0.13752075090166352,948.7547629353268,0,3090.2334809489985,4.4451
901180090484103653,CV,-11.11331,no,34,16.76,21.158,20.041297058823528,20.383499999999998,16.7155,1.2863522055245036,0.532955476537639,0.3253745192634943,0.12669954583310564,622.2949014643731,0,2561.0012489004002,4.442500000000003
1402051210384165015,CV,22.00176,yes,54,17.06,21.4803,19.655966666666668,19.8192,17.0397,1.044415650649086,0.5402069141485759,0.2744033508013716,0.11621356429624598,904.4813535452743,0,2915.9700224418048,4.4406
711071290464126323,SN,30.22819,yes,99,18.23,21.4205,19.852075757575758,20.0725,16.9813,0.8988060403567684,0.654201990151167,0.28401086381348084,0.12254754705358988,810.3583860369298,1,2716.6774333677968,4.4392
1201011660254140001,CV,67.4244,no,88,15.01,19.4277,18.232993181818184,18.31825,14.9917,0.7666909494098658,0.560715449354297,0.13312146053735915,0.05321323148988379,833.9259534168028,0,2654.0031700809923,4.436000000000002
1202221210484117870,CV,20.64948,yes,263,17.89,21.2831,19.3627783269962,19.4382,16.8478,0.8954031604789349,0.5436645200760929,0.22384746923607451,0.10016011722060239,892.4450963713074,0,3121.236520289407,4.435300000000002
1201181070194115579,AGN,6.75503,yes,114,19.11,21.2963,19.99526052631579,19.971850000000003,16.863,0.5799974578245208,0.5940513969402579,0.3250478333854024,0.09148711098119537,638.7235987786463,0,2843.2221922110984,4.433299999999999
1006241011224119188,CV,1.26317,yes,45,17.55,21.1885,18.272224444444443,17.8113,16.7692,1.2358646434334517,0.585391147136135,0.1693224926320189,0.11125660219083015,834.8439907369038,0,3058.7469575461,4.4193
904011350464101119,CV,33.96506,yes,375,15.1,19.3805,18.038854666666666,18.0095,14.962,0.6246933511460903,0.27733680863614,0.1207910377339443,0.02985310283088383,855.7275770501975,0,2953.98880260421,4.418500000000002
1104141070804123992,SN,7.30117,yes,328,15.81,19.9745,18.943249390243903,19.054949999999998,15.5585,0.7201484003110554,0.659516034633033,0.18000008893291433,0.04925524327281332,911.9629513917147,1,2990.881378495098,4.415999999999999
1111241660174140627,CV,66.64391,yes,95,16.59,20.4086,18.61090315789474,18.9062,15.9934,1.0122628175520585,0.363288751915814,0.16479349905842208,0.06170617117826615,848.1994971028846,0,2790.308639988296,4.4152000000000005
1012071260164133182,CV,27.2081,yes,37,17.36,21.1833,19.392243243243243,19.6897,16.7688,1.3030943307162164,0.5687305997826271,0.2766372730110894,0.13752927117362249,593.6019909972524,0,1879.9347803704004,4.4145
1101241180184124491,CV,18.42499,yes,126,17.47,21.3029,19.940185714285715,20.161050000000003,16.8885,0.986777556511236,0.592696922933054,0.31013630418533744,0.12780633033583277,871.8501106389691,0,2975.8760774308103,4.4144000000000005
1310010011224126916,AGN,-1.28259,yes,63,20.07,21.1665,20.006942857142857,20.0138,16.7533,0.6004912230333532,0.498126388083647,0.3091638773131967,0.08464339943473452,759.3939746805601,0,3040.7414638078044,4.4132
1303241460644117054,CV,46.08749,yes,29,16.92,21.2581,19.934886206896554,20.5576,16.8456,1.3967402304048977,0.663576752394251,0.34569515253793576,0.15597399783343552,906.1485533517601,0,2732.883961157393,4.412499999999998
1203171430524142064,HPM,44.99215,yes,105,13.93,16.5418,13.79310761904762,13.857,12.1323,0.5585555271094081,0.0740160628970666,0.0536353146728762,0.0024253879914010686,494.4340898074081,0,1588.8987173493952,4.409499999999998
1003251350714125894,CV,35.39392,yes,322,16.45,20.3584,17.853428571428573,17.874049999999997,15.9519,0.7553819952893359,0.330945515074141,0.1182406012661226,0.037462106551851344,857.5721967689069,0,3033.815405867994,4.406499999999999
1203040210674137242,CV,-20.44116,no,21,15.34,18.8722,16.61569523809524,15.743,14.4661,1.7519006799690977,0.16960105873259,0.0967506736442431,0.043528460268043044,770.0240809789636,0,1558.8105644559982,4.406099999999999
1304181520304134058,CV,53.07531,yes,18,17.16,21.2573,18.177794444444444,17.54155,16.858,1.4726052637786204,0.5678249495622459,0.1696260720643453,0.13841123734416375,840.5984527327033,0,2272.9973153121973,4.3993
1111231290234184573,CV,30.67355,no,10,16.12,20.5157,16.86724,16.18255,16.1211,1.472446791492915,0.466857922534354,0.13924383973346738,0.13625305241794394,837.4052176535796,0,2626.7865144558964,4.3946000000000005
1001141180084126439,CV,18.75991,yes,49,17.75,21.2313,18.299032653061225,17.8883,16.8391,1.0620704828674188,0.5612988546296099,0.1569385104316186,0.10815464038813434,485.28392021751165,0,2480.018414756698,4.3922000000000025
1112241180034118508,Flare,18.14474,no,150,17.83,21.2711,20.213656666666665,20.27745,16.879,0.6799421298329,0.628438815043573,0.3376429044484708,0.09861422819961145,909.2277919809043,0,2947.831602453807,4.392099999999999
1207180121154125168,SN,-12.83925,no,150,18.12,20.9824,19.449522,19.47335,16.5919,0.6771012419089409,0.7563162869466071,0.23621273939101736,0.0897497311821579,1048.4440881122712,1,3067.7273437963086,4.390499999999999
805011211144121897,CV,21.02971,yes,18,16.67,21.0585,19.51013888888889,20.22605,16.6727,1.5804290866123858,0.511079005617784,0.2837571269491326,0.13332391326027557,611.4164878685541,0,2319.6898049074007,4.3858
1010101380134129854,CV,37.65616,no,224,14.59,18.3991,16.041665625,15.99325,14.0137,0.9313095163641687,0.455834861199423,0.07241662791390048,0.02906713271502421,975.1332530001042,0,2948.8181912730943,4.385400000000001
1404240210674141447,CV,-20.11902,no,9,15.75,20.5459,18.196044444444443,19.1046,16.1617,1.9094651476991602,0.4122768735903839,0.18243129508470388,0.12626688374659323,514.2783474204577,0,1802.0491403009946,4.3842
1210090090084147600,CV,-8.56376,yes,19,17.3,21.1404,19.10183157894737,19.6118,16.7626,1.8026173680551378,0.532447455492439,0.2611433781460266,0.16965972385690103,607.0304215064996,0,2469.1922095599,4.377800000000001
909270011194135578,CV,-0.54908,yes,56,16.84,21.0143,19.028807142857143,19.333399999999997,16.6373,1.4784107700632332,0.5334648135674871,0.23656451105437862,0.1402108483344883,864.3516062722567,0,3061.737659097198,4.376999999999999
1311111430054111140,CV,42.72006,yes,125,15.72,19.9925,18.6778896,18.9407,15.6195,0.9294438384553325,0.260973463143776,0.16021247427503643,0.04253015949039004,950.6078499678388,0,2933.055205694909,4.372999999999999
1303011320534129196,Flare,33.83347,yes,250,17.96,20.2633,18.932872,18.9747,15.8914,0.34779766312310884,0.5592639660189019,0.1676645035665457,0.03796102149867986,897.9167692914885,0,2915.9835372451125,4.3719
1111281150614125119,SN,15.4706,yes,332,17.7,20.9862,19.347138855421687,19.5047,16.6235,0.6654562306800859,0.480743665654437,0.20960912514010963,0.06467255903633269,861.2132206660552,1,2994.9019287269984,4.3627
804050040884106446,CV,-5.41905,no,10,16.16,20.8064,17.33434,16.79435,16.4446,1.4706800393770987,0.505260432817715,0.1362341709608213,0.13610265179548064,322.20691595879623,0,1044.1086124885041,4.361799999999999
1101140070504144585,CV,-5.92191,no,96,15.98,20.3456,18.633108333333332,19.224600000000002,15.9848,1.3140405688415369,0.325279481425839,0.17239964288853307,0.07402340351274134,858.3608490180513,0,2860.100490682693,4.360800000000001
1001151380474105682,CV,36.99602,yes,89,17.35,21.3353,20.117805617977528,20.3204,16.9747,0.9264434119449834,0.567223301936036,0.3179492738948197,0.11384066776715665,736.6244823827633,0,2912.9508739236917,4.360600000000002
1304121230614134803,Flare,25.26845,yes,314,16.83,21.0145,19.79695541401274,19.77525,16.6561,0.44469372802385915,0.4642094935705679,0.25671487348725486,0.05841810392896023,920.1508853152329,0,2992.9387023960953,4.358400000000003
1609061180834144443,CV,19.59443,yes,388,17.81,20.7852,18.59786494845361,18.8414,16.4295,0.7186114595716199,0.627651795273897,0.16235833976641886,0.061442162100840636,881.0234197556769,0,3068.7933335765047,4.355699999999999
801101090034102239,Flare,8.66979,yes,5,17.46,21.2786,18.1217,17.457,16.9255,1.7821236376862304,0.512905905177281,0.17571660245196816,0.18859814850935575,288.52223571684107,0,645.1715998838918,4.353100000000001
901281260364122178,CV,26.0485,yes,163,17.01,21.1953,19.10856809815951,19.4422,16.8429,1.0037399189540674,0.582148527142939,0.20797702014630318,0.08995050565988864,872.5807956374086,0,2897.977295486213,4.352399999999999
1402101660274120416,CV,66.60894,yes,23,16.23,21.1313,18.916608695652172,19.2512,16.7803,1.6084948452493326,0.647288887183068,0.22682396303720065,0.1534336708880004,889.5308354921417,0,2628.9568184143936,4.350999999999999
904161070894101563,CV,5.69954,yes,161,17.66,21.1145,18.735072670807455,18.9625,16.7659,1.0413652700894365,0.553556711697203,0.18880406184908932,0.08795096842562264,956.9868553719441,0,3103.6912120255,4.348600000000001
809231231144103023,CV,22.68647,yes,35,16.81,21.1572,18.04152285714286,17.6334,16.81,1.226111169771589,0.5648336108897889,0.16293107181155397,0.1271876755977567,784.2818606710392,0,2917.962979039199,4.347200000000001
1006130121084195532,CV,-11.43356,no,13,16.24,20.4068,18.620684615384615,19.5243,16.0616,1.6715026342815786,0.345393128993561,0.19200098168948604,0.09180291731094958,491.85353192135005,0,1553.786526794087,4.345200000000002
1011020151234115187,Blazar,-15.91884,no,184,14.18,18.5255,16.610065217391305,16.61005,14.1808,1.0331317527619477,0.1546438862663749,0.08216905510025406,0.02133886848685113,966.6354275574483,0,2957.919768483902,4.344700000000001
906221151194126593,Flare,15.44847,yes,328,18.18,20.6303,19.42342743902439,19.404049999999998,16.2918,0.3785599924300653,0.492487575851989,0.21372076500083326,0.04389298635629554,891.737823269668,0,3032.8253162619876,4.3385
1111291231164135344,SN,24.75043,yes,226,16.99,21.2199,19.792449557522126,19.80915,16.883,0.6208968497082112,0.5402069141485759,0.270190549218259,0.07901330221730735,947.0948908748267,1,3030.9327168171003,4.3369
1109231260224137668,YSO,27.03884,yes,337,16.64,20.8875,18.01457952522255,17.8938,16.5516,0.9403546792376022,0.553838383774299,0.1440642285352421,0.06925036817681432,940.2240044760663,0,3120.321494039097,4.335899999999999
810311380084125884,CV,37.94255,no,271,13.09,16.8469,14.978613284132841,15.798,12.5129,1.4015519992892762,0.0780862432637183,0.061394336044802746,0.0077146865477790245,936.8798605490716,0,2950.0113397800014,4.334000000000001
1501241090424118194,CV,9.17199,yes,9,17.3,21.2071,17.599822222222222,17.2203,16.8741,1.3722489768421926,0.5513169635191179,0.2331319006793152,0.12012058860135053,800.33324592174,0,1580.7743788309963,4.333000000000002
801301180474127786,CV,18.82975,yes,523,12.64,16.914,15.852288718929254,15.9439,12.5904,0.6394768172016829,0.172967167088498,0.0670066503129939,0.010493622798845258,949.1541292306893,0,3121.3004627311966,4.323600000000001
802091040494149927,CV,5.44915,yes,391,15.59,19.736,17.667505626598466,18.1925,15.4131,1.2204486309084097,0.244070066689862,0.11354601688533557,0.037483455895865964,872.8290864193718,0,2932.9824884143018,4.322900000000001
1304291320374114290,CV,31.782,yes,20,18.53,21.3798,18.627945,18.682949999999998,17.0579,1.306449295841696,0.558397865523349,0.1921854940799277,0.14555986822747324,679.5998215263334,0,2657.794039235894,4.321899999999999
1206211520354130328,CV,53.07588,yes,210,13.78,17.136,16.18738666666667,16.4291,12.8172,0.8967569856458464,0.1380750587513469,0.07350244116271767,0.012905865107191841,869.5037663636576,0,2712.8465970944962,4.3187999999999995
903311180414149579,CV,19.08112,yes,21,16.9,21.1431,19.164233333333332,19.9858,16.8245,1.8104459788497793,0.496017681705609,0.26009370597399745,0.16414202761690203,882.7236203861545,0,2288.917790613101,4.3186
903181010524119665,SN,1.26896,yes,82,17.07,21.2472,19.48409024390244,20.0883,16.9306,1.4315449760388819,0.551874642354795,0.27051881171057496,0.13439319103792008,790.7926850913752,1,2633.9573770142015,4.316600000000001
906271291124104954,CV,28.33195,yes,308,15.05,19.3137,17.789871428571427,17.91855,14.9996,0.8023743001163501,0.649858695017091,0.11910216668523582,0.041833489428981255,951.0416288553928,0,3049.9615225926973,4.314100000000002
1201011180804126761,CV,18.2909,yes,283,16.86,21.1693,19.631011307420497,19.6701,16.8552,0.6917373400887853,0.547181916952802,0.25380194755501884,0.08399290784128001,882.3688905391725,0,2934.0029041320086,4.3141
902190010214113713,CV,-1.87116,no,311,16.83,19.7586,18.390111254019292,18.6069,15.447,0.829145658300995,0.276036893169415,0.14654594413522762,0.0356418560232683,878.4401065485415,0,2943.079973900698,4.311600000000002
802011320554107996,CV,31.97667,yes,85,17.82,21.5116,19.409764705882353,19.8818,17.2048,1.3743616155896372,0.659964000646127,0.2607906913793513,0.14805369534643614,784.589864887607,0,2934.958233645695,4.306800000000003
806061120874122350,CV,12.22613,yes,223,17.12,21.1598,17.414622869955156,17.1869,16.8545,0.7313591500531742,0.5463648257382879,0.10830770433056312,0.06217277069802488,889.2358576087266,0,2950.9375199541028,4.305299999999999
1311081150044101824,CV,14.20279,yes,148,16.9,21.1958,19.829293243243242,20.04625,16.8905,0.8868780925868548,0.555536513571607,0.280658717809671,0.09950392175224672,910.8938847545448,0,2922.9476847453043,4.305299999999999
911161520254139263,CV,52.57255,no,88,18.3,21.3732,18.629485227272728,18.248150000000003,17.0693,1.3344046458906906,0.600249622684695,0.1876016603614189,0.12654291450619637,811.6927339470162,0,2827.1837555323,4.303900000000002
910271261094101150,CV,25.4198,yes,194,17.47,20.6446,19.0472587628866,19.446350000000002,16.3416,1.0666575187137228,0.615403775520838,0.20701639166215308,0.08238154461551113,983.883226369923,0,3118.647860636396,4.303000000000001
1302141210474143476,Flare,22.38969,yes,188,19.17,21.3602,20.12100265957447,20.1218,17.0623,0.6421984089126984,0.5916864482506651,0.3047987233941029,0.09971454190090703,920.1029206936022,0,3121.250771539293,4.2978999999999985
802281070264102094,Flare,5.79173,no,14,18.02,21.2877,19.971049999999998,20.534350000000003,16.9911,1.4249504432678457,0.556962291001881,0.34316403920874156,0.16590892002065122,833.2412018529322,0,2589.9704466666954,4.2966000000000015
1404231180774109380,AGN,17.46076,yes,129,19.73,21.5349,20.132610852713178,20.1261,17.2416,0.6098378099237097,0.576116887210896,0.3177438819992607,0.09834823378911371,713.9438271417976,0,2989.9691874417986,4.293300000000002
1002181010254112737,CV,0.67108,yes,333,16.7,20.7232,19.14152192192192,19.1606,16.4322,0.6090809349101266,0.475242943099842,0.199245473588152,0.05515532849746676,913.2962860804685,0,2964.864053588397,4.290999999999997
1201261290034138053,SN,30.40173,no,13,17.07,20.7035,17.1739,16.9546,16.4161,1.0890408532281977,0.405473294665186,0.10585985565594841,0.0901324841136448,124.56004996995767,1,456.8260223265024,4.287399999999998
909281260174155619,CV,28.1087,no,358,16.22,20.1162,18.24777541899441,18.3259,15.8289,0.6628266620134338,0.278737986198182,0.13611394821967765,0.033434209712126475,918.7439245979359,0,2947.0091396063,4.287299999999998
1503161230274181022,LPV,24.75461,no,103,14.63,16.4124,14.947258252427185,15.2074,12.1331,1.0347854828866678,0.0804830363230045,0.06452062917453597,0.00695068750685913,944.0004993264024,0,3111.232669803292,4.279300000000001
1201301010874137575,CV,1.35688,yes,31,17.06,21.0731,18.579222580645162,18.7388,16.7959,1.360021351476924,0.561883886554092,0.19493776869741009,0.12654677347906723,1068.2572462174244,0,2950.049834039506,4.277200000000001
802121320214113551,Var,31.49115,no,260,16.88,20.7233,18.66015230769231,18.76,16.4461,0.7788458488362666,0.503724167938715,0.18438027050911798,0.06369733585490302,938.9238359810208,0,2966.962122522804,4.277199999999997
1204160090804156953,CV,-8.74638,yes,259,15.64,19.3327,17.544207335907338,17.916,15.0586,1.0287145102265376,0.4332824941220189,0.11312309436833445,0.044702326680149715,879.8814646006557,0,2926.002918715203,4.274099999999999
801111180564103026,SN,17.08724,yes,117,19.84,21.4059,19.854264102564102,20.0503,17.1326,0.9202767129268435,0.566623366806179,0.27978306780666135,0.11421052324888482,637.2824644652999,1,2952.9468604977956,4.273299999999999
1201021570394133935,CV,58.48208,yes,86,17.32,21.2031,19.249043023255812,19.5564,16.9301,1.120949991280053,0.8651945258728672,0.23100696366874215,0.11616121521210795,843.0751999029211,0,2684.990879722296,4.273
1605280120874164002,CV,-12.292,yes,108,17.24,21.0068,18.90839351851852,19.17735,16.7367,1.0764511682473794,0.490849669133044,0.2316190757506,0.0913327332086357,924.9835494809729,0,2921.012466655091,4.270099999999999
1105121350404109472,CV,34.65765,yes,180,17.14,21.4101,19.842339444444445,20.012349999999998,17.1421,0.8066965477596203,0.577688028851418,0.2690564433831514,0.09016945891155839,837.7888473145646,0,2882.0332529628067,4.268000000000001
903210070854113178,CV,-8.07791,no,271,15.74,19.3729,17.80857490774908,18.0921,15.1052,0.8884395704024773,0.50394284503612,0.12739510058505205,0.04913197430897959,914.3881229792837,0,2989.9005445138973,4.267700000000001
1305010120674124693,Flare,-12.61915,yes,5,18.07,20.964,18.58832,18.0743,16.6999,1.7087992998008865,0.495180931191506,0.19727603212504663,0.17528920430359743,501.3187859109044,0,1120.9961929976052,4.264099999999999
1106281150754114905,CV,15.25049,yes,36,17.21,21.4321,19.070038888888888,18.28565,17.1729,1.532523894621974,0.5808647699906191,0.24337251026948767,0.1714672765603869,1126.4634262478244,0,2984.9288806943005,4.2592
912131460324139200,CV,47.7921,yes,65,17.7,21.413,19.324916923076923,19.5099,17.1544,1.033620652211383,0.608062722480777,0.22490047837380436,0.10211435273507931,700.2831380157077,0,2629.9279130669966,4.258600000000001
910141150144125644,CV,15.86463,no,14,16.98,21.2329,19.187528571428572,19.366149999999998,16.9759,1.5258274231625037,0.498338597152707,0.24197665920928055,0.13805965553906258,474.8910413432677,0,1603.7022754857971,4.2570000000000014
1201040090064129965,CV,-8.91033,no,178,17.42,20.907,19.181964606741573,19.4461,16.6505,1.0669110377747306,0.529926639538863,0.21493799870348806,0.09472801029501668,991.1906078077226,0,2968.9636345254985,4.256499999999999
1505121150454142947,CV,16.8442,yes,10,16.15,21.1763,20.43313,20.85305,16.9204,1.2960667155753294,0.527685060838485,0.38735039796225273,0.13843123176426717,939.7470129883405,0,2896.9416462965964,4.2559000000000005
811061090494119448,SN,9.92996,yes,282,16.7,20.844,19.526848226950356,19.60285,16.5893,0.5526007067334016,0.487817898912728,0.22704671647964025,0.052980923384153555,803.9643015229284,1,3102.3161202317206,4.2547
1309061490254137729,CV,49.26167,no,251,13.92,18.1307,17.276725498007966,17.4091,13.8784,0.670826486825952,0.241059835440557,0.09404570296368177,0.017054498339324257,880.8264009031163,0,2904.185266041706,4.252300000000002
1012110090284133663,CV,-9.57972,no,9,16.79,21.038,17.967200000000002,17.252,16.7879,1.6899989156801254,0.52134964005932,0.16436135241108438,0.16856571583705635,826.1479361707195,0,2533.148752095003,4.2501
905161120564121665,CV,12.71394,yes,33,17.29,21.4059,19.529142424242423,19.6606,17.1583,1.3962917874298122,0.680015393125871,0.2952475069450278,0.17618495089924127,920.1173314237141,0,2641.944981122804,4.2475999999999985
1104261400684131134,Blazar,41.31175,yes,251,16.95,21.169,19.260824302788848,19.3446,16.9219,0.7544328538491745,0.718586561898104,0.2112935986718603,0.08089898866177694,924.2697719776095,0,3061.795385798796,4.2471
1101251070494126453,CV,7.27777,yes,137,18.47,21.162,19.27545401459854,19.1281,16.9354,0.8535877892593909,0.512676588715357,0.2155116546944482,0.1015824404364969,788.5468172740195,0,2686.710155856301,4.226599999999998
911151150414104403,CV,14.19728,yes,286,16.86,20.72,18.63771818181818,18.7427,16.4948,0.634326872030928,0.6169002840940679,0.15697394524391128,0.06497272295294097,859.9907941659377,0,3127.285527048596,4.225199999999997
810311350114142207,CV,35.98851,no,221,16.17,20.2097,18.727159728506788,18.7487,15.9849,0.6938399027794647,0.308081391558357,0.1576990732508572,0.0414713893898596,1079.3564078674078,0,2949.9334740741906,4.224800000000002
1212040120274106666,SN,-13.72956,no,201,16.38,20.5954,18.904638308457713,19.0494,16.377,0.6784249490364587,0.394308866123111,0.17717438278369657,0.04520793632097185,867.465566637029,1,2925.0226251739005,4.218400000000003
1109190121114107721,CV,-13.81925,no,81,16.89,20.9772,18.663919753086418,18.7385,16.7617,1.0850272015506983,0.470272286396293,0.17632346080224015,0.0878251145089218,1013.8754133602356,0,3060.702954976805,4.215499999999999
907051260684133796,CV,28.15477,yes,106,17.98,21.3079,19.72607075471698,19.947450000000003,17.0939,0.9515702654501921,0.565428519789496,0.27434590414742477,0.10844926162614849,841.8082589792665,0,2973.9570681941987,4.213999999999999
1404021520484105910,AGN,51.16551,yes,71,18.91,21.2769,19.765671830985916,19.7852,17.0671,0.5944292679736961,0.551874642354795,0.26824511992179983,0.07855207275883949,692.7741305727403,0,2679.832861770905,4.209800000000001
903221180694110100,SN,17.42865,yes,162,19.56,21.3217,19.7397512345679,19.56915,17.1126,0.6598933679376997,0.66770384259225,0.25936117485697024,0.10578097014855506,675.272315865744,1,2898.005179664484,4.209099999999999
1203030120794158924,CV,-11.33258,no,51,17.69,20.9873,19.18923725490196,19.4652,16.7783,1.0795576062370718,0.493312069026217,0.22731565392355627,0.0972440278736642,684.1501223635305,0,2926.0328978705,4.209
1306041151144145470,CV,15.95384,yes,341,17.5,21.1896,18.277754838709676,18.0999,16.9907,0.864082377650545,0.5301772973384461,0.1483522831572821,0.07044409780983961,897.0064290656038,0,3106.679389536701,4.198899999999998
1309161261134112078,Blazar,26.07988,yes,86,17.37,21.1681,18.97811860465116,19.1113,16.9699,0.9672768198597694,0.8267101199255921,0.20594358620474937,0.10411191968827714,709.7306141048125,0,2533.976057673506,4.1982
1010111011204118970,Blazar,1.04078,yes,346,17.68,20.4614,18.91104739884393,18.98695,16.2649,0.6543759586018661,0.4037905381822321,0.183573032673943,0.0584695629588071,966.8419065188776,0,3081.712922720195,4.1965
1306140090664120159,Flare,-9.69357,no,246,15.89,18.9069,18.458243089430894,18.499,14.7128,0.32287580782489644,0.337190710783169,0.13929599299996426,0.018131249504464195,927.1416058782412,0,2977.939912650807,4.194100000000001
1304140040614129121,SN,-3.51743,yes,272,18.22,21.0962,19.28814117647059,19.35955,16.9048,0.562701219372663,0.614287666113567,0.2081556332137265,0.057198290696196946,912.2656489948134,1,2956.056453506899,4.191399999999998
1301130120044104936,SN,-13.86102,no,41,16.37,20.5589,19.053631707317074,19.4187,16.3687,1.210417370876472,0.3808763776190579,0.20323570062879556,0.08234603444326516,794.2968366078723,1,2598.9021828821933,4.190200000000001
1405011630424105496,CV,62.41419,yes,62,17.8,21.2891,19.511761290322582,19.935850000000002,17.0994,1.110068564173187,0.580225718865787,0.2618961484581836,0.1183831401771899,825.3231509534747,0,2706.773621446904,4.189700000000002
1110231150294110535,CV,14.30724,no,29,17.02,20.755,18.837941379310344,19.2698,16.5657,1.4005813666671316,0.50592270929886,0.24135396934740183,0.13930736575498787,559.4989340813612,0,1865.8494896526026,4.189299999999999
1602261180194144796,CV,19.53748,no,12,18.7,20.6839,18.21059166666667,18.008850000000002,16.497,1.2046178869503006,0.439196519547474,0.15492641233274954,0.1098424125745839,665.5944062449446,0,1857.8094433332008,4.186900000000001
1605050010854156077,CV,-0.23824,yes,254,17.44,20.8755,19.06117874015748,19.334699999999998,16.6909,0.8767939116456038,0.4778770562863049,0.20746953580846583,0.07195266659144349,944.4860097327179,0,3005.82632043949,4.1846
1305101350804157015,CV,35.51416,no,53,17.93,21.2352,19.163303773584904,19.6999,17.0556,1.2888976669056076,0.5482764911824239,0.22771110570674674,0.1139035689171461,700.8620348677692,0,2726.632269664202,4.179600000000001
1303150210604138443,SN,-20.52785,no,7,16.86,21.0002,18.45772857142857,16.9188,16.8244,1.993138763955222,0.4947639920952029,0.20076977490509387,0.16448655148308325,293.15368912195015,1,735.8778850348972,4.175799999999999
906221090914122502,CV,9.14299,no,10,14.57,18.684,15.92208,15.9331,14.5083,1.5706469889825674,0.197405810596525,0.0886834222285926,0.054751810389304184,18.032428701828415,0,36.8703820719893,4.175700000000001
1001141010324104119,CV,0.10721,yes,196,15.65,19.5749,18.21642142857143,18.33665,15.4038,0.7550201456643237,0.382306103172676,0.15697685937236866,0.040884582780985126,796.6896664975624,0,2660.719205624897,4.171099999999999
803311040864112088,CV,3.27549,yes,34,16.92,21.0829,18.172176470588237,18.11025,16.9158,0.9773405833143459,0.526696935163719,0.15554793607913678,0.09575585613600328,822.5534634261043,0,2522.1637030554994,4.167099999999998
804091150924143927,CV,15.01325,yes,33,16.96,20.8203,17.795981818181815,17.5694,16.6568,1.1112573929603768,0.4491357160486729,0.13072419175366495,0.08405739204167201,580.3506178799498,0,1834.9918055207963,4.163499999999999
903221350704102909,CV,33.95692,yes,20,17.94,21.4638,18.277260000000002,17.69025,17.3024,1.3909508343499948,0.622983838169843,0.1775285514777491,0.17292518444446536,1038.918349244915,0,3010.8860943057007,4.1614
1201141120454117896,Flare,12.26677,yes,313,18.54,21.0248,19.973511182108627,20.0172,16.8645,0.4387636300420039,0.5474550088984621,0.2762055468170167,0.06217400196804684,838.4048538206904,0,3130.253645706005,4.160299999999999
1004091010844148312,SN,2.28129,yes,243,16.79,20.889,18.836498353909466,18.8023,16.7301,0.5839544315239449,0.7141401691575501,0.17946238098861497,0.06704804099116374,940.2558714174174,1,3005.825420046196,4.158899999999999
1310301290104120647,AGN,29.28199,yes,263,18.9,20.1665,19.243043346007603,19.263,16.0091,0.38407711855752197,0.300983545778576,0.19371352507781062,0.03504809618609059,957.027020254229,0,2956.8937584375963,4.157399999999999
802191230754114380,SN,23.68613,yes,39,18.08,20.7166,18.774317948717947,18.9523,16.5701,1.1021550224976215,0.426605339866401,0.17956280918354858,0.08391564959947659,40.76262259617769,1,132.72717445580201,4.1465
910090040064127915,CV,-3.22818,yes,240,17.18,21.3234,19.14596875,19.085549999999998,17.1827,0.5527174870435964,0.5815056945854461,0.19075382888763714,0.06295718497586443,953.4692653201948,0,2968.9935315973053,4.140699999999999
1305151070554117646,AGN,7.00008,yes,162,19.09,21.3864,19.49126851851852,19.33035,17.2457,0.6591036861731144,0.553838383774299,0.22490975866988486,0.08389463157385275,577.268138810763,0,2810.2489409377013,4.140699999999999
1411171180294146420,Mira,17.99791,yes,41,12.78,17.0972,14.282219512195123,14.4892,12.9658,0.8112569843210945,0.22948434521895,0.061471113979508094,0.027268994635407752,661.0612544983202,0,1902.8059505208003,4.131400000000001
1506121070784143564,CV,8.20583,yes,5,18.61,20.2821,16.9971,16.1673,16.1508,1.8365648082765824,0.326128089735928,0.12126066539097198,0.11452489237441141,991.8872874745592,0,2217.9423531825014,4.1312999999999995
805051071164149350,CV,8.16404,yes,35,18.25,21.253,19.70934,20.16,17.1242,1.2768953207360632,0.609149125777203,0.3047520653479889,0.15389015008885532,926.8115454862032,0,3027.7932381135906,4.128800000000002
904211350794109737,Blazar,34.06696,no,338,16.43,20.2109,18.060513609467456,18.17855,16.0855,0.7194614664548319,0.577688028851418,0.126767852819856,0.04367341073524939,946.6034594584929,0,3069.683660278104,4.125399999999999
910261230034129795,Var,24.48776,yes,319,17.68,21.1826,18.404718495297807,18.2444,17.0576,0.7685833396189813,0.6572881107615369,0.14360765544445642,0.06384273103727864,922.0061535235776,0,3031.8111782177,4.125
1211141070524124013,CV,6.86942,yes,28,17.49,21.5019,18.96970357142857,18.7693,17.377,1.363580716616185,0.6507212912915871,0.22203107959667231,0.14761572951399024,1125.7770606593967,0,3075.3235441664947,4.1249
1305151150534101515,CV,14.19224,yes,23,18.46,21.3081,19.595478260869566,19.8647,17.1833,1.2307773179272146,0.5149823041778601,0.26659528620173883,0.1407538918889561,589.8703040408454,0,1898.9866779053918,4.1248000000000005
1110270070124134909,SN,-5.94282,yes,18,19.23,21.1778,19.732044444444444,19.7713,17.0532,0.8838876287523427,0.5294263055491321,0.2604566176337,0.10792921980777201,211.30996644532755,1,749.041758055304,4.124600000000001
1201261320094110231,SN,31.74712,yes,13,17.13,21.2573,18.805584615384614,18.5488,17.1338,1.4672533198952353,0.532955484167811,0.20841071199979547,0.14553245518932867,740.5553800508663,1,2298.823193240496,4.1235
803041040494145217,CV,5.41683,yes,10,16.0,20.1195,17.59232,18.00265,15.9977,1.3383586280714643,0.2762388141644429,0.11019225575277744,0.062192038657126116,296.68486918683226,0,1184.8209234839014,4.121799999999999
1212201180394146401,Flare,18.42242,no,83,18.8,20.5169,19.39650361445783,19.3976,16.3961,0.44775349883444066,0.835706515819803,0.22709677411748613,0.09203928990304834,872.328957743832,0,2887.094462025496,4.120799999999999
1305311070624107111,Flare,6.09098,yes,224,19.0,21.1565,20.028467410714285,20.059150000000002,17.0388,0.4738910122950966,0.820322603600715,0.29474803561671853,0.08063869060767408,948.3327816122862,0,2958.0034027662987,4.117700000000003
1011081230504119481,CV,23.62341,yes,454,15.2,19.2184,17.842846255506608,17.93,15.1021,0.6628995081457327,0.573317242516942,0.1141084852291179,0.0362816553402805,909.2374318946494,0,2984.977349352099,4.116299999999999
1104061260674111875,SN,26.27839,yes,45,18.71,21.7661,19.623606666666667,19.9552,17.6532,1.2245579841499765,0.542594324643371,0.2753947278239985,0.14211332245122227,609.881406187906,1,2318.8020245833977,4.112900000000003
1210251520614129666,CV,52.54313,yes,39,16.6,20.709,19.248533333333334,19.6281,16.5967,1.2063969165143933,0.4447123346723811,0.2367818091368074,0.11008504089199474,1028.7898889840953,0,3074.7376790739945,4.112300000000001
911251180214117977,SN,17.94076,yes,49,17.12,21.1646,19.201116326530613,19.3996,17.0542,1.1115717993654546,0.628438815043573,0.24354876322825653,0.12521728405394197,613.0173986910789,1,2920.967943020696,4.1103999999999985
804081180504105222,Blazar,17.33137,yes,121,17.74,21.1928,19.474748760330577,19.4915,17.0824,1.009866520314748,0.7180268163747321,0.25394216239653317,0.12646521813363204,573.499086547146,0,2559.9379953589014,4.1103999999999985
1005171121124143302,CV,12.53462,no,26,18.03,19.6794,17.202738461538463,17.2917,15.57,1.311399702021294,0.252681560614962,0.10599731437046092,0.052525977245194685,262.214741305362,0,763.9752946877998,4.109400000000001
1005231260844160317,CV,27.90305,yes,65,17.82,21.2261,18.625713846153847,17.9551,17.1295,1.2841780006920913,0.595414109357109,0.19085952625576857,0.1432810183049373,1022.9194567422941,0,3056.7376518404053,4.096599999999999
1502101260114122698,CV,26.71786,yes,322,15.76,20.362,18.839135403726708,18.83365,16.2654,0.4379556592031091,0.373559906459705,0.16274803810054705,0.03651924558728951,946.4235814720985,0,2952.9185751503974,4.096599999999999
1110211151144101343,CV,14.18294,yes,105,17.71,21.1408,19.466222857142856,19.9386,17.0443,1.172035969047776,0.511079019253934,0.2593539526647674,0.1090780034103122,942.6273397892267,0,3012.802185602006,4.096499999999999
1301051260644124613,SN,26.97022,yes,180,18.31,21.3222,19.964581111111112,19.98675,17.2284,0.5785412049167004,0.5876897093719828,0.28647487220344814,0.0800545816479024,871.8007267445793,1,2992.9139024073957,4.093799999999998
1101281290454112646,SN,28.79088,yes,53,16.0,19.4342,17.385494339622642,17.105,15.3409,1.2722874515573988,0.288246113502948,0.10766104346936037,0.0475323340972224,548.6325136045402,1,2358.6869782404974,4.093300000000001
805151180844106413,Flare,17.23368,yes,19,17.8,21.0021,18.969826315789472,18.5588,16.9106,1.5083543983214531,0.526696935163719,0.23919259734586065,0.16442714072202172,603.0756719078812,0,2534.9835503358045,4.0915
1205251090794110609,Blazar,9.17442,yes,312,16.99,21.0142,19.241553525641027,19.2852,16.9251,0.6744836853387712,0.673785866762016,0.21078699040539745,0.07539114309825037,903.0938926158533,0,2990.9257614929957,4.089099999999998
1303011380534115603,SN,38.04054,yes,12,17.54,21.292,18.211791666666667,17.61775,17.2031,1.2578974907348255,0.573008407338234,0.15951353643139513,0.14034844162686613,867.4152304694837,1,2628.9250635993885,4.088900000000002
1205291490534127415,Blazar,49.96812,yes,154,16.97,20.9795,18.49332987012987,18.471200000000003,16.8956,0.7864230373930216,0.5173161271786211,0.16034651073833156,0.06787901454283188,927.6011299571386,0,2939.9363303705977,4.0839
1102070150324113956,CV,-16.48305,no,65,16.83,20.7329,18.828903076923076,19.1141,16.6494,0.9689467040569804,0.479400108643045,0.19756899871174224,0.07812951730029107,915.7259538463557,0,2612.8290795138964,4.083500000000001
812031010254110041,CV,0.51329,yes,107,17.57,21.144,19.633031775700932,19.8376,17.0648,0.8420840239075921,0.530931106149733,0.2594146732036343,0.09282721591218049,877.144766498028,0,2964.8308137036,4.079199999999997
1404081690204130928,CV,69.94592,no,61,15.54,20.1489,19.135654098360654,19.3319,16.079,0.8933936343280731,0.316705309400107,0.20774511727169262,0.05628452771947674,796.4219374454141,0,2821.0712796640946,4.0699000000000005
909261291094132468,CV,29.66957,yes,18,17.52,21.3581,20.020805555555555,20.595950000000002,17.2885,1.4771754384126743,0.629228408425662,0.37397977898464707,0.1699793828468109,1003.2941648309704,0,2961.8943715854984,4.069600000000001
1111271320174145528,CV,33.36442,no,50,17.67,21.3185,18.736166,18.21085,17.2543,1.191356788452492,0.5883508708884411,0.21452924937259799,0.1371174567482344,905.3019871549498,0,2951.038857314801,4.0642
1102121010514116544,CV,0.99579,yes,17,17.19,21.0856,18.64604705882353,18.4192,17.0249,1.572059041956459,0.5024173248445689,0.20546885264562426,0.16418335785959312,703.7334204964881,0,2563.017175208297,4.060700000000001
1609031320094120160,SDSS,32.16115,yes,252,18.23,21.1613,19.488366666666668,19.5651,17.1015,0.6219636551813422,0.511534095325648,0.22226476458062372,0.06566374414945214,903.1030158704486,0,3057.806135185012,4.059799999999999
1005240041134109468,CV,-5.29468,yes,439,15.16,18.5077,16.511451025056946,16.5149,14.452,0.8796059021246994,0.205677012499597,0.08120770206733723,0.020818254860503295,973.2954789732279,0,3087.705360104301,4.0557
1404241150654123914,SN,15.81099,yes,45,18.58,21.469,20.156788888888887,20.1561,17.4137,0.8155465134224752,0.719709529348424,0.336867750443837,0.14753642103797918,771.1937973468636,1,2690.7157205436088,4.055300000000003
1209211231074134565,CV,23.61225,yes,64,17.14,21.1311,19.7561328125,19.91425,17.0759,0.9108149147363865,0.566324029290547,0.28246362136875613,0.10041882946466467,961.5276361728972,0,3033.771773217697,4.055199999999999
812221070184114632,CV,6.7181,no,268,17.01,20.8429,19.21355037313433,19.33815,16.79,0.8232143725108754,0.5271903622582679,0.23751018333688537,0.0879207535570073,901.0539475538202,0,2946.8602546295006,4.052900000000001
1210150150284109826,CV,-16.41756,no,23,17.13,21.1673,19.70396086956522,19.9134,17.1257,1.2718215972444378,0.551038700336465,0.2944883360219953,0.14160311022288932,992.3118609941388,0,2926.029870092403,4.0416000000000025
804170090854134560,SN,-9.69643,no,9,16.72,20.7169,18.83833333333333,20.1782,16.6783,2.0066275420466053,0.4679288541897949,0.26491536027566753,0.17961223217431008,511.25042888688546,1,1543.8121755789034,4.038599999999999
1210051211094121504,CV,20.33012,yes,114,16.28,19.5361,17.010379824561404,16.2945,15.5009,1.3063141988241316,0.24282481906797,0.10268668401672362,0.050999158779185046,800.4264856172608,0,3121.728156366,4.0352000000000015
1109230070203125535,CV,-6.84977,yes,90,17.44,21.3113,19.67477333333333,20.0946,17.2764,1.2088873032111673,0.591015304025047,0.28437343680689936,0.13132898284151093,837.1804299917183,0,2928.9253674996944,4.0349
909221290444111464,CV,28.8287,yes,491,14.88,18.8705,17.99510346232179,18.0827,14.8382,0.5044438922383333,0.314913019826525,0.11539885605208383,0.017995803182407503,881.118912970958,0,2963.0184466665814,4.032299999999999
1203231490404144289,CV,50.6581,yes,24,17.52,21.2838,18.748820833333333,17.974249999999998,17.2521,1.426277481076302,0.505701690727496,0.20263502212791237,0.1421080968664211,797.5974673845028,0,2627.9722830211103,4.031700000000001
1005041181134116156,Blazar,17.57706,yes,254,17.15,21.0233,19.146293307086612,19.3232,16.9936,0.9384784746313241,0.519678584677693,0.2138485923355069,0.0887116507535613,838.2550606739612,0,3106.680371065093,4.029699999999998
1403261180674133158,HPM,19.20462,yes,95,17.37,21.0394,17.450797894736844,17.4132,17.0123,0.39250165007891363,0.469728666231326,0.09795444714247657,0.03928355019325039,292.2555681048625,0,1957.8129595713035,4.027100000000001
911260010684130868,SN,-0.58158,yes,91,16.53,19.8186,17.915584615384613,18.1253,15.7938,1.021264056497642,0.252898693951997,0.12461485632424976,0.04135987023187243,613.4416207795242,1,2351.675145104011,4.024800000000001
1211230090284149514,CV,-8.8657,no,18,17.12,20.9322,19.54977222222222,20.05585,16.9121,1.4425719913957447,0.5013352549913871,0.27706002621972164,0.1305709687298736,1183.8345468610055,0,2570.018292673696,4.020100000000003
1603171180824123493,CV,18.12231,yes,378,15.37,18.8218,17.91205291005291,17.97,14.8028,0.433578740968876,0.272165316385893,0.1169957702362022,0.02539341410164117,878.3408708191565,0,2973.0124198263075,4.019
904291090564105879,CV,8.87347,yes,333,15.72,19.3609,17.641090090090092,18.1174,15.3445,1.0799734437795059,0.5259590752009791,0.11877913778244853,0.06112618220055031,964.8863502576256,0,3099.237706863787,4.016400000000001
1105121350644129864,Blazar,35.71369,yes,251,18.36,21.0772,19.340084462151395,19.6474,17.0618,1.0019287577256293,0.594731704750992,0.23155631576580799,0.09722734889552362,855.4602409501466,0,2984.016220115598,4.0154
803091380384113756,Ast,37.56079,yes,5,20.12,20.1218,19.0563,19.7322,16.1122,1.6580336727581855,0.2840308618720369,0.2214953258368678,0.050690221942187356,795.6650687844569,0,1779.1685069097002,4.009599999999999
1406230181144128333,CV,-18.14373,no,42,17.42,20.8239,19.398138095238096,19.72835,16.8167,1.0829140785123206,0.480551096075861,0.24952901282961276,0.08444112602557921,1082.9283160985515,0,2951.9809573032035,4.007199999999997
1305180120704115127,SN,-13.13402,no,77,17.88,20.9806,19.71114025974026,19.7742,16.9749,0.7361041808523784,0.483266062146219,0.2602063604400148,0.08998942600456954,884.3550247394347,1,2931.0228815506052,4.005699999999997
711120010484141981,CV,-0.62471,yes,28,17.64,21.1192,18.61134642857143,17.698549999999997,17.122,1.4407364054492329,0.4900362274932079,0.19287634545603474,0.1469251288670333,976.5069221035625,0,2663.865289097099,3.9971999999999994
1305081490564112715,SN,48.5485,yes,26,17.56,21.4575,19.144315384615386,18.877299999999998,17.4615,1.3598746685462766,0.6169002840940679,0.23978023107373167,0.166321902023414,557.9816736532388,1,1846.9509889698093,3.9959999999999987
1305121070694115570,SN,6.34725,yes,61,18.73,21.4337,20.42078032786885,20.6333,17.4397,0.7753684805346154,0.6020019555096761,0.36006082605334405,0.11922386653976384,729.5677270374682,1,2731.711968472293,3.9940000000000033
909200120234112238,CV,-13.35846,no,188,14.2,18.1802,17.240502127659575,17.63625,14.1895,1.0754824731979036,0.166254528815217,0.09542794929272123,0.018753826831024785,920.066284886538,0,2969.9119809027106,3.9906999999999986
1110061320094139400,CV,33.43934,yes,334,15.32,19.274,18.070571556886225,18.2342,15.2839,0.7202314514953474,0.392640437343121,0.12215315307505076,0.028901275996467666,939.0511238626165,0,3057.806135185012,3.9901000000000018
1209260090224105038,SN,-10.82931,yes,241,17.48,21.0482,19.169497925311205,19.4182,17.0592,0.8458597797728362,0.484442412047511,0.1994434808138421,0.0629518625814149,902.7906347932332,1,2969.9126335992914,3.9890000000000008
803021210824148717,CV,22.10279,yes,24,17.87,21.3536,18.251425,17.778100000000002,17.3673,1.2033572031937398,0.6218311064102039,0.16642493766245328,0.14571376548963494,431.9496609316218,0,1835.968826122502,3.9863
1111161120264111887,CV,11.9668,yes,57,17.05,20.9725,18.120552631578946,17.8641,16.9877,1.0457039355151538,0.500474116120187,0.15846626020438168,0.1045352845769988,842.1417885677515,0,2834.1578421295053,3.9848
1211250150284101590,SN,-16.88288,no,93,16.29,20.1645,18.305763440860215,18.5399,16.182000000000002,1.0363017630418696,0.319387906419288,0.14534242973803752,0.0529190878188327,798.4267145497317,1,2540.0788118861965,3.982499999999998
1102050090654144864,CV,-8.66585,no,261,15.23,19.002,17.809472796934866,17.8494,15.0196,0.5698897501907998,0.479209021875096,0.11421958191297615,0.0343849164563034,886.0093897987624,0,2928.971693645697,3.9823999999999984
1112241070214144460,Flare,8.27376,no,3,19.83,19.8268,18.076066666666666,18.5555,15.8459,2.0332937425107405,0.279949771409997,0.16630363405828105,0.10714618760848908,0.008509403585500924,0,0.017018750302668195,3.9808999999999983
1005311150714116242,CV,15.22806,yes,348,14.48,18.461,17.907902298850573,17.952150000000003,14.481,0.38592102527183136,0.333711226834523,0.11307730099902562,0.0217956857110316,912.0147327749557,0,2984.9095776504037,3.9799999999999986
1111181180104130016,Blazar,18.5418,yes,127,19.81,21.0826,19.753114173228347,19.7587,17.1046,0.5252400774920688,0.516847097420702,0.2547675186985949,0.07068620933353001,672.0274046219837,0,2951.878388738798,3.977999999999998
1202241210764144227,SN,22.09461,yes,43,17.6,21.4865,19.41029069767442,19.4337,17.5093,1.18688060514265,0.649858695017091,0.264346188103413,0.15307261365638414,454.94734308731717,1,2255.9359887615065,3.9772
1101161320054126530,CV,33.30612,yes,113,18.02,21.1964,18.646176991150444,18.2014,17.222,1.1330652008103033,0.588682181068745,0.18625923116095408,0.11703910638291168,913.0040329764532,0,2941.0073673148,3.9743999999999993
1102261260604109602,SN,25.86859,yes,26,20.07,21.3288,20.29818846153846,20.29435,17.3573,0.7522552052738066,0.573626523978025,0.3485242629867302,0.1212018298018811,797.016045615127,1,2230.0032792360944,3.9715000000000025
909291400974147913,CV,41.5303,no,178,15.94,19.5152,18.25083764044944,18.40165,15.5487,0.6323840447865638,0.264171740979896,0.13881922344126937,0.02559626966627056,978.7141714227498,0,2947.009511435397,3.9665
1001081090174129448,Blazar,10.48795,yes,211,17.39,21.0391,18.62892606635071,18.4041,17.0727,0.8221088344896176,0.547181916952802,0.18140032719174434,0.08382572562147404,623.208566121881,0,2931.9957420835126,3.9664
1112281400444128867,SN,41.16649,yes,29,17.77,20.9628,19.060817241379308,19.0503,16.9976,0.9735103638999892,0.4720967661183819,0.19384283256653273,0.09827379299670866,756.9466772308338,1,2599.9665415391937,3.965200000000003
810300041124157921,CV,-3.29261,yes,10,17.28,19.5227,16.97665,17.2316,15.5575,1.3831030782266376,0.191587008709879,0.09526562122977336,0.043571841121933214,788.5213698244721,0,1818.0031598150017,3.965200000000001
1506061380734150294,CV,39.4654,yes,140,18.29,21.4869,20.014431428571427,20.0441,17.5236,0.7248196936877858,0.6241422412063199,0.3035382880198603,0.10350447024330109,957.086742801134,0,3061.8005606828956,3.9633000000000003
1211140261114102829,Blazar,-28.11091,no,56,17.21,20.5056,18.02542857142857,18.22965,16.5452,0.9865417561478975,0.369858997857967,0.13296014797967032,0.05769553462363338,707.575212015903,0,2180.0492942132987,3.9604
1306091460484117878,Flare,46.42084,yes,148,19.7,21.199,19.927869594594597,19.90315,17.2439,0.4626375380946251,0.54339643216192,0.2781800001094551,0.0700619990932156,841.3006333862185,0,2921.0652846874,3.9551000000000016
1304151430534106204,SN,42.74157,yes,105,17.58,21.4246,20.03571523809524,20.1288,17.472,0.7425227753281075,0.602354046824447,0.3080765173594335,0.10022863246272315,814.1978721841417,1,2920.0129636339043,3.9526000000000003
1210051121134133632,SN,12.39105,no,52,17.3,21.1202,19.612236538461538,20.0336,17.1688,1.1737511896928714,0.5815056945854461,0.2845032589297244,0.12806027470735767,861.963938634434,1,3033.8179879165036,3.9513999999999996
1304161550544133046,CV,55.30741,no,202,16.34,19.8529,18.78252673267327,18.810200000000002,15.9035,0.4942021315656167,0.645167692979379,0.1671618400236638,0.04706155895462447,866.0654847640694,0,3075.744000346902,3.9494000000000025
905011350514106588,SN,34.33977,yes,206,17.13,21.0763,19.33755922330097,19.38315,17.1277,0.6564786668184169,0.505260432817715,0.20590145038137161,0.0665154915928887,810.4241297566972,1,2732.762930219993,3.948599999999999
1111181150284160207,CV,15.90972,yes,234,14.5,18.1783,16.817895726495728,17.08715,14.2298,0.7814294933190511,0.224530300809848,0.08920232699506497,0.01771068771364352,866.303208085957,0,3112.3512607524026,3.948500000000001
1204211010694130827,CV,1.64531,yes,190,17.46,21.2247,19.55748789473684,19.69075,17.2772,0.9643326165568259,0.578953180129953,0.2566968469498125,0.11086224094747217,946.3095945424319,0,2963.861803009604,3.947499999999998
1110241430314158229,Flare,44.89418,yes,406,17.87,19.9892,18.06369408866995,18.05695,16.0425,0.24357749498616532,0.315925059662242,0.11998926692393773,0.021492497136235807,844.7330557852611,0,3111.263246898103,3.9467
1211151380114123352,CV,37.5681,no,271,17.51,19.0818,17.088633948339485,17.6384,15.1387,1.1807178638558937,0.164664150907511,0.0934519090002894,0.027622676320990698,968.2612992317157,0,2949.928343507003,3.943100000000001
903291320184120513,Var,32.06633,no,185,17.62,21.0074,18.881142702702704,18.9641,17.0655,0.8666606409607405,0.586045437452873,0.20666898440732817,0.08532814639072228,952.7931147465606,0,2951.0580079281062,3.9419000000000004
1302181400354146917,CV,42.26656,yes,253,15.28,19.1713,18.320834387351777,18.424,15.2296,0.511806364017999,0.2827665289380869,0.13220915664044827,0.02282847553374607,956.3839209902579,0,3112.19452119201,3.941699999999999
905310210754108156,CV,-22.23601,no,50,17.28,20.9692,18.928578,19.058,17.0281,0.8484686547407337,0.401655142200302,0.18877845622989178,0.06856503641149946,719.8660929539881,0,2325.7174959374024,3.9411000000000023
1201020010564145870,AGN,-0.27595,yes,170,19.33,21.4862,19.86293294117647,19.802500000000002,17.5455,0.5961540158586833,0.564240360548964,0.2749397189717658,0.09201471787703659,711.7197546493923,0,2901.0526971061918,3.9406999999999996
1203171430534109123,CV,42.79636,yes,230,17.59,20.2426,18.43306956521739,18.556150000000002,16.3022,0.7538422292946526,0.4447123346723811,0.1469536084028911,0.049206574965125906,809.1522024925067,0,2920.0288125695006,3.9404000000000003
1011101070154125768,SN,7.40328,no,38,18.05,21.19,19.487115789473684,19.489649999999997,17.2497,1.0868396605995103,0.5850647350250009,0.2793846637872733,0.14376670027626992,629.2614400411486,1,2911.9253415623025,3.9403000000000006
1109300071124153856,Carbon,-6.1152,yes,340,17.57,20.8507,18.70515411764706,18.75215,16.9122,0.8553974208998446,0.493932906686598,0.17508851596959824,0.06582363102392391,1028.4017432761186,0,3067.728161215302,3.9385000000000012
1411301070654118078,SN,6.75141,yes,7,18.59,21.1449,20.21912857142857,20.5083,17.2074,1.3661861216714282,0.512676588715357,0.3620306420734094,0.14924409430067623,910.8257129149206,1,2302.81125092601,3.9375
1202220120324111615,CV,-13.71798,no,13,16.68,20.5622,17.288753846153845,16.9456,16.6248,1.04396117872855,0.432992503467168,0.1212469354075824,0.0942995440028713,735.9853663332799,0,1458.915901944405,3.9374000000000002
1011111320014118756,CV,31.9289,no,37,18.13,21.1344,18.25391081081081,18.0894,17.2008,1.0123060222371776,0.5180218246973,0.14741904289640695,0.0987444372028331,799.0106415285695,0,2914.1215837499985,3.9335999999999984
1109200090054128813,SN,-9.15769,no,64,17.58,21.1695,19.381321875,19.9289,17.2364,1.3646476811981925,0.582470637549417,0.2623885465419311,0.14685284944444882,762.1782414347857,1,2948.0675419676263,3.9330999999999996
1310141400044135276,Nova,40.92277,yes,10,17.33,21.2622,18.24951,17.7763,17.3301,1.2394864038965683,0.557822452535965,0.16023061448314974,0.14568467588356596,344.1534076165919,0,1083.0266136574064,3.9320999999999984
1305161010604106599,CV,0.47051,yes,23,17.55,20.9986,17.93248695652174,17.5327,17.0673,0.9993069231423932,0.6336185244124699,0.1628739895582239,0.136871318678802,1086.5918825908093,0,2630.8431987734,3.9313000000000002
1111161070254130896,CV,7.75522,no,394,16.93,20.8543,19.322646700507615,19.31155,16.9282,0.4308224551829321,0.4790181127474579,0.21382270855589539,0.049593235476120344,895.1149597573291,0,2946.9758162615035,3.926099999999998
1110241071164105629,CV,5.92634,yes,123,17.24,21.1657,19.24257886178862,19.1807,17.2407,0.8519759326867055,0.538108187261812,0.2249753051554251,0.10051773000185878,1179.2943221701958,0,3080.733537349297,3.9250000000000007
809060151174131891,Blazar,-14.55605,no,197,16.42,18.8955,17.08464263959391,16.9965,14.9778,0.9543293121505484,0.437250269384585,0.10062987722785784,0.05098572402937473,1022.865196382019,0,3028.8083902778963,3.917699999999998
1201301180224121978,Flare,18.3191,yes,346,15.05,17.9101,16.531959826589596,16.421599999999998,13.9943,0.3041850251752031,0.154618796626991,0.0797157722768428,0.008822357872225305,849.4379692770074,0,2950.9224081714056,3.915799999999999
1201311430024134321,CV,43.65038,no,5,15.58,19.476,16.35186,15.5732,15.5607,1.7464596496913394,0.211707386457447,0.09199499900278382,0.06692127431210837,1018.6878895609309,0,2277.8631086344976,3.9152999999999984
1003131090504109287,CV,9.01377,yes,393,12.83,16.6541,15.229300508905853,15.665,12.7427,1.0592145288188628,0.180164674299399,0.06343854345909106,0.01193528303001934,874.8497415169549,0,2960.9472928469913,3.9114000000000004
907221090904130605,CV,9.605,no,19,17.93,21.3881,18.496636842105264,17.9818,17.4773,1.013151401546749,0.600249622684695,0.1823492422998932,0.1323332788362448,992.8602016591318,0,2975.9750882177977,3.910800000000002
1007060070834117534,AGN,-7.69591,no,189,18.67,20.9184,19.162884126984128,19.065,17.008,0.4988654682226576,0.4880184551268739,0.2010963843158495,0.0643796311123737,732.4899295516789,0,2919.0364687037945,3.910399999999999
1410211121134174124,CV,13.71504,no,16,17.59,21.2441,19.7400125,20.0537,17.3348,1.2684581075069055,0.545280384557757,0.3177115384069754,0.1498769339065897,929.1808793949555,0,3033.818883507003,3.909299999999998
910271380074143391,CV,38.5381,no,273,15.89,19.7673,18.363320146520145,18.3803,15.8665,0.5476492310696277,0.243210160469291,0.13323362324500906,0.027844651257065263,915.6304506580822,0,2950.0113040046053,3.9007999999999985
1306010121094165203,Flare,-11.84145,no,38,18.83,21.0586,20.13662105263158,20.23735,17.1581,0.8420703071878917,0.515446802557313,0.33118979600083825,0.1059547818388103,1063.61357698868,0,3062.7251880439,3.9004999999999974
1409031180254116915,CV,17.62905,no,129,17.06,20.6927,18.63984186046512,18.4752,16.7927,1.0663481710886036,0.485230944010022,0.2003049699299029,0.10114714495833824,966.3211989690986,0,3100.3129114467083,3.8999999999999986
1005160010664133006,Blazar,-0.49611,yes,293,15.58,19.438,17.83754368600683,17.9313,15.5432,0.5924212361982748,0.687893610950156,0.11306412922812782,0.04014451768089505,950.6591164703966,0,2991.8975672684974,3.8947999999999983
1305301120904244806,SN,12.91953,yes,18,16.49,20.3553,17.73775,16.7267,16.4621,1.6576546888157788,0.4360642749857659,0.15672311977524594,0.12041826472929393,684.0508984561802,1,1951.7778941783981,3.8932
902261090584103158,SN,8.57853,yes,18,16.54,20.3857,17.767494444444445,18.1538,16.4934,1.181877425948782,0.483853275278633,0.13146968818765595,0.09812536718439693,44.8797333044642,1,127.79224666679511,3.8922999999999988
1306071320794125262,Flare,32.07157,yes,359,18.22,20.6999,18.910685236768803,18.9083,16.8103,0.2768477951021943,0.610605645384531,0.1739050356588948,0.04839184057468015,915.2756884672315,0,3059.7331526156995,3.889599999999998
1302061180174118628,Blazar,17.87336,yes,327,18.91,21.0481,19.347876758409786,19.3285,17.1588,0.4300836318420131,0.5423276849930301,0.21209528104799077,0.04860101602545085,806.9618111332805,0,2948.894354282398,3.889300000000002
1101301430404147758,SN,44.96966,yes,161,17.41,21.2951,19.984329192546582,20.1007,17.409000000000002,0.8205051305171502,0.828327204737048,0.29719654582759064,0.11097841797067705,795.8798984771468,1,2707.851050358702,3.886099999999999
1302171010794138638,Blazar,1.94432,yes,70,18.9,21.2014,19.78762,19.68455,17.3154,0.7443273277923835,0.5493769345751189,0.2844012704055332,0.10989633088844328,794.1070903879004,0,2992.828936052996,3.8859999999999992
802271040684108223,SN,3.56467,yes,22,19.28,21.1324,19.889163636363637,19.88865,17.2515,0.8410574282784369,0.53500065925789,0.2763316756342588,0.1263708968056465,798.257873239659,1,1920.7692025928045,3.8809000000000005
1201231180824106091,Blazar,17.14118,yes,191,17.65,20.6943,18.733675916230364,18.7918,16.8151,0.6708068257083554,0.408774134502854,0.1634255553462814,0.051303504869047764,918.4483975227189,0,2962.978247661995,3.8791999999999973
1005211231124153471,CV,25.05861,yes,246,17.15,20.9805,19.24967967479675,19.23835,17.105999999999998,0.5649231022923102,0.495598832841616,0.20575868145915766,0.05966315698425322,960.7855373547511,0,3020.799854375,3.874500000000001
812221320064119991,Blazar,32.1382,yes,327,15.81,19.6709,17.757194495412843,17.6939,15.8002,0.6838055788025657,0.496437487506258,0.11032377497229992,0.034684486311152875,944.735157244768,0,3055.868376724393,3.8706999999999994
907301180164117377,SN,18.01923,no,381,16.49,20.2918,18.91147585301837,18.9391,16.4213,0.4169813130921092,0.359431712424779,0.17729946164177676,0.036279430811666825,897.6899456413672,1,2975.8776316432995,3.8705
1211131210484133381,SN,21.6441,yes,91,18.96,21.9328,19.254313186813185,18.8337,18.0623,0.9089716968101621,0.520870729192152,0.20804033164899524,0.10774915313470262,585.2247316965613,1,2787.273265058,3.8705
910170010464152062,SN,-0.58676,yes,21,18.32,20.5789,18.88365238095238,18.8254,16.7098,0.8342004079470632,0.3857363016394969,0.17413274482579474,0.072589269956816,40.49990279001658,1,118.82561133099807,3.8690999999999995
1102091460284125765,CV,46.43451,no,22,17.29,20.9706,18.12635909090909,17.3051,17.102999999999998,1.4119418768082672,0.4616015129862461,0.15298991726140884,0.11575660002718471,970.9336087278588,0,2538.1222346527065,3.867600000000003
1202260210474119845,OH_IR,-22.03678,no,51,13.51,17.1703,14.719484313725491,14.5818,13.3028,1.0730037903702947,0.0897643608260469,0.05946268964441677,0.008723707347411434,822.636553193786,0,2596.9428171182954,3.8675000000000015
1004131350784173934,CV,36.51854,no,106,17.66,21.2842,19.827769811320753,19.966900000000003,17.4168,0.8920312172809728,0.599552446688936,0.2954206711206066,0.1144762645502548,775.1495641414648,0,3053.77393553251,3.8674
1309231430034119891,Var,43.09701,no,62,17.57,21.2956,19.01373387096774,18.97255,17.4355,0.92049930890056,0.5751796303247779,0.19999581094119506,0.10046294596022792,988.9970600068161,0,2911.083902407401,3.860099999999999
1209191290734112890,SN,29.00847,yes,96,17.66,21.2811,19.708965625,19.824199999999998,17.421,0.8665033815742486,0.596785136653451,0.2697227972537106,0.10744986647033818,923.0855941894823,1,2990.9241771763045,3.860099999999999
1309021070064121638,SN,6.918,yes,22,19.53,21.3947,19.826190909090908,19.838949999999997,17.5352,0.8094622082469854,0.516612993202041,0.2817092682336428,0.09732084922097545,852.8179335137693,1,2867.2249733331846,3.8595000000000006
805141180784119642,CV,18.38403,yes,52,17.98,21.3121,19.277575,18.94635,17.4535,1.2088940850920682,0.5857180530110511,0.25269302166426455,0.14664006107302094,813.3004934016924,0,2838.2338585304024,3.8586000000000027
1203130040714120326,CV,-4.43346,no,50,17.71,21.3819,20.114276,20.304650000000002,17.5282,0.8648165766502041,0.524248173730664,0.31606574311316876,0.10340644869007799,844.6981367611313,0,2839.2579569791997,3.8537000000000035
712141090494112537,CV,9.28709,yes,22,16.97,20.4045,17.842395454545454,17.2242,16.5519,1.3106405636638954,0.3334316852578119,0.13166507600373994,0.0697577808494809,1095.2155595150182,0,3047.3641772453993,3.852599999999999
910241210264127621,CV,20.6383,no,203,16.44,18.6317,17.048437438423647,17.414,14.7791,0.9625539446769755,0.21879152963534,0.10127156170570882,0.02589372858650412,903.0813916646479,0,3111.2509442241935,3.852599999999999
902051150894115932,CV,14.58111,yes,311,14.84,18.6761,17.750017363344053,17.7833,14.8259,0.461143587484621,0.4518806341563079,0.11812194032419557,0.03773955371819662,878.512236344743,0,3096.725682477001,3.850200000000001
811190010114124197,SN,-1.43924,yes,14,18.24,21.2804,18.671321428571428,18.228499999999997,17.4357,1.1115418115106,0.5546857174043629,0.17159868100818926,0.12320955164647962,286.5264576622912,1,1072.0882740970046,3.8446999999999996
1012071350204145375,Flare,35.46366,yes,173,16.59,20.0665,18.962267630057802,18.9643,16.2218,0.3760535819590533,0.347730120920088,0.19714073633616233,0.031167089575901103,752.3693170877191,0,2897.995295000197,3.8446999999999996
1511301260224152188,SN,28.01902,yes,273,17.48,20.8245,18.96333882783883,18.9694,16.9822,0.5737009609583236,0.465087761148842,0.19923232129836824,0.058620330782655834,914.503453576747,1,3120.321494039097,3.8423000000000016
1011151010314107453,YSO,0.19239,yes,225,17.55,20.3972,17.87856,17.809,16.5564,0.816212725302928,0.4120239257809389,0.12849012059792678,0.04969795151342899,872.0483399542317,0,2908.028595185395,3.8408000000000015
809091320124130639,CV,32.67715,no,96,17.71,21.3817,20.174717708333333,20.3046,17.5417,0.7330041445987213,0.644745654972244,0.3233065374533503,0.10506679835149009,866.5583838943476,0,2955.058761157503,3.84
1303171090424146629,CV,10.00458,yes,123,16.72,19.3268,18.295426016260162,18.4321,15.4889,0.6516525960011088,0.589013983477055,0.14618746973739047,0.07144143249333183,798.6083407285344,0,3130.2944481940067,3.8378999999999994
1109181011234130569,SN,2.29163,yes,21,16.51,20.3471,17.839771428571428,17.4282,16.5117,1.1351546366653567,0.376380038893348,0.13012968915077586,0.07604390854576058,339.06530695491296,1,1766.0529798957941,3.8354
809221121234105206,SN,11.7132,yes,34,16.97,20.6082,17.470938235294117,17.2653,16.776,0.8576726482312836,0.482680797741646,0.1066981708675011,0.07788158931557977,350.5865288032147,1,1519.9687658449038,3.8322000000000003
1303161120714122052,AGN,12.5476,yes,123,19.57,21.6045,20.045526016260165,19.9237,17.7766,0.6593373006579553,0.582470637549417,0.3034870123281732,0.10852260474064349,868.1651375367627,0,2956.0054124073067,3.827900000000003
1005111520404109745,CV,51.58081,yes,85,18.28,21.2843,19.662368235294117,20.0442,17.4623,1.0845782261422403,0.572700014338573,0.27548052353843955,0.11853238305310006,799.1337785883815,0,2712.8299489006968,3.8220000000000027
1004081380334102480,Blazar,36.83463,yes,40,17.74,21.3911,19.78111,19.7819,17.5717,0.9068812250276735,0.598857436176814,0.27745846146319564,0.11398392820386488,469.6020270937237,0,1307.348049293796,3.8194000000000017
1201131260694106174,SN,25.83643,yes,160,17.49,21.3072,19.802711875,19.85955,17.4924,0.6640719742354873,0.542594324643371,0.2704007543206282,0.09083118713937306,905.3921336203363,1,2993.9341937497957,3.8148000000000017
1104141430694136992,SN,43.99868,yes,22,18.17,21.2195,19.47045,20.04195,17.4063,1.2686816215681391,0.5294263055491321,0.2598877713867219,0.13247988122794513,619.3422057451542,1,2629.8535187033995,3.8131999999999984
907280041184142863,CV,-3.33236,yes,294,17.33,20.8616,19.05714319727891,19.271099999999997,17.0489,0.9090324634440747,0.4241220531086839,0.20455732146153685,0.07938238855400073,957.4795883603024,0,3085.703211041604,3.8126999999999995
711151400724125465,CV,41.23615,no,364,17.09,20.1316,18.186764010989013,18.28905,16.3192,0.7568588822590336,0.569336526205408,0.1351422904998279,0.05088361279940757,907.6416628280016,0,3069.7102882289983,3.8124000000000002
1101161380494104920,SN,36.97837,yes,34,18.42,21.5995,19.260391176470588,18.55205,17.7872,1.2184998985010456,0.661763901457788,0.2425769937658858,0.16051374806902013,420.81569028238346,1,2653.7871864698973,3.8123000000000005
911111350334136722,CV,35.35319,no,102,17.78,21.4046,19.979042156862747,20.2182,17.5923,1.045131407668104,0.590680503445439,0.3137481239546324,0.13524886237453432,920.4050121339618,0,2895.0127716088027,3.812299999999997
1201030090684120517,SN,-10.06301,yes,16,12.77,16.5786,14.6757375,14.7467,12.7678,1.4839571507178593,0.0755239439111472,0.060282008459617814,0.008719561847884423,28.632355859333675,1,70.96946864580241,3.810800000000002
1305091120664119543,Blazar,12.51982,yes,319,18.54,20.9221,19.643978369905955,19.6298,17.1125,0.5451861641561229,0.496227480514791,0.24104046061752724,0.07059467464975527,916.4255557476438,0,2997.9294156250908,3.8095999999999997
1106060010764124342,SN,-1.18187,yes,174,18.8,21.1854,19.760861494252875,19.83305,17.3814,0.6825872312587744,0.5284294109010471,0.26068493847798824,0.08562014621630236,839.0782911357901,1,3005.845670682902,3.804000000000002
802070010294165621,CV,-0.09169,yes,135,16.78,20.5604,19.13282148148148,19.2595,16.7568,0.749774160762455,0.452696713834731,0.2054520238995633,0.06102619643957592,949.4905901968435,0,2930.0473175928055,3.803600000000003
1303151210504145839,Blazar,22.2595,yes,449,18.0,20.8931,18.887318930957683,18.8647,17.0911,0.6390150845125392,0.7431742240572851,0.17397140133826505,0.06700118199439105,896.2928899748603,0,3121.259263923399,3.8019999999999996
1205161380684113569,Flare,37.4398,yes,307,16.98,19.0004,17.975758957654723,17.9847,15.1987,0.23049232844808512,0.575491614190353,0.11654185533623132,0.03244490199880199,877.1983402230696,0,3079.8268478004975,3.8016999999999985
1202251040804151905,LPV,5.26763,yes,355,16.69,20.2789,17.795951549295772,17.8148,16.4779,0.7325155489887544,0.502200426740133,0.12100280915343972,0.055005503822878415,901.9809177248203,0,2990.808715347208,3.8009999999999984
1006241041184114393,CV,3.57514,yes,385,16.47,19.966,18.382432467532468,18.5699,16.1659,0.8191122424869938,0.3352607463322019,0.14778995487579008,0.04525410289709134,937.1871997864928,0,3093.7194657525906,3.8001000000000005
711191290084136060,Var,30.6909,yes,185,17.72,21.1948,18.475347567567567,18.3635,17.3969,0.7066861560550137,0.546636823422438,0.1470741522691324,0.05917136391924122,805.9732057365436,0,2588.864366863396,3.797900000000002
1209261380774102309,SN,36.76736,no,55,17.59,21.2217,19.567269090909093,19.8905,17.4246,1.1334335883553661,0.572084523202219,0.27376966308892026,0.13419996430085931,809.2678116791434,1,3045.7113090973,3.797099999999997
1305021290504134160,SN,30.45404,yes,173,17.75,21.5424,20.171142774566473,20.1411,17.746,0.646447138810266,0.64814250525271,0.31704919066955056,0.105964055265008,881.091946001463,1,2984.945915150405,3.796400000000002
1205190090894173882,CV,-9.28879,yes,10,17.26,20.4033,17.313740000000003,17.003349999999998,16.6069,1.1127975309502123,0.511762039128483,0.13183645152142903,0.1341500129368051,363.88325867491756,0,718.0497875694055,3.796400000000002
804240070764110297,Maser,-7.74736,no,272,13.02,16.5792,14.24411838235294,13.97005,12.7851,1.0972434138917124,0.150089315282209,0.059764594303120464,0.017883895008482597,893.0800841269066,0,2952.9267081595026,3.7941000000000003
712301210434137755,SN,22.01147,yes,32,18.12,21.4149,19.060234375,19.073999999999998,17.6224,0.9175322160501607,0.6055476201359999,0.19058378982811608,0.10691429208604,317.3753773572086,1,1519.9153614004972,3.7925000000000004
1109260070234114098,Flare,-7.63867,no,309,16.17,19.1157,18.263049514563107,18.324,15.324000000000002,0.3569564237857427,0.180741206365174,0.1280314142082039,0.012960163537268823,890.2759156060789,0,2969.910137754894,3.7916999999999987
1210061011274106960,CV,0.3548,yes,7,17.19,20.9798,18.3842,17.4091,17.1882,1.465095373459808,0.4616015233384969,0.17183755584470273,0.13529692026296253,1029.9036918840654,0,2182.0015029744027,3.7916000000000025
1510090040084109400,AGN,-4.93278,yes,178,18.96,21.0655,19.812584831460676,19.807850000000002,17.2752,0.4709602928615433,0.4910536141032371,0.2576718072828715,0.06423767772726717,898.5502315038722,0,2968.991443171595,3.7902999999999984
1110190151224118079,CV,-15.96231,no,126,17.23,20.9996,19.60461111111111,19.897199999999998,17.2103,0.8508361633331961,0.478066706510628,0.25242576311445053,0.08604252907657253,971.9982535392793,0,2969.933866411906,3.789300000000001
1001121180684103058,SN,17.07286,yes,350,16.6,20.3148,19.007822571428573,19.02255,16.5281,0.43702323114532954,0.524491689652036,0.17895693839084295,0.04984295969481569,915.4485060522304,1,2994.9198850695975,3.7867000000000033
904211350594134822,Blazar,35.77712,yes,233,17.87,20.7881,19.166116309012875,19.1704,17.0036,0.6537963073136818,0.4894285276687289,0.19637542067779207,0.06587584204619015,780.3633130349884,0,2936.0277801388875,3.7845000000000013
1303181090924175989,Flare,10.26437,yes,229,17.03,20.1127,19.20453711790393,19.2145,16.3312,0.36875137320290136,0.612439338715435,0.21207761929823815,0.0464993057269903,967.3544454973013,0,3102.705108993301,3.781500000000001
1111011291114153567,CV,30.55014,yes,333,16.61,20.3936,18.257876876876875,18.1964,16.6134,0.5526600079918841,0.402837597923411,0.14100500000968916,0.04513897719985174,959.4134583007112,0,3049.9635743055987,3.7802000000000007
1004111380424133800,SN,38.80992,yes,178,17.69,21.3635,19.949372471910113,19.9903,17.5838,0.6027780270679165,0.5923595908457379,0.2799383767913901,0.08348331697614464,799.2754450467665,1,2830.0943408101084,3.7796999999999983
910150040134134343,SN,-3.42807,yes,214,16.71,20.2817,19.163783644859812,19.28465,16.509,0.6398570464346688,0.334061595299074,0.1900273475755849,0.04778650091246678,868.2531088656453,1,2963.9598251619027,3.7727000000000004
1105071350744129416,CV,35.18554,yes,46,17.98,21.6185,19.851919565217393,20.14585,17.8463,1.0898994796910948,0.567223301936036,0.3001918670077051,0.13331736807933278,911.4893151900831,0,2902.0866619906956,3.7722000000000016
1005061010744108108,Blazar,0.52197,yes,74,19.21,21.2353,19.44727162162162,19.34065,17.465999999999998,1.0055859874842792,0.541529784358711,0.24007503990611745,0.11790110445851376,618.9398287469859,0,2554.9875511922946,3.769300000000001
1210111350204155747,YSO,35.35331,no,119,17.6,20.7801,18.358331932773112,18.2548,17.0119,0.8979054290292116,0.5309311212552489,0.16883828666922873,0.08375285769852113,603.5399572966251,0,2850.0554303009994,3.7682
812011181124103398,CV,17.11613,yes,76,17.49,21.0782,18.50649605263158,18.188299999999998,17.3109,0.9575736245937146,0.600249622684695,0.16876073505237407,0.09856598214421118,933.9953683447202,0,3012.805986365798,3.7672999999999988
1310260010144106354,AGN,-2.42322,yes,197,18.98,21.1858,19.868717258883247,19.8235,17.4206,0.5916332149458315,0.538892654629623,0.2698704565817347,0.08663693731588748,902.9929426267107,0,2963.9410558333984,3.7652
1310250040014131234,SN,-3.60505,no,185,17.18,20.8379,19.331474594594596,19.4237,17.0751,0.6563242522407011,0.432703044610462,0.21084079249153642,0.05760380772108414,1019.6547159202863,1,3034.8183223265078,3.762800000000002
1007071210894180794,CV,22.13557,yes,227,15.12,18.5167,17.389833920704845,17.7742,14.755,0.9210463287397676,0.181074980590245,0.10596133174655299,0.02463584899336002,945.0822483012557,0,3073.688800092801,3.7616999999999994
1009151090134116882,Blazar,9.64566,no,200,17.41,20.9657,19.1768845,19.252200000000002,17.2048,0.73508559232922,0.4902392355791049,0.21008752122991567,0.06960759912476297,831.9967405412746,0,2938.0489750117995,3.7608999999999995
911111210394140913,CV,21.36699,yes,223,16.94,20.6717,19.450222421524664,19.5081,16.9212,0.5303008518369299,0.458016495381972,0.22051548113316474,0.05465402027020476,883.2130990303831,0,2915.982409132099,3.7505000000000024
1202251040584109286,SN,3.2916,yes,33,19.51,20.9892,20.056490909090908,20.2649,17.243,0.8501686911150468,0.479591430736981,0.3001895106331181,0.10899311337190488,562.5879487862549,1,2205.969510104507,3.7462000000000018
1306051290614132849,SN,30.51223,yes,155,18.53,21.3411,19.759793548387098,19.8541,17.5955,0.6479843735767596,0.567824958599617,0.2637774998440725,0.07751446622531019,933.4622372800993,1,2990.9379379976963,3.7455999999999996
1004050010754107909,Var,-2.3453,yes,64,18.13,21.2426,19.0635609375,18.746000000000002,17.5013,0.8819462558972445,0.560715449354297,0.1996007115571998,0.11247205796956142,928.9060004435905,0,2905.988294722003,3.741299999999999
905280091124153385,CV,-9.27114,no,349,15.72,18.8248,17.099578510028653,17.1419,15.0854,0.9383591163780163,0.458524004683242,0.10394380618850597,0.052494121862791565,982.140817571614,0,3067.7058997684944,3.7394
1212101350424137225,CV,36.40073,yes,295,17.41,20.4956,19.206562033898305,19.3543,16.7596,0.7385287789444501,0.4347405009534529,0.1955507027721408,0.05299346066793032,867.4478606566568,0,2938.0398008911943,3.7360000000000007
1210141071214123192,CV,6.94296,yes,344,15.9,19.3974,18.277406395348837,18.3897,15.6634,0.646939845766678,0.5117620254432461,0.14351822691193988,0.049912901273830364,927.7592628644383,0,3081.7639947915013,3.7340000000000018
1109211070144138167,Flare,8.08562,no,277,18.48,20.5884,19.218640072202167,19.1974,16.8554,0.4146860021524168,0.410515191504451,0.20048361509970203,0.048693721954618276,968.5734762872172,0,2962.9332210188077,3.7330000000000005
1301051230574132403,SN,24.74381,yes,187,17.66,21.3351,19.972405347593583,20.0567,17.6027,0.7528611983292453,0.594391291086247,0.2943741545428459,0.10753946163527903,974.9606792204976,1,2992.9079136340006,3.732400000000002
1110161180084108543,SN,17.80215,yes,7,18.13,21.2272,19.162857142857142,18.1262,17.4963,1.598420979026012,0.48902452459515,0.2704583415714361,0.15755837940573622,196.28446953872339,1,414.78506443300284,3.7308999999999983
1309161261124106682,CV,25.72818,yes,171,16.58,20.29,19.06726140350877,19.0659,16.5593,0.6378382258722822,0.474311697456946,0.19257224123994443,0.053318951647378036,892.1897002617943,0,3021.8079876504053,3.730699999999999
902131150174130910,SN,16.08481,no,5,16.83,20.5565,17.62338,16.9294,16.8288,1.6408268897114036,0.519203767960155,0.16818834419207046,0.19622707560144526,171.71590775717095,1,383.97658607650374,3.7276999999999987
1303011350574103320,Flare,34.13554,yes,300,17.95,20.2705,18.957915999999997,18.968049999999998,16.5429,0.27608070934221857,0.59747378284723,0.17518306817279505,0.04291001365269687,850.2826966377468,0,2936.027747036911,3.727599999999999
1011080070294133784,CV,-7.09103,no,16,17.33,20.9861,18.9437,19.030900000000003,17.2616,1.40488668155122,0.496227480514791,0.2255564435417187,0.14465335939001825,939.3077451711666,0,2577.944008830804,3.724499999999999
1303071040744105050,SN,3.06229,yes,190,18.92,21.3731,19.85567157894737,19.96835,17.649,0.6484590168564783,0.529176605550354,0.27098869438474,0.08225653139414885,879.0431204641267,1,2980.856531655001,3.7241
1111221040194145937,CV,5.38163,yes,349,17.3,20.8378,18.55584871060172,18.4386,17.1159,0.7008336249509145,0.599552446688936,0.15907006503574098,0.06181746171039354,896.0964248754343,0,2947.897682326402,3.7219000000000015
1605031230594100807,SN,22.61223,yes,26,18.52,21.427,20.48387692307692,20.48625,17.7068,0.7270375788404283,0.599552446688936,0.3808766882387343,0.122082949078934,929.4686664370449,1,2592.864547372803,3.7201999999999984
1009161290084131880,CV,30.04685,yes,320,14.67,17.2883,16.611306562499998,16.89795,13.5713,0.8501175036912193,0.140804157533609,0.07875304841156845,0.010415100216527308,943.7951955114951,0,3057.774683310199,3.7169999999999987
908290071094126135,Blazar,-7.59798,no,148,15.13,18.8408,17.55708310810811,17.6619,15.1257,0.8207160049207831,0.3257356453561189,0.1085815117332029,0.03897760421596365,920.100607885319,0,3067.691026550805,3.7151000000000014
1305011090534133478,SN,10.75657,yes,48,19.14,21.2735,19.994997916666666,20.11435,17.5606,0.9073739486901327,0.599552446688936,0.31162467514530173,0.13070381314030757,983.6861162034851,1,2771.6813333449027,3.7128999999999976
1105040010554104018,SN,-2.54484,yes,56,17.8,21.5046,19.767330357142857,19.9215,17.7956,0.980256312292332,0.649428536627944,0.2760921697809408,0.12872637046142138,777.6137198333278,1,2635.9012440279985,3.7089999999999996
910291320364139094,CV,32.91337,yes,103,18.55,20.9456,18.92524854368932,18.954,17.2373,0.7888141322691096,0.43532749449661,0.17726815669651033,0.05993787890521345,927.2795073716293,0,2888.945060926104,3.7082999999999977
1409301150184108915,Var,14.6658,yes,397,13.35,17.1097,14.840065743073048,14.8188,13.4032,0.6731058591420653,0.117045702338187,0.059252345484030564,0.006024655233325492,854.2922204914295,0,2975.8985560992005,3.7065
812201120124131860,SN,13.91685,yes,14,17.86,21.2829,19.56645,19.578400000000002,17.5774,1.3001474228539798,0.6117041266388199,0.29463569661862815,0.1723698277524353,534.27574693436,1,1520.9666794676014,3.7055000000000007
1011020151234106150,Blazar,-16.52004,no,167,15.98,18.4668,17.20461377245509,17.3404,14.7623,0.8115215178698587,0.140697306056395,0.0931158031323815,0.019532034435180444,978.5641017926679,0,2957.919768483902,3.7044999999999995
801180120604112518,Flare,-13.21931,no,200,16.03,16.5086,16.319232,16.353250000000003,12.8051,0.2940198097383789,0.142420916959134,0.07243667827839163,0.009994941203206277,844.3906602968717,0,2637.8274089815022,3.703500000000002
711031091214134189,SN,10.65908,yes,49,17.81,21.2513,18.855432653061225,18.2862,17.5492,1.147977780234253,0.5933731486331729,0.2086709741747786,0.1332053315215372,381.26618474463805,1,2458.1343599305983,3.7021000000000015
905231070774139913,SN,7.76952,yes,20,18.17,21.2785,18.907310000000003,18.81655,17.5768,1.0398368915110527,0.573936262044777,0.18948781320265762,0.11567290117707137,646.0420684952154,1,1837.9853046065982,3.7017000000000024
1202241520334122430,CV,52.02466,yes,167,16.01,19.6929,18.5843251497006,18.6619,15.9932,0.7060444928400113,0.276157991420861,0.14929072186350772,0.03768144982173134,906.8017283011193,0,2712.8537486112036,3.6997000000000018
1206091040884152624,SN,4.90674,yes,15,17.59,21.1664,19.75192,20.2784,17.47,1.4056057205753982,0.5399433762466229,0.3138979677003027,0.15961949772829628,848.2441323606228,1,2596.9744733451007,3.6964000000000006
1006021180014134943,CV,19.4716,yes,24,17.74,21.1414,18.986091666666667,18.8786,17.4467,1.067002337276552,0.541529784358711,0.215948350046157,0.12401066283735332,753.4012250886846,0,2870.1835225118994,3.694700000000001
1206171090824101743,CV,8.60175,yes,340,17.34,20.6882,18.90136382352941,19.114449999999998,16.9938,0.8682838101681306,0.413548070009352,0.18361569583838003,0.05931512243139743,942.6291764361271,0,2987.9624917012843,3.694399999999998
1406290091084132499,CV,-10.51662,no,59,17.46,20.7405,17.96891186440678,17.7472,17.0495,0.9083418065989417,0.541264501254804,0.13775388064102814,0.09175203834579788,987.0909990730745,0,3041.7480461574014,3.6910000000000025
1209141181134129658,Flare,17.94632,yes,375,16.79,18.3219,17.952340266666667,17.9719,14.6336,0.22486718136849912,0.298568626541688,0.11891437943788306,0.021754812770608662,915.5546069636924,0,3117.6712885536035,3.6883
1110190210074126561,CV,-20.5365,no,68,17.37,20.9814,19.793026470588234,19.9014,17.2942,0.7434726522623312,0.479782959862155,0.26621411673776113,0.07843242748301855,905.3961316274066,0,2959.8927563540055,3.6872000000000007
1111221120534115711,Blazar,12.27075,yes,380,18.93,20.9218,18.988749210526315,18.9691,17.2355,0.5967226207771332,0.479591430736981,0.1816592035437383,0.05934042162018497,884.2241069079892,0,3096.2965364466,3.686300000000003
1401011260624123136,AGN,26.77274,yes,200,19.62,20.5307,19.7026695,19.73265,16.8482,0.38212330959841256,0.3648104454131529,0.23989364075076267,0.04134486146519645,701.2150647092001,0,2662.7997008449966,3.682500000000001
902191010254145868,CV,2.55029,no,361,16.18,19.847,18.485615789473684,18.5248,16.1723,0.5178927129885754,0.247342781965762,0.14697924643121343,0.030489204672956696,909.3650744622961,0,2964.864053588397,3.6747000000000014
1507080091104135961,CV,-9.89738,no,188,16.91,21.0337,19.09689734042553,19.25745,17.361,0.7875273411047645,0.51039842633849,0.20478898961662043,0.07599061377212221,947.5798874413672,0,3067.686297488406,3.672699999999999
1410301120434103505,Var,11.4275,yes,384,17.53,19.2546,18.43106328125,18.4501,15.5845,0.33928977422498907,0.747488539088126,0.1395555145082047,0.04381678782349135,880.3255620656191,0,3130.2860782173957,3.6700999999999997
1112291520354119881,SN,51.84915,yes,32,14.16,17.7689,16.17271875,16.7992,14.0991,1.3767870750263744,0.149224799809873,0.07816597581073743,0.02267361884187519,594.2780561043147,1,2273.933523206091,3.6697999999999986
711020070134114830,Flare,-7.20344,yes,60,19.09,21.2299,20.252738333333333,20.28895,17.5605,0.6683223661645771,0.63161302452257,0.3407414021469614,0.10606546356526733,963.9013169609824,0,2965.0199436229013,3.6693999999999996
1112310040214127410,CV,-3.8131,no,334,15.24,18.7627,17.47715359281437,17.85355,15.0941,0.9255139920722911,0.164050290344516,0.10355958682536134,0.0243241902731582,907.6512102522471,0,2967.0316362153026,3.6685999999999996
1005121320394119966,Blazar,32.44375,yes,408,18.2,21.2719,19.35616225490196,19.36065,17.6035,0.678010147486855,0.5870305457561279,0.21439858075432755,0.07747893293420366,866.4798698801513,0,3078.349666122813,3.6683999999999983
1504291660384101585,CV,65.01029,no,5,16.88,20.76,17.95634,17.2521,17.0957,1.5717493066643946,0.486221536441635,0.17720725694373354,0.1727615597245186,193.62503479141472,0,432.9656501851059,3.664300000000001
909221040224123096,Blazar,4.2263,yes,278,17.99,21.0049,19.100320503597125,19.16905,17.3426,0.7493191944757949,0.5477284844803799,0.21207350975957356,0.07950936027688506,880.8002587334125,0,2947.8639028821854,3.6622999999999983
1511181210214106367,CV,20.05015,yes,18,17.73,20.9678,18.58521111111111,18.44245,17.305999999999997,1.113086843971405,0.537586917083812,0.18341584585969029,0.11621435457749385,824.8321978993289,0,2193.0221585994004,3.661800000000003
1103010180594116127,Blazar,-18.95487,no,96,16.26,18.3643,17.02119375,17.3485,14.7028,0.9790293047398905,0.150966441447394,0.0902163725041864,0.01956655048324671,849.7829731301456,0,2621.8074652080977,3.6615
1211040071244137294,CV,-6.04633,yes,98,17.55,21.1574,19.50306020408163,19.6822,17.4966,0.9328414794162756,0.53500065925789,0.24765283284068446,0.10696616382991345,973.4123770921127,0,3016.821565393897,3.6607999999999983
1208130010844101062,SN,-2.68354,yes,49,17.69,21.1757,20.11684081632653,20.2109,17.5153,0.9028100113715244,0.5507608118622321,0.34654723969877643,0.1208921850435957,846.6422504679583,1,2992.840408773096,3.660399999999999
1312141070424119491,CV,6.30844,yes,74,16.91,20.5583,19.651395945945943,19.82775,16.8981,0.8330618029399645,0.384792298984252,0.24610327683880748,0.06819242695426293,688.3618200871081,0,2863.064845497698,3.6601999999999997
1006181091244116352,Flare,9.27821,yes,358,17.77,20.3625,18.86867653631285,18.878149999999998,16.7037,0.3210447318366552,0.463684688363882,0.16913839777823528,0.03327553386643076,956.991246441427,0,3081.7836772338196,3.6587999999999994
1010130090154101363,SN,-11.21095,no,230,17.16,20.7612,19.031262608695656,19.09975,17.1028,0.49290466707352154,0.468646538543193,0.1774838836235301,0.03733148898680565,855.8453012858555,1,2965.010711423587,3.6584000000000003
910150040204143496,Blazar,-2.91487,no,258,17.36,20.9975,19.273681395348838,19.2729,17.3401,0.6988267012139439,0.507254292726356,0.20682092105621933,0.06810776681411582,847.110665695714,0,2967.060811180607,3.657399999999999
1411291380464115470,AGN,37.77177,yes,256,19.1,21.3376,19.9884234375,19.922800000000002,17.6849,0.481162510394684,0.547181916952802,0.27847515538572,0.07952632002382161,801.4807257347105,0,2738.757062476907,3.6526999999999994
1202121010054134906,Blazar,2.61774,no,277,17.05,20.371,18.085895667870037,18.0917,16.7186,0.5809630656111913,0.4130383006613499,0.1253614985472478,0.042348987114069404,910.715288880992,0,2996.861130856494,3.6524
1211041040244133578,Blazar,4.9524,no,288,17.14,20.7104,19.24109027777778,19.3778,17.0617,0.6934890922644849,0.489833428240534,0.22785999997520717,0.069947064776065,903.6644771224345,0,2953.8554496528013,3.6487000000000016
1504301520404124884,HPM,53.0853,yes,170,13.19,16.6361,13.229990588235292,13.1709,12.9893,0.38910749830392427,0.0755800467682727,0.05255446125407962,0.002719857025882994,833.4081381071362,0,2712.8299489006968,3.646799999999999
1103011040824130139,CV,4.16326,yes,19,16.37,19.3951,16.83992105263158,16.3719,15.7496,1.2378273239739899,0.218553160403439,0.09454533695318905,0.05202015948325709,812.066971773011,0,1906.9034212962943,3.6455
1210161350174146514,YSO,35.50481,yes,285,17.33,19.8138,18.373306315789474,18.512,16.1719,0.6661315946859454,0.431981703146985,0.15206969265884257,0.0392779951760084,926.1470075502922,0,2944.0317124771027,3.6418999999999997
1501231400524112601,SN,40.27986,yes,19,18.66,21.4507,20.180357894736844,20.6017,17.8102,1.0939322898586192,0.6364546127591489,0.35178921388060325,0.14838102825503996,857.5203580247664,1,2535.136605266096,3.640500000000003
1110181430644248816,SN,45.02496,yes,101,17.94,21.3539,19.89948712871287,19.9155,17.7149,0.7963596650588669,0.6098762353609339,0.29195737820980333,0.11781004971231146,871.2871754432266,1,2931.017167071812,3.6389999999999993
1210230210184130483,Flare,-20.58227,no,117,18.23,19.5685,18.857518803418802,18.903,15.9303,0.40009988083400394,0.2288865670072219,0.16726959807073552,0.0231250951003532,910.9459931398778,0,2933.015423842706,3.6381999999999994
1305211380674115604,Blazar,37.68202,yes,240,17.04,20.5101,18.95538583333333,18.9872,16.872,0.5037331896209178,0.538892654629623,0.1760477658266205,0.048794825622653665,853.7167901500019,0,3082.8243865742916,3.6381000000000014
1003201400534140919,Comet,42.01318,yes,13,19.4,21.281,20.026346153846152,20.5291,17.6429,1.2969493626811235,0.579270612122501,0.3576233583839713,0.18497531456576066,630.0957180437072,0,1562.8549885414031,3.638099999999998
1512060070464171296,CV,-5.71164,yes,139,17.01,20.9428,19.238524460431655,19.2316,17.3051,0.5810048940702511,0.462639902532256,0.19635179707790998,0.05603723038463678,854.9367768293138,0,2652.8257103474025,3.637699999999999
911081490394132519,Blazar,50.19243,yes,128,18.13,21.1931,19.5669984375,19.82265,17.5582,0.8712596090125786,0.536807520885934,0.2464185776696795,0.09752306293749234,750.8732083350252,0,2896.0611496180936,3.634900000000002
1304161260544128382,SN,27.1956,yes,17,18.69,21.5675,19.35644705882353,18.8443,17.9334,1.2809811718550197,0.609149125777203,0.25048420222447,0.17593206280831317,472.14414912162346,1,1549.9694826966006,3.6341
711160011174143307,CV,-0.12319,yes,5,15.77,19.3584,16.482419999999998,15.7766,15.7254,1.6078819365861412,0.209224986166053,0.09426653559084884,0.0642644501972421,323.7892203733404,0,724.0236765508962,3.632999999999999
1104131150874170907,SN,16.82447,yes,69,17.49,21.1018,19.563736231884057,19.9281,17.4707,0.9204025567446336,0.558686157539815,0.2547062982023568,0.09689725241851323,750.0688623871858,1,2651.8436572225983,3.6311
1206181260644127774,SN,27.43648,yes,7,16.71,20.2412,18.109285714285715,16.7627,16.6122,1.7640267632404483,0.313910278218423,0.16132132794017226,0.10872906371744688,614.3356892701946,1,1802.987718749806,3.628999999999998
1004081010524121675,SN,1.47549,yes,19,17.79,21.2715,18.848326315789475,18.5242,17.6427,1.237327827682662,0.561883895341763,0.20288640470118433,0.14492474085897997,441.31173868509694,1,1767.1476227659077,3.6287999999999982
1405101400394121334,Blazar,41.42442,yes,257,16.73,21.118,18.997401167315175,19.1318,17.4908,0.6772630589758477,0.55327541883481,0.1787429843205029,0.058479359397561374,793.8778170627074,0,2896.0606104284016,3.6271999999999984
1302181380414137316,SN,38.97688,yes,38,18.51,21.4812,19.74524736842105,19.78125,17.8555,1.214216782758924,0.604122736138085,0.29448812638121374,0.17386650637426798,861.6021863172695,1,2674.810681203395,3.625700000000002
1502270150764128145,Blazar,-15.5307,no,148,16.6,20.16,18.527543243243244,18.69305,16.5364,0.7018288970271437,0.504381033544923,0.1580722671796969,0.051570247756705864,832.9582463081134,0,2867.1017585992013,3.6235999999999997
1406091041264123166,SN,4.50965,yes,5,19.18,21.1276,19.70498,19.6363,17.5047,1.391710155528083,0.459373259069323,0.36685954233724355,0.11338171789172204,1322.8441497099748,1,2599.9471478470005,3.6229000000000013
1312101041154123121,CV,3.89605,yes,19,17.41,20.9648,18.8693,19.3625,17.3454,1.2603259547522694,0.533975464329886,0.25734380196057327,0.1222089491130913,795.952883251289,0,2313.8562437613,3.619399999999999
1306121211114135438,CV,21.06279,yes,22,17.67,20.9349,18.898095454545455,19.048949999999998,17.3184,1.1967507834120694,0.498338597152707,0.2162585561991066,0.1223719219740838,857.6234314299209,0,2195.9607297222974,3.6164999999999985
801101070114130042,Flare,8.42057,yes,38,19.92,21.2212,20.200602631578946,20.259999999999998,17.6073,0.7259202195338185,0.5850647350250009,0.3437971033296638,0.10471583821490617,818.1590132261529,0,2905.0617302778046,3.613900000000001
812301121184105228,CV,11.64038,yes,79,17.7,21.2118,19.975222784810125,20.1193,17.6006,0.8239920282084758,0.5714708134326899,0.31002048340806415,0.11057460238534728,615.2632615787929,0,2936.981383807899,3.6112
1001081010294129406,CV,1.0085,yes,328,15.59,17.5542,16.01031524390244,16.43035,13.944,0.9208593455367253,0.215488838879915,0.0705080070761764,0.014757711330518695,866.6741221771107,0,2908.028677476599,3.6102000000000007
1309050070084111234,SN,-7.85612,yes,224,17.0,20.5457,19.086818303571427,19.1464,16.9377,0.6143432848469751,0.479974667600452,0.18591507826195738,0.049695546527782894,890.435301994195,1,2968.955086424103,3.6080000000000005
1012021070194105972,CV,6.01296,yes,86,17.95,21.0382,18.98941976744186,18.74695,17.4333,1.0078395533860325,0.53500065925789,0.22441587546010605,0.116246673902424,926.3695392214468,0,2932.0024788426017,3.6049000000000007
1110181320174103285,YSO,31.35658,no,248,17.63,21.0397,18.537958870967742,18.226599999999998,17.4355,0.8344140780243369,0.5639443661355009,0.17271392178643252,0.09210081171699923,836.9670809186315,0,2951.059562638802,3.6041999999999987
1011111320024146366,CV,33.35653,yes,39,18.34,21.305,19.024923076923077,18.7664,17.7051,0.9395837159031032,0.570248607890352,0.1990330695732476,0.11458181713121843,968.0773460727472,0,2859.1112109954047,3.599899999999998
1211230090284118680,CV,-10.40033,no,13,16.75,20.0924,17.35086923076923,16.7486,16.493,1.088440493997885,0.2629761616798919,0.10293263223775988,0.052891840174238196,1188.0365052246862,0,2564.0494340856894,3.599400000000003
1109201210794130197,CV,22.11284,yes,356,17.73,20.8606,18.662866292134833,18.6057,17.2632,0.6760893242416547,0.4910536141032371,0.16328879042879343,0.05619386959282483,864.810480593767,0,2953.010045879506,3.5974000000000004
1208130041114126118,CV,-4.48551,no,294,15.05,18.4296,17.76738605442177,17.9075,14.8365,0.6385092522677166,0.376380038893348,0.11501995712659162,0.03172738016431828,951.458919697575,0,3063.757462360896,3.5931000000000015
1406091180904129263,CV,17.90453,no,26,17.33,21.1071,19.442334615384617,19.6771,17.5156,1.0742267615144616,0.507254292726356,0.2583022930990438,0.13120727249288994,1019.0230256710195,0,3018.809714513889,3.5915
1103301210794125313,SN,21.31189,yes,71,19.17,21.5388,20.30841267605634,20.447,17.9506,0.7697526955234344,0.591350611831675,0.3627087121774079,0.12860666287149966,716.4397631952485,1,2894.0792416316035,3.588199999999997
1104041180464131580,Flare,18.8896,yes,474,17.57,19.4416,18.68590611814346,18.68625,15.8535,0.23230122181781448,0.596441575842659,0.15084732828291608,0.03891385475943952,901.6316667161665,0,3121.3004275345957,3.5881000000000007
910271380164178051,Blazar,38.98514,yes,70,17.38,20.807,18.707064285714285,18.650399999999998,17.223,0.8992119989973378,0.449295913644501,0.18050966279687838,0.07964999692568617,450.31520961098136,0,2187.1613740161993,3.5839999999999996
1304301090774115713,Comet,9.56575,yes,114,18.38,20.7731,19.360376315789473,19.40355,17.1925,0.513314799702275,0.45434100459014,0.20513416044219543,0.05006154717567703,673.2749686312139,0,2253.007599606586,3.5806000000000004
1310070040284141639,YSO,-3.47402,yes,141,13.99,17.5265,17.124062411347516,17.3546,13.9468,0.7336846539935076,0.121599374434224,0.089391224005013,0.011423158567956648,841.1805534907228,0,2902.0626154513957,3.579699999999999
1110201211154112050,SN,20.35867,yes,26,18.07,21.1799,18.920434615384615,18.45415,17.6048,1.1500301599322715,0.548551048473301,0.20123699452269278,0.14137398607358645,702.771469463626,1,2539.0012213888986,3.575099999999999
812041260544128122,SN,27.41119,yes,47,17.87,21.4462,19.761874468085107,19.7759,17.8735,0.7986775807731192,0.551595605001999,0.26240783734503953,0.10557233350136053,474.0355591652689,1,2705.8186473030946,3.572700000000001
1406240070714132883,Blazar,-6.1049,no,215,16.44,21.1218,19.08069813953488,18.9732,17.5496,0.6709298892966861,0.5857180530110511,0.20004970222437057,0.08078405916809317,945.69101365485,0,2951.028404328994,3.5721999999999987
1301161120464102418,AGN,11.38615,yes,243,18.82,21.1946,19.468558436213993,19.4375,17.6234,0.5823977837823242,0.5365484195841121,0.2201680266503989,0.07309206842822213,767.8952765710303,0,3130.252597395811,3.571200000000001
809231150074107756,SN,14.64064,yes,287,16.8,20.3169,19.050083275261322,19.1214,16.7458,0.5152968187342396,0.474869855661007,0.18833964795906613,0.04780773529541498,951.3674011852632,1,2958.806596805385,3.5711000000000013
1306091570404118400,SN,57.47429,yes,50,18.06,21.4848,19.984828,20.09365,17.9144,0.7668965018215432,0.641395241999151,0.30029467392602177,0.10803468509702699,868.8809177402861,1,2684.9917441204016,3.5703999999999994
809211040084103568,SN,3.21826,yes,22,17.63,21.1988,18.970922727272725,19.0454,17.6286,0.9716024612938186,0.550483286201957,0.18618578344015868,0.10723952018618037,153.02775179368805,1,741.9752145945022,3.5702
902131090464114479,SN,9.23482,yes,95,18.19,21.2316,19.73406842105263,19.9526,17.6623,0.8343571930461842,0.5561056669849089,0.25699893951055025,0.09715125432179665,629.2497321708836,1,2808.2146135648,3.569300000000002
1202251320404143265,AGN,33.28572,yes,339,18.97,21.2848,19.708402359882005,19.6715,17.7191,0.5394065591276401,0.545550965519109,0.24447698990092065,0.07309777357855536,826.4059990553365,0,2898.024687812198,3.5656999999999996
1206091490394141995,Flare,50.56607,yes,188,18.42,21.3725,20.143643617021276,20.16005,17.808,0.5450357133092928,0.607701736730766,0.3058403691909139,0.08800057857154081,818.1367460538273,0,2921.0236821178987,3.564499999999999
911101210624114661,SN,20.70372,yes,25,18.55,21.3992,19.596804,19.9555,17.8354,1.1895968373360795,0.549929364563407,0.2618722673329879,0.14338948955743494,584.6867543339027,1,2324.8447501966148,3.5638000000000005
1309171070164130218,Blazar,7.79438,no,300,17.39,20.4933,18.735856000000002,18.79815,16.9371,0.8409929999414385,0.4773092703476889,0.18147373931088306,0.06982940774285068,962.9573920650533,0,2962.9311101273997,3.5562000000000005
1309300150064136355,SN,-14.58,no,23,17.57,21.1308,19.243095652173913,19.3982,17.5746,1.1781261186069494,0.529426313044647,0.23920859197933178,0.13765039221563533,859.8814622791572,1,2923.088562928104,3.5562000000000005
1311021400124123088,CV,40.24677,no,9,16.56,19.731,17.146522222222224,17.3639,16.1787,1.1312805363588856,0.447859640878879,0.12154778265108172,0.12287808244517688,478.51858600057733,0,1349.0950093521096,3.5523000000000025
1201191290494112719,Blazar,28.94749,yes,216,17.98,21.4414,19.678311574074073,19.745449999999998,17.8898,0.7745749454064937,0.6859016717116428,0.25842683615772066,0.10605888893020171,796.5729762529566,0,2977.9816800695044,3.5516000000000005
1012140040114122621,Var,-4.01284,yes,27,19.34,21.327,20.167025925925927,20.3917,17.7771,0.8237551594761232,0.565428519789496,0.3279947019959163,0.11723734726610552,663.968147484553,0,2867.1894314815,3.549900000000001
1202251090624111413,SN,8.99465,yes,25,19.75,21.0454,19.903768,19.899,17.4982,0.6944232317302367,0.504600486774374,0.27777254739096324,0.0996790028778916,188.29161446747423,1,1033.0137542016018,3.5472
1212121010294164062,Flare,2.31931,no,9,18.43,21.0552,19.0193,18.4314,17.5087,1.213101213831723,0.48681851096447,0.20014355105902298,0.13176072208047354,1079.8651741003873,0,2242.934929931005,3.546499999999998
1601211180424141819,CV,19.40458,yes,486,15.95,19.4682,17.948713580246913,18.2107,15.9222,0.6713669351011826,0.367081118474412,0.11956146273459951,0.03250409469309497,908.1232057684076,0,3127.259934919486,3.5459999999999994
1212101150604109404,SN,14.67763,yes,44,17.97,21.4123,19.93026818181818,20.2119,17.8705,1.0803052225402694,0.575491614190353,0.30313119638149855,0.1445713544703463,857.5861915146559,1,2714.6832584259027,3.5417999999999985
1111281010144134599,AGN,2.03338,yes,305,17.42,20.5224,17.98328262295082,18.0046,16.9808,0.5618077832515701,0.87625881296643,0.12125760846480105,0.06439493210920375,951.4553033105112,0,2963.8946887385027,3.5416000000000025
911101321054153113,CV,33.20674,yes,36,18.46,21.4215,19.052830555555555,18.6433,17.8809,1.0644752651811789,0.6172759066925301,0.22521907704566788,0.1450243480856693,1003.8353194038926,0,2921.0220157061995,3.5406000000000013
1204011460524120859,SN,46.47226,yes,14,17.82,21.3169,18.918557142857143,18.55925,17.7781,1.237410156312391,0.577372889410839,0.20585657075720734,0.14818698454914386,421.1441937534999,1,1534.991195567396,3.538800000000002
1009161090214101803,SN,8.51253,no,7,17.36,19.5198,17.825042857142858,17.3611,15.9812,1.2234565580860681,0.234892012252477,0.13192522057769754,0.0594935826707579,27.039714100751134,1,71.93265049780166,3.5386000000000006
1311061010294118517,CV,0.69669,yes,328,15.46,19.0584,17.307006097560976,17.42095,15.5199,0.6939874175678714,0.184483698809778,0.09513998384598524,0.02201634996726246,863.0691121255788,0,2908.028677476599,3.538499999999999
1011041210014132134,SN,21.69082,yes,11,19.67,20.1555,19.0413,19.4566,16.6174,1.079224175044278,0.28801726070087,0.19756737396823587,0.05246577694451905,584.9449972444824,1,1452.0484659952053,3.5381
1004091040814104323,SN,2.97637,yes,138,18.13,21.2545,19.74058768115942,19.8146,17.7198,0.7126486872597052,0.581184995956866,0.26694946801786446,0.09414081336740233,804.0450468957175,1,2990.803108205997,3.534700000000001
1502081400484121702,Blazar,41.23145,yes,564,18.15,21.0005,19.070211702127658,19.048000000000002,17.4679,0.563520349470886,0.8033956247411379,0.1889634873780985,0.07039587585801779,863.3048585152087,0,2922.999508031993,3.5325999999999986
1401041010214127020,SN,1.71497,no,3,19.42,20.3047,19.010833333333334,19.9526,16.7752,1.9441028530747364,0.3769709851657439,0.2547393254728785,0.14703017641827926,644.4089096322203,1,1124.0053331596937,3.5294999999999987
1006041460464125448,SN,47.27473,yes,192,17.17,20.5612,19.335320833333334,19.3812,17.0325,0.44873869223552465,0.401537417804717,0.2058544451512677,0.04080642732909184,804.9242135927187,1,2921.035021319294,3.5287000000000006
911111121124124015,CV,12.09676,yes,176,16.92,20.4045,18.76255,18.74255,16.8761,0.8999177809428716,0.429695394981173,0.17995373825495634,0.07186018963450247,917.4017537310807,0,3123.639946875097,3.5283999999999978
806061120884123727,CV,12.17383,yes,83,16.91,20.2118,17.78151686746988,17.4894,16.6838,0.8899997662125306,0.321947247353727,0.11907866506233451,0.0581221973064975,853.7989703564081,0,2895.1212200000955,3.5279999999999987
1205211040644123308,Flare,4.55682,yes,249,18.72,21.1449,19.933934136546185,19.9291,17.6196,0.4577087574126756,0.52207024622074,0.28298600692444464,0.06912961460019293,954.2909126848406,0,2991.8603188077977,3.5253000000000014
1206221400674113478,Blazar,40.2051,yes,242,17.78,21.048,19.209161983471073,19.13975,17.5285,0.6809902373470759,0.53219391207627,0.20286191809589194,0.07311816891731684,883.9589084574782,0,3033.8448849306005,3.519499999999997
1309161230104102910,CV,22.73397,yes,32,18.7,21.366,19.3152375,19.02265,17.8492,0.9029250966504866,0.6161508140298371,0.23510818270273656,0.1252429214433395,1072.556770567303,0,2821.3061349768977,3.5168
1404021430674141504,AGN,44.31418,yes,248,18.99,21.0854,19.56801370967742,19.5597,17.5688,0.4596829909839471,0.550483294521959,0.23518749735843233,0.06560989610765504,838.9049645544704,0,3057.7724035882056,3.5166000000000004
1406300040944169740,CV,-4.40049,no,25,17.52,19.8101,17.377200000000002,17.1972,16.2935,0.7755145533773051,0.375011180908767,0.11663895312948554,0.058502528677433996,1129.7400812475387,0,2960.9086250461987,3.516599999999997
1005251350714115578,SN,34.84488,yes,13,17.85,21.3763,19.145330769230767,18.6689,17.861,1.1844489825685591,0.591686438168588,0.2347595638820625,0.168203568956584,150.31945411797062,1,452.95901181739464,3.5153
1001081010444113640,CV,0.40795,yes,154,17.42,20.6533,18.901882467532467,18.9132,17.1417,0.7530124858249369,0.450421739805142,0.1771615113490029,0.069274916219663,812.9440378264857,0,2848.0581114003,3.5116000000000014
1012081070284131034,SN,6.79824,no,61,17.81,20.1216,18.616168852459015,18.76,16.6103,1.03775152750887,0.309989470875725,0.1668417823876564,0.06639585202304966,637.2098046961718,1,2548.9613488656105,3.511300000000002
805051090854150901,SN,10.97362,yes,37,16.66,19.9389,17.142062162162162,16.9185,16.4276,0.7035327345110028,0.28181835960255,0.09277775912387712,0.037962481510786884,331.9119783676431,1,2175.0260095142075,3.5112999999999985
1309151181194112157,SN,17.6486,yes,27,17.54,20.7999,18.176218518518517,17.5437,17.2901,1.1724497053464402,0.505040192509922,0.15865914641655718,0.11254660932732136,908.5408325179093,1,2947.9696509255955,3.509800000000002
1110061260014124074,AGN,26.82104,yes,278,17.75,20.0881,18.367880215827338,18.42615,16.5815,0.4950196290502826,0.4444009240202229,0.1388597984537315,0.03576207943698987,921.4919124004912,0,2951.024288599401,3.5066000000000024
804040090704116510,SN,-10.32024,no,36,15.09,18.5479,16.812747222222225,17.0507,15.0423,1.1804127492379501,0.136764827541554,0.08718120880325404,0.024536984780745345,732.5518670160358,1,2335.6797464697956,3.5055999999999994
905280121124129234,CV,-12.91118,no,70,17.37,20.7844,18.19808142857143,17.93395,17.2796,0.8390598994514606,0.42927039758436,0.1554379299140504,0.08353805468682421,935.1122653357736,0,2986.8725020600978,3.504800000000003
1606071570494121794,SN,57.73755,yes,5,18.4,20.7522,19.56292,19.7958,17.248,1.4110581444433825,0.407665619433921,0.2661244595393681,0.12768035093297253,192.0838754805524,1,499.8431856134048,3.5041999999999973
1203010040914152637,CV,-4.26188,yes,206,17.27,20.4654,19.40430242718447,19.39955,16.9638,0.505579286917428,0.463510102916345,0.2595210933008772,0.06081751946892321,937.4125106776045,0,3069.725078830903,3.5016
1210261570504105230,SN,56.8515,no,84,17.96,21.2331,19.903860714285713,19.9375,17.733,0.6475204489524121,0.5399433604446671,0.28657639673224516,0.08450865127169811,915.8744773952063,1,2712.7459400580046,3.5000999999999998
909231320734113252,SN,32.08489,yes,12,17.95,21.2645,19.162225000000003,18.7225,17.7662,1.3657741315492438,0.5627644891733621,0.24516359160216408,0.17997778326389047,443.74420652156294,1,1688.2760350461976,3.4983000000000004
1210270040254109015,SN,-5.08143,yes,237,17.52,20.614,18.559632489451474,18.6117,17.1194,0.5593978263587353,0.626476176857461,0.14812368347520707,0.050649738581516494,944.3410206183773,1,2955.052176863406,3.494600000000002
1606171210684127504,CV,22.13333,yes,8,18.27,21.0823,20.146125,20.7384,17.5878,1.205593208756585,0.5417953995800749,0.3535810168351774,0.15712787338791898,889.1506657108818,0,2548.999839074,3.4944999999999986
811181230214118218,CV,23.37229,no,384,15.5,18.9523,18.047851822916666,18.18255,15.4582,0.6305848130264836,0.43371849154209,0.13401000039750025,0.03708924655672525,885.9543613369002,0,2951.8994876737997,3.4941000000000013
1102250070614142432,CV,-5.70941,yes,121,18.38,21.0647,18.324092561983473,18.2197,17.5708,0.5216408343175868,0.4894285276687289,0.13528562844587017,0.049756226722658024,643.4169459133404,0,2900.058901423603,3.4939
1306061460634149077,SN,47.56414,yes,43,18.63,21.5465,19.626313953488374,19.4693,18.0545,1.1695632806392777,0.6312139366076099,0.28537766302220485,0.16654486477697944,708.13152651831,1,2708.7331571758987,3.492000000000001
1201041040034112466,SN,3.80483,yes,152,17.82,21.0964,19.859692763157895,19.9307,17.6074,0.7164721886434939,0.586373311420922,0.27857960926346237,0.09344559246386278,1010.8561988079564,1,3008.8862192360903,3.4890000000000008
1412230040664120721,Blazar,-3.96902,no,228,17.41,21.1824,19.101808771929825,19.0046,17.6941,0.704818266083289,0.54339643216192,0.1990126280890675,0.07859983914682624,971.7967644255029,0,2958.0012382869972,3.4883000000000024
1005311010844137345,SN,2.09713,yes,227,17.52,20.861,19.13807092511013,19.1363,17.3756,0.5169353432982797,0.485428635080575,0.19988362357380035,0.05637041416378874,916.7849292853543,1,3005.8175322450043,3.485400000000002
1005091210604139795,SN,22.4809,yes,12,18.94,21.2397,19.590108333333333,19.26205,17.7591,1.0347249774771805,0.5802257092938841,0.28299313452880914,0.15742501623653757,544.5611429588135,1,2492.9340556944953,3.480599999999999
1303021230624130836,Blazar,25.30198,yes,334,14.54,16.9157,15.59162874251497,15.6726,13.4387,0.6458391843363492,0.120808829632217,0.06399024132502319,0.008016344752820306,929.8351368997413,0,2992.9073348612947,3.4770000000000003
1309161230834137353,CV,24.77525,yes,414,16.72,20.0023,18.492005555555558,18.4985,16.5289,0.32415938819061263,0.591350611831675,0.14785207910606116,0.03651648447681082,892.530780257471,0,3119.6680626161033,3.4734000000000016
1511181210214142399,CV,21.68851,no,6,16.77,20.762,18.037566666666667,17.392200000000003,17.2887,1.3609448609942534,0.406809159649283,0.15228061154389896,0.12499239170938173,861.0641551252564,0,2121.2143860876968,3.473300000000002
904171180514134904,SN,19.18687,yes,229,17.59,21.063,19.44139344978166,19.4572,17.5897,0.49071382270141994,0.4870179574411939,0.2125969495956921,0.05467780107323404,836.7705621530536,1,3121.240708136509,3.4732999999999983
801101070494136410,SN,8.25673,yes,78,17.96,21.2944,19.786385897435895,19.8692,17.8242,0.9189951765237199,0.5783196722766459,0.2747353084831974,0.12615719350443544,719.3432753723245,1,2899.9948224070904,3.4701999999999984
1306111120664110776,Blazar,12.04036,yes,359,17.3,20.6361,19.20735849582173,19.2232,17.1664,0.5310665378557897,0.8633853041984542,0.19594254840830608,0.06672486931097701,887.2419693277112,0,2997.934471215609,3.4696999999999996
909111181164120097,CV,18.12964,yes,14,18.03,21.4356,19.214771428571428,18.853250000000003,17.9689,1.1203073914906445,0.587359882133207,0.24659625216683806,0.16383795426736858,556.5155050297818,0,1639.3523488656065,3.4666999999999994
1410241320234117615,CV,31.46732,no,108,17.08,19.8166,18.385249074074075,18.43575,16.3515,0.7379639536691628,0.361872750195271,0.17354160146254774,0.04645396885721542,1112.07318977648,0,2886.1456215627986,3.4650999999999996
1206161380664102006,Blazar,36.83956,yes,162,18.86,21.3546,19.392334567901234,19.44105,17.8925,0.6685381222558907,0.608424276178792,0.22526429763200048,0.08877348178524519,901.5573000465046,0,2981.9896982178034,3.462100000000003
802271180834141617,SN,19.45479,yes,20,18.55,21.1882,19.042605000000002,18.8125,17.7277,0.9930478387135665,0.5201545552463189,0.20478075334844145,0.12063273692722423,25.271129824120347,1,96.85671143519721,3.4604999999999997
1204200210694121488,SN,-21.39814,no,22,17.62,20.9656,18.647845454545457,18.30135,17.5057,1.054911049613853,0.501983748397272,0.17974533364601772,0.10970073350147466,520.6950170079282,1,2306.716402534905,3.4598999999999975
902191010254109338,CV,0.49468,yes,9,17.62,21.0846,18.85961111111111,18.7524,17.6249,1.2826316164866307,0.535515244849393,0.2035914644981933,0.14228909263249573,471.297656130941,0,1271.6531069790944,3.459699999999998
904191230554124193,SN,24.08762,yes,21,18.32,21.5926,19.31334761904762,18.8255,18.1334,1.0122526915839973,0.54772847627113,0.22450648071909898,0.132947880230002,398.26447336107253,1,2244.814276886602,3.459199999999999
908181150894173292,CV,16.89408,yes,17,18.11,20.1266,17.630870588235297,18.0342,16.668,0.9627647608351071,0.335331658127371,0.12619063095976238,0.060322553615716694,538.2050733420134,0,1384.21416394689,3.4586000000000006
1604021350614118034,AGN,35.08176,yes,178,19.13,21.2456,19.823908988764046,19.8813,17.7883,0.5143002887782486,0.533719967693943,0.26819096240955,0.0735458338072857,826.804294095143,0,2936.002384594598,3.4573
910291490254147891,CV,49.84091,no,247,13.33,16.7844,16.354765587044536,16.4085,13.3287,0.4047322019241229,0.1812155607362749,0.07312211980474903,0.009212559340903249,862.919740001622,0,2904.185266041706,3.455700000000002
1110201090264162525,CV,11.14992,yes,25,17.49,20.855,19.58134,19.7467,17.3998,1.0734092047459503,0.495389763044253,0.27626534153776217,0.11443025443735629,337.72151599388224,0,1793.0642042592954,3.4552000000000014
1606051260564134509,CV,28.11336,yes,8,18.58,21.6448,19.843912500000002,19.81445,18.1897,1.643292219415907,0.5678249495622459,0.3194259374852406,0.2074324152617834,979.8658986781222,0,2190.8653939119104,3.4551000000000016
1212031260564126571,SN,27.62424,yes,54,18.01,21.3091,19.10853148148148,18.9088,17.8598,0.9822152882064321,0.570553511498524,0.20862776612607836,0.12234158100894452,486.5087989238908,1,2301.8226624769013,3.449300000000001
906170070924226343,AGB,-6.0491,no,123,14.18,16.1885,14.661443902439025,14.7604,12.7429,0.9333913437116252,0.11008965823165,0.06209237370774759,0.010689746120398256,986.4271140121729,0,3088.6773171295063,3.4456000000000007
1204191120874110393,CV,11.72422,yes,9,17.93,20.79,17.970666666666666,17.7655,17.3461,1.0817039474828591,0.4291289980114829,0.14401807699851785,0.10694900263117339,849.7742508037962,0,1648.3833854973927,3.4438999999999993
1112251090074105873,AGN,8.98169,yes,182,19.38,21.2614,19.67022252747253,19.610500000000002,17.8177,0.5104076290889947,0.54339643216192,0.25408879574172577,0.07250146182803406,630.9529644175918,0,2619.8205572106017,3.4436999999999998
1205260230684118049,Flare,-24.43184,no,76,18.09,19.8279,18.460077631578947,18.450049999999997,16.3848,0.4019141313261445,0.27957203493555,0.14255596399737133,0.0246347879219106,658.439496460788,0,1941.7669975808967,3.443100000000001
1005211180714134371,SN,19.43839,yes,322,17.44,20.7932,18.48261956521739,18.489800000000002,17.3504,0.329766812668443,0.719709529348424,0.14283841735728423,0.046887841648923935,898.4133697258135,1,2985.837932036702,3.4427999999999983
1112241150694114923,AGN,15.05694,yes,303,18.42,21.2796,19.179186468646865,19.0316,17.8371,0.7192317354325969,0.587359882133207,0.20257991048002935,0.08612364389349855,845.9791531640959,0,2984.933804583299,3.442499999999999
1511131400444105430,SN,39.90713,yes,3,20.12,20.9333,19.5441,20.2043,17.4947,1.811874863228693,0.435621796095188,0.2746613837631067,0.1768600957412352,884.4451770618833,1,1746.1403851969008,3.4385999999999974
910261210054114797,CV,20.67151,yes,395,15.4,18.8301,17.919394683544304,17.9443,15.3919,0.4842418432334821,0.407911235688926,0.11356651748001363,0.028019528481943095,902.523785770402,0,3031.7828272106053,3.438200000000002
1009301041244110121,SN,3.5225,yes,42,18.22,21.1996,18.997307142857142,18.83775,17.7618,0.9015304689987474,0.559843350348527,0.20449587349411344,0.11014174437625034,757.4840717341833,1,3022.794962199405,3.4377999999999993
1203221400694127604,CV,40.84917,yes,13,16.69,20.1168,17.86282307692308,17.4485,16.6818,1.1220828944080188,0.38979441685576,0.12850117077578163,0.08768297062803004,186.83046239945597,0,689.0783538660107,3.4350000000000023
1110221210884105604,CV,20.04338,no,41,18.02,21.2803,19.652017073170732,19.9534,17.8458,1.016120677602429,0.580545012386319,0.27001047404318956,0.12953199128729628,861.9245127903182,0,2726.357259664197,3.4345
1109251210404110806,HPM,20.36483,yes,145,13.24,13.7921,11.33552827586207,11.2381,10.3577,0.4302946173688326,0.0529049525391247,0.05004081298488057,0.00046191430817848627,398.2561749969095,0,2101.1504767704973,3.4344
1409251070034124903,SN,7.16218,yes,38,17.02,21.4849,20.086842105263155,20.10065,18.0514,0.7937354415371691,0.6348299040501301,0.32581924431686654,0.12604114113087656,908.7356383006872,1,2922.052373808001,3.4334999999999987
1206130011154131139,CV,-1.34832,yes,392,18.29,20.9141,19.195687244897957,19.1741,17.4812,0.5135709436974537,0.668630178911723,0.20445315067370057,0.062039787981508804,969.6968227887218,0,3111.6537889813917,3.4329
810241210104130119,Comet,21.79246,yes,120,19.4,21.2181,19.8951775,19.846600000000002,17.7874,0.5353323283329753,0.551038700336465,0.2792748256344532,0.08015100340006456,894.7227533184646,0,2955.9328789002975,3.430699999999998
909291120924150690,CV,13.08691,no,151,17.34,20.2563,18.582401986754967,18.8156,16.8268,0.8782875203083337,0.429411942174377,0.17050052221218692,0.061255310228962793,981.1758566245256,0,3102.6979990392065,3.429500000000001
1003211150624122202,SN,15.33632,yes,288,15.21,18.6319,17.793594444444444,17.9202,15.2052,0.52100435327958,0.432992503467168,0.11105805059612633,0.030109800493804875,904.843799199531,1,2946.006376874706,3.426700000000002
1104301320434110403,CV,31.71904,yes,163,19.31,21.1418,19.27597300613497,19.1785,17.7157,0.7181160745664902,0.5050401793032621,0.2062634135403857,0.08106829892113447,728.0819735137367,0,2684.7196413771962,3.4261000000000017
1506130071214102983,SN,-8.27326,yes,5,18.54,21.2182,19.7788,20.5261,17.7929,1.5255494747794969,0.471182128604856,0.32487107458123776,0.1667329283826297,834.8926616830679,1,1985.6422516202074,3.4253
1308280181154102522,CV,-19.66461,no,172,16.51,19.6733,18.658298255813953,18.749200000000002,16.2485,0.5699623058710979,0.615776993481396,0.15532536908408645,0.0451923728630828,1014.9686435844524,0,2972.8911787844045,3.424800000000001
1311100210144121990,SN,-21.02479,no,117,17.49,20.308,19.206894871794873,19.2929,16.8835,0.7033871618505917,0.3334316894459279,0.20296273530466,0.053986591009349855,939.3771213884239,1,2959.9119065971972,3.4244999999999983
908171091124107469,Flare,8.67,yes,203,17.1,19.3061,18.33918275862069,18.3469,15.8851,0.33738254552954533,0.640564803211079,0.14039638630217188,0.040665249385409837,849.0133944576997,0,3123.6430065390014,3.421000000000001
1203010090874125669,SN,-10.46064,no,15,16.7,20.0256,17.71324,17.4047,16.6064,1.0497127728233906,0.3641817007271749,0.13563090287931218,0.08535355191881093,18.71244814045809,1,52.99017277780513,3.4192
1305201350774155625,Blazar,36.06323,yes,118,18.84,21.3217,20.071515254237287,20.105600000000003,17.9028,0.5965437764332331,0.55782245828219,0.3073948596985708,0.09551069105771408,892.6110409380512,0,2791.644129247783,3.4189000000000007
1001151260604105083,SN,25.6663,yes,128,18.33,21.4314,20.22089765625,20.265,18.0136,0.641965087291785,0.629228408425662,0.3291075479715552,0.10635067189423546,785.5751916871171,1,2971.9354403591933,3.4177999999999997
909151400974133892,CV,40.60174,no,29,17.77,21.128,19.675968965517242,19.7402,17.7117,0.9905121096481384,0.537586917083812,0.2784541230241602,0.12117444469449812,840.1965379129742,0,2946.9850416662957,3.4162999999999997
712151210224130852,Flare,21.46207,yes,41,18.47,21.2871,20.180741463414634,20.4297,17.8723,0.8417540914589033,0.6253063171846429,0.4033358544232446,0.13436542718707284,877.1472859093608,0,2928.026050173692,3.4147999999999996
1306081320774122613,SN,32.10206,yes,379,17.36,20.3832,18.764937994722956,18.5537,16.9691,0.7627810832646827,0.406687210425089,0.1715349467303962,0.06421893986445694,878.5272144270591,1,3107.7256372452975,3.4140999999999977
1409031181214117173,Flare,17.86886,yes,113,18.62,21.3574,20.392706194690263,20.3765,17.9438,0.5256206399994447,0.6590688355722671,0.36305295679966,0.0997607436553683,959.1227695280452,0,2948.8744265857094,3.413599999999999
1309041230034113932,CV,23.2961,yes,20,17.77,21.0883,18.720945,18.26185,17.6759,0.9922249057839126,0.481709588764394,0.17132567448993288,0.09413632238013997,1025.9443153858012,0,2831.087306007197,3.4124000000000017
1006060121154131888,CV,-12.31077,no,7,17.42,20.6764,18.583671428571428,17.4426,17.2674,1.5831800778962648,0.4222178769038089,0.2011121087695181,0.15336720011015806,617.1968729092412,0,1627.6528067011022,3.4090000000000025
1511031550244117096,Blazar,54.52146,no,182,18.82,20.974,19.6905021978022,19.64315,17.5652,0.4813106489250166,0.558397859761303,0.24883420846514082,0.06599354647323326,790.8708129899708,0,2842.287952303399,3.4087999999999994
1602071010694101813,SN,0.09994,yes,102,14.16,19.297,17.658782352941177,17.7381,15.8889,0.7820104379303605,0.195167363065803,0.10581995117617735,0.028753805586726217,757.2400333770347,1,2379.7066299071957,3.408100000000001
1003211320574117341,SN,32.11526,yes,91,18.11,21.4743,20.12341208791209,20.2815,18.0686,0.8278485047714106,0.645167692979379,0.3188172553864381,0.115833929862698,733.5116643937654,1,2708.7327225346016,3.4056999999999995
1204160090644123128,SN,-9.96065,no,33,18.21,21.1349,19.6665696969697,20.1728,17.7325,1.2431318482679268,0.518257634955637,0.2887015050451486,0.14643188896421785,792.0636974575915,1,2640.8689574883974,3.4023999999999965
1511080070094101285,CV,-8.38629,yes,229,18.23,20.9374,19.15805676855895,19.0698,17.541,0.48414792750828084,0.517081451791045,0.18965084667239357,0.056789133227265406,866.7350451463833,0,2969.9521335419995,3.3964
1106230040724111069,SN,-4.85165,no,98,18.29,21.2685,20.172567346938774,20.2122,17.8724,0.5956511031256008,0.5493769345751189,0.31475838124449124,0.08816309796837413,826.8645533812082,1,2945.9427761691986,3.3961000000000006
1203281180644135630,SN,18.92481,yes,347,17.6,20.8006,19.33398097982709,19.4076,17.4059,0.5213666515608117,0.500904189772154,0.20628368925434726,0.04984609465985871,872.8354780840854,1,2994.8892091433954,3.3947000000000003
1012011210024127861,CV,21.35224,yes,64,17.92,21.3078,18.753178125,18.6944,17.9146,0.5050688827667825,0.581184995956866,0.16577665580316053,0.06330900275324687,1011.2151338990301,0,2896.033829016189,3.3932
904161120864151070,CV,13.86267,yes,395,15.64,18.5302,16.804380253164556,17.0905,15.1372,0.7927586377523115,0.220218711851492,0.08606204591609921,0.021563311771087477,879.9148654583767,0,3100.7109984490016,3.3930000000000007
1309141260204167133,CV,27.78828,no,13,16.47,19.8467,17.36846923076923,17.3116,16.4548,0.9027476302790036,0.8458147380091469,0.14932100344279275,0.20959532034294662,671.2333673172848,0,2429.314994837703,3.3918999999999997
812290090734109439,SN,-10.73134,no,14,18.19,21.1576,19.351421428571427,18.96785,17.7677,1.232871121331501,0.543396440198774,0.264641144537809,0.163732535385506,636.3635223825994,1,2297.763800775705,3.3898999999999972
1003150180644112692,AGN,-19.00679,no,76,18.25,20.8586,18.511360526315787,18.1412,17.4695,0.9186609040088652,0.5081473042240721,0.16938449127178273,0.09958625630307413,769.4043994373037,0,2574.9742198260938,3.389099999999999
1005220040824107195,Blazar,-5.22984,no,295,17.4,19.2934,17.932341355932202,17.7695,15.9059,0.5001842804470397,0.7782434669222971,0.13040572788997412,0.07879509092293632,874.9951431008319,0,2973.9645490506955,3.3874999999999975
906150011134153435,CV,-0.86992,yes,42,18.05,21.1102,18.489288095238095,18.30585,17.723,0.6787302755351273,0.462293070260271,0.15653688171776378,0.06769133208430445,986.2267925989485,0,2981.8538184030986,3.3872
1109231120234136074,SN,13.4679,no,13,17.45,20.5293,18.634707692307693,18.4426,17.1425,1.1929693076951162,0.503069602629778,0.21932381676261342,0.13020051596325305,407.2612180908258,1,1495.0547688082006,3.386800000000001
1403090150554111012,CV,-16.21745,no,155,14.96,19.7721,17.7069335483871,17.5486,16.386,0.7481500776831637,0.253647450658591,0.11464651173905235,0.038563399301030504,804.0729459219375,0,2589.033102882211,3.386099999999999
1111280151174112104,CV,-16.19379,no,8,17.47,20.8541,18.9018375,18.851550000000003,17.4708,1.3214446033873033,0.430263866524615,0.20902684802343946,0.12420099240165963,1042.381890890255,0,2971.8596689234982,3.3832999999999984
1006160180694138373,Blazar,-17.59334,no,78,17.66,20.7894,19.367765384615385,19.385849999999998,17.4076,0.6723512700550615,0.442698727453779,0.217582115905499,0.06830496014006142,746.5530806728333,0,2957.9710493749008,3.381800000000002
810091380694101766,CV,36.84519,yes,30,17.06,20.3477,17.760936666666666,17.6387,16.9659,0.7910393335542079,0.325084545260897,0.11813042091574448,0.058064865993130564,676.363781248224,0,2201.0483599072904,3.3817999999999984
1203291290604100838,AGN,28.27968,yes,179,19.38,21.3116,19.61325083798883,19.4909,17.9311,0.5874368272388814,0.5493769345751189,0.2398817548149527,0.08049145623793662,812.0349201886434,0,2970.950521898005,3.380499999999998
1607081520484130475,Blazar,52.82354,yes,21,18.04,21.4944,19.546857142857142,19.1477,18.1173,0.9830932801984936,0.6970483994960059,0.32028320909104113,0.15338828742593044,717.579824371401,0,2627.9006514465946,3.3770999999999987
912201400354121224,Blazar,40.6971,yes,387,16.69,19.3088,18.36827622739018,18.4241,15.9325,0.41902446829422235,0.330128472827742,0.13389148241790785,0.023150404592030757,854.4047556933638,0,3112.1858767820086,3.3763000000000023
1109291090214135845,Flare,10.61466,yes,361,18.06,19.9662,18.839942659279778,18.8204,16.5899,0.2790427756090004,0.281861260699186,0.17461929845472843,0.024838126999494187,908.6094265065091,0,2945.9910964700975,3.3763000000000005
1310150260064106672,CV,-27.75663,no,69,16.81,20.0428,18.740295652173913,18.8389,16.6676,0.6380225139939596,1.0140244350169498,0.17237161368909193,0.10960876606313301,708.9030962807876,0,2180.052034386492,3.3751999999999995
812011090264120935,CV,9.41097,no,428,15.36,18.4979,17.933479205607476,18.00415,15.1236,0.4501342439494554,0.2549740003612569,0.12223568427930208,0.019445693114198546,901.1493267722395,0,3125.305209849401,3.3743000000000016
1005051400544133814,SN,41.74567,yes,27,18.26,21.4299,19.153044444444443,18.738,18.0564,0.9794186699392851,0.59747378284723,0.21406036739006676,0.13088582879247757,310.1243583504893,1,1473.8210731250947,3.3735
1205231210814118357,AGN,20.70647,yes,300,18.2,21.2724,19.18545466666667,19.0976,17.8998,0.7052831886546653,0.572084523202219,0.2091061851916012,0.09089044621843165,889.9500708713504,0,3068.795485763796,3.372600000000002
1004080180844150528,CV,-18.17422,no,107,14.92,18.1239,16.71953738317757,17.211,14.752,1.1138330627199846,0.1597532109741919,0.09194267153937621,0.024031156645249116,917.5353343074763,0,2919.9880689466954,3.3718999999999983
1312300210304116174,CV,-21.92476,no,2,17.49,20.5519,18.86655,18.86655,17.1812,2.383444827345495,0.300723937242307,0.1952215849616531,0.14920285745756479,1246.7826897510317,0,1763.2169891779122,3.3706999999999994
1212081180274143485,Blazar,18.01164,no,116,15.43,18.8024,17.194614655172412,17.27915,15.4328,0.6968392296966539,0.222425657743958,0.10137050294339313,0.026348605318473474,754.0388030694932,0,2358.7443994212954,3.3695999999999984
1006021120924132981,Blazar,12.26102,no,118,17.93,20.5199,19.212466949152542,19.29385,17.1515,0.7298761734406893,0.403551722549523,0.22111231982331242,0.07206962286905384,977.4932793752747,0,3072.680046007001,3.368400000000001
1112310010184138365,Flare,-0.28079,yes,300,18.26,20.1876,19.216842999999997,19.2166,16.820999999999998,0.3212837489543166,0.4004822537508579,0.19318366622673608,0.03097700428886738,897.0347041885661,0,2963.9134526852868,3.366600000000002
1211131320034233281,Flare,32.61928,yes,300,17.61,19.2695,18.516804666666665,18.57345,15.9052,0.37375311246214293,0.429129002251806,0.14229853768506218,0.029968922048298492,957.5359608382265,0,3055.893312002001,3.3643
1101151181224113126,CV,18.20544,yes,136,17.87,21.1697,19.368680882352944,19.230849999999997,17.8061,0.9774622815884527,0.565130862764857,0.2439340373757559,0.12851862383643484,875.3261426210106,0,3019.8775062034983,3.363599999999998
909201210134121543,CV,21.11495,yes,14,17.88,21.0601,18.468128571428572,17.94325,17.6974,1.0052560664432126,0.50592270929886,0.1711560635581291,0.11743780746321289,590.1911512923733,0,1867.9533194097894,3.3627000000000002
1203211150634107384,Blazar,14.5266,yes,273,18.51,21.4542,19.57884432234432,19.5024,18.0924,0.7499550836885931,0.612439338715435,0.2466189218485752,0.10312834008730423,849.8747735966352,0,2994.9019870599004,3.361799999999999
1104271430614143655,Blazar,44.8345,yes,215,17.75,20.99,19.02525534883721,19.0169,17.6304,0.5434886225642349,0.485824642148857,0.18549731074041204,0.05094142205157309,836.8895346635255,0,3031.8454116549037,3.359599999999997
903171090524121613,Blazar,9.63737,yes,61,19.6,21.2956,19.857960655737706,19.9234,17.9365,0.8933075489958069,0.5610069469222779,0.2863902424488808,0.12853071812695052,935.58114976707,0,2741.6532298144957,3.3591000000000015
1103081210694128465,SN,21.96171,yes,314,17.95,21.1134,19.538922929936305,19.60585,17.7559,0.4778685752289927,0.5138259719007501,0.2321464823100399,0.05825270060681381,856.0818422664483,1,2994.870367037198,3.357499999999998
1309041290124101511,SN,28.26692,yes,17,15.57,18.6873,16.590423529411765,16.625,15.3299,0.9207357672871004,0.150315372638126,0.08144361538742331,0.02134103911193656,335.81886236060444,1,1406.102259618303,3.3574
1005161210744109926,SN,20.31778,yes,14,19.44,20.9978,19.565914285714285,19.53,17.6466,0.780810596414091,0.490645971238472,0.2456978700535311,0.09907174215694137,578.9777674257921,1,2197.059038020707,3.351200000000002
810300010254139634,SN,-0.3599,yes,41,18.04,21.2898,18.778617073170732,18.5204,17.9387,0.8417677898038279,0.569640117762578,0.17191235840025534,0.10526351616352929,275.5159760689266,1,2294.7845340744097,3.351099999999999
1112161230394126529,Blazar,24.00659,yes,381,16.19,19.2808,17.879857742782153,18.0557,15.9311,0.6472591401840002,0.479591430736981,0.11583966641725571,0.03559698263146738,962.4902444426251,0,3126.2730737038873,3.3496999999999986
1109181041224123976,Comet,4.51678,yes,9,18.79,21.2821,19.75662222222222,19.7443,17.9329,1.275185996999828,0.5723920502033311,0.3070936288257211,0.18162410457688588,511.55254395604135,0,1489.8745555905043,3.3491999999999997
1112291400464106575,CV,39.71087,yes,161,18.58,21.3464,19.249167701863353,19.0873,17.9976,0.6648631084293265,0.565130862764857,0.20479650518117287,0.0834534248333183,680.682268775032,0,2716.758503518402,3.3488000000000007
1104261120904156424,CV,13.35851,yes,132,18.38,21.0916,18.64151287878788,18.40635,17.7433,0.61263027197341,0.5402069141485759,0.16498014997315064,0.06565560709448029,884.4784083890239,0,2975.9931376968016,3.3482999999999983
1101281260554137473,SN,27.57208,yes,151,18.06,21.4103,20.13811920529801,20.1952,18.0648,0.6430483958682242,0.651153724784935,0.31978350979685566,0.10973652853786076,891.0754213764833,1,2972.997031920888,3.3454999999999977
1005311180534119112,Blazar,18.44666,yes,169,18.92,21.4239,19.60932721893491,19.6199,18.0801,0.7999598251623452,0.605905242009425,0.2512626013461938,0.1031796054128846,705.2912428520046,0,2886.0404641893983,3.343799999999998
1209210011174113721,CV,-2.1064,yes,7,17.29,20.5797,18.2818,17.4852,17.2382,1.2817972434567537,0.392419453020865,0.15981085994871638,0.1091854708518239,1127.9220143502114,0,2110.162452720084,3.3415
1010140210074119678,Blazar,-21.18512,yes,128,17.65,20.3474,18.4230109375,18.2669,17.0064,0.6708629596184976,0.332043932605113,0.1406884781427215,0.04538214242716117,928.3633095297283,0,2959.9171240046053,3.341000000000001
1601141230244111973,Flare,22.95888,yes,97,18.71,20.783,19.866290721649484,19.8444,17.4425,0.5258783695879834,0.5648336198009201,0.33971518013350704,0.09465969270496123,900.6179107714158,0,2912.9749657754,3.3405000000000022
1210131010164113786,SN,0.93362,yes,37,19.24,21.2797,20.01394864864865,19.9359,17.9399,0.7851707431513865,0.530428235531905,0.3088119573440041,0.1199056991488434,848.8837882369219,1,2581.085732465195,3.3397999999999968
1010030010154103863,Blazar,-2.57795,yes,176,18.08,21.2173,19.74479943181818,19.80455,17.8787,0.6491384709419242,0.5496529614403379,0.2556193776762488,0.08519308188316577,715.3763753319282,0,2881.0543800927044,3.338600000000003
810301040074123661,SN,4.78832,yes,28,17.78,20.8656,18.203353571428572,18.01705,17.528,0.7036756715472781,0.4428527351846789,0.127809651441784,0.06708213782595965,225.35947267137314,1,1216.7236023033038,3.337600000000002
803241120274139158,OH-IR,12.93508,yes,404,12.95,15.7316,14.694829455445547,14.927399999999999,12.394,0.7866059614630001,0.0983716785496795,0.059342411264332894,0.004580003532440464,918.3133713636138,0,3125.2989260991963,3.3376
1512301120254121839,SN,12.51425,no,2,16.84,19.1802,17.5122,17.5122,15.8442,2.3589082220383215,0.2033313776588869,0.1349878091343799,0.09665240150833276,722.6942295507204,1,1022.0439808794035,3.3359999999999985
1111271180094145781,AGN,19.50065,yes,146,19.05,21.1411,19.825872602739725,19.7536,17.805999999999997,0.6111191958366864,0.509946061867484,0.27197196604350177,0.08905943102854375,833.3758775142396,0,2951.8938919561915,3.335100000000004
1403091350554118078,Blazar,35.13713,yes,152,17.86,21.4504,20.075013157894738,20.17465,18.1163,0.6825926265829833,0.605905242009425,0.3040252115203126,0.10326880727773581,930.7361947590382,0,2936.0277222567092,3.3340999999999994
803091380314119072,CV,37.41811,no,11,19.04,21.3171,18.930827272727274,18.9037,17.9837,1.0451549005682448,0.577372889410839,0.1935533750884821,0.14107050271151955,613.0912400315417,0,2043.2219075690955,3.333400000000001
1205241230524115253,SN,23.60789,yes,22,18.44,21.5746,19.603977272727274,19.5958,18.2426,1.0591880870480879,0.546636823422438,0.24509576670243371,0.13913659815037238,482.14509445239565,1,1995.814737418994,3.3320000000000007
911091010064138611,Var,2.17305,no,188,18.19,21.2657,19.115384042553192,19.0793,17.9345,0.7559910048559727,0.5493769345751189,0.1980583194836535,0.08311612431575861,972.2575478343233,0,2996.861093009298,3.331199999999999
1204251210744104178,Blazar,19.86692,yes,296,17.75,20.7352,18.804997972972973,18.90465,17.4047,0.6007789165509615,0.4228952416361789,0.16577031145683513,0.04972988676185866,878.0730968248608,0,2984.962947500004,3.3305000000000007
1104271490444118661,SN,49.22584,yes,23,18.82,21.4205,19.587552173913043,18.8193,18.0927,1.3282150164342452,0.6728407019407029,0.3011067194467627,0.198177883370143,487.75384584485306,1,2149.0448378818037,3.3278
1201131150224104750,CV,14.25436,yes,9,17.01,20.3076,17.671833333333336,17.502,16.9834,1.0318804000464388,0.439347214698557,0.13979526718535792,0.11253054589853652,684.3538850416148,0,2157.1343037381957,3.324200000000001
1501181320604119409,Blazar,32.49155,yes,315,17.27,19.8201,18.24462507936508,18.3214,16.4963,0.48698632192785246,0.397019778511224,0.13164372343264621,0.034551472235010976,832.8042814597522,0,2982.032504085495,3.3237999999999985
1202181120094104611,SN,11.68959,no,93,18.89,21.4302,20.073759139784947,20.1039,18.1072,0.655058533434487,0.599552446688936,0.3133953308624968,0.10271511403883062,882.7532084193241,1,2948.9423976269973,3.3230000000000004
1601121290524101185,Blazar,28.29631,yes,372,15.78,21.077,18.905547043010753,18.841549999999998,17.7552,0.5513386901271558,0.52207024622074,0.1719615090295279,0.0600586524588535,862.106048416213,0,2977.9579173032034,3.321800000000003
805071260684103913,Blazar,25.70663,yes,210,18.3,21.3382,19.48907523809524,19.5382,18.0202,0.826284041177416,0.598510737479804,0.2476375143793166,0.11413525343556469,878.3131004236824,0,2985.9069344792006,3.3180000000000014
1112301090184104199,Flare,8.7325,no,244,18.21,20.9086,19.783590983606558,19.7889,17.5938,0.516597690497969,0.520870729192152,0.29435969169559567,0.0819658371183125,866.2115998585003,0,2931.9814672917055,3.314799999999998
1111191120034144818,SN,13.87289,yes,220,18.28,21.3159,19.965899545454548,19.998649999999998,18.0017,0.6558799127539519,0.6546405244206689,0.3017631215348957,0.10216525253711788,956.7366877370035,1,2947.8060143404,3.3141999999999996
906151040684106941,CV,3.31512,yes,10,18.09,21.2851,19.75159,20.5503,17.9725,1.4618496658153466,0.577058216008813,0.3251750991165537,0.17350243651059957,498.88655745730694,0,1771.0760129168993,3.3125999999999998
1004131180704112066,Blazar,17.72172,yes,166,19.16,21.389,19.846558433734938,19.8794,18.0772,0.6776786307423321,0.5981645389852789,0.27661017925468356,0.09920141235113086,604.4951640204207,0,2732.6948453355,3.311799999999998
1010291320134122717,CV,32.11092,yes,8,18.21,21.1935,18.4785875,18.145699999999998,17.8845,1.1070103347530227,0.545550965519109,0.174959477472111,0.14988089483295647,787.7243553353089,0,2261.9203172568014,3.309000000000001
1309300180094104003,SN,-19.49326,yes,33,18.66,21.1991,19.317542424242422,19.1545,17.8922,1.0686505310525705,0.533975464329886,0.23124840007988595,0.1259483449066739,977.3836341751974,1,2891.1119500463974,3.3069000000000024
1105250120744147105,SN,-11.39986,yes,32,18.5,21.3867,19.60848125,19.6909,18.0799,0.8250585709169683,0.5101720922034749,0.2617884159851415,0.09871921638335694,761.3161238156988,1,2632.8297630903035,3.3068000000000026
809060090024127492,Flare,-8.98287,no,214,17.88,20.4724,19.31722056074766,19.3311,17.1671,0.4445975042619197,0.3660771522159339,0.20431955257580087,0.04363971091384483,988.7977697990142,0,2979.9335361114063,3.305299999999999
1110300150114120497,Flare,-15.73449,yes,59,18.84,21.1306,20.25681186440678,20.2796,17.8254,0.5830751117062811,0.523519479000607,0.334658937169952,0.08748137569122265,796.2461113053043,0,2946.0027791317043,3.305200000000003
1101241090574129503,SN,10.70955,yes,226,18.65,21.1073,19.320165486725664,19.3263,17.8023,0.4584811175600318,0.6854060504233879,0.20537071479494393,0.0628567329310651,940.5003378719929,1,2956.896534595202,3.3049999999999997
1201291430584111851,AGN,42.95586,yes,211,18.95,21.1946,19.387775829383887,19.2932,17.8917,0.4936876803671907,0.571777447692369,0.21746150144412824,0.0696081201351742,841.1988409520906,0,2952.944173055701,3.302900000000001
1212101350334155040,Blazar,36.10572,yes,220,18.1,21.3669,19.836433636363637,19.88055,18.0644,0.6341643962100894,0.5883508708884411,0.26487746883740854,0.08629992654359045,921.4795496899746,0,2877.0104531714896,3.302500000000002
1105031400494106710,Blazar,39.97617,yes,322,15.93,19.2159,17.778238198757766,17.9117,15.9145,0.5179092010178307,0.594391291086247,0.1143428327155088,0.049138440048727285,862.1532413031108,0,2917.021307048395,3.301400000000001
1203281070824134397,SN,7.19479,yes,273,17.78,21.0754,19.67351282051282,19.6727,17.7753,0.5255470292422207,0.7748150344933249,0.25084221425571374,0.07509848890687325,903.9613022561258,1,2987.962527928401,3.300099999999997
1005121230594128285,SN,24.7077,yes,49,18.44,21.5316,20.30207551020408,20.3799,18.2322,0.881485597946873,0.595072659668016,0.3569064911052391,0.14008060494619126,838.578977232485,1,2992.9058459949956,3.299400000000002
1306061520534131582,SN,52.60948,yes,90,18.33,21.3445,19.937414444444443,19.9919,18.0458,0.6742808341278571,0.577688028851418,0.2899273657948742,0.09124728274917782,900.2126612108905,1,2678.782793749997,3.2987
1605281010644131002,SN,2.30717,yes,283,16.96,20.1471,17.978432155477034,17.9859,16.8499,0.21473583604398197,0.414187739408664,0.11851388431144363,0.037562123639820304,965.0396917270602,1,2991.8938037618063,3.2971999999999966
907311380634104253,Blazar,37.1765,yes,109,17.43,20.6807,19.310946788990826,19.3832,17.3844,0.6378165026332084,0.7974614969835458,0.21797137829824478,0.09122298576827863,548.6337034862535,0,2254.9059036457984,3.2963000000000022
905231120764123549,SN,12.59143,yes,63,18.44,21.3839,20.158280952380952,20.4127,18.0888,0.8614822029983836,0.6210657411737961,0.3382788051451577,0.13690620398233788,821.718355231012,1,2685.8393671410013,3.2951000000000015
1012031010504122216,SN,1.37123,yes,287,17.49,20.7565,18.90443379790941,18.8757,17.4633,0.35554881374939606,0.445806999727761,0.16203749479280563,0.03167672471292573,883.7813178129369,1,2902.015678043892,3.293199999999999
1104021550454132704,Blazar,55.7423,yes,112,17.14,20.3239,18.350111607142857,18.3141,17.0314,0.5257659839358764,0.396110395487225,0.1450412496303611,0.05441857185628044,802.9384619880404,0,2936.0396123957034,3.292499999999997
1105011520504112888,SN,51.68464,yes,8,18.36,21.4446,19.767400000000002,19.6158,18.1528,1.6151537812675485,0.618784492800682,0.3488450873376815,0.24274375973823073,618.4094231726457,1,2189.080819340299,3.291800000000002
909121011184202267,Carb,0.14602,yes,385,13.32,16.2756,14.683295064935065,14.7722,12.984000000000002,0.91397866738163,0.118140639716474,0.05958640451503889,0.00993504391823546,960.3810358580996,0,3082.728855336107,3.291599999999999
1306161290784123559,Flare,29.37984,yes,358,18.21,20.3448,19.34113966480447,19.34495,17.0533,0.3220369009805623,0.5870305457561279,0.2118808938654648,0.04962197222282623,925.4656934182827,0,3116.715037742899,3.291499999999999
1102261320544131285,SN,32.82285,yes,28,18.21,21.4651,19.817764285714283,20.094099999999997,18.1738,1.1269743689662506,0.62491765664946,0.2973602894097848,0.1562775136390848,576.1280369800868,1,2625.805767661899,3.2912999999999997
1212201070564109636,AGN,6.18156,yes,141,19.94,21.2419,19.940951773049644,19.9273,17.9507,0.5237848469966099,0.515214398699779,0.2775863087132386,0.07883798730472975,614.9314203746969,0,2810.2687145369055,3.2912
1404301350644109127,SN,34.5202,yes,271,17.85,20.1026,18.748032841328413,18.7348,16.8116,0.3112847036593143,0.345315984711239,0.15788940569150564,0.030299489779111774,836.8116971651838,1,2984.032893402502,3.2910000000000004
1404071490644153296,CV,50.18645,yes,12,17.45,20.6657,18.503866666666667,18.215400000000002,17.3753,1.0998364211705913,0.529176613036394,0.18716244555867845,0.1350765391368443,656.0832051634256,0,1974.412461481501,3.2904000000000018
801110040804109051,SN,-5.21494,no,25,18.21,21.2915,19.795272,19.9262,18.0028,1.0474198714460223,0.583439835746521,0.3070754729215109,0.15379076589027896,653.2777142640567,1,1984.7158228586995,3.2886999999999986
804091210874153781,SN,21.595,yes,154,17.74,20.9432,19.683248051948052,19.8187,17.6555,0.731919394846001,0.566324029290547,0.26333625200856947,0.08736783884603198,798.1435002253252,1,3120.6492028240973,3.287700000000001
1010070120124133169,Blazar,-11.84435,yes,178,17.86,20.9792,19.083098876404495,18.9209,17.6964,0.837916089807361,0.457679013255031,0.19463673279778976,0.08125532432485214,855.4667384496837,0,2922.9979287036986,3.282799999999998
1409301290824135095,CV,29.59554,yes,19,17.65,20.8743,18.627552631578947,18.0292,17.5929,1.1101725037971077,0.530679522505994,0.18877830320963038,0.13508592736094172,895.4958314041985,0,2380.735551747399,3.2814000000000014
1610121600264129045,CV,61.40397,yes,14,17.49,20.8101,18.940385714285714,18.18235,17.5289,1.3166942982958625,0.4248078630224509,0.23276942561121858,0.10729123786654116,584.3902452389204,0,1845.9447455671907,3.2811999999999983
1306051261094129061,SN,26.57508,yes,112,17.91,21.185,19.837082142857145,19.887500000000003,17.907,0.6896073561268036,0.5624705464684671,0.279947592746847,0.08950427982514048,991.6434619799188,1,2972.9071707521,3.2779999999999987
1306011120674133862,AGN,13.79424,yes,347,18.09,21.2464,19.479512680115274,19.5182,17.9704,0.5871805875385411,0.7076033660492791,0.22410854202883138,0.07221845007402838,901.4983268867695,0,2987.973249502007,3.276
1110211321074152444,CV,33.26105,yes,320,16.47,19.524,17.5307978125,17.45415,16.2513,0.42466078326305967,0.263011097408855,0.10255919890836847,0.024681878299306587,940.428506362098,0,3051.777116840196,3.2727000000000004
1610071320374137623,Blazar,33.22214,yes,437,16.57,20.8721,19.305486498855835,19.2943,17.5998,0.40302228991770767,0.715799112322928,0.20365952339393814,0.058071485461794886,852.8947039333269,0,3084.350995729197,3.2723000000000013
1204221520304126274,SN,52.33446,yes,76,18.23,21.4332,20.20495,20.3251,18.1618,0.6951396142742362,0.6098762353609339,0.3258232285670535,0.10841082407097351,665.1605109761407,1,2819.207227673898,3.2714
911261150484123338,SN,15.61141,yes,17,19.42,20.5652,19.422829411764706,19.4375,17.2945,0.718760219722741,0.431550474766869,0.2435734461837758,0.08781837859825067,430.1877393041127,1,1274.7939810419994,3.2707000000000015
1305211460624138558,SN,47.4133,yes,134,18.27,21.338,19.898279104477613,19.956699999999998,18.0674,0.6079968252878404,0.573317242516942,0.2823521665335071,0.08550926273546564,876.5401311385623,1,2939.9892067131004,3.2706000000000017
908201290834147637,CV,30.10959,yes,15,18.04,21.0567,19.305139999999998,18.818,17.7871,1.205544621322663,0.514287662195717,0.27334215209304463,0.14909081817530281,764.1160071345715,0,2600.971218124898,3.2696000000000005
1305031150684122609,SN,15.57571,yes,185,17.99,21.2273,19.83055783783784,19.9173,17.961,0.5570318138948199,0.551038700336465,0.2585401972978236,0.06832927652344609,856.2873759466519,1,2984.943017430218,3.266300000000001
1204011400424136005,SN,41.9601,yes,295,17.68,20.9032,19.317444745762714,19.328,17.6383,0.40933820127740517,0.6272592732908872,0.20215374752608128,0.05475381223195515,810.9486317705224,1,2708.8076791782005,3.2648999999999972
1205260070904186783,CV,-5.94016,yes,61,17.34,20.4772,18.861534426229507,19.0717,17.2133,0.9600358810803628,0.52134964005932,0.2328380018410941,0.11538820095397385,1006.8965815400978,0,2971.922569675895,3.2638999999999996
1411240210214124838,Blazar,-20.58602,no,63,17.26,20.769,18.840657142857143,18.8322,17.5053,0.6969029602727103,0.445493490384462,0.17752659023788317,0.06437196378307992,640.0609404717726,0,2595.9563204861042,3.2637
1303111090714111154,SN,9.1682,yes,67,19.73,21.5819,20.218047761194033,20.4088,18.3192,0.7524779051137022,0.572700014338573,0.331257788374413,0.11133291192896032,895.9914664742078,1,2925.960601296305,3.2627000000000024
1604171120724134433,SN,13.85381,yes,66,16.0,21.2916,19.452248484848486,19.512050000000002,18.0299,0.626619100409227,0.550206139219225,0.22828257028340004,0.08569353057445174,1002.3193058938091,1,2987.9630219558967,3.2616999999999976
1302061040444139121,Mira,4.02718,yes,247,13.01,15.474,13.88109028340081,13.9527,12.2125,0.9259534061234984,0.0712367815040741,0.054425046993043055,0.0036658502536077316,834.2613286163337,0,2865.0656409375006,3.2615
909271230814124462,SN,24.13363,yes,16,18.97,21.2535,19.808375,19.5505,17.9948,1.0842437539594134,0.5681264081835171,0.3096804177523941,0.14668711000558787,766.1462783535106,1,2681.861097639099,3.2586999999999975
1212031040274125613,Flare,3.95909,no,325,16.92,20.1798,18.187599076923075,18.1994,16.922,0.2054415827404427,0.338058697139898,0.12292086897714188,0.01722292943267034,919.3858935776285,0,2947.882034166294,3.2577999999999996
1312241350384110624,AGN,34.45471,yes,401,18.36,20.8951,19.115181296758106,19.0212,17.6378,0.5576059840732674,0.431981703146985,0.18612090208666626,0.05718780551807943,875.1157115946866,0,3064.3387438426944,3.2573000000000008
904270071114129007,Blazar,-7.40725,yes,121,17.85,21.0052,19.641646280991736,19.8132,17.7524,0.7565887561990893,0.527932862522568,0.26533187146181997,0.09798955692494689,767.7973856206097,0,3067.7281918865992,3.252799999999997
1403201070624106775,SN,6.16255,yes,146,18.12,20.4467,19.427924657534245,19.4561,17.1943,0.3536129927324395,0.344700667005386,0.21004857929194765,0.03414103304981694,762.7981322365256,1,2389.7206160998976,3.2524000000000015
1111160010064104203,SN,-2.56422,yes,15,19.82,21.3828,19.622846666666664,19.4297,18.1358,0.9868744173013152,0.482680797741646,0.25972073156738745,0.12672069949963272,390.38266030350667,1,1358.2036176732945,3.247
1211121150034142136,SN,16.5076,no,312,17.45,20.6448,19.269797435897438,19.252850000000002,17.3982,0.4115943309145457,0.51221877512422,0.20402601162839612,0.04872004166496137,910.331465676631,1,2947.810687962905,3.246600000000001
712301210424106841,SN,20.12199,yes,24,18.24,21.0863,19.339691666666667,19.11175,17.8425,1.0559762991068322,0.511306410827343,0.22556263408912258,0.12267981709565474,318.6299728218338,1,1634.6621948028915,3.2438000000000002
1401091400424118174,SN,40.67602,yes,52,19.18,21.4074,20.52900769230769,20.5962,18.1658,0.5889716521179029,0.5923595908457379,0.36788854227636203,0.10772390770529618,763.2053288096643,1,2678.8269136460076,3.2415999999999983
1510231320064127935,CV,32.64427,yes,185,17.13,21.2602,19.666275135135137,19.6315,18.0189,0.5732894277459993,0.5657265947756851,0.24019249458355837,0.07344329649043722,805.3535242846158,0,2953.946305879297,3.2413000000000025
1006010090764153269,Blazar,-8.64179,no,225,16.85,19.9993,18.070672,18.1784,16.7599,0.5796285019981079,0.558974872808053,0.13496363920696425,0.06442519510897086,851.3204264229306,0,2879.090183090404,3.2394000000000034
1101140180254114459,CV,-18.69136,no,156,15.61,18.0903,16.773597435897436,17.16875,14.8525,0.9896147091866336,0.129270549661048,0.08377113550148986,0.016158535676844728,848.6248600688283,0,2638.8008234723893,3.2378
1102051180544128471,SN,18.4854,yes,25,18.5,20.3195,18.336848,18.3922,17.083,0.9818843105308618,0.332874599854083,0.14061819534112963,0.07433374826619442,162.66396206041003,1,851.8269383217994,3.236500000000003
903171350634142473,SN,36.64364,yes,215,17.59,20.8206,19.35334604651163,19.4303,17.5842,0.5367277914568486,0.50680938572919,0.21646758793173865,0.05967586938605637,866.067005659884,1,2984.0031790741996,3.2363999999999997
1003051290594119977,SN,29.94521,yes,151,18.32,21.5517,20.154142384105963,20.1926,18.3165,0.6465891692501617,0.629228408425662,0.3231638179135033,0.1086672901688515,870.1461503837659,1,2990.9692099307067,3.235199999999999
1502261070614131896,SN,8.2384,yes,4,18.34,21.0099,19.956075,20.51935,17.7757,1.472480882445222,0.509269510455183,0.34760054861652345,0.16025119385204903,1158.3230184512092,1,2468.081659572097,3.2341999999999977
1301151460314123896,SN,46.28339,yes,121,18.39,21.302,19.70339917355372,20.0842,18.0683,0.9659164319870784,0.593034768342767,0.2741852588879873,0.1288247534917104,775.8642668549362,1,2912.037610983396,3.233699999999999
1212121380464115648,SN,37.55633,yes,57,18.08,21.0167,19.38498947368421,19.4964,17.7846,0.8124743790870781,0.448656019240186,0.21617028828513776,0.08130106480755073,720.0786640208365,1,2383.735379791302,3.232099999999999
1103100010174116151,SN,-1.41078,yes,81,18.56,21.3495,20.16044814814815,20.1889,18.1175,0.616283852642415,0.5708588524217739,0.3245093134082403,0.098724174701556,797.8717554686209,1,2950.0494361688034,3.2319999999999993
1011021380734143685,Blazar,39.04737,yes,242,18.09,21.3242,19.469293801652892,19.3831,18.0928,0.7092395901727961,0.604478119403129,0.2339843597704209,0.09531652805189168,963.9529280646118,0,3061.8005606828956,3.2314000000000007
912111210184153058,Blazar,22.40007,no,345,17.72,20.4483,19.04308724637681,19.0702,17.217,0.3730890560338396,0.429979362151044,0.19326852070310072,0.04164308655291825,869.3275084670837,0,2943.9232269096974,3.231300000000001
1203251150614137172,AGN,16.32974,yes,379,18.92,20.9641,19.345927176781,19.3304,17.7332,0.42659068051694193,0.51039842633849,0.20378764095707444,0.049971799523689873,860.8033616293972,0,2994.906950289391,3.2308999999999983
1106131630404111710,SN,62.96358,yes,86,17.6,20.7454,19.63990813953488,19.69325,17.515,0.5595814120898744,0.42716261867272,0.24625080573797128,0.055348582101583034,765.7351048831456,1,2706.772221782696,3.2303999999999995
1205141230744108444,SN,23.15405,yes,88,19.58,21.3049,19.45735340909091,19.259900000000002,18.0779,0.8023197466411487,0.578953180129953,0.23883076809743783,0.10450484560017576,593.602445249401,1,2368.7387579515926,3.2270000000000003
1402110040744115179,AGN,-4.71229,yes,274,18.99,20.4935,19.131363503649634,19.0457,17.2685,0.4509486969798532,0.426605339866401,0.18850433477475653,0.04851073428759351,915.960249185801,0,2971.891363009301,3.2250000000000014
1212091210534111237,SN,20.39404,yes,60,18.66,21.5497,20.328555,20.55105,18.3263,0.7983524591041393,0.7113974052414308,0.36237888476911106,0.13632518639758773,860.3905950745076,1,2976.9123778589856,3.2234000000000016
1005201181164141253,CV,18.84335,yes,346,16.54,19.6874,18.835088150289018,18.90155,16.4655,0.4552392073274905,0.5499293590316321,0.16817891511704558,0.03679156911949324,875.4666944367016,0,3030.8980820137003,3.2219000000000015
811200011164134220,CV,-1.34447,yes,53,18.88,21.103,18.90933396226415,18.8216,17.8812,0.6956372811324212,0.531687832235064,0.18225580513272402,0.0808790454226193,772.3101989558254,0,2503.1330824885954,3.2218000000000018
1301151120114110654,SN,11.91733,yes,15,18.44,21.3619,19.939373333333332,20.3105,18.1405,1.2706468153023867,0.637271086841677,0.3482319297058556,0.19298321038938981,1009.1816140937444,1,2864.1123782409995,3.221399999999999
1311261040084101817,AGN,2.9164,yes,110,19.68,21.18,20.068090909090905,20.02655,17.9597,0.5589376879395115,0.527685075697676,0.299396818387292,0.08991066186343812,730.3680979607743,0,2953.9062089583967,3.220299999999998
1202101150794131422,SN,16.10184,yes,24,18.25,21.2608,19.035204166666666,18.8184,18.0409,0.8708557452944305,0.5546857174043629,0.1978746767617479,0.11748606734613348,24.69487561359258,1,94.98073711809411,3.219899999999999
804260040884140372,Var,-3.89022,yes,166,15.1,17.9876,16.41705,16.89355,14.7682,0.9288052532771092,0.112392849100437,0.08084983649765498,0.015640479282303898,880.9032570951485,0,2960.918636874798,3.2194000000000003
1204011430554143340,Blazar,44.88341,yes,44,19.16,21.2055,18.994722727272727,18.8672,17.9879,0.7201938252880848,0.577058216008813,0.18851581648069046,0.0959842459559985,470.6900837249456,0,2197.034300231404,3.217600000000001
1302141230494130831,AGN,24.41435,yes,170,19.15,21.3626,19.763522352941177,19.6725,18.1452,0.6294028343594887,0.567824958599617,0.26109135641945386,0.09237583928685432,767.1228680779279,0,2772.6926877545993,3.2174000000000014
804140150714109771,SN,-16.33939,no,21,18.82,21.3039,19.3006,18.8199,18.089,1.0135122653426551,0.486221536441635,0.22761064021696653,0.1232309386880324,530.7222672636481,1,1815.044417534904,3.2149
1202191380504109013,Blazar,37.05481,yes,328,17.64,20.6791,18.75254603658537,18.81995,17.4644,0.5255430307508498,0.6434838477273199,0.1626616934142256,0.05512004688674093,853.5160032741807,0,2917.0174595252975,3.214699999999997
1202271090564148720,Flare,11.14182,yes,306,18.87,20.6412,19.508513071895422,19.50775,17.4279,0.3642113740795219,0.800414335830525,0.23097274148670507,0.07361191190258008,968.6420247795152,0,3099.237706863787,3.2133000000000003
1203031550344130821,AGN,55.82957,yes,57,18.45,21.3346,19.79962456140351,19.9615,18.1215,0.8323244575285826,0.57362653326322,0.2778203769190201,0.11735337269555168,476.7593206742733,0,1565.8574287964002,3.213099999999997
1401281260494108620,SN,25.91223,yes,3,19.56,21.2474,20.1614,21.2009,18.0359,1.8408838230589115,0.533719967693943,0.3894709750847893,0.2423166123011721,146.50229126885705,1,266.1255964352167,3.2114999999999974
1101131210514104253,SN,19.95082,yes,67,18.2,21.2135,19.975311940298507,20.0471,18.0031,0.813849743134888,0.5527139562978891,0.2933572589614879,0.1161302831815538,726.7870633482672,1,2703.708229328302,3.2104
1104051210484136574,SN,21.98784,yes,33,16.31,19.4357,17.75540909090909,17.9118,16.2261,0.947738297000958,0.280160273599465,0.12032091230994259,0.04860199043066997,676.516317469536,1,2450.1433015625007,3.209600000000002
803061090764110489,Blazar,9.06512,yes,255,18.58,21.3372,19.630142352941178,19.6231,18.1281,0.6202479598223065,0.5870305457561279,0.2463690616142853,0.08579540574677044,849.6872487730533,0,2987.976283610791,3.2090999999999994
905291210844147976,SN,21.81833,yes,15,18.17,21.2409,19.459893333333333,19.4769,18.0335,1.0287970273692522,0.551038700336465,0.2708406753824068,0.14567935931568912,378.69376024446984,1,1704.1547438659036,3.2074
805141230814106789,CV,22.84566,yes,34,18.25,21.3,19.18745,19.0346,18.0927,0.9147239196841983,0.5581099612588629,0.21700053984961312,0.12514830279639091,732.4430409088702,0,2711.7215186688045,3.2073
1004091010834148007,SN,2.31694,yes,208,18.11,21.1906,19.58571634615385,19.548000000000002,17.9837,0.5440151306169779,0.5360311424649461,0.2441931856998167,0.07638482939011834,887.8701716967547,1,2990.767853552905,3.206900000000001
1201291120484130165,Blazar,12.97189,yes,358,18.68,21.119,19.313630446927373,19.27375,17.9144,0.5907179645213118,0.50680938572919,0.20675787356001107,0.06763032857312945,857.5911029295484,0,2896.0440418286016,3.2045999999999992
803141150744110285,AGN,14.77145,yes,168,19.68,21.3666,20.053314285714286,19.98855,18.1624,0.5307133142765367,0.587359882133207,0.3004643302421085,0.09205406705507735,689.6297517849466,0,2930.0870612034923,3.2041999999999966
1201231010634150043,SN,2.72371,yes,27,19.33,21.5609,20.261114814814817,20.2909,18.3578,0.7823883624978584,0.5569622852792591,0.3447946274306223,0.12723156541281844,791.1675414365799,1,2678.7511321297206,3.203099999999999
1606021320614118438,SN,32.52069,yes,19,16.42,21.4492,20.184636842105263,20.1185,18.2477,0.7497928248749242,0.622983838169843,0.33472552399005806,0.14017744819605346,855.9892468176748,1,2516.9419308793003,3.201500000000003
1005131040794117717,SN,3.97118,yes,329,16.78,19.9502,18.11658389057751,18.187,16.7506,0.3833303359734269,0.628044993637629,0.1240479813731718,0.03962135271693961,907.2235723697327,1,2992.8517123609927,3.1996
811190010094117739,SN,-1.70227,yes,13,19.04,21.2135,18.6765,18.2852,18.0162,0.866732746198812,0.524248181031153,0.16153942090273665,0.11147153150735162,116.40450371371254,1,438.81905231488054,3.1972999999999985
1010311181124161429,Blazar,19.34664,yes,92,17.87,20.9888,19.241259782608694,19.2882,17.7919,0.6696498036836712,0.496017687995604,0.2185308197185264,0.07603289331816462,526.2396563543161,0,1826.0947513426,3.196900000000003
1601021380144110066,CV,37.08434,no,10,18.21,20.5867,18.54663,18.555349999999997,17.3905,1.1637412876389477,0.449616796704421,0.1824263662671684,0.12598063113895352,842.6969717034559,0,2189.082062569396,3.196200000000001
1106070010614108286,SN,-2.10465,yes,87,18.89,21.5183,19.885836781609196,19.8483,18.3242,0.6814005972849004,0.558974872808053,0.2850477425578787,0.10558107419662376,675.899036413288,1,2987.9280022913954,3.194099999999999
1103051320504137801,AGN,33.33753,yes,232,19.85,21.3494,19.760066379310345,19.665599999999998,18.1564,0.48262049020535047,0.573626523978025,0.24943965254859438,0.07819556601845166,658.4549760172903,0,2738.7211494672883,3.192999999999998
1305011230484123632,Blazar,23.93244,yes,168,18.85,21.3477,20.062215476190477,20.10575,18.1569,0.5881856680660755,0.576116887210896,0.2940419657094907,0.08668650997595988,826.4495275387902,0,3120.2840837965996,3.1907999999999994
1106111350474117100,SN,35.18118,yes,43,18.41,21.5282,20.521067441860463,20.6599,18.3375,0.8416754930383769,0.5960985627611679,0.38906177656807406,0.12070108983604227,767.9350078372004,1,2682.733359803402,3.1906999999999996
911210040484107252,SN,-5.32906,no,9,18.17,21.3183,18.9471,18.9078,18.1282,1.0155946927785713,0.5420613635505779,0.18789233069477518,0.13600277423760632,102.650009523794,1,318.13202365719917,3.190100000000001
1602271320384111174,AGN,31.69043,yes,210,18.98,21.3928,19.766792857142857,19.688000000000002,18.2027,0.5836719162628087,0.572084523202219,0.25681689258738755,0.08841437658887823,966.6013636261313,0,3079.2376526965963,3.190100000000001
906191070794103555,SN,5.89817,yes,76,18.24,21.3484,19.99528947368421,20.015700000000002,18.1587,0.6774043821487918,0.537326768894512,0.29853291761922834,0.09772204676386587,841.8911645916975,1,2990.9257281594982,3.189700000000002
1104131400294149908,CV,41.51476,no,231,16.66,19.6055,18.439066666666665,18.5967,16.4183,0.6485202620726985,0.27982369122259,0.14223591804160154,0.031127636430853874,857.4319405834078,0,2921.0129388194036,3.1872000000000007
1101140180484163514,SN,-17.01092,no,53,17.79,20.525,18.98491320754717,19.2512,17.3381,0.8594654085395488,0.364450793399072,0.18718656415104248,0.06273984234753267,805.7216814771456,1,2546.0478182057996,3.186899999999998
1201261660164154694,SN,67.33957,no,20,17.84,20.9417,19.456325,19.63955,17.7549,0.9553005511493836,0.460398034583291,0.24409671714347697,0.10541853118994252,703.6441876466096,1,2509.1007041433113,3.1868000000000016
1104041230404151904,CV,25.27449,yes,517,15.3,17.6972,16.15623152804642,16.2702,14.512,0.3526106962263103,0.131279176292643,0.07084500576858092,0.009577157354064213,919.1987842608185,0,3126.2720846524026,3.1851999999999983
1203251260444104852,SN,25.71026,yes,10,18.53,21.4916,19.91746,19.9834,18.3078,1.4007107673526968,0.629624203623932,0.359593844979841,0.21762613052110294,597.0804249045061,1,1799.0163921989006,3.183799999999998
712061210534104289,SN,20.00206,yes,46,18.44,21.6186,20.25193695652174,20.3933,18.435,0.8617258523474073,0.5844133223308001,0.34321541310549203,0.1324431329829506,692.433301353455,1,2603.995765671192,3.183600000000002
1104041150484138263,SN,16.5649,yes,35,19.49,21.3477,19.517214285714285,19.5012,18.1654,1.0379661674591878,0.54047079647411,0.24505124376300783,0.1358400471772238,589.6663751776557,1,2920.0546033214923,3.182299999999998
1412301120594110654,Blazar,11.97137,yes,361,16.38,20.7025,18.81672105263158,18.8088,17.5213,0.42347126401261853,0.750610410519353,0.16496347786230406,0.06372124663073817,924.3806535814166,0,3130.282201215203,3.1812000000000005
1107030071114165760,CV,-6.24468,yes,90,17.52,20.6459,18.990594444444444,19.1613,17.4659,0.8096570517382413,0.453024268315787,0.19720838049708403,0.07636919998237843,936.5428342706608,0,3062.752234316904,3.1799999999999997
1607051090894117774,CV,9.12398,yes,102,18.94,21.262,19.195407843137254,19.093600000000002,18.0827,0.6335470802617387,0.8725303147734879,0.22462900525670326,0.11980098522466705,589.0660466077328,0,2883.0445900583,3.1793000000000013
911100070334153394,FU,-6.69871,no,139,12.74,15.4637,13.346208633093525,13.1145,12.2859,0.7388076842269276,0.0640815901920911,0.05349405788693029,0.0028980112992271277,832.9274512135429,0,2611.7809295252955,3.1777999999999995
810010070114130714,SN,-6.27407,yes,141,18.34,21.2661,19.7825304964539,19.9444,18.0885,0.7438658900772791,0.9331574931567792,0.27426686675964623,0.11340076800365614,831.0894687576588,1,2926.0529598957073,3.1776000000000018
1212091350184194219,SN,36.51075,yes,188,16.05,19.2316,17.99781914893617,18.03465,16.0542,0.4610088076174641,0.213802621397619,0.12585001897618342,0.021509054930445567,746.946380931549,1,2581.831650868102,3.1773999999999987
1212040090324112508,Mira,-10.79332,no,137,12.79,15.8982,14.278383211678833,14.2731,12.722,0.7300734864874634,0.066240777724809,0.056664656692102515,0.003437639948437905,857.2241258769192,0,2635.7679988313976,3.1761999999999997
1205260230814129756,YSO,-24.26497,no,40,14.9,17.9024,17.0706925,17.38305,14.7267,0.8595600536552079,0.228293568707378,0.10752983345256921,0.03635562438519856,638.594532505442,0,2188.0567144906963,3.175700000000001
904221430604117967,SN,43.22054,yes,47,18.48,21.5385,20.141678723404254,20.2158,18.3629,0.8262421418257302,0.7092229041044241,0.3409577746823637,0.14638785249978173,638.8023685225219,1,2614.959371261306,3.1755999999999993
712031180464106445,SN,17.32712,yes,42,19.42,21.055,19.857761904761905,19.7586,17.8796,0.6169589431540368,0.495180931191506,0.2564810267467484,0.07960872707439882,790.5423005135972,1,2889.0295229746916,3.1754
1003171010824148041,SN,2.5221,yes,24,18.52,21.0599,19.822208333333332,20.0313,17.8859,0.8276153700826862,0.5592639660189019,0.2883691899693633,0.11905866301122879,772.7745964724885,1,2681.7092237499965,3.1739999999999995
1404251320614122898,Blazar,32.55962,yes,250,17.24,20.9531,19.330290400000003,19.3388,17.7799,0.6460820958719303,0.469367199667371,0.2140899056793442,0.06841657814793797,880.6887673391586,0,2982.057145926199,3.173199999999998
1012071380104223832,CV,37.53794,no,264,15.48,18.2582,17.74101628787879,17.832,15.0856,0.4769762016684173,0.142110491741686,0.10467190874851345,0.011746505848021225,939.5366005823545,0,2950.011403657496,3.172599999999999
1201211040084125122,AGN,4.51283,yes,306,18.52,19.8918,18.607679411764703,18.51515,16.7222,0.38275615822177994,0.2947802867065759,0.14769657420555574,0.030309261215618857,862.2449352135336,0,2962.987597418898,3.169599999999999
1110171090534127312,Blazar,10.63126,yes,420,16.64,19.6619,17.556135714285716,17.4224,16.4968,0.680324681233655,0.6934504856699739,0.10649772039228428,0.04399942585719154,916.8864275740262,0,3096.312207951596,3.165099999999999
1209171320804150109,Blazar,33.05112,yes,332,17.09,20.2548,19.114628614457832,19.1515,17.0921,0.4697292819944578,0.442391155647077,0.19208506151015667,0.046944210072587644,910.0780004620095,0,3040.8039285995983,3.162700000000001
1304151430494101547,SN,42.41496,yes,33,18.4,21.4229,20.065469696969696,20.3042,18.2603,0.9134361340170593,0.610605645384531,0.32906811368480204,0.14383487933786038,884.5400376846121,1,2650.970832581188,3.1625999999999976
1304031120774114435,Flare,12.09303,yes,368,17.27,19.0308,18.4077339673913,18.4439,15.8691,0.24721918517546734,0.3803693655479439,0.13611274062695414,0.02754394759553743,911.9652247683839,0,2987.976428414695,3.1616999999999997
1002160180674139127,SN,-17.62652,no,23,17.51,20.662,19.389534782608695,19.6473,17.5021,0.9003760227657889,0.427581903459159,0.22450784398789186,0.07608416376190177,665.1462402042872,1,1875.8462101277037,3.1599000000000004
1204191210774114860,SN,20.54988,yes,133,18.29,21.4095,20.02718796992481,20.0922,18.2507,0.6682045363733589,0.610605645384531,0.30491648314139685,0.10642240027638201,837.1883116050337,1,2908.033168553404,3.158800000000003
1105061460454102381,AGN,45.37911,yes,145,18.95,21.3929,19.334918620689656,19.0663,18.2346,0.708660796854241,0.575491614190353,0.21552215784284656,0.09094148609706068,736.6734705023262,0,2704.820101273195,3.1583000000000006
1011160151074147665,CV,-14.81902,yes,33,18.38,20.7119,18.881224242424246,18.8599,17.5548,0.8703261572645861,0.468466829044721,0.19718255311907873,0.09445013953374445,1017.5286043039388,0,3031.7887243980877,3.1571
1003201120464144037,SN,14.01085,yes,36,19.08,21.2002,19.413911111111112,19.428350000000002,18.0438,0.8073355003706523,0.518493733848566,0.22259010378474775,0.08458529990929661,334.8741154912397,1,2097.1976858451017,3.156399999999998
907111350784151905,SN,36.42781,yes,16,18.01,20.5044,18.55533125,18.149749999999997,17.3488,0.8916703454519127,0.3937505299418729,0.1802192595333807,0.09243726461610356,373.99820498915574,1,1843.9681332982,3.1555999999999997
1304101090814108983,SN,8.96926,yes,54,18.8,20.819000000000003,19.173264814814814,19.0441,17.6644,0.8772075314695751,0.417821013446902,0.2180977252827036,0.08093735585867962,591.5138119792242,1,1947.855901064897,3.154600000000002
1503271010804119874,Flare,1.13437,yes,189,19.31,20.9162,19.784270899470897,19.7965,17.7623,0.3747186372122243,0.54339643216192,0.2625919885045358,0.04965383285262976,883.7426733506243,0,3005.832666180504,3.1539
1105041380534110947,SN,37.43124,yes,35,19.2,21.4645,20.099651428571427,20.1405,18.312,0.7603809433711611,0.599204677930739,0.3215358432782195,0.1258647165237441,844.6234739863628,1,2775.223844525397,3.1525
1005190070924141578,Mira,-7.79284,no,123,12.81,14.9791,13.45179105691057,13.1067,11.8278,1.0034157179933385,0.0884881484878724,0.05551914792478925,0.007049493814323357,986.4271140121729,0,3088.6773171295063,3.151300000000001
1206111150664126745,SN,15.8936,yes,11,18.2,21.195,19.85478181818182,20.3709,18.0441,1.3939665267273695,0.549101266627384,0.336143477563337,0.19732552968508174,1027.407769749454,1,2624.9545540162,3.1509
1204211040484113178,SN,3.46406,yes,28,18.93,21.4127,19.669839285714286,19.37535,18.2651,1.0024164165171952,0.588682181068745,0.2731897871805371,0.14198410978521744,969.7460091419854,1,2903.0405447105877,3.1476000000000006
1209141070054135993,SN,7.76512,yes,37,18.45,21.3042,19.118110810810812,18.724,18.1569,0.8952599857594997,0.624142229593961,0.20147961530280128,0.11838087869170182,313.40826377159476,1,2157.1734358682006,3.1473000000000013
1309170070904150815,AGN,-6.74543,yes,146,17.52,20.6674,19.318955479452054,19.31575,17.521,0.5583725797327042,0.468107997947693,0.24246811535707852,0.06763901751176472,859.647132363901,0,3069.7070713424982,3.1464
1201181010234147842,Blazar,2.67724,no,78,18.01,21.1586,19.69798846153846,19.8582,18.0128,0.8609892098484878,0.5561056669849089,0.2883223990880634,0.1186816944220232,769.966315977794,0,2939.0249871644046,3.1458000000000013
1202240010534114045,AGN,-2.00123,yes,163,19.65,21.0827,19.64478036809816,19.5591,17.9387,0.5324844771236417,0.526450693115624,0.24593326002419427,0.07469768737415376,695.3145556501524,0,2899.126731041797,3.1439999999999984
1511101460694162679,CV,47.45137,no,133,17.69,20.8185,19.394064661654138,19.5715,17.6757,0.7397166776620878,0.497491227328425,0.22684535688165675,0.07437984314753564,941.7719375144995,0,3081.670460867703,3.142800000000001
1306051260534106546,SN,25.84702,yes,23,18.66,21.372,20.290404347826087,20.4857,18.2299,0.9177656878024538,0.5978189017124059,0.3694590161987606,0.14042881052556477,970.9070423337645,1,2977.943090740504,3.1420999999999992
1012101320084121519,CV,32.01113,yes,346,13.87,16.7361,15.400356358381503,15.91205,13.5952,0.99528971042812,0.0966813252109478,0.06333275679504353,0.007635679625614723,951.3764785070493,0,3057.7997429394018,3.1409000000000002
1310221260034120370,Flare,26.74813,no,322,18.24,19.9802,18.86215590062112,18.875500000000002,16.8394,0.26559828996388635,0.650721304253001,0.1664172450148916,0.04486697327457016,957.1391634494804,0,3031.8317301968054,3.1407999999999987
1105131490324110809,Blazar,48.91624,yes,259,15.97,18.4358,17.114111196911196,17.1687,15.2962,0.6703550016278537,0.125900279105221,0.0876582336949515,0.01506634917094222,844.4708074705217,0,2874.1575319441035,3.1395999999999997
1004041090614113948,SN,9.44568,yes,21,18.2,21.259,19.107980952380952,18.6792,18.1202,1.0065345958381395,0.569944149731137,0.2251840999055971,0.14493383464733972,483.2163634786529,1,2575.9407945368002,3.1388
1004061090274153419,CV,10.89909,no,26,18.02,21.0405,18.755026923076922,18.6473,17.9043,0.7132507629481749,0.5355152371206671,0.1749484533982136,0.08439712090799871,863.8162921207354,0,2538.982902824493,3.1362000000000023
1001081010654134912,SN,2.4017,yes,341,16.49,19.5737,17.862368328445747,17.8725,16.4375,0.29542083391597435,0.579270612122501,0.1103563488549428,0.030047585315025247,955.0265727138382,1,2991.8937933449997,3.1361999999999988
1209141090204129093,SN,10.34491,yes,75,18.97,21.2807,19.710756,19.6287,18.1503,0.7481336808279567,0.575491614190353,0.30271414351559167,0.11778771370965462,844.9415342192558,1,2936.978626655,3.130399999999998
1203270010604115428,SN,-1.8681,yes,322,17.73,20.5807,18.817100310559006,18.747500000000002,17.4504,0.6710489000988609,0.6260855911947599,0.17305627326366282,0.0634839353413213,882.7973775289262,1,2987.9122594673972,3.130300000000002
1002171380484109521,SN,37.16321,yes,8,19.34,21.1703,19.786137500000002,19.77315,18.0401,0.9652398117085422,0.5149823041778601,0.2728904962110946,0.1282531940901248,395.81590301429526,1,1478.0745314122032,3.130200000000002
1204011460464119919,SN,46.48375,yes,21,15.57,18.6971,16.534761904761904,16.3718,15.5674,0.7356732110633021,0.154870334541305,0.07730983750872744,0.01964648168931306,253.45990340852612,1,1190.836903842799,3.1296999999999997
1305121090884136789,Var,9.75308,yes,308,18.57,21.023000000000003,19.033680194805193,18.92495,17.8948,0.5651314918022804,0.8536063009424709,0.19461035021776824,0.07548954781170367,920.0075275394985,0,3107.7085785072923,3.128200000000003
1310030150174109582,AGN,-16.35722,no,124,19.16,21.1588,19.737356451612904,19.754350000000002,18.0348,0.5624712347827548,0.5474550088984621,0.25877570982567244,0.07897588866681038,978.729631916984,0,2962.915755185306,3.1239999999999988
1511020070074126189,Blazar,-6.51454,yes,161,18.55,21.1689,19.731319875776396,19.6748,18.0469,0.5767440043923159,0.6172759066925301,0.26587081801765783,0.08581982485449047,1000.1927054633434,0,2968.9068292477023,3.122
905261010764141260,UvES,2.37259,yes,176,18.1,21.0818,18.994738068181817,18.8189,17.9602,0.6782992685278301,0.513365394530699,0.18934777910404293,0.0747644998135246,850.7563981437155,0,3005.836539329008,3.121600000000001
1206181230574132946,SN,25.03738,yes,129,18.48,21.362,20.159739534883723,20.1899,18.2405,0.619400730219668,0.5799068692430369,0.316373347730885,0.10411050405143447,936.4703690695427,1,2992.9129465277147,3.1214999999999975
1002130070714113393,Blazar,-7.55048,no,279,16.46,18.9619,17.305691039426524,17.3023,15.8413,0.6229878857431562,0.245732568554158,0.09898735345589788,0.029604586733885743,881.3879348840103,0,2951.028404328994,3.1205999999999996
909251260044125490,CV,26.77259,yes,15,18.58,21.3181,19.289373333333334,18.9791,18.1976,1.010451478630551,0.589013983477055,0.24098473488934277,0.15286411333562985,1125.5749721557424,0,2885.049926006701,3.1205
1111181490664163515,SN,50.32503,no,23,18.19,21.2766,20.042417391304348,20.3137,18.1565,0.9779896642194947,0.574246442265452,0.3311502705705032,0.14138791936862963,1042.5827343146007,1,3061.7881213427027,3.120099999999997
1305051350574113768,Blazar,34.67524,yes,282,18.04,20.5918,18.686866666666667,18.736649999999997,17.4718,0.4593880273449102,0.509946061867484,0.15712382443024778,0.045609983264286516,834.8156293808308,0,2936.027747036911,3.1199999999999974
910150040214136986,SN,-3.26442,no,25,15.5,18.0855,16.212156,16.3708,14.9663,0.8895260273876195,0.115832928195689,0.07195095522731701,0.016356276899116593,20.47703264508586,1,62.80413371510076,3.1191999999999993
1011021460284108638,SN,45.38435,no,248,17.87,20.8172,19.61753185483871,19.618450000000003,17.6992,0.5765915105460653,0.5436645200760929,0.24565989266092728,0.07353500391355022,765.3595312934316,1,3111.2420459259956,3.1179999999999986
1110211550594103326,Blazar,53.78465,no,55,18.96,21.1343,19.37279090909091,19.2766,18.0173,0.7447717137865576,0.5681264142169511,0.22967667168013153,0.10191092389537183,784.4294868365098,0,3086.712712720102,3.117000000000001
1304180010844125972,Flare,-1.65755,yes,4,18.98,21.1159,19.2564,18.95415,18.0014,1.3186969806087625,0.522552126353229,0.2499967131441935,0.18396093800154611,198.48135497576345,0,396.9689877777928,3.1144999999999996
802021070444156851,CV,8.08062,yes,22,18.57,19.8775,18.497349999999997,18.5695,16.7639,0.5538963722488862,0.258119307698004,0.1428356562003261,0.03165198584333899,1092.071940640662,0,2842.1852785067967,3.1136000000000017
1201251290084153337,Var,30.96617,yes,111,18.43,21.4492,19.647655855855856,19.7146,18.3365,0.6417045951192926,0.684911346608438,0.25241805326783706,0.09424215829429183,934.3277689922821,0,2949.9688828006038,3.1127000000000002
810311290504117895,Flare,29.81739,yes,8,20.23,21.332,20.153225,20.6048,18.2198,1.1381443678825898,0.556105658436151,0.34941583902796647,0.17160052281185345,552.1582768000651,0,1274.804536527503,3.1122000000000014
1209171260074119171,Blazar,26.38937,yes,300,17.62,20.5589,18.67873133333333,18.653799999999997,17.4471,0.5272258792751725,0.502200426740133,0.16000467814984265,0.04597559719207766,946.8582710973166,0,2952.916548564601,3.1118000000000023
1101281350324101650,SN,33.88345,no,11,17.92,20.9853,19.092563636363636,19.1891,17.8758,1.089855664088348,0.450260444227404,0.2015190882481118,0.1126282217329341,440.2058829436841,1,1449.0662558330005,3.109499999999997
1009101091244136375,SN,10.96906,yes,102,18.39,21.2778,19.89642450980392,19.992849999999997,18.169,0.7413880903295055,0.557248609670683,0.2939233069520662,0.108670521056816,831.5047973361759,1,3042.8037424422,3.1087999999999987
902190010294102478,CV,-2.75077,no,278,15.62,18.2745,16.708222661870504,17.01325,15.1667,0.9731757130888318,0.15602701012239,0.08578989102260222,0.02092398275513752,895.6999157852864,0,2930.0473175928055,3.1077999999999992
907301180664110047,SN,17.83119,yes,11,18.67,21.5623,20.090481818181818,20.6456,18.4547,1.2729686436186733,0.6210657411737961,0.365827438864599,0.17928236408210912,242.05739375078952,1,820.6882240855994,3.1076000000000015
1212041010314105958,YSO,0.20332,yes,233,15.74,18.8022,16.690891845493564,16.5633,15.6952,0.6211978694373954,0.167218111624917,0.08567252652763245,0.020373931618311296,860.3347136635296,0,2908.028595185395,3.1069999999999993
1112291520334118638,Blazar,51.85106,yes,170,17.97,20.6672,18.88261176470588,18.8692,17.5607,0.5737555502637045,0.473940588661194,0.1699157984133167,0.054849427859039096,908.0255087851269,0,2712.8537486112036,3.1065000000000005
1305161040664114824,SN,3.89406,yes,123,18.47,21.5723,20.20032032520325,20.2665,18.4675,0.6150381698083481,0.5687305997826271,0.3201604564703996,0.09587303299415513,939.5452912216546,1,2979.8686922337,3.1047999999999973
908191381004110997,CV,37.12082,no,21,18.02,20.1315,18.241414285714285,18.0374,17.0271,1.0094649514895067,0.326719314187758,0.1552928416554087,0.07638944807786893,794.1040790984383,0,1918.8021877430947,3.1043999999999983
1405241210744104954,SN,20.0094,yes,86,17.26,21.1985,19.362816279069765,19.2559,18.095,0.6754775311037318,0.5407350239390251,0.2149620853084892,0.08278821817766073,722.0324021596944,1,2282.935427140903,3.1035000000000004
1009110011274140658,CV,-0.20135,yes,19,17.43,20.5304,19.466836842105263,19.703,17.4272,0.9492958362272348,0.369485207656771,0.23142178312470096,0.07952410734308507,455.93852579191537,0,1879.9757875926007,3.103200000000001
1401101430404116869,AGN,43.346,yes,160,19.78,21.365,20.151520625,20.20155,18.2625,0.5328472533082043,0.589013983477055,0.30869474442373784,0.08801512309611877,841.54437177343,0,2720.85989907389,3.102499999999999
1009111150134118640,CV,15.42746,no,46,18.87,21.2878,20.300426086956524,20.527,18.1866,0.7382893258321441,0.6222147357104271,0.38307259833176327,0.12642672985737824,903.459416751395,0,2940.9255498610946,3.101200000000002
811071180184131656,SN,19.05529,yes,20,19.71,21.1392,20.053495,20.2066,18.0382,0.842395739277349,0.559553455343515,0.32232267474576287,0.13458675393489317,769.4438838354384,1,2243.8767697341027,3.100999999999999
804250040784123523,CV,-3.42235,yes,23,18.72,21.3129,18.991573913043478,18.7049,18.213,0.8733876179032496,0.488822860899802,0.19559524061707978,0.11066651762234245,519.985519653175,0,1719.2318786339965,3.099899999999998
804261290424127036,SN,30.39601,yes,15,19.55,21.1855,18.983293333333332,18.4338,18.0863,0.9108740123534934,0.502634501734095,0.1824959581626668,0.10351206082896715,114.06156181591936,1,453.9082085531918,3.0991999999999997
1303241400594101724,HPM,39.61034,yes,37,19.42,21.3196,19.203954054054055,19.142,18.2211,0.47890206119750617,0.5847387861838841,0.20429417402674094,0.0787161589806087,477.1048841130431,0,2667.9218087965055,3.0985000000000014
1206101460644109240,SN,45.7386,yes,10,18.62,20.7554,18.62873,18.51745,17.6582,1.1360772333389626,0.604834063792418,0.1905904769851671,0.1613360544322775,356.0053751599702,1,1210.8520135070066,3.097200000000001
809231260054127186,SN,27.01021,yes,13,18.88,21.2683,19.123715384615384,19.1184,18.1726,0.8780540405219499,0.5529944959541839,0.20538029137291053,0.12118721367668484,207.32033851179006,1,759.9604509725032,3.095700000000001
1202251230594123343,AGN,23.71755,yes,361,18.62,21.1664,19.003997229916898,18.8701,18.0715,0.5251419749226303,0.459033048672865,0.17621013291048582,0.05187728292620355,914.0649716552578,0,2992.9204324883976,3.094899999999999
1405031380734126226,AGN,37.907,yes,369,17.62,20.4087,18.64838265582656,18.6194,17.3154,0.5036353680906864,0.484442412047511,0.15671745803179535,0.046272065306829806,963.0461192905368,0,3061.8005606828956,3.0932999999999993
804291230674139537,SN,25.27894,yes,44,18.57,21.4037,19.78996590909091,20.1456,18.3108,1.0868729623339801,0.6037679019583609,0.2995013962566956,0.1539356246411615,731.3473186708525,1,2906.0400624187023,3.0929
901281180164132364,CV,19.26978,yes,9,18.31,20.7518,18.3072,18.1604,17.6609,0.9684460336022855,0.455169274559224,0.16241611129734207,0.10985745160901043,469.96240293691613,0,1301.2942088538039,3.0908999999999978
1511301290014130643,CV,30.0523,no,172,17.5,20.6872,19.382506976744185,19.4057,17.5974,0.543592149483673,0.398856057197557,0.21223611417388136,0.05230740497534042,963.145227360877,0,3055.8867352199886,3.0898000000000003
1110281630424126946,Blazar,63.97874,yes,69,18.25,21.2208,19.444289855072462,19.221,18.1325,0.7662369688259418,0.535773042864456,0.23663222015572477,0.0992470692267061,823.870941821372,0,2706.7693126731974,3.0883000000000003
911261180414138295,Blazar,18.38646,yes,343,17.27,20.0412,18.669402040816326,18.7895,16.9535,0.6524740779699417,0.4332824941220189,0.15629825771011735,0.043231946718402754,875.5611785950264,0,2945.9310825462017,3.0877000000000017
1106040210844128759,Mira,-21.97263,no,68,12.84,15.4252,14.018261764705883,13.928799999999999,12.3384,0.8914504801256449,0.0651879802226983,0.05672149281963788,0.004471990193566024,817.2706644672088,0,2912.006796481597,3.0868
1012140210294136929,CV,-20.78879,no,4,17.48,20.4915,18.209125,17.46965,17.4057,1.5219132177952843,0.4192725858508239,0.1755036568367176,0.16251532011222627,890.0456075616909,0,1780.0988799771949,3.085799999999999
712161120654120793,SN,12.90952,yes,41,19.55,21.4707,20.20677804878049,20.2248,18.3862,0.718902371853159,0.63161302452257,0.32532755733492963,0.12067220273380308,744.1537851512053,1,2605.9323987039024,3.084500000000002
1112270090124101221,SN,-11.15906,yes,15,18.18,21.1925,19.83988,20.2603,18.1086,1.1225974244708443,0.534487395768244,0.29564820947371456,0.13599372581312544,912.5070125735385,1,2864.190871585597,3.0839
809091260054126896,Flare,27.09995,yes,184,18.69,21.1487,20.249759782608695,20.20745,18.0659,0.4598706483752913,0.536807520885934,0.32774237760580205,0.07826698651140991,912.5824648872488,0,3031.824313981502,3.0828000000000024
1002151150674120927,SN,15.40488,yes,15,18.62,21.6286,19.930506666666666,19.8495,18.547,1.0335432933545141,0.5687306058331589,0.30190556066507324,0.15208899615114602,620.6083974628658,1,2303.836414687299,3.081599999999998
903161150564121087,CV,15.19271,yes,434,15.6,18.4571,16.949560599078342,17.122999999999998,15.3764,0.6556674703163552,0.187118558076008,0.08577075293826501,0.01651062075534082,893.3355126140069,0,3127.2617940739874,3.0807
1305091490614141161,SN,49.72891,yes,56,18.44,21.4864,19.955080357142858,20.1199,18.4057,0.7633559792532484,0.641811530272182,0.3053456451722024,0.12121246580431541,867.1378104151555,1,3083.7330083333945,3.0807
1504151320414103256,CV,31.26549,yes,17,18.56,21.4329,19.894935294117644,19.9533,18.3555,1.0398731935560555,0.582793228264611,0.2976494710145995,0.14609220667426867,1157.9115230451746,0,2861.048104062196,3.077400000000001
903191260704110940,SN,26.01723,yes,4,18.44,21.1896,19.6587,19.6652,18.1148,1.493267895143621,0.5000450368424071,0.3098500968813613,0.16082702931777806,631.2579276060187,1,1154.7873912502037,3.0747999999999998
1309120090054115627,SN,-10.31634,no,85,18.25,21.1195,19.69487882352941,19.8437,18.0449,0.8191144328297624,0.5106249968886221,0.25878274496051623,0.0988162118990091,987.3707628665828,1,2969.908431585398,3.0746
1203131180174105289,SN,17.30089,no,5,17.39,20.4304,17.99752,17.4033,17.3567,1.3601829645308736,0.37108118985821,0.15076219080412825,0.12316348437068857,147.60007378878615,1,330.05145489610004,3.0736999999999988
1312241380384107607,AGN,37.13471,yes,97,19.7,21.6547,20.12041855670103,20.1312,18.5824,0.5559668913122391,0.573317248698197,0.3006059396856985,0.09080231451549886,637.4192601920909,0,2177.122655346997,3.0722999999999985
1511301320064125325,SN,32.39971,yes,22,15.43,19.4882,18.19233181818182,18.3658,16.4167,0.8210686099667488,0.210763369184911,0.12877087130751166,0.0392479878677131,720.4587376057333,1,2477.2516113655,3.0715000000000003
1301171260534109021,SN,25.89788,yes,40,18.83,21.3018,19.70533,19.6576,18.2309,0.9437929135633008,0.5621770184295211,0.2663465678488125,0.12851962052257718,783.9985105783335,1,2645.761687372804,3.0709000000000017
901200120474150650,Blazar,-12.22646,no,99,16.11,19.1521,17.53752424242424,17.5666,16.0812,0.5453084392305931,0.184105797103813,0.09926751464974223,0.018708684188786746,849.6208908850701,0,2843.1884265047993,3.0709000000000017
1203300070554127127,SN,-6.77671,no,293,17.09,20.1602,18.76601877133106,18.8132,17.0907,0.34124284520954584,0.96900561628683,0.16307597988341055,0.06119512370475498,844.6494715026209,1,2919.0234251038855,3.0695000000000014
1110181290134107909,Blazar,28.80241,yes,348,16.15,18.5405,17.49933764367816,17.62365,15.4715,0.5823445764296459,0.159993122505629,0.1018433221271555,0.017878262712921596,902.7548779245484,0,2950.9747989233947,3.069000000000001
1609041041244101667,SN,2.90788,yes,33,17.51,21.1727,20.29710303030303,20.3258,18.1042,0.5950911487352423,0.6210657411737961,0.353370505016952,0.10324312759848338,974.0149010151815,1,2938.9405532753954,3.0685000000000002
1301151460334132242,Blazar,46.87647,yes,140,18.8,21.3324,19.809835714285715,19.842799999999997,18.2657,0.6993949476626458,0.580545012386319,0.26582016064528047,0.10037385356890086,750.5306580834629,0,2874.1308679744034,3.066700000000001
1210150150074131189,AGN,-14.60368,no,177,18.58,20.644,19.23969943502825,19.2604,17.5781,0.5205618999191213,0.421408968645073,0.199766847961579,0.055195103281449026,892.2820119217602,0,2940.974354455706,3.065899999999999
909170180064103946,SN,-19.4626,no,22,18.0,21.003,19.183945454545455,19.2709,17.9375,0.9331181320238543,0.486818516944191,0.2105011648770562,0.10395197734225989,499.1021502118022,1,2530.1468259143003,3.0655
1409031291124154648,CV,30.84358,yes,37,18.64,20.7876,19.081272972972975,18.9268,17.7226,0.6866939329734774,0.474126047328935,0.21346264901530418,0.08923917940493777,1161.2083393789185,0,2905.992134270804,3.0650000000000013
810251320174125751,CV,32.51584,no,15,18.87,21.0318,19.07669333333333,18.629,17.9685,1.0942622964919393,0.528927235998336,0.2508401149046945,0.16072973355433895,1086.3114094487544,0,2860.1128568056956,3.0633000000000017
1103301150814122387,AGN,15.40876,yes,222,19.29,21.2401,19.81397927927928,19.79685,18.1786,0.4406418684377325,0.549101274891715,0.2636931222702611,0.0635183418366761,717.7496467426845,0,2989.9186576852007,3.0615000000000023
1107011120104119909,SN,12.80337,yes,171,17.87,21.0614,19.748534502923977,19.6784,18.0,0.47387890763006424,0.5360311424649461,0.25546252150771126,0.07001614680850703,963.9023925749301,1,2948.925758634199,3.061399999999999
1010120151224127381,Blazar,-15.00712,no,52,18.91,21.0019,19.285057692307692,19.21325,17.941,0.6705350902037651,0.5971291914828779,0.21278968969687087,0.08312318680649695,539.7121254317093,0,1854.9163200925032,3.0609
1104291230534105550,AGN,22.96488,yes,217,19.76,21.2898,19.875023041474655,19.8777,18.2303,0.4809496507912874,0.527932862522568,0.2579562605649389,0.06577644350408365,711.9956728221359,0,2923.972324502698,3.0595
1303241120234114292,AGN,12.39684,no,357,18.03,20.5048,18.824279551820727,18.8505,17.4472,0.5863667250912087,0.485824642148857,0.2075502876285525,0.06465128828823895,878.497523299235,0,2941.994940555218,3.0576000000000008
1303071150824115553,Blazar,14.82425,yes,285,18.42,20.6622,19.23179719298246,19.2794,17.605,0.46582082996136914,0.472647872631446,0.2010769350017498,0.053137882718933035,924.2461458969161,0,2989.9240652080916,3.057199999999998
1101251070284140740,SN,7.25683,no,14,17.64,20.3364,18.049335714285714,17.565199999999997,17.2799,0.9941606104627189,0.3359718699229979,0.13557033398495272,0.07683531940342006,14.31581352258491,1,41.9794760533041,3.0564999999999998
1306011150654134552,SN,16.45489,yes,252,18.62,21.3448,19.838313095238096,19.8426,18.2886,0.4996441963790244,0.57055350234509,0.2624044450173897,0.07093238143028215,879.179924698033,1,2994.8716911226948,3.0562000000000005
1010291040204101820,Flare,2.97054,no,345,17.8,18.2909,17.865231014492753,17.8811,15.2347,0.1896114771369319,0.148351024890643,0.11400118381347335,0.008592310378261282,878.0245618294774,0,2947.8966458215946,3.0562000000000005
1306010180844205896,Var,-17.01015,no,37,18.97,20.6515,19.38461351351351,19.4933,17.5958,0.5207263261606392,0.402600339003885,0.2343685446620032,0.05254525696951829,578.3968607819887,0,2238.838251249901,3.055699999999998
1005121520304133272,SN,53.23504,yes,41,18.7,21.4379,20.229048780487805,20.3177,18.3834,0.9064757117876777,0.6253063171846429,0.3471537597079143,0.1520961356603763,671.5305796846727,1,2341.6696089813922,3.0544999999999973
1201131320644119665,SN,32.52869,yes,44,19.0,21.4988,19.923904545454544,19.9193,18.4447,0.8379629061431563,0.6546405244206689,0.30100680308845146,0.14584718736386124,519.0261591408072,1,2835.074488483893,3.0540999999999983
1411251150194108707,AGN,14.70533,yes,400,18.22,20.2992,18.658519000000002,18.67465,17.2477,0.37352017414087196,0.428987713570334,0.16424728138587644,0.034108088178942106,851.8434836750588,0,2975.896414444309,3.0515000000000008
1203281070834142673,CV,7.49183,yes,80,18.83,21.2498,19.33118125,19.288649999999997,18.2001,0.603465497444561,0.565130862764857,0.21784904540409927,0.0858081907615897,908.109375538225,0,2922.085693426001,3.0497000000000014
1305011070564124203,Blazar,7.19069,yes,286,18.68,21.2202,19.310193356643357,19.2919,18.1723,0.5704350305960797,0.5391548376949811,0.2077467056855538,0.06844886990368093,997.6313350806718,0,3099.247305717814,3.0478999999999985
1512171400184214266,CV,42.26923,no,43,18.08,20.465,18.68093023255814,18.4637,17.4174,0.7345043516791837,0.46473590166276,0.20661561611878373,0.07794437695986293,874.0068220403898,0,2858.029059178203,3.047599999999999
1011130210074111848,Blazar,-21.69168,yes,134,16.85,19.3987,17.985414179104477,18.0532,16.3525,0.7444940989230698,0.208469045251907,0.11955182305483107,0.03256931559757868,939.0699585727185,0,2959.9171240046053,3.0462000000000025
902140010554111683,Blazar,-2.00552,yes,345,16.63,19.9116,18.359732173913045,18.3779,16.8657,0.42902142257209164,0.5063655281073101,0.13552659645718873,0.03898941329232829,889.9842798658642,0,2901.052661111098,3.0458999999999996
1301171230524118664,SN,23.58958,yes,34,19.84,21.2899,19.78464117647059,19.4791,18.2445,0.7913903056197226,0.552433807435583,0.26135759577568224,0.10794225064514239,633.6962933641844,1,2329.6630274880954,3.0454000000000008
1306211120664110566,SN,12.18669,yes,368,18.24,20.1348,19.229497282608694,19.223300000000002,17.09,0.3464055036552177,0.542861355248913,0.19364816126082907,0.04344137929002098,899.1886886462974,1,2997.934471215609,3.0447999999999986
1110301090144110100,SN,8.97996,no,14,19.26,21.0284,19.143085714285714,18.8408,17.9845,0.8448835676335185,0.507031717820165,0.20086930095334407,0.1107994212460493,499.2612460975397,1,1879.8649644675024,3.0439000000000007
1304101090824105434,AGN,8.73542,yes,316,18.65,21.1903,19.104226898734176,19.028399999999998,18.1473,0.45206029237351875,0.608424276178792,0.1918462621101887,0.0675424945981163,844.7056054701511,0,2987.9624917012843,3.0429999999999993
1203030150774108166,Blazar,-16.48386,no,55,18.07,20.9042,19.61052727272727,19.6592,17.8616,0.7397138246582747,0.4874174843233589,0.2638082526550427,0.09324220869736335,879.5753379286651,0,2875.0865325694976,3.0426
1209251120034120839,SN,12.53233,no,147,18.94,21.2272,19.933633333333333,19.9744,18.185,0.6045996033075414,0.5558208859531191,0.29211937399537685,0.09241632761179287,913.5286487384274,1,2943.947890393494,3.042200000000001
802280070774129096,SN,-6.56245,no,55,18.71,21.2337,19.804665454545454,20.0414,18.1923,0.8360428367587526,0.558397859761303,0.27957452810118033,0.11551980142658334,763.229996665462,1,2636.9036981248937,3.0413999999999994
803010150794129194,Red,-15.7333,no,226,14.37,17.045,15.60857610619469,15.7886,14.0039,1.0478829119726738,0.190568033060231,0.07216305530888256,0.023977977962350367,939.3537676721415,0,2926.034397256997,3.041100000000002
1512101350424104927,SN,34.27662,yes,17,16.78,20.693,19.4521,19.5192,17.6532,0.7805348070393782,0.391758588771562,0.22193280527150885,0.07618686147623474,570.1109611443512,1,2004.6947861459194,3.039800000000003
1410021320764133448,SN,32.92387,yes,75,18.73,21.3892,20.501488,20.5392,18.3503,0.5588141000078358,0.5799068692430369,0.3803118445058874,0.09997509310306138,862.8494287106834,1,3030.7644191202926,3.038899999999998
1201131350584118676,AGN,35.32872,yes,320,16.78,19.0055,17.529239999999998,17.78085,15.9669,0.6240329752459922,0.530679530049164,0.10477414829292728,0.03975178254171083,854.8030207257249,0,2936.027781516299,3.0386000000000006
1210151120044133047,SN,13.47403,no,36,18.29,21.1693,19.014733333333332,18.9312,18.1308,0.7604013436525295,0.5549689315509949,0.19744915169116892,0.1075946910300234,206.95877126123148,1,1213.6679897223003,3.038499999999999
1105081150804135655,AGN,15.96754,yes,293,19.81,21.2913,19.75542081911263,19.6998,18.2536,0.4368819173046884,0.573317242516942,0.253742855459553,0.07098796541640151,741.9722929454286,0,3070.752018877298,3.037700000000001
1312141121244117885,CV,12.58011,yes,375,17.62,20.3242,18.620062933333333,18.697,17.2875,0.5132067452873974,0.3646304947856529,0.1540220975395278,0.03672485959784777,956.5213869093114,0,3055.839528159602,3.0366999999999997
812011010154118536,SN,1.50813,yes,46,18.35,21.387,20.151271739130433,20.379550000000002,18.3504,0.9009906066011864,0.599900754182496,0.3375184743714398,0.13551776102733695,742.1149608042454,1,2941.930228634301,3.0366
1406071320674118715,CV,32.44168,yes,25,18.32,21.0514,19.842636,19.9949,18.0154,0.7864652020697835,0.8771973444143499,0.3006650735487513,0.15010815983313772,1013.8969799376666,0,2926.994904930696,3.0360000000000014
1105261210664103986,Flare,20.0634,yes,344,16.84,19.1474,17.934074709302326,17.94345,16.1114,0.24358254573929639,0.440102824175469,0.1162141974366016,0.027040681584619943,893.3518523749169,0,2994.918949571904,3.0360000000000014
1011051320024147567,SN,33.65985,yes,221,18.16,21.1963,19.807749321266968,19.8258,18.1605,0.46643479293075457,0.554120438702223,0.25855223341933264,0.0691776315698421,943.8441463517314,1,3055.9328229167004,3.035800000000002
908160010884107602,CV,-2.4915,yes,297,14.27,17.3067,16.67392558922559,16.8106,14.2714,0.5273647624308924,0.182276126951975,0.08319854882349119,0.013926069067089049,907.4944988804951,0,3094.641327453799,3.0352999999999994
1606160041184142245,Flare,-3.12131,yes,379,16.88,20.4639,18.159509498680737,18.1458,17.4292,0.20489034185307176,0.493932906686598,0.1306750769108101,0.0395502092475706,969.3676842267167,0,3085.703211041604,3.0346999999999973
1003211090274101591,CV,8.5707,no,410,16.15,18.7544,17.996779268292684,18.0327,15.7203,0.3213368380013031,0.299230932658111,0.12130368251776578,0.020903002376560342,896.6289455891857,0,3125.303065185406,3.0341000000000005
1301081630234143254,SN,64.63568,yes,28,18.87,21.4327,19.613703571428573,19.3876,18.3995,0.8375762180827988,0.629624203623932,0.26433590377610233,0.13374675909692005,690.246811387883,1,2822.2067766087057,3.033200000000001
1306201520574112431,SN,51.49261,yes,25,18.79,21.3495,19.857832000000002,19.8853,18.3166,0.9868182257133278,0.590346205535146,0.30888833970360624,0.14998355340106764,882.2958294649951,1,2402.6531764119864,3.032899999999998
1509181070024115810,AGN,6.60405,yes,145,18.73,21.2588,19.949335862068963,19.9798,18.2261,0.5567006306599611,0.580225718865787,0.2964668951591126,0.09192801827547314,1038.2000284995731,0,2958.8023622798937,3.032700000000002
1301311430304145952,SN,44.55143,yes,127,18.54,21.26,19.751842519685038,19.9028,18.229,0.7351535302903511,0.562764483290414,0.26640158663860986,0.09573357270313235,843.9506643190003,1,2861.102738785099,3.0310000000000024
1605081070454144230,SN,7.92088,yes,324,18.06,21.2146,19.395663580246914,19.34695,18.1844,0.4429295673599024,0.601299380566803,0.2061186183612974,0.055656935885452216,867.3981670071387,1,3103.3541697222026,3.0302000000000007
1112301040104138020,SN,5.05977,yes,12,18.43,21.3538,19.345275,19.05885,18.3253,1.0759302301856164,0.493932912905468,0.22962030643009138,0.13511552536324342,446.0276803102146,1,1087.0533746643923,3.028500000000001
1306121180704131531,SN,18.85798,yes,19,19.19,21.6189,20.132673684210527,20.2161,18.5909,1.0590932598963576,0.622214724192516,0.34174638479775843,0.16214908926526675,797.390419296985,1,1966.727167314406,3.0279999999999987
1004091290464116616,SN,29.35037,yes,45,18.41,21.4342,20.28396,20.574,18.4071,0.8883901508806927,0.582793221808051,0.35316900145062136,0.13708558449770378,801.063360895995,1,2915.9712274650956,3.027100000000001
1212081120714110802,AGN,11.83495,yes,331,18.66,21.2788,19.218407250755288,19.0855,18.2521,0.5394839718533436,0.587359882133207,0.19856578607164063,0.0674483260447056,889.2608649852128,0,2987.962984340302,3.0267000000000017
1312241260414106473,Flare,25.74003,yes,326,18.37,21.1457,20.032135582822086,19.9817,18.1193,0.36615168873123477,0.548002306187881,0.28305759100707123,0.06462924262787774,891.7994894615753,0,3103.3152037617037,3.0264000000000024
1103281260734125627,Blazar,26.80933,yes,506,17.85,20.7335,19.050617588932806,19.15005,17.7083,0.6363099777537891,0.632012806618782,0.1917289358636276,0.06126776292985847,904.6275909334331,0,3069.818662245292,3.025199999999998
1004140120624106849,CV,-13.70095,no,10,18.65,21.1031,19.20869,18.72255,18.0781,1.053516580526592,0.52134964005932,0.2210554557891764,0.13840036174866077,352.0583843561415,0,1072.0617961921016,3.025000000000002
1302111320504113079,AGN,31.79626,yes,115,20.4,21.496,20.398230434782608,20.3963,18.4714,0.6025159475466653,0.6066221371282309,0.3533329589457565,0.11024261514600353,805.3359679478635,0,2912.965426921197,3.0245999999999995
1003201070674134658,SN,7.79352,yes,118,18.92,21.5376,20.105013559322032,20.09215,18.5136,0.6136264157491698,0.591350611831675,0.30366572069479053,0.09825231846351469,854.7011544178005,1,2945.0048977780025,3.024000000000001
1104291210564131045,AGN,21.88612,yes,63,19.75,21.3318,20.35505873015873,20.4544,18.3096,0.634658111578124,0.553838383774299,0.3466509315953309,0.1023161411163817,739.551056857409,0,2991.9242878355944,3.0222000000000016
1603271320724123272,SN,32.67611,yes,21,19.22,21.4089,20.20677619047619,20.1202,18.3881,0.6929098035854027,0.620683998131875,0.327504275367882,0.12174910508931289,593.6204496111358,1,2008.731432963199,3.0207999999999977
711061290384148328,SN,30.88533,yes,6,18.53,20.524,18.756133333333334,18.51655,17.5037,0.9981917965334468,0.345547545697185,0.18301545788916082,0.08682386669344616,344.0932762206637,1,849.794068356503,3.0203000000000024
1112251150734136050,SN,16.28465,yes,289,18.03,20.5644,19.26815743944637,19.2785,17.5455,0.47071416857240306,0.444245430472066,0.20353068542578884,0.05172867285939459,919.7937731174568,1,2984.9336705901005,3.0188999999999986
1210081290084113755,Flare,29.05543,yes,313,16.91,19.5147,18.916035143769967,18.9492,16.4968,0.3166787107025663,0.28930573943916,0.16687692838998783,0.02133322965444224,937.852179808936,0,3057.774683310199,3.017900000000001
1406300040944170120,LPV,-4.42389,no,85,13.0,15.1584,13.849344705882354,14.2081,12.1446,0.8807619752380371,0.0601540900363697,0.05586276079954239,0.00286775942714347,1206.3750726890535,0,2976.8930572686077,3.0138
1204011460504139961,HPM,47.7532,yes,188,12.96,15.7611,12.971875531914893,12.95185,12.7477,0.24435721602559532,0.0641369949223522,0.05187466427205607,0.0015664511729434009,820.713571864466,0,2921.0359598259965,3.0134000000000007
806141090574116627,SN,10.29478,yes,9,18.42,21.1363,19.487922222222224,19.0915,18.125,1.2367088539524755,0.385946958528291,0.2391210564270924,0.099007057293672,789.8620994604375,1,1830.0025796525006,3.0112999999999985
811071351034109903,Blazar,34.41965,yes,315,17.03,19.5183,18.318593968253968,18.388,16.5073,0.6743959803700627,0.269346323128994,0.1400010593208553,0.03771021779969115,936.6756439336874,0,3051.777698240694,3.0109999999999992
912150070334159641,YSO,-6.05978,no,98,17.96,20.6764,18.45023163265306,18.25865,17.6687,0.5612643709908003,0.470090889878552,0.16178194549768016,0.05731431631335052,611.1500437748053,0,2300.6749272685847,3.0077
1301151090124141829,AGN,10.94597,no,147,18.99,21.2981,19.62508095238095,19.5534,18.2922,0.6345995879544551,0.6253063171846429,0.2591247960471638,0.09865675572780376,1117.1465564271584,0,2938.0220092363015,3.0059000000000005
1104271460514101819,Var,45.1814,yes,127,15.39,17.7494,15.554974015748032,15.589,14.7444,0.3615664134064267,0.12118655973283,0.06441541199283445,0.008627273797813138,940.056243600821,0,2921.0597117708967,3.005000000000001
1501201400424126451,SN,41.19302,yes,29,18.54,21.3461,20.644010344827585,20.8901,18.3411,0.6255641672835512,0.598164549362653,0.4096708691859972,0.11458809587499123,746.1680427562085,1,2622.92901702589,3.004999999999999
1309261490634154130,SN,50.37384,no,31,17.47,20.3731,18.622006451612904,17.8927,17.3682,1.0677674290891506,0.363199795264745,0.1735573128488184,0.08057851905870055,826.6444184886162,1,2593.943475243199,3.0048999999999992
902051290844154776,CV,30.01461,no,3,17.02,19.9894,17.9968,17.0153,16.9857,1.725705684640344,0.271817782414849,0.15358174626884413,0.10241155632374471,691.0268645618116,0,1196.8990891665962,3.0036999999999985
911240070224131563,Flare,-6.34579,yes,312,17.94,20.5577,18.889454807692307,18.881999999999998,17.5549,0.3342483188085321,0.395206771676926,0.16699000088592722,0.031369651351859464,885.764828533282,0,2969.910101064488,3.0028000000000006
1504151380734147915,AGN,38.82511,yes,277,18.66,21.2377,19.853316245487363,19.8433,18.2355,0.4466406175222253,0.538892654629623,0.2676198014229548,0.06946752303469764,973.1120959869216,0,3061.8005606828956,3.002200000000002
1301191150664140530,CV,16.50874,yes,27,18.26,21.2568,19.484903703703704,19.3804,18.2552,0.9686974793629933,0.6626687051536561,0.2541460719780961,0.14288360997571878,441.0510691601926,0,2249.886328089997,3.0016
1305150210754151010,SN,-20.33912,no,15,18.14,21.0236,19.40326,19.0983,18.0236,1.1130299506944359,0.495389750507207,0.250259830417355,0.12134735866434901,862.3997548956323,1,2325.7085811458965,3.0
1606061120624122054,Flare,12.89997,yes,191,18.98,21.2781,20.278723560209425,20.2588,18.2787,0.46117928505984646,0.5474550088984621,0.3238003592351792,0.0811484602868037,859.579330942656,0,2943.933823205989,2.999399999999998
909151400984177415,CV,42.14485,yes,189,16.5,18.5807,17.902250793650794,17.9839,15.584,0.42794853496243385,0.42716261867272,0.12213915225134371,0.03711255594570146,980.7592837360933,0,2947.0084404279914,2.9967000000000006
1201181150574105414,SN,14.53827,yes,62,19.65,21.5729,20.271877419354837,20.2661,18.5766,0.6952399688135396,0.666780909619683,0.33315036486705496,0.12057970617796387,778.6513405618941,1,2955.051688356398,2.9963000000000015
1202260120494134895,Blazar,-12.80411,no,33,18.74,21.2701,19.74950606060606,19.7643,18.2742,0.9232370642674175,0.56602509164384,0.2769993935845501,0.12681139308980133,728.9824093478093,0,2549.0727987498103,2.995899999999999
1302151090204131476,SN,10.30756,no,5,17.5,20.2904,18.035220000000002,17.5009,17.2947,1.2753693531679373,0.5149823041778601,0.2020995226148552,0.17547828456232856,362.58746659176506,1,810.7796000808958,2.995700000000003
1206141490544113083,SN,48.89904,yes,79,18.73,21.3422,19.909506329113924,19.9752,18.3499,0.7961921547384896,0.601650384130442,0.30348602845749767,0.12379342928683541,781.7080711429775,1,2701.6580584490875,2.9922999999999966
1003191260674132739,SN,27.63726,yes,23,18.3,21.2748,19.846860869565216,20.082,18.2831,1.066243292950932,0.566923123042634,0.3075542273581192,0.15480285760970341,570.9399430192515,1,2241.770118194101,2.991699999999998
1101081350454129655,AGN,35.78684,yes,221,19.62,21.297,19.876235746606337,19.8408,18.3084,0.5015617481590592,0.586045437452873,0.26824763919060074,0.07610533659795071,761.3960953444023,0,2953.0052360992922,2.9886000000000017
1109301180114106824,AGN,17.38626,yes,248,18.78,21.1723,19.29179677419355,19.23565,18.1849,0.527647156431222,0.569944149731137,0.21041819308210294,0.07064634138486398,893.4574155918134,0,2975.867926898398,2.987400000000001
1004131230754130596,AGN,24.32001,yes,252,19.38,21.1047,19.521652380952382,19.400100000000002,18.1218,0.5040263170126322,0.5050401793032621,0.2348597273808591,0.07065135806109628,830.0004286851668,0,3069.7935277083016,2.9829000000000008
1403301070704102183,AGN,5.75668,yes,239,19.11,21.3817,19.96231757322176,19.9057,18.3992,0.4602973099589351,0.585391153669409,0.27660000119538836,0.08224024349534545,800.0332457688786,0,2979.9147831365044,2.982499999999998
1305311120614125964,SN,13.13678,yes,55,19.19,21.496,20.316983636363634,20.3809,18.5151,0.6895508438170153,0.595072659668016,0.33806737589734026,0.10434287867625666,770.3507319652665,1,2956.0467506368077,2.9808999999999983
1107021041264109182,SN,3.38582,yes,18,15.88,20.0401,18.44243888888889,18.6188,17.0592,0.9147040840292936,0.3445473204959239,0.16392637489157166,0.08571822647001157,349.2931789756875,1,1789.200716203697,2.9808999999999983
902251260434115176,Flare,26.38173,yes,9,20.14,21.2972,20.247455555555558,20.14,18.3168,1.0090756154906215,0.533719967693943,0.3486696666240563,0.15052826776394027,471.9851118581269,0,1468.9561724309024,2.9803999999999995
909190070024118250,SN,-7.06275,yes,30,18.25,21.2293,19.95322666666667,20.02335,18.2505,0.7322341649826344,0.554120438702223,0.2983917324439431,0.10875537259457765,634.6431435574249,1,2892.1145705785966,2.9787999999999997
1609030071214116517,SN,-7.33528,yes,340,17.14,20.0256,18.495795294117645,18.4942,17.0471,0.2488686324187489,0.652455526819189,0.14799824089517524,0.04907579308816273,960.8330952718613,1,3063.7172915972915,2.9785000000000004
1310141400044134796,CV,40.93014,yes,211,17.21,19.905,18.72643886255924,18.7411,16.9276,0.4489613967991488,0.439649030199692,0.16213428237235822,0.043565535780881744,955.3789223873371,0,2947.0129417824064,2.9773999999999994
1206121210604127753,SN,21.71335,yes,18,18.16,21.1413,19.9846,20.273,18.1639,0.9966120650660882,0.5149823111368971,0.3168105781329263,0.13544930135809982,885.9380894222703,1,2708.767795972497,2.9773999999999994
1002151290534125081,AGN,29.71436,yes,64,19.82,21.4812,20.368025,20.470799999999997,18.5049,0.629917334712602,0.636047408409287,0.356029237265926,0.11779313186920107,585.3270264466532,0,2673.7647952432962,2.976300000000002
1211121350134141376,SN,35.51196,no,212,17.4,20.3547,19.215509905660376,19.333849999999998,17.3805,0.5346994096841509,0.344623964961721,0.19583538198524486,0.042282051589022894,1082.8486835863434,1,2949.9999530441128,2.9741999999999997
902021120874110753,SN,11.73527,yes,17,17.85,20.808000000000003,19.17970588235294,19.5034,17.8346,0.8569204765252354,0.4464358409628839,0.2137320227752861,0.08767554152117221,42.9095113319831,1,131.77154366899777,2.973400000000005
1309281121184118018,Blazar,12.23034,yes,302,18.25,20.9293,19.28847582781457,19.296349999999997,17.9566,0.5358494303487924,0.503069602629778,0.2111953385643709,0.06152380847069251,906.6008060490968,0,3055.789890520704,2.9726999999999997
812301040664126099,SN,4.47999,yes,32,13.94,16.6226,14.870353125,15.0592,13.6502,0.7764847575449233,0.0734716185887319,0.05926211272206835,0.005798019958817926,96.95196401214712,1,501.6659677085918,2.9723999999999986
1104081230564126079,SN,24.40525,yes,212,18.83,21.5578,20.131833490566038,20.1577,18.5862,0.5454987876764511,0.5883508708884411,0.3062634765787256,0.08870238974261874,875.8789232572709,1,2992.9232740275984,2.9715999999999987
1003191430534129611,SN,44.33969,yes,172,18.48,21.0473,19.504651744186045,19.52435,18.0759,0.5437974686921629,0.520631698465571,0.22870826351112977,0.06684539870699903,765.9938405301106,1,2920.0288125695006,2.971399999999999
905141210774136660,SN,21.8542,yes,15,18.35,21.3091,19.254,18.8646,18.3378,1.023756948694367,0.6214481126076871,0.23470197289374503,0.16590983567629147,506.5661095949987,1,2631.798272257198,2.9712999999999994
1309021260784140174,SN,27.46173,yes,105,18.54,21.4561,20.200017142857142,20.1904,18.4865,0.6892306900641983,0.646013959527962,0.34178080675903993,0.12045232744640691,906.8619409743955,1,3016.8589505786003,2.9696
1110281380464122093,SN,38.16288,yes,267,18.58,21.2424,19.79547715355805,19.8005,18.2766,0.420725553619647,0.527932862522568,0.24812045692867096,0.06098028322513838,822.4115013585357,1,2912.9655785992,2.9658000000000015
1606081010804105155,Flare,0.29226,yes,261,19.26,20.922,19.51672222222222,19.5908,17.9588,0.4601332992945173,0.5063655281073101,0.23092181835806852,0.0541667121601596,858.1940824052688,0,3005.8405275810073,2.9632000000000005
1104271460514137429,Blazar,47.3733,yes,175,16.49,19.4479,18.262846285714286,18.3243,16.4872,0.4047071270775802,0.681962728818509,0.1368732044122717,0.06175734519312742,846.2062105378913,0,2921.0597117708967,2.960699999999999
1405051260494137258,CV,28.18177,yes,142,17.29,21.3516,19.92719366197183,19.90335,18.3935,0.5784481814406797,0.593712017664007,0.2832404335688948,0.09368088327368929,977.556886918924,0,2977.967613344881,2.9581000000000017
902261350554118325,AGN,34.83504,yes,157,19.6,21.4129,20.038846496815285,19.996,18.4573,0.512176418239957,0.5799068692430369,0.28650747428419865,0.0803846625466131,685.2857810058943,0,2749.753841168713,2.9556000000000004
1212101520234135082,SN,52.20935,no,8,17.7,20.5332,18.40335,17.87945,17.5783,1.054586354927845,0.420203577579596,0.16507462654831173,0.10967473250066684,17.99127898918371,1,39.904408622511255,2.954900000000002
1011281010204114579,SN,1.1011,yes,15,17.78,20.3354,18.29526,18.1435,17.3819,0.7808081022706088,0.3334316852578119,0.1490297192596751,0.0610973457068738,205.7473113975802,1,784.8755657057991,2.9534999999999982
1101111090594116852,CV,9.38752,yes,380,12.78,15.7329,14.965014736842106,15.1972,12.7825,0.6403233974262434,0.157274815784163,0.05995970635081453,0.007553392698714648,936.9559284104537,0,2987.9664513078023,2.9504
810090180084119813,SN,-18.17228,no,14,16.32,19.2316,17.385535714285716,17.2103,16.2824,1.0279619056149933,0.2115819369450549,0.10298874367508204,0.04242718511411709,450.7851808551263,1,1862.9116005788965,2.949200000000001
912171350504107254,SN,34.33101,yes,36,18.75,21.5634,19.43247222222222,19.22935,18.6159,0.6703166495283565,0.56572660074149,0.2226569447286139,0.10115352456328536,211.9248597905095,1,1157.9051690046035,2.9475000000000016
1112291120524129371,LPV,13.27901,yes,458,13.24,15.9785,14.33692227074236,14.3538,13.032,0.7327017393798326,0.0906768918284469,0.05642509981296701,0.005257795981054936,916.5537759471845,0,3096.311830381899,2.9465000000000003
1310011011254110661,SN,0.63775,yes,56,19.64,21.1482,20.251126785714288,20.2566,18.2029,0.6089220697984769,0.596441575842659,0.34813691603030533,0.10780718415900073,997.0062576716579,1,3060.7363457520987,2.9452999999999996
1304101120734121399,Flare,12.64968,yes,12,19.01,21.4555,20.21003333333333,20.8119,18.5109,1.209415813397927,0.628044981832635,0.3751499165989564,0.18698811758976752,825.6097100020474,0,2565.0262760418045,2.944600000000001
1204271460514140946,Blazar,47.72252,yes,70,18.46,21.3152,19.92249142857143,19.90245,18.3714,0.6582118512188049,0.592022767477822,0.28661040026057993,0.10003992978837145,870.2214832029399,0,2921.0597117708967,2.9437999999999995
909201180144126942,CV,18.80611,no,9,18.88,21.0158,18.82932222222222,18.4837,18.0721,0.9834503797571295,0.5043810203846539,0.19626843112167877,0.12352961743997445,1027.6671782288704,0,2833.2411304050984,2.9436999999999998
1007060090764128700,SN,-9.7322,no,206,17.12,20.0444,18.906121359223302,18.908749999999998,17.1033,0.38480493167837126,0.317916606748403,0.17346940876740144,0.03426546540295824,837.1365498463271,1,2879.090183090404,2.9410999999999987
911161350364152378,CV,36.51784,yes,70,18.94,20.8408,19.100085714285715,19.06465,17.9005,0.5645294878848316,0.4203370336409829,0.18655108290848585,0.05499403969397828,816.1359827933063,0,2689.8934245021082,2.9403000000000006
803301040664110169,SN,3.60357,yes,39,18.8,21.5584,20.082520512820512,20.4876,18.62,0.9967518450551166,0.605547630856063,0.3245778001782086,0.15924323581483138,841.5609786500168,1,2918.9506620834945,2.938399999999998
1510121400034160762,LPV,41.52798,yes,116,18.71,21.0749,19.548086206896553,19.55745,18.1369,0.6776359615087063,0.510851872344853,0.24271351782810033,0.08664113828057153,961.8479617338515,0,2946.9958086461047,2.937999999999999
1602081380464137568,Blazar,39.45981,yes,217,18.17,21.2546,19.579347004608298,19.5511,18.3171,0.5520487714152442,0.466324954559389,0.22873650100223586,0.06600068388780261,883.6067474211496,0,2738.7718886690054,2.9375
1011140010064126302,SN,-0.96434,yes,186,17.88,20.5825,19.230972043010752,19.255650000000003,17.6451,0.4960879994660049,0.387324081493793,0.19726166172554543,0.049592592356537686,887.7068808450662,1,2996.8525499882962,2.9374000000000002
1306121180694108085,SN,17.38096,yes,291,16.71,19.1928,18.16221065292096,18.18,16.2564,0.3576592159419244,0.3676320147425739,0.12192671316719855,0.020456816844238983,795.0687033973818,1,2994.8854597225,2.936399999999999
1303031120634108415,AGN,11.8382,yes,235,19.43,21.3983,19.704482127659574,19.6426,18.4621,0.594564545621404,0.6312139366076099,0.25557499391062755,0.09378590006575523,812.210020786119,0,2997.945354872798,2.9361999999999995
1605031230594104988,Flare,22.91992,yes,195,19.41,21.3776,20.360646666666668,20.3947,18.4425,0.461948548621903,0.594731704750992,0.34061987636731966,0.08314135196841677,879.2280339831376,0,2983.004797940099,2.935100000000002
1106071400654101671,AGN,39.58159,yes,193,18.88,21.2567,19.583659585492228,19.5781,18.3231,0.6787336535967757,0.598510737479804,0.24569559996477025,0.09219218631625715,879.4378812222765,0,3036.855797256794,2.9335999999999984
1404221070774101435,AGN,5.70209,yes,100,18.98,21.3036,20.050124,20.05415,18.3702,0.5550632660491692,0.986389322633903,0.30659772557916853,0.11403283904963928,920.1565812088929,0,2990.9104508450982,2.933399999999999
1101051400394103098,SN,39.7081,yes,29,18.88,21.5876,20.330131034482758,20.4195,18.6549,0.7576515746999539,0.6272592732908872,0.35758633895831266,0.12804334331715211,545.6981038764366,1,2170.2287521412945,2.932699999999997
903171260614118293,SN,26.43295,yes,43,18.88,21.6082,20.17919534883721,20.3992,18.6762,0.8711826493619349,0.6360474206151179,0.33476734607819003,0.14618556971050173,673.7127603449684,1,2915.9871312616015,2.9319999999999986
1202181120624121569,Blazar,12.68059,yes,62,19.01,21.4425,19.622203225806448,19.20275,18.5114,0.8457884002646358,0.599900764639868,0.24827473099098998,0.1181063205043357,471.7091630223793,0,1901.9040886922958,2.9311000000000007
1212111040224118793,SN,3.95574,no,131,18.85,21.0231,19.42793893129771,19.5639,18.0929,0.7271803806032139,0.495180937452897,0.24328753827499947,0.08185025664725072,844.3384194610472,1,2883.0267728934923,2.9301999999999992
1511181120024103505,Flare,11.53402,no,226,18.59,21.1175,19.90283539823009,19.8948,18.1898,0.4095838726035872,0.577688028851418,0.287051903045109,0.07065827223087875,972.17659804513,0,3072.7293314236013,2.927699999999998
1011080040044131101,SN,-3.61663,yes,41,18.91,21.1446,20.123456097560975,20.3309,18.2179,0.7536661220490076,0.4998308689530539,0.31702197141345584,0.1020908703144139,914.6365866853996,1,2958.8501162612956,2.9267000000000003
1005171320634115687,AGN,32.09367,yes,163,19.78,21.769,19.82307852760736,19.7468,18.8432,0.5706499409912997,0.549101274891715,0.2669509392921064,0.08213411019117481,634.0468237427898,0,2899.097012025697,2.925799999999999
807011071264127984,SN,7.87322,yes,66,20.11,21.1993,19.484912121212123,19.4336,18.2753,0.8043043810581141,0.543128737570962,0.2561576014254877,0.11065348737348016,452.59965073641547,1,2260.9292290162994,2.9239999999999995
1103271230724108822,SN,23.03067,yes,13,18.56,21.1662,18.781092307692308,18.5741,18.2442,0.7551461751007092,0.533719967693943,0.17307342313074692,0.10933021651292689,107.41551718977094,1,399.8474952778997,2.9220000000000006
1103271230484143622,Blazar,25.2565,yes,24,18.69,21.5332,20.01715,20.2158,18.6113,0.8785534513941216,0.544470869992558,0.29503785630464624,0.12488819368510042,903.659884476486,0,2827.1737213421875,2.921900000000001
1003041210264112851,Var,20.14671,no,203,15.04,17.9589,16.150889162561576,16.1693,15.0397,0.579157431341434,0.15187995072996,0.07628508073883408,0.014099165076744817,903.0813916646479,0,3111.2509442241935,2.9192
1103250010614139940,SN,-0.36227,yes,142,18.7,21.1908,19.83517957746479,19.84935,18.2739,0.6233862384957816,0.563648785059395,0.2724732590726218,0.08946049349158379,835.7430199009852,1,2963.9101655557024,2.9168999999999983
1201011210784128966,AGN,21.24498,yes,326,18.43,21.0689,19.1231,19.09735,18.153,0.5068108547802413,0.552433807435583,0.19264767797470958,0.05995831977812148,846.8802284973834,0,2952.9838493521966,2.9159000000000006
812311010114128410,SN,1.88635,yes,168,18.62,21.1639,19.836586904761905,19.88975,18.2491,0.6764019449151308,0.5815056945854461,0.2727729194691956,0.09858628224819324,920.9893918239198,1,2963.908978715095,2.914800000000003
910181210474104326,SN,19.99589,yes,60,19.09,21.3489,19.377963333333334,19.17335,18.4345,0.6424754699443603,0.576116887210896,0.2080626362215932,0.08155857732790747,172.8093011769449,1,874.3164913192959,2.9144000000000005
1002171210754109063,AGN,20.13901,yes,244,19.18,21.1117,19.281901229508197,19.064799999999998,18.1978,0.5738912217142058,0.5447403376006951,0.20635158448843255,0.07821509135729743,733.4451615983518,0,3070.7599668866023,2.913899999999998
1206151180564122192,SN,18.47881,yes,24,18.65,21.5593,20.36402083333333,20.62695,18.6456,0.8574075587029854,0.66448811191672,0.3828439411626081,0.14248828501770636,899.6807633032189,1,2787.7108476851063,2.9136999999999986
1201261350534144397,Blazar,36.35301,yes,314,18.51,20.7721,19.128233121019107,19.18495,17.8616,0.5191041478159145,0.567223301936036,0.1882011058092057,0.05556693425102893,863.0870660797067,0,2922.0039948265985,2.910499999999999
1001121040134141846,SN,5.59182,yes,75,18.65,21.2488,19.853034666666666,19.8167,18.3402,0.6178610651343948,0.567824958599617,0.27524291082792646,0.09347311897590875,987.4385509240552,1,2946.887478703691,2.9086
1206201380794173913,CV,38.79563,no,119,14.71,17.4986,16.55800504201681,16.8676,14.5908,0.8454118332333501,0.106355030509613,0.07905696097493582,0.013818588399184352,1016.5510916552307,0,3065.7281086229923,2.9078
1110170041194139877,SN,-3.26527,yes,12,17.63,20.4071,18.781883333333333,18.66465,17.4999,1.1051829275433702,0.454837480813248,0.19943276971897816,0.12380532017624728,435.4687453635639,1,1721.1651089466031,2.9071999999999996
1210191210034106470,AGN,20.09561,no,162,19.25,21.306,19.77795925925926,19.67725,18.3997,0.650074020109872,0.5569622852792591,0.269712238839189,0.09906074483030052,815.7712413346862,0,3031.7629617475977,2.9063000000000017
1406080040914133997,CV,-4.73468,yes,18,17.95,20.4564,19.47171111111111,19.8791,17.5517,1.051835135755816,0.456335804425693,0.3001906113082683,0.11716319378384042,926.5657892257755,0,3038.740253854099,2.9046999999999983
1205301380684129929,SN,38.58823,yes,13,18.84,21.6849,19.772846153846157,19.3279,18.7803,0.9543577173640441,0.572700008175005,0.2769822183747266,0.14583068208902003,661.9917910728699,1,2238.9888810185075,2.9045999999999985
1202221230444107847,SN,22.91717,yes,60,19.27,21.5885,20.24647,20.325249999999997,18.686,0.7008782834681698,0.599900754182496,0.32239701728935677,0.12098780013175511,679.8489452054141,1,2941.0391188542053,2.9025
1204161070504138772,SN,7.83894,yes,47,18.84,21.4205,20.166610638297872,20.4105,18.5189,0.8128133996868249,0.626867402359437,0.33207104882007954,0.13090999619213672,887.1326309368741,1,2886.077916991002,2.901600000000002
1110300070154106463,SN,-8.07505,yes,26,18.74,21.2248,19.41498846153846,19.1359,18.3232,0.9378313158887039,0.53500065925789,0.2370612728561188,0.13770872783063656,739.1056565608467,1,2568.0113005670064,2.9015999999999984
1104051180634123568,AGN,18.2724,yes,141,19.56,21.3741,20.332437588652482,20.367,18.4726,0.5240048379737141,0.582793221808051,0.3403975877367433,0.09885553930115934,737.9981699406428,0,2920.0643564467973,2.9014999999999986
1301221040844144288,CV,4.92529,yes,9,17.59,20.4929,18.041733333333333,17.7127,17.5915,0.9275874702689765,0.387324084687585,0.1369697105172302,0.09400502889509466,527.6722423569298,0,1666.3074355553981,2.901399999999999
1011151230454106363,AGN,22.8667,yes,295,18.88,21.2364,19.463704406779662,19.3427,18.3351,0.5471921219405912,0.582148527142939,0.2209613816495241,0.07554564847609918,712.5195371025204,0,3120.306843298902,2.901299999999999
1303150180614114284,SN,-18.98886,no,82,18.11,20.812,19.442148780487805,19.5057,17.9118,0.5107258594559436,0.4384451568506839,0.22032437022158555,0.05513885415809126,853.8434577214352,1,2599.908077338303,2.9002000000000017
1304151070464118026,AGN,6.6095,yes,168,19.3,21.2424,19.649379166666666,19.551000000000002,18.3426,0.5451704964157295,0.518730107745889,0.24103350627320236,0.08001391711328563,537.7816609435122,0,2865.1218122337013,2.899799999999999
909270041264116913,Flare,-4.42222,yes,285,17.98,20.2407,19.230860701754384,19.2228,17.340999999999998,0.3355720057690211,0.403551722549523,0.19607980830691624,0.0356020372264304,908.7094469107477,0,3013.8333412498105,2.899700000000003
1201200150464142250,CV,-15.69951,no,13,18.87,21.1025,19.026,18.9237,18.2037,0.7134393772423829,0.518493733848566,0.1868862586805524,0.10212988027113418,804.7495031061032,0,1767.1931231249982,2.898799999999998
809091350114140756,Carb,35.84971,no,225,13.77,16.6448,15.099004444444443,15.0604,13.748,0.6995890927114827,0.0759454185934059,0.059787205898234046,0.005614219950621451,1074.2888926654964,0,2949.9334740741906,2.8968000000000007
1202021070664129118,SN,7.50031,yes,16,19.28,21.5257,20.08463125,19.8596,18.6291,0.9607664917267883,0.545550965519109,0.31713661988639097,0.14980898643163507,26.414582979295087,1,85.94856895839621,2.8965999999999994
1303181600384128987,SN,60.92514,yes,39,18.56,21.2615,20.01303846153846,20.1142,18.3652,0.7580563649420479,0.5639443661355009,0.3090560254573692,0.11591512817544833,874.052229452125,1,2692.7570043290107,2.8963
1011281090164116065,SN,9.76,no,44,18.94,21.1496,20.19335909090909,20.2404,18.2534,0.7522285118908226,0.665402725050527,0.3741980007275492,0.12819192893818263,704.0846386467858,1,2932.006282164308,2.8962000000000003
908300091224119170,SN,-9.99834,yes,28,18.48,20.9946,18.97085357142857,18.822400000000002,18.0985,0.6993753252312598,0.4864203098251679,0.18813961556614262,0.09191491984493717,431.45464908278336,1,2271.9220780209,2.896099999999997
1203151320184121250,YSO,32.01257,no,94,18.12,20.8086,18.952381914893618,18.7748,17.9135,0.6805778321275187,0.526696927771379,0.20713291314677398,0.0768164106832448,896.0066066850667,0,2921.030537985709,2.8950999999999993
1504131460544121854,SN,46.69388,yes,11,20.45,21.2502,20.2453,20.6777,18.3559,0.9737066847875704,0.565428519789496,0.3703643781314037,0.1613843559581795,695.1127990748779,1,2222.986838529796,2.894300000000001
1411231261124154423,CV,27.92977,yes,73,18.79,21.3079,19.832560273972604,19.8771,18.4136,0.6449712185093844,0.5850647350250009,0.28489016756238433,0.10707977720240441,969.6184314161911,0,3021.7991401851978,2.894300000000001
1406171040884120523,SN,3.66358,yes,39,18.91,21.1814,20.31402564102564,20.3359,18.2871,0.5809889910715081,0.542861355248913,0.35875821467313895,0.0981038425277968,894.3039776752332,1,3094.6220588655997,2.894300000000001
904251490534131582,SN,49.72929,yes,10,18.8,21.4069,19.70088,19.80125,18.515,1.0006337645046095,0.6135465783046539,0.2738872471742085,0.15033074122496787,452.35272785639376,1,1450.9988613422029,2.8918999999999997
911061180044136018,CV,19.11324,yes,73,19.03,21.3264,20.07249315068493,20.2596,18.4348,0.8266765690483477,0.59747378284723,0.3273091598111445,0.12493237968750434,830.877111008162,0,2941.834819896103,2.8916000000000004
1110031010314155163,CV,2.35178,yes,231,14.48,17.3683,16.324616017316018,16.3809,14.4769,0.48938146280139616,0.1989745768096799,0.07691436231353942,0.015495421053485472,862.183301390946,0,2908.028595185395,2.891400000000001
1012121290034112135,CV,28.82583,no,7,18.52,21.4135,20.00884285714286,20.421,18.5221,1.266695263085724,0.544740345690801,0.323436872506238,0.18380941770758516,571.0817719635905,0,1875.942041585702,2.891400000000001
1203151380564116199,SN,37.58635,yes,91,18.76,21.2702,19.87445054945055,19.8679,18.3789,0.6289182894062599,0.602354046824447,0.2772562874681133,0.09376562816950991,819.0988998900116,1,2936.0175986919057,2.8912999999999975
1306101400644123218,AGN,40.79958,yes,106,18.9,21.3387,19.74421320754717,19.664099999999998,18.4485,0.5717881545893196,0.5681264142169511,0.258173915786898,0.07966904826037315,848.8916686708133,0,3036.8428479977956,2.8902
1102231350604110103,SN,34.63811,yes,16,17.84,20.6982,18.8641875,18.4501,17.8087,1.0723903504943204,0.4111419717588649,0.19203161094872404,0.10087032918596674,25.62060586053114,1,63.883183634599845,2.889499999999998
912201400044136465,SN,41.34316,yes,152,17.82,20.6967,19.73294144736842,19.72165,17.8073,0.483677127193416,0.4894285276687289,0.2532294384343379,0.0644271292606685,908.7428573099575,1,2947.0129417824064,2.8893999999999984
1011071210024138139,CV,21.92205,yes,14,19.37,21.2322,19.79147857142857,19.782649999999997,18.3436,0.8926311023542189,0.559843344546622,0.29742114826737814,0.13838458472191756,698.833676210024,0,2495.048378194704,2.8886000000000003
1102041210434115267,SN,20.3755,yes,25,17.06,19.9366,17.996651999999997,17.4409,17.0502,0.9745655040922951,0.265419606201058,0.1195282353374023,0.056216992152212916,157.2042782397127,1,410.91192908559606,2.8863999999999983
1412151260534114603,SN,26.58832,yes,2,17.24,20.3175,18.8748,18.8748,17.4321,2.040285906435666,0.322898412778784,0.220687186874667,0.1445485019003825,2022.4581610866471,1,2860.1877607408896,2.8854000000000006
1602121460504144313,HPM,47.75253,yes,37,13.02,15.7611,13.059402702702704,12.9745,12.8764,0.4590311751011198,0.0641369949223522,0.05177341977983916,0.002093436629112721,196.67837211961827,0,767.0325803931992,2.8847000000000005
911151090564108316,Comet,8.95683,yes,5,19.06,19.8874,18.62028,18.626,17.0035,1.051468633388557,0.288613389075513,0.1665717690266994,0.07614188947705484,574.0844228259809,0,1283.7009427664016,2.8839000000000006
1205161230674115059,SN,23.58124,yes,13,18.42,21.1599,19.29073076923077,18.7452,18.2765,1.010342274004718,0.561591167542053,0.22901000595268967,0.13885896357483468,29.99657526719433,1,117.85913671320304,2.8834000000000017
1101290040204119818,SN,-4.59155,no,46,18.81,21.2109,20.215873913043477,20.47935,18.3302,0.807850756138307,0.5745570563192479,0.34565305938998625,0.11855262084662571,711.8788063067582,1,2658.7237314815065,2.8806999999999974
1106101520474116185,CV,52.1454,yes,32,18.92,21.4581,20.0667125,20.11545,18.5782,0.998531999826455,0.6098762353609339,0.3487621507954996,0.16038735958849465,609.6278066507103,0,2184.1167159723045,2.879900000000003
1505131120774133909,QSO,13.35518,yes,128,19.55,21.5431,20.2898328125,20.29585,18.6648,0.5774550709058336,0.654201990151167,0.3389164559529148,0.11065088117465662,781.940760206705,0,2978.8881254974112,2.8782999999999994
1011080090324123107,YSO,-10.45838,no,188,17.06,19.873,17.659847340425532,17.62885,16.9961,0.4224695522912975,0.288383678519487,0.11282423466996316,0.024243656163880734,827.3928510483612,0,2635.7679988313976,2.8769000000000027
712180150664128341,CV,-15.09947,yes,51,19.16,21.1138,19.44883137254902,19.5086,18.2382,0.6530958742758045,0.538892654629623,0.2245791183810411,0.08169725849635115,773.8169100109998,0,2597.9716908796836,2.875600000000002
1205171400634128595,SN,41.42575,yes,224,15.73,18.2588,16.458384375,16.487450000000003,15.3841,0.27016633686562963,0.491462161259986,0.07715833002272761,0.0312300872762045,894.7279089740828,1,2936.044257511894,2.8747000000000007
1412301120574130875,Flare,13.419,yes,56,19.55,21.2953,20.461021428571428,20.47905,18.4207,0.5152165915998252,0.5624705464684671,0.3657182357510732,0.09197899467978886,923.4251369215846,0,2752.696637511697,2.874600000000001
906151350734129963,SN,35.36965,yes,10,18.45,21.2885,19.51205,19.608800000000002,18.4145,1.051527254626441,0.591686438168588,0.2967706123275562,0.17986473050977855,368.0077735088469,1,1182.7292680671962,2.8739999999999988
1205221490314114861,Blazar,49.22243,yes,265,16.61,19.4565,17.743138113207547,17.7644,16.5828,0.4773213996666859,0.274278568008034,0.10711369985413545,0.023071444809843814,830.7560618359103,0,2874.160140787186,2.8736999999999995
802291290564121097,SN,30.17704,yes,48,19.08,21.699,20.43876875,20.48405,18.8269,0.691650090219419,0.66448811191672,0.38224509174870874,0.13323297593761194,782.7374576387336,1,2978.9279793401,2.872100000000003
1304211180894173578,AGN,19.51045,yes,107,18.49,20.8395,19.125778504672898,18.9672,17.9676,0.5874276056605415,0.4773092703476889,0.19991794473390243,0.0695919817100691,832.7984651779133,0,3018.8426274074955,2.8719
1512301070284113825,Flare,6.22365,no,9,18.73,21.2956,20.614144444444445,20.8458,18.4246,0.8514833793314914,0.565428519789496,0.42744917416300543,0.1211605703158232,981.7968164925343,0,2662.798828703395,2.8709999999999987
804061090894125668,SN,9.30717,yes,159,18.14,21.013,19.75210503144654,19.776,18.1428,0.6367966908029289,0.599900754182496,0.2722031918216689,0.09143804546338369,840.0290425551107,1,3107.6873112036046,2.8702000000000005
1409251070074113529,AGN,6.53069,yes,282,18.98,21.0336,19.33259184397163,19.232799999999997,18.1648,0.47780792121664556,0.4769317704017479,0.2116312566276162,0.05921964892260892,879.9157424573232,0,2931.117293587893,2.8688000000000002
1301091071264128565,SN,7.25585,yes,83,18.26,21.128,20.027744578313253,20.0507,18.2615,0.7018484085600656,0.6613127017378411,0.33011161316118864,0.12990901132410643,890.2758756563898,1,3011.851816053095,2.8664999999999985
1210061010114123149,SN,1.73662,yes,270,17.54,20.4019,18.97734407407407,18.989150000000002,17.5361,0.44454496481843486,0.355018863183696,0.17305922132857077,0.03826109112051154,967.5193002734144,1,2963.924247581097,2.8658
1206181260664109870,SN,26.13527,yes,9,18.61,21.2548,19.11134444444444,19.0366,18.3905,0.8970357909681084,0.576743979294079,0.20451384665112876,0.14237540547523303,100.75256326254147,1,306.0405591204035,2.8643
1503211010654104157,HPM,0.26266,yes,39,18.94,20.9645,19.098353846153845,19.0662,18.1031,0.40539850559675294,0.4803587468525619,0.18558313975600244,0.0541668420695795,262.2348414557205,0,1489.9370660186032,2.8613999999999997
1101140120564138796,Flare,-11.67624,no,15,18.92,21.2296,20.085753333333333,20.4859,18.3682,0.9533608497360924,0.565130862764857,0.3611065566764351,0.14095835910176005,874.6874771938537,0,2598.8637069672986,2.8613999999999997
1010140090174125659,CV,-9.33468,no,38,18.25,21.0557,19.547405263157895,19.58365,18.1949,0.7610036072462614,0.5138259719007501,0.2460603296476329,0.09926211673443862,771.457473335359,0,2184.033538877491,2.860800000000001
1306101290774132994,SN,29.67719,yes,29,18.77,21.2543,19.565355172413796,19.4418,18.3939,0.6337049102507114,0.566923123042634,0.25139206710443224,0.10424380380202548,451.2246728270926,1,2171.0551572683034,2.860400000000002
911201400014122995,CV,40.49111,no,5,17.85,20.7076,18.47352,17.9369,17.8483,1.249966510351377,0.433282498475941,0.173169161473311,0.14542355257183634,627.5237196818331,0,1403.1946933214058,2.859300000000001
806111400514116392,SN,41.03644,yes,11,17.74,20.331,19.082663636363637,19.6675,17.4725,1.110483934393225,0.325344534585626,0.1970441643232755,0.08645879952132732,859.304908757307,1,2485.0907472222025,2.8584999999999994
1112241010694129423,SN,1.73572,yes,32,19.24,21.4777,20.019903125,20.1188,18.6197,0.8486149662583514,0.569336526205408,0.302768023806826,0.12576950974148524,639.8001017829937,1,2486.1117326622043,2.857999999999997
902261320614124752,SN,32.4261,yes,17,19.04,21.4997,20.020864705882353,19.9932,18.642,0.8293875465827005,0.6550798501434821,0.2980742387886391,0.13760181327539212,383.9301510084401,1,1752.163881018605,2.8577000000000012
1204181210654142274,SN,22.37453,yes,295,18.14,20.8294,19.442390847457627,19.458,17.9718,0.4256090425411766,0.443006884932586,0.21714327784928494,0.04924261377244996,902.4069452425733,1,2994.891539467506,2.857599999999998
1001160010094128466,SN,-0.62005,yes,5,18.22,20.9397,18.77302,18.2851,18.0824,1.21503725333835,0.468466829044721,0.18958229958115339,0.15596957852773297,290.3129285435221,1,649.1699225347911,2.8572999999999986
1106070070614107631,SN,-7.83581,yes,34,19.72,21.0608,19.32071176470588,19.17125,18.2037,0.7397044138420416,0.499403274401882,0.21908032387670517,0.09884151426167424,577.8006408619814,1,2808.3325968053978,2.857099999999999
1003171430384133703,SN,44.57681,yes,20,18.79,21.566,19.885405,19.99915,18.7103,0.8702011343271218,0.626476176857461,0.30495512425929544,0.15629021031520382,504.66659758173034,1,2130.1448257750963,2.855699999999999
1602150040614118878,AGN,-4.33285,no,275,18.78,21.0511,19.255446181818183,19.2529,18.1957,0.38130746480166183,0.50394284503612,0.20119995776559568,0.04875832676981505,898.4324343046525,0,2956.056453506899,2.855400000000003
1411161400324115580,CV,40.23026,yes,6,18.26,21.2954,19.3795,18.7241,18.4404,1.2321802173383578,0.545821889393224,0.25023115848285865,0.177696628266027,309.9964875867546,0,778.9241556595007,2.8550000000000004
1112291460404116264,SN,46.08268,yes,255,17.43,20.2865,18.140751764705882,18.1302,17.4321,0.26918278759355535,0.718586561898104,0.12572153167100145,0.04820809567733831,871.9886278534614,1,2919.999368402896,2.854400000000002
1004151150734108242,Blazar,14.60921,yes,42,18.63,21.483,20.194409523809526,20.315150000000003,18.6295,0.7084346839127079,0.6785644261087221,0.33671298830959967,0.12618788655703836,696.7905936209557,0,2955.887484456398,2.8535000000000004
912181320184134780,CV,32.54156,no,213,17.07,19.3578,17.86288309859155,17.8959,16.5044,0.4882737966220492,0.23471858797526,0.12408238997545722,0.024020271313746018,961.7237988704868,0,2951.0580079281062,2.8534000000000006
910211120134119519,SN,12.67313,yes,89,18.9,21.2694,20.000016853932586,20.0923,18.4166,0.6823048470968144,0.590680503445439,0.3217800604263931,0.11608961728312119,835.1725374903045,1,2861.162068842401,2.852800000000002
1302111010564127993,SN,1.63919,yes,45,18.82,21.2411,20.19502888888889,20.2679,18.3908,0.7600550245099557,0.553556711697203,0.34162583445523625,0.12476583908490511,975.6334284171926,1,2837.1535972688,2.8503000000000007
1104061230744115200,AGN,23.3806,yes,280,18.73,21.1352,19.215991071428572,19.1144,18.2858,0.5079479177280813,0.5513169635191179,0.20379937676378285,0.07229518034548658,814.8082083355868,0,3069.7984965046926,2.849400000000003
1010190150134113452,SN,-15.85323,no,29,18.66,20.7471,18.96228620689655,18.4344,17.8979,0.9389193658228807,0.422895237563041,0.19800918548856847,0.09881319872939599,199.16191303477797,1,745.8722413311916,2.8491999999999997
1303241460584112024,SN,46.00832,yes,51,18.79,21.4772,19.99085294117647,19.8657,18.6307,0.8640513508705243,0.6203028589956721,0.31353648746376317,0.14438112603763326,780.3412998449309,1,3010.826700034995,2.846499999999999
1607101600454143507,CV,62.00675,yes,117,14.63,18.0089,17.069875213675214,17.2463,15.1625,0.65168737929211,0.277173330673964,0.09279964754699457,0.031187585607819476,878.239243226477,0,2706.7240249421884,2.846400000000001
1203211040684103351,AGN,2.91547,yes,318,18.81,21.0537,19.436414150943396,19.381050000000002,18.2079,0.46900731386789873,0.5436645200760929,0.21815118083018795,0.06490930624652783,900.5380289653609,0,2979.8594200229927,2.8458000000000006
1204111180464108242,Flare,17.36878,yes,457,18.51,20.4359,19.356558205689275,19.3486,17.590999999999998,0.3031917961373937,0.5923595908457379,0.20190598903140464,0.043742203229405516,889.0183990348514,0,3121.3004275345957,2.8449000000000026
1206101150804138903,AGN,16.36518,yes,269,19.47,21.3609,19.813220817843867,19.7629,18.5165,0.4901846522447888,0.546909191442649,0.2643569387666268,0.07433186344194356,822.7036329878192,0,3070.741579676098,2.8444000000000003
1305141070624108774,Comet,6.20636,yes,6,17.92,20.6886,18.676933333333334,18.0057,17.845,1.189387414876527,0.410765584460241,0.20932171784972078,0.13964156207367898,958.1130958134826,0,2241.9121584259046,2.843600000000002
1112301380354137481,Blazar,38.59387,yes,422,17.63,20.3899,18.88565971563981,18.91165,17.5466,0.6370803837667892,0.334272311984188,0.17105190343345716,0.05244299463984074,852.7159737584865,0,2912.0184360066996,2.8432999999999993
1001081010294126339,Flare,0.90423,yes,330,16.16,17.5088,17.210760303030305,17.244,14.6697,0.2548840486719101,0.197563765099832,0.08964061204425945,0.012833345671241538,864.9222052740852,0,2908.028677476599,2.8391
1107011040034131568,Blazar,4.98707,yes,184,19.27,21.2382,19.609607608695654,19.62775,18.3994,0.5021206974475173,0.532955476537639,0.23377408935456992,0.06471232398449266,965.511340956817,0,3008.9060515854,2.838799999999999
1401011090654141413,AGN,10.89109,yes,385,18.5,20.8814,18.948627012987014,18.8836,18.0427,0.47630243723532995,0.4894285276687289,0.17270314576013432,0.05005718709657749,909.2630358756758,0,2977.935019722201,2.8386999999999993
1102101180574123330,AGN,18.35874,yes,268,19.63,21.3432,19.99821791044776,19.95915,18.5062,0.5549049812174068,0.609149125777203,0.2866645207611127,0.08945594440311981,791.8382864145062,0,3127.2367821411026,2.8369999999999997
904281011134152313,CV,1.73774,yes,6,18.44,20.7413,18.879583333333333,18.328850000000003,17.9059,1.1836277107548077,0.4728319558039739,0.20724699104748165,0.1441803041126628,531.2658608532985,0,1616.7550497456104,2.8354
904011010624137363,SN,2.2431,yes,10,19.43,21.3621,19.9707,19.7302,18.5267,0.9099996166055357,1.0195156274329,0.37241551180935806,0.26667115110290596,617.9195844535636,1,2457.1649191895995,2.8354
1011101120514117494,Flare,12.35661,yes,472,17.04,18.1634,17.181646398305084,17.1863,15.3281,0.14017514184190122,0.345084881578942,0.08950041932439816,0.021001044281176592,918.8948532585874,0,3096.311809675688,2.8353
1102070180244109718,SN,-19.09799,no,41,18.39,20.9528,19.70918048780488,19.8585,18.1189,0.6364197939330267,0.453352470113767,0.25498094828268675,0.07373059674579557,812.4688897220956,1,2581.823824791587,2.8339
1301120070604117823,SN,-7.46958,no,16,18.79,20.9604,19.1830125,19.1187,18.1267,0.6502116638705687,0.459884867039544,0.19743871306975855,0.07795209484312698,392.67461542282825,1,1513.8261429052,2.8337000000000003
1006130181084128419,Flare,-18.61397,no,251,17.72,19.2856,18.39589282868526,18.4144,16.453,0.26991045483338844,0.5837638612264039,0.14918912400891488,0.052826416944918256,969.5999390590484,0,3058.7540491437976,2.8325999999999993
809210041114126831,CV,-4.63406,yes,10,17.25,20.0792,18.75845,19.249200000000002,17.2485,1.10287954338732,0.292745980889771,0.17921646940926195,0.07735551209283029,5.131591876469242,0,9.9703487036968,2.8307
1309061351004143495,CV,35.18231,no,15,18.74,20.1793,18.602453333333337,18.7306,17.3488,0.9507919900698328,0.307970210250709,0.16877155820833864,0.06796737948592409,1411.5266925249673,0,2897.1029617707027,2.8305000000000007
1505121350644125481,AGN,35.44221,yes,248,18.68,21.1483,19.42331612903226,19.3671,18.3222,0.36736251902796907,0.5269435086030809,0.21705715449761875,0.05380893417989164,794.0571272554232,0,2938.0562646757026,2.8261000000000003
1212091210554119667,AGN,21.09563,yes,314,18.89,21.0726,19.13315350318471,18.9942,18.2467,0.49792914716324593,0.519678584677693,0.1870944521769309,0.0544390363394322,722.2987309529353,0,2991.951819316884,2.8259000000000007
1310250070034110542,SN,-7.78149,yes,100,18.2,20.8984,19.704732,19.792299999999997,18.0739,0.587908296786416,0.442698727453779,0.25418068663956234,0.07139032169729173,1039.5298074137834,1,2979.9165581827983,2.8245000000000005
1309301010124101541,SN,0.09878,yes,21,19.04,21.168000000000003,19.368938095238097,19.1315,18.3436,0.9376261379015584,0.535515244849393,0.23955435350361065,0.1441048906387594,1031.1924214262338,1,2920.000603518507,2.8244000000000042
1204201320614114045,SN,31.88796,yes,77,19.02,21.2867,19.873710389610387,19.9305,18.4636,0.8012050221523926,0.573936271343313,0.28806542056086776,0.12193113675543886,796.9313099301997,1,2933.9496610416973,2.8231
1206181040794128810,LPV,4.60812,yes,337,15.04,16.9491,15.520338575667655,15.4415,14.1296,0.8161772227063385,0.0815077124532128,0.06453850276748553,0.007989706888306825,907.8888855729116,0,2992.8517123609927,2.8195000000000014
907311151204109825,Blazar,14.83818,yes,150,17.86,20.6501,18.938274666666665,18.895699999999998,17.8339,0.5449719374816505,0.471364682159042,0.18203300699518882,0.059210293773004394,772.2360872993927,0,2921.981045532506,2.8161999999999985
1301120070554118370,SN,-7.48592,no,107,18.48,21.0754,19.700465420560747,19.648,18.2602,0.6358131025231781,0.5113064040011029,0.24882192605241576,0.0863661563815639,802.1265696427776,1,2708.6853515853,2.8151999999999973
1211140230104117851,AGN,-24.3343,no,103,17.76,20.226,18.631433980582525,18.6596,17.4113,0.6760453202341334,0.326324828075765,0.1554975274249907,0.0500522099948727,923.2055800792663,0,2915.051780844602,2.8146999999999984
1406221180574116410,SN,18.29234,yes,11,19.63,21.3876,20.65470909090909,20.9033,18.5753,0.8328172434028323,0.5636487791517819,0.4482669099660057,0.0859094804300806,1112.9735453401975,1,2678.7286726503007,2.8123000000000005
806231320664126667,SN,33.7628,yes,7,18.33,20.9985,19.399442857142855,18.4993,18.1862,1.3596218112121512,0.6292284163348449,0.30117857085180627,0.220544752388428,747.6980349990243,1,1728.2453172454989,2.8123000000000005
1602271260554117464,SN,27.00522,yes,121,18.5,21.384,20.39546611570248,20.3653,18.572,0.47516207665625687,0.6117041266388199,0.3507147815950476,0.09557942231050906,871.724184168668,1,2972.9908827546897,2.812000000000001
1201301180554121756,Flare,18.41773,yes,380,19.21,21.0843,19.76837236842105,19.77845,18.2723,0.392353242448449,0.582470637549417,0.2505027043252945,0.058322970411024175,899.7054705036077,0,3122.252737696799,2.8119999999999976
1409141260394124755,SN,26.77188,yes,412,16.88,20.8133,19.376875000000002,19.34535,18.0023,0.3131397640137218,0.479209021875096,0.20666191967636327,0.04278596065983005,911.5648307156499,1,3109.360039479405,2.811
1103101460294148007,SN,47.45431,yes,19,18.47,21.1531,20.117068421052632,20.536,18.3427,0.9723701867388151,0.567223307943967,0.34749314061168546,0.144589453126285,621.7018428770874,1,2395.333119884097,2.810399999999998
1212121070084233940,Blazar,8.006,yes,138,18.86,21.0778,19.671528985507244,19.5888,18.2678,0.5181737334001218,0.613176921686291,0.2514517867417986,0.08090879546550894,544.8918526186584,0,2815.227864617904,2.8099999999999987
1403251320494118637,AGN,32.20059,yes,263,19.47,21.2748,19.898304182509506,19.87,18.4661,0.45301287060815165,0.5378474026898049,0.26602049103227654,0.07001154752528314,791.1499163690564,0,2954.001404247596,2.808699999999998
1011030210244105562,SN,-22.20532,no,25,18.59,21.0145,18.998184,18.6453,18.2063,0.8543549519374235,0.492487575851989,0.20166194068609908,0.11052237055764493,343.10146545574884,1,1835.9787680325026,2.808200000000003
1309021070074116316,AGN,6.60114,yes,150,19.29,21.0638,19.625656,19.567999999999998,18.2564,0.5432902076504408,0.496227480514791,0.2476173538062992,0.07350025975802706,624.051639428463,0,2922.058624803096,2.8074000000000012
1509200090024140166,HPM,-8.63998,yes,39,18.0,20.4919,18.08776153846154,18.0159,17.6858,0.4719691334774621,0.359518090347392,0.12070538652851436,0.0434368792323908,517.0196231582346,0,2979.9335361114063,2.8061000000000007
1202220210654145270,CV,-20.38399,yes,74,16.36,18.9462,17.86393918918919,18.09645,16.1405,0.7766499925377709,0.518493740935868,0.12205674030942153,0.05605023618538433,716.8306095073665,0,2553.0001268401975,2.8057000000000016
909170070214101363,AGN,-8.38858,no,163,19.63,21.1648,19.720533742331288,19.634,18.3598,0.5187907916100319,0.527685075697676,0.2591268471748394,0.07755857103218718,756.0383605697627,0,2916.0293887964945,2.8049999999999997
908281120174126442,AGN,13.03861,no,185,19.95,21.0539,19.568996216216217,19.5184,18.2497,0.5712920638463889,0.566923123042634,0.28084433196847164,0.07985449129411556,642.7521788741836,0,2975.8511664351026,2.804199999999998
1002130070674123400,SN,-6.89379,no,57,18.89,21.4069,20.10055614035088,20.1282,18.6031,0.6825680965550898,0.516145673555291,0.3137819849840311,0.10422209802393663,884.8655364133998,1,2960.954310983914,2.803799999999999
1305291600484134981,SN,61.55811,yes,13,18.96,21.2636,19.38136923076923,19.4084,18.46,0.8038396942017473,0.559553455343515,0.23417339412246835,0.1132512287188239,35.42791528175172,1,133.74823425950308,2.8035999999999994
1306171600474117100,SN,60.09378,yes,22,18.78,21.238000000000003,19.886868181818183,20.19885,18.4357,0.9692373041709325,0.57362653326322,0.3106936388378017,0.1475435945877675,795.6935568010869,1,2603.8749851277025,2.8023000000000025
810311320094143660,SN,33.46444,yes,28,19.57,21.5548,19.834307142857142,19.784550000000003,18.754,0.7644950853358353,0.652455539871672,0.2698130977591348,0.13028751568010322,462.5329136204149,1,2188.9274662729003,2.800799999999999
1410251400964135458,Var,40.59283,no,133,12.7,15.3861,13.689220300751881,13.6032,12.5865,0.6143443433745208,0.0790999227431895,0.05392442587963153,0.003152517541168143,1056.2016164777378,0,3108.8064816780025,2.7996000000000016
1403281180544116217,SN,18.00233,yes,151,18.71,21.3486,20.173984768211923,20.2259,18.5492,0.4973411256871684,0.613916824711063,0.31267707744414136,0.08898897208892907,876.078531617983,1,3122.2260961458014,2.799400000000002
1309250010064131012,SN,-0.74182,yes,71,18.11,20.8606,19.66642394366197,19.7572,18.0632,0.5597230300948045,0.4657936267244749,0.24376383566198676,0.06320654301311819,959.132546450684,1,2996.8585242474946,2.797400000000003
807031290084137489,Mira,30.38389,yes,82,19.78,21.1131,19.734440243902437,19.69695,18.3161,0.5140478374865817,0.582793228264611,0.2580207073626641,0.08134885938631362,958.7109260195459,0,2238.844255821794,2.7970000000000006
1202201070784120151,AGN,6.79945,yes,82,19.41,21.2391,20.21238780487805,20.23955,18.4423,0.5726156046717905,0.567824958599617,0.3271612674093442,0.10607183011433842,691.2717020881936,0,2957.9695983327983,2.796800000000001
1107031350754120112,Flare,34.734,yes,340,18.75,20.826,19.40885470588235,19.378700000000002,18.0295,0.3119716652971719,0.4203370336409829,0.20943528489578456,0.039908786810888525,901.6614253650882,0,3061.7943847919014,2.7965000000000018
1110241350454133658,SN,35.78588,yes,23,18.44,21.2074,19.27140434782609,19.1114,18.4124,0.7785319894626052,0.527190377080127,0.21743210006938166,0.11819021977694907,449.0681615104517,1,1772.027162800805,2.794999999999998
1203160260584151559,Blazar,-25.90374,no,28,17.58,20.1283,18.78093571428571,19.052599999999998,17.3345,0.8832588912927051,0.300051986107901,0.17246355769300517,0.057906126671444506,571.7153357744531,0,1470.957277731497,2.793800000000001
1206141011194123909,Blazar,1.13494,yes,33,18.48,21.2699,19.941539393939394,19.8408,18.4779,0.8237720812440305,0.5847387861838841,0.3095424677914411,0.12704951964972733,880.4545735804395,0,3063.7729478241017,2.791999999999998
1102121070724106436,Var,6.00785,yes,349,13.71,15.8958,14.442487392550143,14.5266,13.1053,0.6379749496589342,0.095728126240871,0.056600955048309955,0.005197267145768175,908.5404165308199,0,2979.936874860905,2.7904999999999998
905291230774135764,SN,24.43504,yes,10,16.96,19.5904,17.66139,17.5335,16.8006,0.9550753785842129,0.3047416417998839,0.1242529985314365,0.07705021905544102,35.54130684869602,1,108.83450446759525,2.7897999999999996
1401031290404108382,SN,28.63724,yes,45,18.95,21.567,20.624544444444446,20.686,18.7791,0.583355285690834,0.5745570563192479,0.38303209044598285,0.1016204169296771,851.6156911066611,1,2620.8318387036998,2.7879000000000005
1012140180304146295,CV,-17.70649,no,21,18.47,20.7829,18.678557142857144,18.4738,17.9966,0.6825409156757043,0.483853269396958,0.18934259821548827,0.11320500955341259,904.4064482274628,0,2305.678215775595,2.7863000000000007
1211221120164101986,SN,11.3953,no,18,18.69,21.2824,19.537055555555558,19.463749999999997,18.4962,0.9089868097290729,0.578003625950549,0.2571780230233023,0.13551460669281173,179.78149239356586,1,791.9122756709912,2.7861999999999973
1209211520514132992,Flare,53.12635,yes,141,18.46,20.5877,19.450318439716312,19.4865,17.8024,0.3377300929108147,0.3963371947879689,0.2252486974107613,0.04133379168757001,874.3509675311304,0,2701.6887642010042,2.785300000000003
1102041070174118422,SN,6.92125,no,228,18.37,20.9659,19.525014912280703,19.5111,18.1808,0.4450746755602941,0.514056660352058,0.2420434519717053,0.0633205585594183,890.9299707856383,1,2946.860222812298,2.7851
1203281040834151830,SN,5.05489,yes,37,18.94,21.3582,19.632954054054053,19.3534,18.5734,0.7982328776722973,0.593712017664007,0.25997307244627726,0.12769136662144975,504.0812597646459,1,1832.0399489816991,2.7848000000000006
1112311070254117349,SN,6.51988,no,179,18.79,21.1561,19.715266480446928,19.8041,18.3715,0.6552992295268175,0.567223301936036,0.26610047252016533,0.09211654845154361,881.0490075929208,1,2946.9431519792124,2.7845999999999975
1402091120094104587,Flare,11.67512,no,271,18.36,20.6256,19.464052029520296,19.4511,17.842,0.29656113551461477,0.403313279738641,0.2198788088085486,0.04003268813757547,950.9403346299049,0,2958.8844985649994,2.7836
1212080010604101425,Blazar,-2.79215,yes,246,17.36,20.0341,18.72044837398374,18.73805,17.2512,0.44190556824081995,0.36892649685518,0.1591659468327493,0.037808955864981716,922.4086973399645,0,2957.9416595947987,2.782899999999998
1201230040734148678,SN,-3.03441,yes,22,18.92,21.4112,19.9029,20.1,18.6285,0.7118346430510524,0.517551053739308,0.268763874876598,0.10176015801524876,430.58805150071845,1,1928.7634074305897,2.782700000000002
910161260094136561,Flare,27.4481,yes,36,19.58,21.2553,20.290780555555557,20.4685,18.4731,0.7249628474498128,0.568428293287317,0.3552250181770932,0.11860796044440976,927.2363715440542,0,2935.9853186922046,2.7821999999999996
909281320154111937,Flare,31.55424,no,360,16.64,17.868,17.204360555555557,17.20565,15.0859,0.15956183527227402,0.167991248562085,0.09321511976471604,0.007579544134371165,919.034316244294,0,2951.068543449095,2.782099999999998
1003170180714135740,Blazar,-17.3952,no,163,17.08,19.8121,18.005398159509202,17.9333,17.0313,0.421590044930198,0.415087875798227,0.13159091168535808,0.055964037084527705,825.7354381714998,0,2920.984101134294,2.7807999999999993
1206181070784131643,Blazar,7.6124,yes,242,18.62,21.1509,19.717929338842975,19.6943,18.3708,0.48528706421645607,0.741953396856875,0.25470967223504565,0.07758653602881155,960.115535887785,0,2990.9256837037974,2.780100000000001
1011101350374137703,SN,35.89374,yes,310,18.18,20.7386,19.442620322580645,19.50745,17.9585,0.46787103858246454,0.469909688695483,0.21472942957873917,0.0491292705078926,814.6242678973531,1,2908.0251322686017,2.780100000000001
712160040604111583,AGN,-4.85955,no,285,19.26,21.238000000000003,19.39253157894737,19.3173,18.4596,0.45851835278898906,0.572700014338573,0.21428678850254218,0.06312415491819107,825.3443141412257,0,2956.030676713199,2.778400000000005
1309241320384122843,SN,32.31735,yes,7,18.43,21.2082,19.529085714285713,18.5523,18.4307,1.3198298645767086,0.5373267844923599,0.27692815394980796,0.18310669959748896,429.8281998557323,1,1044.0348370139982,2.7775
1009160011174125237,CV,-1.48061,yes,9,16.74,19.5161,18.390966666666667,18.967,16.739,1.2189835509554665,0.228909466909043,0.1580189317332495,0.06180152722846389,11.870205436115775,0,25.853566909696383,2.777100000000001
1205141090724110667,AGN,9.21784,yes,296,18.95,21.0967,19.50050337837838,19.5061,18.3215,0.5709426731786167,0.517786302513275,0.22787757633436376,0.07453794413400351,903.7380497628628,0,2979.965056771005,2.775199999999998
1301061230534111716,AGN,23.2833,yes,268,18.85,21.2498,19.85503208955224,19.90025,18.4774,0.5894660663565618,0.558686157539815,0.2638449923265031,0.08312299048606783,806.7809039558572,0,2975.951402535189,2.772400000000001
810100210174114826,SN,-20.98954,no,34,18.44,21.1621,19.804370588235294,19.84755,18.3904,0.843857954989846,0.533975464329886,0.2838696156337878,0.11462692821978118,802.0488863393076,1,2919.0372338542,2.771699999999999
802021180024125831,CV,18.93756,yes,25,19.13,21.2923,19.271144,19.1222,18.5223,0.6113522048704827,0.5764302065205611,0.20471431353734337,0.10057192529416402,831.7599541013036,0,2581.9353059953064,2.7699999999999996
1404300040704102016,CV,-5.49391,no,288,16.94,19.4165,18.369471875000002,18.378,16.6465,0.3085775997377107,0.280794595995211,0.13272666377314946,0.019218898443982634,939.2427515067153,0,2951.029093252102,2.7699999999999996
1503170230654148655,SN,-22.90672,yes,37,18.03,20.6554,19.20012972972973,19.1479,17.8858,0.6308637209171009,0.443934912445932,0.20630199698890803,0.07425668831011767,660.1765822598845,1,1875.8641501274033,2.7696000000000005
1204150090594144402,SN,-8.58138,no,40,18.43,21.1959,20.3061075,20.3823,18.4263,0.7717835273049248,0.548002306187881,0.36590916613326374,0.12268859284521234,880.8541045476528,1,2641.7783173033968,2.7696000000000005
903231350394105050,SN,34.12236,yes,16,19.77,21.2562,19.42215625,19.27825,18.4877,0.7676424245430511,0.545550965519109,0.23390626126082648,0.09546572306083173,370.4707116480784,1,1180.0229874423967,2.7684999999999995
902161070544137952,SN,7.90956,yes,15,18.46,21.2289,19.72238666666667,19.5762,18.4606,0.9315623227879573,0.536807528664698,0.25875898944083103,0.1301441778119021,530.3971472179475,1,2163.0315188540044,2.7683
904211350614104753,SN,34.05529,yes,44,18.88,21.3852,19.809979545454546,19.57065,18.6171,0.9084914983615071,0.6109712441188629,0.2881585080084607,0.14372338656214112,610.242995109168,1,2863.0268031946034,2.7681000000000004
1304191380464136324,SN,39.27016,yes,20,18.7,21.4678,20.34407,20.52045,18.7,0.880389104227277,0.6117041266388199,0.3640307620298183,0.15258500367241495,1041.2393281697475,1,2708.781810231303,2.767800000000001
1102061230624108216,SN,23.09558,yes,22,18.28,20.9005,19.25548181818182,19.162950000000002,18.1347,0.8306465293953482,0.450744833779257,0.2062435425222234,0.09333538748127185,154.88118853303885,1,748.0235947225956,2.7658000000000023
1109240090114106079,AGN,-10.93608,no,188,19.14,20.9756,19.447343085106382,19.38125,18.2104,0.44696551543045726,0.4828756706348089,0.21721607434955034,0.058918019755127934,782.0961908080761,0,2948.0506626852,2.7652
1611091210484112960,SN,20.60814,yes,43,18.44,21.6685,20.703844186046513,20.7513,18.9038,0.5411233475713478,0.5880200319416989,0.39817904903677565,0.10057389422736315,806.3972777988361,1,2644.7455846643934,2.7647000000000013
1602051290494134565,SN,30.81533,yes,241,18.59,21.3393,19.910819917012446,19.8308,18.5746,0.5016305243254174,0.595756075497911,0.2748752439305197,0.08245594303929327,839.3128764059644,1,2984.9500874419973,2.7647000000000013
1409020181144129152,SN,-18.20209,no,78,17.89,20.9553,19.464979487179487,19.4467,18.1908,0.4829973438014067,0.495389750507207,0.22336337308120205,0.05777797963351862,875.4926667817084,1,2964.9601414004064,2.7645000000000017
1109241290094101455,CV,28.36127,yes,60,18.65,21.2512,19.890171666666667,19.895699999999998,18.488,0.550905829748981,0.5344874034573079,0.2732835182958742,0.07318569882815115,865.8302199253164,0,2599.8255598265096,2.763200000000001
1303150040714122967,SN,-4.40227,no,101,18.46,21.1375,20.03569900990099,20.1313,18.3745,0.5764361209180159,0.515214398699779,0.2969951461836583,0.0824405444198337,960.4662736376735,1,2971.947387511398,2.762999999999998
1306210011254120647,Blazar,-1.31513,yes,161,18.51,21.2723,19.856763354037266,19.8067,18.5095,0.5698354984872219,0.569033337694856,0.2815756554650446,0.09079217800882164,952.0282316119145,0,3032.760009178397,2.762800000000002
1403121040674113258,AGN,3.73073,yes,230,19.36,21.2691,19.88663652173913,19.845399999999998,18.5083,0.4937683857312805,0.568428293287317,0.2701822394484614,0.0789126301621291,832.2672634628549,0,2979.888326782806,2.7608000000000033
1202271090714128401,AGN,9.99322,yes,134,20.13,21.5432,20.06856343283582,19.9998,18.7836,0.5195897565569927,0.680015393125871,0.299561564408621,0.09610705009469216,623.7189196527925,0,2947.9914842703947,2.759599999999999
1111221040604112067,SN,3.57834,yes,21,19.58,21.3264,20.011338095238095,19.9256,18.5672,0.6741383162795235,0.578636197355734,0.3109124468302281,0.12182363653241836,884.4248775177559,1,2920.921174305993,2.7592
912161350334131339,SN,35.24124,no,397,17.45,20.1884,19.074890428211585,19.0857,17.4302,0.304004648188594,0.336687323618321,0.17671586239214135,0.028589410993473646,899.2200559475217,1,3081.2884242823056,2.758200000000002
1006151460624145312,Blazar,47.56947,yes,178,18.39,20.5408,18.682702808988765,18.56245,17.7836,0.5909168793947726,0.38344003434448,0.15676000444148383,0.048789056348057656,837.6693722884843,0,2963.9550710186013,2.757200000000001
1110231380744134000,SN,38.53894,yes,14,18.72,21.1791,19.898942857142856,20.25945,18.4222,0.9177110444463985,0.5360311424649461,0.3062833368431321,0.12174205561157543,559.0691772993217,1,1886.0053753936154,2.756899999999998
1203221400724152974,SN,41.71687,yes,355,17.92,20.4551,18.90064366197183,18.8988,17.6983,0.31421463899607277,0.711943750312163,0.16989068963712595,0.04222651181289202,910.146917128109,1,3069.7102882289983,2.756800000000002
1412271230154110166,SN,23.22679,no,36,18.91,21.3292,20.31168888888889,20.34685,18.573,0.6134127469809629,0.560133637411588,0.36054847751448504,0.11276245291203524,832.1318704570394,1,2562.041297129901,2.7561999999999998
1203011230674219852,SN,23.90144,yes,71,19.08,21.3556,19.924722535211266,19.7352,18.5996,0.67032766192516,0.596441575842659,0.2880371420800331,0.11176240444966096,554.3128276845629,1,2863.9846975230976,2.7560000000000002
1103260070534102536,Flare,-8.30595,no,259,16.13,17.0175,16.707248262548262,16.7201,14.262,0.18248436512318383,0.158951009550009,0.07994194047082163,0.011100730550600398,868.2499012147641,0,2865.2261376962997,2.755499999999998
1303140010834117600,AGN,-1.97039,yes,185,18.8,21.0709,19.511296216216216,19.5514,18.3173,0.6006940292520645,0.5360311424649461,0.2475357484797941,0.07900962474420219,722.9296059364307,0,3005.8102591899005,2.7536000000000023
1203160070784118493,AGN,-7.67847,yes,192,18.97,20.9839,19.306282291666665,19.2823,18.2304,0.5812167648542158,0.516145673555291,0.2148396311769445,0.07720059243450395,734.1584833937487,0,2951.95538603,2.753499999999999
812301150804143862,CV,16.73499,yes,17,18.73,21.1889,19.170241176470586,18.9745,18.4357,0.6866587562782028,0.538369341900554,0.20356129225673297,0.09383810645531929,582.045581752152,0,1572.8380998612047,2.7531999999999996
1506291321054121889,AGN,32.2194,yes,186,17.97,21.0134,19.563875806451613,19.6697,18.261,0.5806591757515636,0.52207024622074,0.243602415510621,0.06673828821158927,1011.2495082102494,0,3051.776318078795,2.7524000000000015
1106241010684107404,SN,0.56501,yes,79,19.08,21.3607,20.219645569620255,20.2516,18.6101,0.5711738423222816,0.575804026577467,0.3361089914628023,0.10313166416179242,892.1307044972651,1,2945.9874779862002,2.750600000000002
1511081150254112077,Blazar,14.63244,no,171,17.57,21.1977,19.737119883040936,19.6859,18.4488,0.5633498266013309,0.5396801899451611,0.2882622916278457,0.08720794792056556,943.7151136666034,0,2943.065398344799,2.7489000000000026
1306201260644112940,AGN,26.4709,yes,291,18.26,20.9139,19.347384879725087,19.331,18.1655,0.47675110239269963,0.527437563418862,0.2089259652641026,0.05854473698449733,903.4096704843901,0,2992.932091701703,2.7484
1403271150704114454,SN,15.0606,yes,84,19.25,21.4108,20.260611904761905,20.24695,18.6628,0.5509135732197686,0.569336526205408,0.3357755315289839,0.10065316178062936,818.3236378576339,1,2898.092500636296,2.7479999999999976
1310091210034112233,AGN,20.51454,no,80,20.04,21.2413,20.08698125,20.12845,18.4949,0.5398947675461716,0.578003625950549,0.3115659510439801,0.0926339423351018,716.2328740516466,0,3031.7702508913935,2.7463999999999977
812020070254115621,Flare,-7.54235,yes,283,17.12,19.4353,18.85570883392226,18.8796,16.6892,0.28703868390242676,0.25580575037786,0.16446593334408016,0.02001618321224762,857.993416702919,0,2946.048886585493,2.746100000000002
809241381024159941,CV,39.23966,no,59,19.78,19.7833,18.29726779661017,18.2724,17.0374,0.5806130168402793,0.250722095859385,0.13808264764107633,0.03302467291428017,472.6881745210149,0,1364.2498791781982,2.745899999999999
1203281180634123135,AGN,18.26448,yes,285,19.5,21.2354,19.723988771929825,19.6794,18.4897,0.5327484391159971,0.556676355843265,0.2524518126627753,0.0842643010276935,770.274099397924,0,2994.9299794561084,2.7456999999999994
1410050070134116305,SN,-7.08902,yes,133,17.41,21.3233,20.018904511278194,19.9628,18.5778,0.5486519036175217,0.8259046256478292,0.29691444527584077,0.09739396890150516,928.1257614551981,1,2965.0036536921034,2.7455
1304151550384115667,SN,54.57738,yes,61,17.78,20.4915,19.54566393442623,19.6924,17.7465,0.7139699491885221,0.7588886623998791,0.24494825285596947,0.09333697942578255,844.4401814676634,1,2543.0559372455027,2.7449999999999974
1301131010554139998,Flare,2.11943,yes,336,18.69,20.6629,19.307468154761903,19.30025,17.9184,0.3252183217528642,0.521589557277535,0.20034954427466029,0.04512580169190854,861.7568207063703,0,2899.093923530105,2.744500000000002
1210100230084125630,CV,-23.66231,no,115,16.66,19.1553,17.64083304347826,17.6163,16.4111,0.5104144784150859,0.2059393597946439,0.10377106291308871,0.02026993355587314,917.0101405016458,0,2915.0247302315984,2.7441999999999993
803121010564140860,SN,2.29792,yes,54,18.75,21.2488,19.51220925925926,19.42755,18.5057,0.657733232115901,0.566025100605129,0.23034329698537676,0.09808905493726465,328.51111875638395,1,2134.1811654283956,2.7430999999999983
1302141290364160994,LPV,30.51046,yes,327,12.52,13.9172,12.53080611620795,12.4101,11.1742,0.9407696417278947,0.0784606447976352,0.05136513672850727,0.0020542790206810597,910.702889015127,0,3090.318154201297,2.7429999999999986
1112250011254116827,AGN,-1.74223,yes,355,18.48,20.7247,18.94546422535211,18.7686,17.9834,0.5025417046405184,0.410890948644754,0.17864509818885904,0.04907347496666836,924.9204880166252,0,3060.747927477103,2.741299999999999
911091151214101889,SN,14.14656,yes,52,18.68,21.3369,20.182396153846152,20.445,18.5959,0.8856260878248201,0.5783196722766459,0.3418897560733573,0.13300308172800734,939.0461837310313,1,3026.901725486008,2.7409999999999997
910211120144106110,Blazar,11.65127,no,83,19.78,21.2101,19.92019156626506,19.8876,18.4708,0.667159137816388,0.561591158766578,0.30419136952917136,0.10529039925870212,672.4437717589501,0,2899.010789027896,2.7393
1106040230824154629,Mira,-23.96793,no,52,13.19,15.5448,14.254926923076924,14.296700000000001,12.8059,0.9458486854309848,0.0656045139438721,0.0571495083511176,0.0038184358528670003,614.7743149039039,0,2188.0530740392933,2.738900000000001
909160120034110694,SN,-13.33644,no,101,18.59,21.1168,19.95308415841584,19.9138,18.3782,0.5963326579573985,0.525713764453997,0.2873716042342527,0.08828902171091811,935.4710787496568,1,2979.9205899885856,2.7386000000000017
1306071380554122492,SN,38.34372,yes,76,19.67,21.299,19.951415789473685,19.851750000000003,18.5611,0.6370063359292716,0.576116887210896,0.2970332170850739,0.10221811257097659,854.0032820474203,1,2936.0163024189023,2.7379
1111300070314154439,Flare,-6.16045,no,182,16.28,18.7866,17.89875989010989,17.86535,16.0489,0.3240176845081476,0.487217595131943,0.12589970873030565,0.03874933819695694,854.6828362511807,0,2642.706385046702,2.7377000000000002
1303021380594134765,Blazar,39.37439,yes,171,19.42,21.327,19.6342081871345,19.491,18.5895,0.4892294325746182,0.579588507073604,0.23783554900239912,0.07284293554893974,789.5445895828419,0,2936.0121134375004,2.7375000000000007
801010010464118424,Flare,-2.04033,yes,9,19.48,20.9413,19.678655555555554,19.5511,18.2039,0.8022619633123429,0.449295913644501,0.2518318110650654,0.10233471452928533,944.0571817368814,0,1857.9250870020915,2.7373999999999974
911110070114116490,SN,-7.28285,yes,12,19.64,21.231,19.598733333333332,19.615699999999997,18.4943,0.6929948370965148,0.545821889393224,0.24478566087314815,0.10611317934797325,127.95810416507655,1,462.8139658332948,2.7367000000000026
812010040574130251,SN,-3.35705,yes,36,18.02,20.7581,18.914125,18.879649999999998,18.0229,0.5575653654825705,0.4246704611920039,0.16848749480873162,0.05803740985402627,236.42826115536744,1,1467.976315451393,2.735199999999999
1106051350744108815,Flare,34.26457,yes,247,17.17,19.5585,18.873865587044534,18.8968,16.8247,0.3101875000593163,0.289723490713866,0.16545253067391794,0.023704950180354355,769.9463194052895,0,2593.9538330444047,2.7337999999999987
1202111180194119491,SN,18.07786,yes,28,18.48,21.1122,20.11455357142857,20.33865,18.379,0.8541956261680036,0.519916405817891,0.33719878523461055,0.11563690136214692,752.6337863810545,1,2387.6357551736946,2.7332
1105251150824111853,SN,14.82502,yes,16,18.97,21.3465,20.46903125,20.88785,18.6136,0.9835350735781271,0.585391153669409,0.40896270952145364,0.1592526312902957,690.1001644167133,1,2580.9478396992054,2.732899999999997
1202181070674127854,AGN,7.47746,yes,301,18.91,21.1951,19.463421594684384,19.4193,18.4626,0.43942992808726883,0.5496529614403379,0.21614326012440185,0.05971306265491361,827.2824555082254,0,2977.929541539401,2.7325000000000017
1306140090664121096,SN,-9.60324,no,21,19.21,20.892,19.57814761904762,19.4892,18.1637,0.7323588892196554,0.4709997778197179,0.24973529676535963,0.10220501576694002,746.2463531107248,1,2680.712166342906,2.728300000000001
1212121380464142104,SN,39.00775,yes,345,17.21,19.9226,18.760305217391306,18.7613,17.1943,0.3225367543082123,0.3356157758697269,0.15277739198393311,0.027207305370651056,841.0989044130716,1,2912.9836959953027,2.728300000000001
1305051400544106365,AGN,39.90724,yes,213,19.12,21.244,19.57414460093897,19.5549,18.5158,0.4418968356206686,0.5780036196340229,0.2327077094680667,0.07052279278963529,804.7267195284574,0,2925.084853009299,2.728200000000001
1109290091254140479,Flare,-8.65314,yes,16,19.37,21.1055,20.17935625,20.500349999999997,18.3779,0.9019247861980141,0.594731704750992,0.3528629381274782,0.13661762193553237,869.8777399778847,0,2923.950026770799,2.727599999999999
1503141380554117643,AGN,37.84062,yes,57,19.5,21.3069,20.252387719298245,20.2363,18.5811,0.6076994766771121,0.5844133223308001,0.33694318991283984,0.10271025261990756,807.8672287126863,0,2936.0245067710057,2.7257999999999996
901301150724101062,SN,14.14377,yes,286,16.5,19.2231,18.190683566433567,18.24785,16.4982,0.3603819579608948,0.516612993202041,0.12759606254356437,0.031816097557127075,915.3162642417026,1,2984.9336351737948,2.724899999999998
1211121260104125682,AGN,26.79012,yes,225,19.19,21.3661,19.827715555555557,19.758,18.6417,0.591851192821677,0.566923123042634,0.2689193201404651,0.08900834896927318,945.7143386092488,0,2952.9442010759085,2.7243999999999993
1301080040714113582,CV,-4.89343,no,33,18.68,21.2024,19.7754,19.7122,18.4782,0.7196825715202496,0.54259434065371,0.2680119024669698,0.10232062808973147,489.9245826455084,0,2512.074170960601,2.7241999999999997
804091230784123459,SN,23.93426,yes,56,19.08,21.3642,19.11332857142857,18.9853,18.6403,0.4922238100385141,0.583763854741244,0.19285743793983529,0.07071626383394053,236.81016923186328,1,1689.626861851495,2.7239000000000004
1006190010914178052,CV,-0.90095,yes,33,17.51,19.6996,17.951836363636364,17.6954,16.9758,0.7160982914456356,0.290330048744821,0.13372983681888864,0.050996238926131636,981.8678370424485,0,2876.080782303201,2.7238000000000007
1012031350404119449,SN,35.05331,yes,44,18.96,21.3953,20.27823409090909,20.4102,18.6718,0.7897200684326066,0.5837638612264039,0.33537870601702513,0.1271353843138038,681.8735497684888,1,2677.7686132289964,2.723499999999998
1111301090274136153,AGN,9.6898,no,253,18.96,21.1002,19.63884505928854,19.5695,18.3771,0.506151189637177,0.509720267004283,0.2532259336111567,0.07335481083940325,702.7683135329913,0,2865.1736055207075,2.7231000000000023
1304061090654140277,AGN,10.88221,yes,144,19.68,21.3033,19.956119444444443,19.882800000000003,18.5802,0.5644713503389983,0.5818268862694821,0.27871673210289116,0.09230005751405428,793.1198632898669,0,2944.999439895597,2.7230999999999987
1301141600214150936,Blazar,61.42064,no,147,18.33,20.9233,19.492333333333335,19.4853,18.2016,0.6171013251688189,0.5751796303247779,0.23778627290340612,0.08352025172820961,808.7173477988104,0,2820.277469536799,2.721700000000002
911101120084103272,Blazar,11.50432,no,183,18.84,21.0909,19.68467486338798,19.6341,18.3695,0.49885965480168554,0.530931106149733,0.2485110602492103,0.07007459212646529,796.1904696077364,0,2892.033253923597,2.7214000000000027
1501170010584116103,SN,-1.78924,yes,17,19.42,21.3081,20.552447058823528,20.7128,18.5876,0.7235010315452628,0.597818894804744,0.4022561710213549,0.13259916249428902,936.361854295953,1,2840.1989022920025,2.7205000000000013
1609100091264119252,LPV,-9.82251,yes,207,12.96,15.6354,14.059608695652173,13.9456,12.9159,0.7767763344170735,0.0674572762745855,0.05483657077651212,0.003530126428625135,948.762663445909,0,2951.9061242360985,2.7195
911251150574137119,AGN,16.13553,yes,446,18.31,20.232,18.73029349775785,18.754800000000003,17.514,0.3478509418958868,0.759535334677587,0.15585449534135334,0.0436704802448314,922.9909461165777,0,3127.2607618286056,2.718
1202211520394112056,SN,51.54173,yes,15,18.66,21.0881,19.300046666666667,19.0581,18.3715,0.7557233581776066,0.5423276849930301,0.22386391992950933,0.10552552489076535,563.0196802244684,1,2543.0466642244864,2.7165999999999997
812201090114114629,SN,9.6112,yes,27,19.9,21.2923,20.057103703703703,20.0972,18.576,0.6728853785586838,0.551038700336465,0.3122944369493588,0.11462514417346284,670.4578504977898,1,2922.990028483713,2.7163000000000004
1411271290384124451,AGN,29.40745,yes,67,18.84,21.5121,20.02876865671642,19.9282,18.798,0.5590948234230677,0.609149114887593,0.28238740729168665,0.08918547990675345,629.9357877344686,0,2519.086124166395,2.714100000000002
1305051260704123970,Blazar,26.74936,yes,97,19.21,21.6927,20.178905154639175,20.1563,18.9791,0.5732562374953467,0.66448811191672,0.32164625636844724,0.10333181506236984,877.6695999581914,0,2585.8634399534058,2.7135999999999996
903031210714107442,SN,20.18087,yes,29,18.91,21.3976,19.381879310344825,19.2424,18.6859,0.6844967324242734,0.6165252499542049,0.2193701662876374,0.11134673998639634,139.2501144264444,1,774.8875539582077,2.7117000000000004
1406171120834114874,Flare,12.17606,yes,164,18.97,21.2835,20.10201280487805,20.002299999999998,18.5733,0.6105729622474835,0.591015304025047,0.3183261800885865,0.10867915770006248,889.4828757514182,0,2992.904096967599,2.7102000000000004
1301211320344144585,CV,32.75933,no,20,18.49,20.9652,19.09706,18.97465,18.2551,0.6658048018039997,0.478636940599932,0.18713746700048528,0.07979392037007742,1105.0012812984041,0,2298.7000270136996,2.7101000000000006
1405191320754141571,Blazar,33.51239,yes,314,18.05,20.9217,19.528262420382166,19.507550000000002,18.2117,0.48696069314301865,0.8642886714847671,0.2278457538965969,0.06639925248443034,884.8737348590538,0,3078.7604061224993,2.710000000000001
1202101150434141552,CV,16.32931,yes,25,17.58,20.1292,18.37264,18.1762,17.4208,0.8315605429953188,0.535257801890461,0.14987493745760128,0.09248366727482699,719.2281520510911,0,1771.1515787382014,2.708400000000001
1002171350574139609,AGN,36.04578,yes,254,19.46,21.3547,19.551202362204723,19.49135,18.6463,0.41484026469448365,0.5569622852792591,0.23226615787973798,0.06245242448167036,771.5874031344034,0,2936.019526365715,2.708400000000001
1107010071244113143,Blazar,-7.61824,yes,58,18.55,20.6241,19.266005172413795,19.39085,17.9157,0.6353777951772899,0.468466829044721,0.20908750390158679,0.06842424912239299,470.9882374184031,0,2540.0910289818057,2.7083999999999975
1310261010114127520,SN,1.84931,yes,290,17.7,20.3667,18.795750344827585,18.796,17.6584,0.2673568523946439,0.391100806557879,0.15811937164479967,0.0288158745836434,962.231117654113,1,2963.924247581097,2.7083000000000013
1409011210164107559,AGN,20.16336,yes,340,18.2,20.6472,18.72951088235294,18.65195,17.9393,0.3832847166415854,0.366350187476912,0.1702841405371768,0.03695228758779838,864.4040913499178,0,2950.8980641552043,2.707900000000002
902271120754133203,SN,13.16282,yes,88,19.03,21.234,19.889020454545456,19.904049999999998,18.5291,0.7104390362124712,0.554402880134858,0.2877548266695974,0.1073707418227686,839.5380380993686,1,2987.919329212993,2.704900000000002
1201011180814127125,SN,18.20261,yes,13,18.77,21.3543,19.650792307692306,19.4973,18.6503,0.8118764740418117,0.606263409111586,0.2672870175247668,0.14252635800158034,284.3244380684507,1,1107.1052285183978,2.703999999999997
1002141070634135098,SN,7.98018,yes,33,18.49,21.1903,19.82921515151515,19.8248,18.4891,0.8198292212105883,0.5206317056316451,0.28219740030878065,0.12270887448171977,689.8713537206543,1,2894.065608217905,2.7012
1302141150504102321,AGN,14.18913,yes,307,19.49,21.1554,19.732847882736156,19.6813,18.4552,0.4333881090799682,0.5496529614403379,0.24773719380234502,0.06593940653019909,804.1052204025254,0,3122.2700632177,2.700199999999999
1303141350494127887,AGN,35.62856,yes,242,18.77,21.2994,19.663342975206614,19.580550000000002,18.6004,0.5251060413478335,0.553556711697203,0.23813783141120068,0.07347342958220215,870.2744925789491,0,2954.0007541090017,2.698999999999998
1410300151124130352,SN,-15.26158,no,24,18.22,20.8522,19.922566666666665,20.049100000000003,18.1536,0.6815759721389111,0.448815749890341,0.28953847078076755,0.08376575268241214,952.9327702739665,1,2922.971272210598,2.698599999999999
1512011120274154794,CV,13.57226,yes,403,14.31,17.0375,16.401431265508684,16.3879,14.339,0.34521692072285637,0.133421877051795,0.07766744047957436,0.00823824549623482,916.0708670877685,0,3125.2989260991963,2.698500000000001
1201251260114103174,Flare,25.62575,yes,331,17.06,17.6995,17.391284592145016,17.4074,15.0015,0.15300643293487462,0.116031401074666,0.09249886102526794,0.005443000797621658,952.1799299653194,0,2956.905637604097,2.6980000000000004
1502141230734143607,Blazar,25.02899,yes,241,17.46,21.1683,19.658754356846472,19.578,18.4717,0.5331969413278324,0.4989766779222089,0.2474002679865422,0.07020454143292265,933.6337654089758,0,3069.798418043996,2.6966
1001121040044140174,SN,5.35505,yes,8,18.58,21.0796,19.40065,18.917450000000002,18.3834,1.091624270787081,0.5189667997867979,0.25175403235195426,0.1589531311555484,733.6784569532762,1,2191.9397621870958,2.6961999999999975
1404021550564144957,CV,55.75493,yes,91,14.49,21.2126,19.708707692307694,19.5807,18.517,0.565045991290536,0.554685725895003,0.261195234790655,0.0857696059301154,883.9775627527081,0,3067.790791851883,2.695599999999999
1203221150684107839,SN,14.52818,yes,85,18.91,21.3488,20.185157647058823,20.3037,18.6568,0.7388438826618097,0.533975464329886,0.3221212556165522,0.11307472598402817,806.173178514507,1,2951.8728058794077,2.692
1105271290664147324,SN,30.96741,yes,72,19.13,21.3846,20.25890138888889,20.318849999999998,18.6935,0.66011938815472,0.612071438909649,0.3542369846652049,0.11788238590552383,789.0396266873449,1,2945.8867305442036,2.6910999999999987
1006040091104115912,Blazar,-10.77839,no,328,15.93,18.0728,16.924877439024392,16.9688,15.3821,0.5238390301610066,0.184771706193472,0.08784181462505017,0.01731411259774358,971.9890817371869,0,3067.686297488406,2.6907000000000014
1109260040234128189,Blazar,-4.00095,no,331,15.83,18.4564,17.158320543806646,17.2203,15.7669,0.6405553237533779,0.1343467330193639,0.08916048938412907,0.016345215419146755,914.9929384029523,0,2967.029536006994,2.689499999999999
1412301211134147029,LPV,22.14688,yes,362,12.74,14.258,12.861823756906077,12.765450000000001,11.5701,0.681923018042754,0.0600635744023242,0.05172930573524421,0.001462999560090923,900.3834180101661,0,3037.7641976965024,2.687899999999999
1105011520514108884,Blazar,51.40934,yes,156,16.26,17.9649,16.63561217948718,16.6265,15.2784,0.5050961012798678,0.151232045517241,0.08071410584381784,0.0144542417903284,884.3020224653962,0,2701.6977686919054,2.6865000000000006
1003211430494120023,SN,43.61439,yes,35,19.04,21.1112,19.456588571428572,19.2454,18.4259,0.6505050914352586,0.511990263259519,0.2293736447429031,0.08916556073731847,324.00757961121366,1,2280.9026959031034,2.6853000000000016
804050010854157215,SN,-0.10749,yes,29,18.8,21.1674,19.58378275862069,19.2779,18.4822,0.8390482908241771,0.5648336198009201,0.2749784632745988,0.1429837941271303,631.7305647442545,1,2631.9074248844045,2.685200000000002
1205291570334115911,SN,57.76938,yes,5,18.91,21.4197,19.333959999999998,18.8322,18.7347,1.167729640370577,0.6087864137425949,0.256502635972384,0.19699997936208433,347.8975323427697,1,777.9339210533872,2.6849999999999987
1606050120724127473,SN,-12.3495,no,12,18.56,21.1791,20.150691666666667,20.310200000000002,18.4967,0.8331615487334244,0.5569622852792591,0.3532208910311758,0.11803595099686637,858.2941943919374,1,2568.0031689232055,2.6823999999999977
1305021320554137855,SN,33.54138,yes,269,18.17,20.8222,19.611781040892193,19.6168,18.141,0.4202820957995441,0.426466321694757,0.22687718618309335,0.05155035076979583,869.6645574361528,1,2934.963320231589,2.6812000000000005
905181400514125205,SN,41.22475,yes,8,19.66,21.371,19.8735875,19.886400000000002,18.6905,0.7559802745678704,0.5923595908457379,0.316363139649474,0.1292770461422255,395.00166220167154,1,1102.959560416799,2.6804999999999986
1106231070924122777,CV,6.38437,no,28,18.6,20.232,18.516535714285713,18.185850000000002,17.5533,0.8280469476823988,0.335900563312306,0.1674526530535574,0.0660361543528916,680.6817044238932,0,1854.9213604280958,2.678699999999999
1006161180864132491,CV,18.13568,yes,13,18.32,20.3104,18.600784615384615,18.5388,17.6322,0.7948244290891687,0.3497921470112139,0.1599833152660765,0.06563645395535626,662.4048923254433,0,2318.767157025097,2.6782000000000004
1112311180504113322,AGN,17.76245,yes,115,19.67,21.2773,20.055193913043478,20.0693,18.6001,0.5153456108737464,0.546093173161283,0.28684257163437216,0.08488326661034908,419.0887914391569,0,1817.9603937616048,2.677199999999999
1001150010144126826,Blazar,-0.72404,yes,98,18.81,21.0006,19.61756020408163,19.545650000000002,18.3251,0.5434560507728361,0.493105605538894,0.23805071784615633,0.07654325796347394,698.9453335837109,0,2862.1623483565927,2.6754999999999995
1311081260154102489,AGN,25.52539,no,217,18.97,21.1444,19.758105069124422,19.724,18.4699,0.5075471188873489,0.537326768894512,0.27132858256467507,0.07842549748716882,792.7445155601096,0,2932.0113381595,2.674500000000002
1309050010084135719,SN,-0.60855,yes,22,18.63,21.0753,18.88808636363636,18.77685,18.4012,0.5655756269546944,0.5201545552463189,0.17364319730723962,0.08093401442756648,621.6035481413076,1,2888.210993912093,2.6740999999999993
1305201320684115928,AGN,32.13551,yes,48,19.27,21.4858,20.18476875,20.16505,18.8119,0.6832020196405718,0.637680347988678,0.3295725138675909,0.12302910121652784,709.1313614459258,0,2978.013821724795,2.6738999999999997
1503291090674127867,SN,10.36749,yes,282,17.65,21.1436,19.61437304964539,19.5572,18.4708,0.4830436293785412,0.50394284503612,0.23386821367761199,0.06898245538489614,882.2368647148253,1,2977.980770451497,2.6727999999999987
1204221550344115741,Flare,54.58396,yes,186,17.81,19.1842,18.363834946236558,18.3993,16.5119,0.25054659773587784,0.492076723012731,0.14211063451705547,0.05137291521921017,898.1184533536832,0,2706.9200037032933,2.6723
902191010694143303,SN,2.65143,yes,14,19.46,21.3683,19.598485714285715,19.3938,18.6962,0.7413571410254642,0.594731714971259,0.24368478902526847,0.13452077134604398,356.150642456586,1,1215.8011014238,2.6721000000000004
711020040154110403,SN,-4.82158,yes,25,18.75,21.2676,19.804616,19.5577,18.596,0.9057219269179689,0.5284294258165121,0.2755285057159603,0.13461351223789056,545.7699877189091,1,2645.885028541401,2.6716000000000015
1301181091254106470,AGN,8.87056,yes,92,19.56,21.2284,19.847963043478263,19.8135,18.558,0.5429281873702837,0.5592639660189019,0.2697946185287094,0.0811673225492317,719.7120424299504,0,3056.785177326703,2.6704000000000008
1102241290424127830,SN,29.95906,yes,13,18.63,21.117,19.413907692307692,18.89,18.4467,1.0298983909926405,0.523035209627525,0.23738747598956736,0.14469669870023757,154.65867403037075,1,744.7799531132987,2.670300000000001
809231230114122872,SN,23.88045,yes,21,17.99,20.4098,18.954709523809523,18.7578,17.7398,0.8370741531696947,0.36400261737353,0.17960357232992516,0.07806355124705824,386.1728433754268,1,1476.0623533912003,2.6700000000000017
1012131381014109204,AGN,37.03085,no,105,18.8,21.1337,19.47040857142857,19.456,18.464,0.4194073437864162,0.525468731037611,0.23479666427518425,0.057396898692453506,688.7871867984894,0,2587.074919073799,2.6697000000000024
1304181400724141378,SN,41.06672,yes,18,17.02,19.6914,18.084722222222222,18.01945,17.0231,0.8869341918392806,0.268636419650179,0.1335268083093129,0.05512839899488525,22.633362737372913,1,69.93307526640274,2.668300000000002
909161010074118793,SN,1.21744,yes,16,19.44,21.3962,20.06006875,19.819899999999997,18.7289,0.8854857542379404,0.646863180044395,0.34246794086582283,0.15255582018321934,501.25020616303135,1,1516.8568319098995,2.667300000000001
1104240010754104018,SN,-2.50014,yes,71,18.9,21.4165,20.261516901408452,20.3161,18.7495,0.6119632488932439,0.5493769345751189,0.328640160730812,0.09781322063057031,694.284281362312,1,2696.677771979106,2.666999999999998
1205280010674125715,SN,-0.7148,yes,90,18.76,21.4273,20.24528,20.3282,18.7608,0.6146080375493185,0.569640123838901,0.33511735627225764,0.1024889573487653,889.9350462267246,1,2991.8609273381953,2.666499999999999
910230090204201714,SN,-11.22362,no,37,18.61,21.0567,19.667445945945946,19.3434,18.3905,0.8908247962155927,0.519678584677693,0.2784913782523817,0.12129079182013787,644.1667527263036,1,2900.9532965743056,2.6662
1211060150264111449,SN,-16.29948,no,40,15.71,18.3516,17.3112275,17.6503,15.6863,0.8698174300001423,0.14970223469434,0.09782231356209843,0.025339099800290518,779.2953172407636,1,2521.101170601796,2.665300000000002
1104081350674124994,AGN,35.33956,yes,257,18.9,20.7391,19.27489922178988,19.1773,18.0749,0.48104202843866534,0.5147504696948,0.203462237110753,0.0592322260841539,844.0040703864696,0,2980.979854016099,2.664200000000001
1302141230574122584,AGN,23.79099,yes,94,19.41,21.3929,20.020762765957446,19.942700000000002,18.729,0.5627143003936674,0.615031154883998,0.29322607122247923,0.09546816211554156,700.7345669774256,0,2734.6887786924053,2.6639000000000017
1303241430574136850,SN,44.8403,yes,13,18.9,21.3757,19.74749230769231,19.7793,18.7129,0.7664168681398064,0.588350860956458,0.27103713891821835,0.1250369103806424,546.8440505003576,1,1502.8996711918007,2.662799999999997
1104051010784130380,Mira,1.4532,yes,359,13.64,15.8633,14.44635208913649,14.3893,13.2009,0.7302912456358275,0.0823337007995707,0.05664989429364026,0.004433386206774004,891.9336831866882,0,3005.8114809142935,2.6624
1309141091134108958,CV,8.78705,yes,357,16.86,19.5199,18.569728011204482,18.6186,16.8575,0.36765532321058475,0.5488259651074701,0.15324394654441922,0.03523982495748195,905.5613159283421,0,3123.640892094889,2.662399999999998
1502180070684144213,CV,-5.90876,yes,23,18.75,20.952,19.39886086956522,19.2474,18.2903,0.6167907931301508,0.463161493965068,0.21337193332372498,0.0776023344963581,493.9337555315099,0,2350.6483979402037,2.6617000000000033
1103301320594118165,AGN,32.25772,yes,147,19.88,21.34,19.983914965986393,19.9499,18.6786,0.5679199477345014,0.598510737479804,0.29033585395673234,0.09631204302180063,694.4747525178225,0,2690.807971573893,2.6614000000000004
1203211070684117141,SN,6.51607,yes,23,19.87,21.4872,19.810539130434783,19.5262,18.8265,0.6960157317573754,0.506809392395016,0.25913490571589193,0.09815329255960932,343.9126817882393,1,1496.9485865971,2.660700000000002
1103290090894121721,Mira,-10.78248,yes,242,12.48,14.326,13.200720247933885,13.344999999999999,11.6658,0.6298243788370947,0.05914639009416,0.053188549235584734,0.0017041752322957083,925.4720769841717,0,2963.918033043803,2.6601999999999997
1310120210064111333,SN,-21.8733,no,17,17.22,19.6664,17.950770588235294,17.6554,17.0078,0.8791137872629915,0.237310865623611,0.12520115300802778,0.04999104401405359,618.7350736130596,1,1794.1048285996003,2.6586
1210081290084139283,Nova,30.40685,yes,152,16.77,19.4251,18.316125,18.330750000000002,16.767,0.3306070006930959,0.20114550979069,0.12873468878986655,0.015395446376522688,829.028503155243,0,2588.878988889104,2.658100000000001
1306091630454118826,SN,62.91911,yes,113,17.84,20.5017,19.373969911504425,19.4863,17.8439,0.5449799629155695,0.359431712424779,0.21586119835988477,0.050217030034182576,802.5593994504209,1,2716.778617882199,2.657799999999998
1411180150104107054,AGN,-16.41154,yes,171,18.57,20.6973,19.171708771929826,19.1879,18.0397,0.530072167988037,0.4224884626904799,0.19185367176136014,0.04946304267621209,870.1421888646507,0,2940.975061435187,2.6575999999999986
1302141150604114861,AGN,14.8881,yes,94,20.2,21.4159,20.07620106382979,20.0654,18.7588,0.555769176867379,0.5780036196340229,0.29753711637410263,0.09239853878302257,705.3930735979906,0,2984.935827187699,2.6571
1502180150694102882,Flare,-16.7912,no,31,18.13,21.0582,20.200735483870968,20.2867,18.4026,0.6001876476282992,0.500904189772154,0.3278632574010508,0.09180894402478734,777.5383247771873,0,2690.702106758901,2.6555999999999997
1010111040144109294,AGN,3.39431,yes,178,19.27,21.2645,19.938975280898877,19.87865,18.6092,0.5565919615857718,0.637680347988678,0.28358821351205754,0.09617340699627196,856.523117195438,0,2940.9250134840113,2.6553000000000004
1111021290254190624,YSO,30.11582,no,61,12.19,14.8021,13.303765573770493,13.156,12.1473,0.7982666037286127,0.0585867990125465,0.053506502121723566,0.002342396330385909,935.1665330973416,0,3110.3060449420955,2.6548
902261040254117476,SN,3.80645,no,33,19.02,21.0206,20.050436363636365,20.1401,18.3661,0.6524104449166674,0.552433807435583,0.34004761124249855,0.10885485201478663,787.7777318857464,1,2905.9112015627034,2.6545000000000023
1303171260694130687,SN,27.14659,yes,57,19.15,21.3609,19.61558245614035,19.4336,18.7088,0.6497817059605506,0.584088352063124,0.25111906491821967,0.10374914751990715,676.9868418435987,1,2993.917854154897,2.652100000000001
1002131150124125627,SN,16.18206,yes,12,18.85,21.1263,19.5013,19.337899999999998,18.4747,0.8381802854452558,0.534743862587872,0.2560154547011935,0.12546397820225047,216.17850413418145,1,717.0236455672057,2.651600000000002
1109180071244109258,Flare,-7.71942,yes,287,18.07,19.0227,18.412510104529616,18.4403,16.3712,0.24549929315478528,0.470090879000461,0.13970037479553774,0.03462460661454931,924.2239510887913,0,3016.821565393897,2.6514999999999986
1412281260444108054,AGN,25.91499,yes,231,18.93,21.3611,19.69994761904762,19.5664,18.7097,0.527756754559748,0.5876897093719828,0.24389813630655,0.07578975233876653,647.2171567295135,0,2746.721091053194,2.651399999999999
1309021090034133655,AGN,10.46904,no,151,19.28,21.2534,19.733685430463577,19.6601,18.6021,0.5224257325716055,0.589679082959057,0.264859086759536,0.08390228416266717,748.6109516410125,0,2950.8480605557997,2.651299999999999
1306091520454205113,SN,51.12121,yes,73,18.82,21.3174,19.88042328767123,19.8718,18.6664,0.6452810575246661,0.566923123042634,0.28413571204802207,0.10452066047395385,716.1194032258857,1,2682.8407859255967,2.651
1304011430704131751,SN,43.70525,yes,21,18.45,20.8094,19.28125238095238,19.2257,18.1594,0.743290393869749,0.4192725858508239,0.21786275046914974,0.08912437904538918,403.9863174938722,1,1880.9092819560028,2.6499999999999986
1604140120834153479,CV,-12.24847,no,164,17.29,20.7595,19.244389024390244,19.2491,18.1095,0.44086760891502697,0.70122072908058,0.22229115114502068,0.06673514603627569,924.4284409719506,0,2928.0732766203946,2.6499999999999986
1205201210444122117,CV,21.35139,yes,9,14.0,18.0278,16.78231111111111,17.1029,15.3793,0.9583094234698478,0.1084759044795749,0.08027483248978545,0.01762427358806513,743.5071990834982,0,1890.8938154628995,2.6484999999999985
1403261380334142423,CV,38.6991,yes,55,16.63,21.4006,20.403214545454546,20.4293,18.7525,0.6254924701024651,0.599900754182496,0.36188451868056315,0.11054923518994472,963.0443865246183,0,2906.9744936340066,2.6480999999999995
803071070684137505,AGN,7.85002,yes,239,19.48,21.3677,19.891992050209204,19.8696,18.7198,0.46575898812644406,0.8771973444143499,0.27442458825426275,0.08797100386556192,823.6305953272903,0,2714.7193771991006,2.6479
1304190040724142741,AGN,-2.86556,yes,119,19.29,21.2681,19.68574705882353,19.5521,18.6206,0.5998120545783885,0.559553455343515,0.2512539238388574,0.0894059291360222,598.9838948740861,0,2735.6750623146,2.647500000000001
1203231490434144506,SN,50.58248,yes,57,18.96,21.3439,20.26379649122807,20.3261,18.6993,0.6283902069019895,0.6199223450574809,0.3396565037928281,0.10970206413956321,756.1938877610106,1,2704.8300805789986,2.6446000000000005
910291320374121747,SN,32.09078,yes,23,18.97,21.2242,19.949130434782607,20.0452,18.5809,0.794800581297988,0.523277201210503,0.29277198285497674,0.11137339290129991,484.1730519233266,1,2420.263356411604,2.6433
1003181460474129462,SN,47.01062,yes,24,15.26,17.8857,16.067295833333333,15.7085,15.2427,0.8693668768153195,0.106800873049679,0.07177238237132913,0.01613889258305281,9.2846764094399,1,27.906179039695417,2.6430000000000007
811181210154107320,SN,20.10368,yes,34,18.97,21.2954,20.052767647058822,20.093,18.6535,0.731661914689029,0.5496529614403379,0.33609426239188034,0.12937970880815997,715.9776039777533,1,2780.2674752198945,2.6418999999999997
903241320654103495,SN,31.21454,yes,14,19.07,21.5211,19.747557142857143,19.42055,18.8792,0.8592487816640819,0.628833284755203,0.26864177141928,0.15308895349770693,150.35289129288554,1,425.86011123839853,2.6418999999999997
1103301460484119712,SN,46.65289,yes,145,18.62,21.0852,19.500010344827587,19.5067,18.4447,0.4316586512647297,0.7967276992948599,0.22957102071959232,0.08310204062545434,834.7792965595917,1,2921.0652846874,2.6404999999999994
1005201211104177844,CV,22.3401,yes,214,14.69,17.3332,16.979335514018693,17.058500000000002,14.6933,0.38275265864520003,0.1218016029845419,0.08674799118849595,0.0077081168265415575,938.8765663439054,0,3121.7260316087995,2.639900000000001
1606050010704121629,SN,-1.21039,yes,5,18.87,21.1172,20.20582,20.6772,18.4786,1.1019501041335762,0.525224025812102,0.35786156479579423,0.17083206052624555,846.0632779389729,1,1961.6796920253037,2.6386000000000003
1206101150804131553,AGN,15.94618,yes,355,18.9,21.1077,19.366109577464787,19.2794,18.4698,0.47088863482270205,0.53500065925789,0.21305456381423793,0.06551852157920088,857.9606853165176,0,3070.752018877298,2.637900000000002
1002091210204133830,SN,21.41818,no,13,18.92,21.0649,19.12773076923077,18.9955,18.4275,0.7700232825317854,0.549376929058174,0.24418519384028575,0.12184907322226939,71.94368984206517,1,274.189600485799,2.637400000000003
1306131260864152278,CV,26.90029,yes,42,18.61,21.097,19.449419047619045,19.42805,18.4603,0.7374903241161374,0.526696927771379,0.24045044066250257,0.09369904943561154,1114.0499280103127,0,3069.6864574537976,2.636700000000001
906121210864109111,CV,20.16956,yes,59,15.15,17.3075,15.604996610169492,15.3877,14.6723,0.6727211762853861,0.103882549361119,0.06724673859147788,0.01131254289370485,835.8404252847834,0,3022.857237314798,2.635200000000001
1411241350134109175,AGN,34.24962,yes,221,18.05,20.5014,18.5935,18.599,17.8666,0.41865865017175613,0.403551722549523,0.14639005960525384,0.03354467453022179,1086.4269411979794,0,2949.9999530441128,2.634800000000002
1011070070244114576,AGN,-7.60462,yes,211,19.45,21.0626,19.496377251184835,19.4971,18.4282,0.3965396328646179,0.512447527224054,0.22090175112563726,0.050153848624776724,751.2836773833006,0,2928.893101654903,2.6343999999999994
1201021011244127624,Blazar,2.02574,yes,135,18.89,21.1407,19.82630740740741,19.7556,18.5064,0.6176675593110895,0.575804026577467,0.283131434582816,0.1074439935941387,744.9669116336979,0,3060.753692361104,2.6342999999999996
906151010754125930,SN,1.55516,yes,10,19.77,21.1557,19.344299999999997,19.176650000000002,18.5216,0.8321373991782318,0.5678249495622459,0.22603587703207287,0.12947900222048989,461.539154156542,1,1468.9130851273003,2.6341
1212031040224128186,CV,4.7374,no,353,15.28,17.6679,16.624436543909347,16.8338,15.0338,0.6960429470540632,0.1088494867966049,0.08140807479959691,0.01145546469834176,887.914561118939,0,2947.8639028821854,2.6341
810090150024205441,SN,-16.53438,yes,24,18.96,20.9079,19.010716666666667,18.849449999999997,18.274,0.6916842674205486,0.479782959862155,0.1865776305555599,0.08665607434610995,231.89363478251073,1,1444.0440640394008,2.6339000000000006
1302231400514120418,AGN,41.33624,yes,253,18.36,20.6476,19.14568656126482,18.9307,18.0143,0.6069111074600418,0.453352470113767,0.19337420596344895,0.06339779151556663,871.7743542664278,0,2917.025160601799,2.633300000000002
1212101350304169390,Var,35.84581,yes,38,13.97,15.1638,14.430705263157895,14.663450000000001,12.5314,0.7278061116724464,0.060174061639327,0.0567467347938623,0.0016739035413420574,738.8489740005549,0,2506.954290196896,2.6324000000000005
1306080230714155739,CV,-22.63482,yes,79,16.53,19.1236,18.151274683544305,18.3271,16.4915,0.6278771140728894,0.378260312528743,0.13839916169157646,0.04999126730872164,827.4785481383377,0,2971.938292118204,2.632100000000001
1301031090774135654,SN,10.61334,yes,61,19.12,21.3559,20.422852459016394,20.5398,18.7242,0.7040531543869286,0.558974872808053,0.36816207281352964,0.11846667652287828,930.3165953706891,1,2987.940337604392,2.6316999999999986
1002161320164145926,Carbon,33.16015,no,377,14.67,16.9386,15.341148541114059,15.2981,14.3075,0.7237125736872514,0.0812906222623311,0.06443936765710798,0.007038974276026583,930.7229297810668,0,2951.0376100925932,2.6311000000000018
1601281400444102455,AGN,39.71392,yes,329,17.68,20.2941,18.630520060790275,18.6204,17.6633,0.3192462771121939,0.4778770562863049,0.1492922445283809,0.042956175946587,822.497688484027,0,2739.7753489235038,2.6308000000000007
1006111070024108613,Blazar,6.13467,yes,248,17.35,19.5046,18.08140927419355,18.1515,16.8745,0.5042227798255606,0.267710765145056,0.12475389813854049,0.026483249932794044,1039.5338264815286,0,2966.8944310414954,2.6300999999999988
903281230584118354,SN,23.54408,yes,21,19.76,21.2794,20.059861904761902,20.0602,18.6499,0.6793216023918218,0.551038700336465,0.293486451826057,0.10723085578550634,661.79844902424,1,2880.0548509838045,2.6295
1209171230834113314,SN,23.26989,yes,23,18.87,21.3215,20.167643478260867,20.4503,18.6925,0.8566927781915362,0.594731704750992,0.3599224664818735,0.15431505134157025,852.5921838657647,1,2901.1078048958952,2.6290000000000013
1103051290464145262,SN,30.67105,yes,36,19.15,21.2466,20.090919444444445,20.1276,18.6207,0.7658596386953287,0.538108187261812,0.31952606834399633,0.12473905352717414,674.1041092905398,1,2677.6425693175042,2.6259000000000015
1104081260664107222,AGN,25.82996,yes,135,20.15,21.4212,20.275234814814816,20.278,18.7958,0.4935317300387089,0.589679082959057,0.3352108407745252,0.09233201911365561,771.5636725803031,0,2904.991890022997,2.625399999999999
1301120070524109667,Blazar,-7.99803,no,241,17.03,19.5577,18.11092531120332,18.1106,16.9325,0.588200038590903,0.246908334455172,0.12420023565491349,0.03157265280162161,829.8937821459668,0,2865.2284121414996,2.6251999999999995
1204281430424107070,AGN,42.8755,yes,223,19.52,21.1447,19.507242600896863,19.4178,18.5199,0.45278610608285413,0.8633853041984542,0.2295772753686859,0.0789681081834237,712.6398874057678,0,2738.8243375111997,2.6248000000000005
1305180040694239243,AGN,-2.92029,yes,91,19.75,21.123,19.804674725274726,19.7643,18.4983,0.5430363948501694,0.5201545552463189,0.26240525451996793,0.07953859924034228,608.4586169636723,0,2951.036940521102,2.6247000000000007
1511190090264135161,AGN,-9.38454,no,224,19.0,21.0088,19.55535714285714,19.52805,18.3841,0.5013816078797182,0.5391548376949811,0.23306238938760893,0.06983860162033075,891.6926151351385,0,2925.0193268633957,2.6247000000000007
1106030010924119967,Mira,-2.3397,yes,192,12.67,14.2545,12.857300520833334,12.75845,11.6299,0.664126873286812,0.0569458947959027,0.05242857494785924,0.0017336063623991569,1036.6124614774083,0,3106.6351673957033,2.624600000000001
810091040254104995,Var,3.10445,no,118,18.77,20.9389,19.62345847457627,19.52995,18.3147,0.6299551878413663,0.643903717480077,0.2706323790025198,0.09830806286837761,589.2543503315081,0,2900.0080954516015,2.624200000000002
1412231010584107248,Blazar,0.49367,yes,181,18.52,21.3105,19.84322044198895,19.7508,18.6868,0.6280689129491582,1.06480750526391,0.2756587741747327,0.11423783137660697,901.7444757257782,0,2745.7139281019918,2.6236999999999995
1401071010634128518,QSO,1.71506,yes,164,19.34,21.2132,19.939763414634147,19.88725,18.5902,0.49436942708104287,0.551595605001999,0.2767592879331836,0.0791448094768118,838.9266568074124,0,2720.750782522802,2.623000000000001
810300040154130307,Blazar,-2.94107,yes,302,16.73,19.2534,18.016755960264902,18.060049999999997,16.6319,0.5017606142715088,0.286520073337156,0.11825518732817815,0.028174408511369545,915.0328885099693,0,2963.9577259840007,2.6214999999999975
1110171150094126930,SN,16.23967,yes,13,19.25,21.056,19.317938461538464,19.2541,18.4364,0.6752701330312946,0.495598832841616,0.21532575476393706,0.09258797664634415,285.2104175966935,1,1043.085065405292,2.619600000000002
1309240151054197273,CV,-14.27901,no,26,17.26,19.3555,17.40356153846154,17.31525,16.7369,0.536668060593826,0.2338083944455889,0.11963046382551198,0.04191408812295442,1239.25282868683,0,2940.9907177431014,2.6186000000000007
712041090024121895,SN,10.34559,no,11,18.15,20.6306,19.246463636363636,19.4695,18.0123,0.9356830930103722,0.428002320980946,0.23084633717331499,0.10860463713883961,524.0990684484656,1,1508.9459646413961,2.6183000000000014
911191210024141794,SN,22.43613,yes,292,17.48,20.0041,18.845186643835618,18.84205,17.3865,0.32916544351198673,0.278489209949706,0.1628670707521619,0.026490781170212346,937.9493258259865,1,2944.956991897896,2.6175999999999995
1203160180504151498,Blazar,-17.52652,no,21,18.71,20.7748,18.963066666666666,18.6786,18.1573,0.7420785836643804,0.421812891074963,0.18306341373679635,0.0786983350816516,649.0686726180917,0,2218.921410254705,2.6174999999999997
1305131090754143426,AGN,10.99469,yes,93,19.76,21.4299,20.110686021505376,20.0493,18.8131,0.542332470143585,0.584413328835138,0.30832174174934196,0.09404483615581442,723.3554974692171,0,2987.9230914698055,2.6168000000000013
1402281290444116891,AGN,29.27096,yes,35,19.71,21.4043,20.587151428571428,20.6592,18.7879,0.5848612592499428,0.538369341900554,0.37252334862688635,0.09702648260716716,914.3917840192488,0,2746.729338449193,2.6163999999999987
1603071260674122066,SN,26.7963,yes,327,16.47,18.9777,17.275812232415902,17.2453,16.3618,0.25648413786966145,0.45384600334053,0.09396807592122848,0.033294698551976164,920.9940471703991,1,2992.9006622456,2.6159
903310010474128925,CV,-1.46866,yes,22,17.5,20.0209,18.408763636363634,18.2001,17.4055,0.7846350061655631,0.278779516867629,0.14385867536569577,0.05274640100032548,1119.166419825474,0,2603.9117934028036,2.615400000000001
1103091210714125129,SN,21.19074,yes,16,18.79,21.4049,19.75665625,19.697850000000003,18.7906,0.678169131282897,0.601299387581521,0.26509465335163235,0.11372899202903669,585.4170067371034,1,2108.0534922686056,2.6143
1210131570224128099,Blazar,57.63603,no,206,18.32,20.3817,19.195711165048543,19.212249999999997,17.7676,0.48698232774226063,0.491871628202757,0.1962568179003459,0.05246486032428759,810.7027976856887,0,2820.3018878242,2.614099999999997
802070040304101822,Variable,-5.53231,yes,129,19.5,20.3714,19.251412403100776,19.2733,17.7584,0.4348169383142305,0.4186110682020929,0.2121273356602733,0.049736215216351395,776.372107649225,0,2642.7091191090003,2.6129999999999995
1209261350774119449,SN,34.79828,yes,20,18.7,21.0626,19.39783,19.2446,18.4515,0.6942449098424168,0.437399150923707,0.21485876239930582,0.08070664588289622,287.4239232568121,1,1300.6499515742034,2.6111000000000004
1202291040814137444,SN,4.67999,yes,24,18.78,21.0881,20.030329166666668,19.8951,18.4783,0.8121907756610152,0.5101720922034749,0.30926705609131605,0.1259438751415692,515.3649381646311,1,2210.968387488807,2.6098
1503241380554114188,SN,37.66616,yes,212,17.17,20.838,19.413573113207548,19.36675,18.2296,0.4098021522217981,0.6996484506868149,0.21691037609472164,0.06545175463052556,824.7100413078465,1,2936.032711111009,2.6083999999999996
1001151380454138436,SN,39.03081,yes,54,18.92,21.4749,20.402642592592592,20.48445,18.8668,0.6502152655450882,0.6172759066925301,0.3551552675326452,0.11673758994282858,802.5218256849929,1,2691.7846671987936,2.6081000000000003
1201270040834130467,SN,-4.35073,no,22,18.95,20.9544,19.46407272727273,19.4208,18.3469,0.7220208328229215,0.51614566655391,0.24357493316457726,0.09376487030977734,624.8339594108458,1,2904.980278345094,2.607499999999998
810311260034134479,CV,27.60554,no,6,18.22,20.4415,18.751083333333334,18.1545,17.8343,1.1365831749883817,0.345702158256563,0.1756703425501118,0.10403771362644518,285.7583013852836,0,771.9801602201042,2.6072000000000024
1203171040634108482,SN,3.29868,yes,17,19.38,21.4894,19.857982352941175,19.6233,18.8843,0.7379789667017067,0.548825973360738,0.27871413428025016,0.1212815253805391,393.07628380074465,1,1903.793776898201,2.6051
1009110041254104463,SN,-5.31899,yes,90,18.61,21.0262,20.00357888888889,20.01285,18.4228,0.5753645586860648,0.513135504631079,0.30148603009809827,0.09207242409439158,888.5093999770638,1,3013.82143662031,2.6034000000000006
1504101290554127297,SN,30.16838,yes,92,18.69,21.4367,20.187394565217392,20.1732,18.8346,0.5784372932979247,0.6165252611959681,0.3283058241700014,0.10330854455599305,960.4633263128251,1,2896.0008574887033,2.6021
1301091150634114188,SN,14.77724,yes,44,19.24,21.5049,20.368354545454544,20.552799999999998,18.9035,0.7000380413100322,0.605547630856063,0.35334420377120623,0.12250223399711128,835.7286633411326,1,2841.1375950344955,2.601399999999998
1206191290534127278,AGN,30.37687,yes,202,19.33,21.2903,20.07136089108911,20.03135,18.689,0.4875682020466087,0.5708588524217739,0.2958345317457009,0.08575317166336162,719.9366275858633,0,2979.957471840302,2.6012999999999984
1309120090054121750,Flare,-9.89061,no,171,18.78,21.0313,19.566070175438597,19.5021,18.4304,0.5569539822467892,0.5063655281073101,0.23659848679892365,0.07859605159396982,922.0407776909623,0,2969.949339177998,2.600900000000003
1110271210414133893,CV,21.32674,yes,184,18.91,21.2483,20.05111739130435,20.07655,18.6491,0.5830255391136213,0.607701736730766,0.30174391744991974,0.09828284348935994,800.0202530934207,0,2926.9328626389834,2.5991999999999997
1009301150144112871,SN,15.06296,no,121,19.38,21.2671,19.943476033057852,19.9626,18.6679,0.5760692929999538,0.562764483290414,0.30630458877633737,0.09780912417200452,812.2228582874546,1,2956.944033460706,2.5991999999999997
1202220040624132417,AGN,-3.96438,yes,214,18.75,21.1337,19.52692663551402,19.4723,18.5348,0.45606884075014253,0.569944149731137,0.22577282782284872,0.0675983336270842,785.4292952440373,0,2956.049248876996,2.5989000000000004
1204170210764114312,Flare,-22.0874,no,131,17.19,19.252,18.519683206106873,18.5453,16.6538,0.3490884673309731,0.6352350477760931,0.1579083056994214,0.06625618534207976,873.2202201815686,0,2927.0098190046992,2.5981999999999985
904171120494142108,SN,14.02029,yes,9,19.27,20.9846,19.362222222222222,19.2677,18.3869,0.6851326655797736,0.5024173313558871,0.21416249808421856,0.11042274221725533,366.1772242242727,1,1101.9680395600953,2.5976999999999997
1102230010574103647,AGN,-2.59891,yes,157,19.67,21.2627,19.883012738853502,19.8823,18.6658,0.4776266957339243,0.532955476537639,0.2679546885251502,0.07257126956223878,531.1629535140938,0,2526.0706470020014,2.596899999999998
1201181320014109239,AGN,31.50829,no,147,18.97,21.2731,19.64620612244898,19.4995,18.6775,0.5545609139589881,0.5402069141485759,0.24228028159339454,0.08435313948638397,661.6130699884445,0,2598.0200091316,2.595600000000001
1501241180614140311,SN,19.44135,yes,370,17.35,20.6809,19.457462432432433,19.46435,18.0881,0.42969187967365874,0.548551042978482,0.21757454702976328,0.0532789367670339,871.1007496363759,1,2992.887249097206,2.5928000000000004
1309281181134139665,AGN,18.41671,yes,344,18.33,20.5724,19.13579331395349,19.2213,17.9798,0.49315264478965776,0.41405959865525,0.1983542533775621,0.04979125130417773,922.406809592917,0,3117.6712885536035,2.5925999999999974
1605091630384130020,CV,64.05805,no,80,14.46,17.6039,17.170047500000003,17.26535,15.0118,0.5154270953554762,0.193855067766765,0.09496454658379021,0.023934957065073176,820.0125060368968,0,2603.9009588193003,2.5921000000000003
711170011224126793,SN,-0.64843,yes,56,18.6,21.0868,20.003630357142857,20.12565,18.495,0.7261423842144163,0.6150311474374,0.32753685846103053,0.12509867505732805,900.4821286107262,1,2949.992019942103,2.591799999999999
904031350204105547,CV,34.05791,yes,20,17.96,20.2908,18.7699,18.74375,17.6992,0.671706499188917,0.415346059126368,0.18685287129863087,0.06841763695414074,423.47288751510297,0,1260.7382702663963,2.5915999999999997
1102261290584150627,AGN,30.89026,yes,99,19.78,21.5483,20.184841414141417,20.1247,18.9577,0.4767855625489544,0.6800153785754129,0.3106448444627754,0.09234244352954568,561.0761699316444,0,2521.933072199099,2.590600000000002
1310141210414137770,SN,21.50375,yes,20,18.87,21.2344,20.15086,20.1826,18.6441,0.7722020559140541,0.519916420097216,0.33137361382368147,0.11839896643346669,1129.05175601624,1,2940.9722131481976,2.590299999999999
1406181490614147095,Flare,50.68163,yes,225,18.16,19.8122,19.073114222222223,19.0673,17.2223,0.26783947296649196,0.314263144983605,0.18361072537956047,0.028909839594080795,877.6370612303963,0,3083.7566796413957,2.5899
1404281570334110265,SN,57.0799,yes,5,17.32,20.8295,19.83792,20.7806,18.2417,1.3368937792509907,0.432847705489964,0.3078767966456728,0.16482957729634323,65.29832532902229,1,143.8204384720957,2.587799999999998
1512161180254136858,AGN,18.55922,no,246,18.11,20.6638,19.24183943089431,19.250700000000002,18.0767,0.41963389868867185,0.4820974427037679,0.22831226850395198,0.05147058723832919,901.2497252437577,0,3110.3096542940984,2.5870999999999995
802281040444132343,CV,4.0644,yes,179,18.81,20.2529,18.589164804469274,18.4791,17.6658,0.46829849964050774,0.4057152764454689,0.14980325040772,0.051290468122100814,662.69852205637,0,2586.917610671291,2.5870999999999995
1012061010234104635,Flare,0.30375,yes,110,18.66,21.1992,20.23713,20.265500000000003,18.6138,0.5464500773843793,0.582793221808051,0.3606941807752727,0.09979023541777213,808.854445627986,0,2964.8274021414036,2.5854
1406010230824156885,Var,-24.07986,no,52,16.42,18.8461,17.316371153846152,17.33435,16.261,0.6649325878662323,0.159089506995309,0.10556581033503734,0.02267632245659906,614.7743149039039,0,2188.0530740392933,2.5851000000000006
1304161210564119965,SN,21.05116,yes,12,19.31,21.2943,19.72406666666667,19.42625,18.7099,0.8468037535165365,0.570553511498524,0.2863569142588542,0.1352888314323284,822.954988757919,1,2681.7621310069007,2.5843999999999987
1203171120744115873,AGN,12.13939,yes,97,19.95,21.5234,20.205157731958764,20.1494,18.9391,0.5468352453807603,0.595756075497911,0.32586000059568604,0.1030840112574,696.3784472264999,0,2894.0798661229055,2.584299999999999
1506191041214138198,CV,5.09785,yes,348,18.06,20.6126,19.369036206896553,19.3518,18.0288,0.3122176275090145,0.470817623987164,0.22000025668854625,0.04313627379277045,949.9118135070614,0,3082.7133238426104,2.5838
1103240040654148326,AGN,-3.01281,yes,108,19.77,21.1937,19.982873148148148,19.939799999999998,18.61,0.5106727182453461,0.51451894338195,0.2825758783310228,0.08082133296252873,617.9596878896266,0,2674.7634289814014,2.5837000000000003
1304191210804140558,AGN,21.90897,yes,141,19.5,21.3683,19.884580141843973,19.8419,18.7855,0.6389369145273169,0.593712017664007,0.28750796864957967,0.10269905925017005,653.1731732741255,0,2682.7004143749,2.5828000000000024
1209190121244126312,AGN,-12.60215,no,221,18.54,20.5586,18.9236185520362,18.8736,17.9764,0.4219286201692149,0.908666221523056,0.17847504191371752,0.06891096131565172,967.1633959190872,0,2969.9480717475963,2.5821999999999967
1403230070774114008,AGN,-7.6352,no,268,18.18,20.814,19.197375,19.15865,18.2319,0.4792292387837383,0.439045974876501,0.19851129331889808,0.05249417607771592,874.2990558680603,0,2951.9777431483017,2.5821000000000005
1602041090724138309,SN,10.9846,yes,288,17.04,21.0014,19.563381944444444,19.49035,18.4196,0.4806812314757778,0.813287203470308,0.23343918447448153,0.07300878002404883,891.7992118852276,1,2979.965056771005,2.581800000000001
1202191350514141588,SN,36.00571,yes,297,18.31,20.67,19.48475824915825,19.56,18.0884,0.5286904652519064,0.493932906686598,0.21925118942003866,0.055687906071340804,856.4711354868873,1,2917.001727234092,2.5816000000000017
1304131320603113558,SN,31.8824,yes,31,19.08,21.4378,20.15011612903226,20.2373,18.8563,0.6312138676638703,0.6009489223607359,0.33650559833047816,0.1144257790682961,890.3957715373863,1,2645.7973310649904,2.5814999999999984
811301290404138766,SN,30.41504,yes,27,19.39,20.4831,19.200655555555553,19.3478,17.9023,0.7260079530891642,0.371743997782106,0.18683869900303052,0.06718424215472155,70.6331829877389,1,379.948471527503,2.5808
1111280070274158322,SN,-5.81313,no,15,18.55,21.0638,19.665013333333334,19.6805,18.4837,0.8822170884981165,0.517081458826594,0.25789516719839817,0.1250207641951144,356.4689403655474,1,1442.9593639816012,2.5801000000000016
901280070704113394,Flare,-7.80915,no,297,15.7,17.3478,16.9567101010101,16.9849,14.7684,0.23683465344686985,0.193169476144288,0.08547127089846679,0.016107152460084186,890.8469053690384,0,2943.960248773001,2.5793999999999997
1305121010734109070,AGN,0.4819,yes,223,19.04,21.1535,19.53980582959641,19.5185,18.5755,0.3719172176273436,0.511079019253934,0.21794686626841187,0.047707578767191186,687.9640743157369,0,2761.653919837896,2.5779999999999994
909221180914166153,SN,18.71367,yes,105,15.7,18.2739,17.26228,17.307000000000002,15.6966,0.3741865925423591,0.2550058421661499,0.09678381851627565,0.024596724343655608,867.4890605493678,1,2936.0453904746028,2.577300000000001
1401231400404126937,SN,41.22928,yes,34,18.88,21.6706,20.68673529411765,20.724600000000002,19.0935,0.6251757924326968,0.591350611831675,0.40731773911154623,0.12198880868619877,806.2530687753434,1,2622.893038912094,2.5771000000000015
907291150144119737,Blazar,15.55644,no,53,18.74,21.1588,20.082450943396225,20.1911,18.5821,0.6488506111764815,0.563648785059395,0.32649439431159316,0.10786007289635709,716.119781459598,0,2514.020866307903,2.576699999999999
1602071290654125053,SN,29.78796,yes,203,19.02,21.141,19.844002955665026,19.7995,18.5648,0.45825375670666924,0.588682181068745,0.27088189469855933,0.07253781846369751,951.7101697824814,1,2990.915794849803,2.5761999999999965
1002151230614117843,AGN,23.61525,yes,63,19.25,21.6154,20.299890476190477,20.2704,19.0399,0.5455526735203976,0.645590467548518,0.3378384905068408,0.10057114109483738,580.7940824320448,0,1981.8038408099019,2.5755000000000017
1511141010114127759,AGN,1.80468,yes,286,18.43,20.7152,19.251166083916083,19.233,18.1407,0.42585292585551116,0.599900754182496,0.19869044621929652,0.05677534929205098,961.8855283320902,0,2963.924247581097,2.5745000000000005
1005191091214128907,SN,10.033,yes,55,20.06,21.1936,19.987840000000002,19.978,18.622,0.6438405526675537,0.569033337694856,0.3108174641736446,0.11467270097819832,507.3745823493169,1,2498.994198541601,2.5716
1312281120614137047,AGN,13.61204,yes,237,19.33,21.2012,19.80043924050633,19.7132,18.63,0.4940067775776382,0.7938098840458359,0.2593716653097333,0.08455720079032453,852.8448894638757,0,2966.006493182904,2.571200000000001
1104081350624104202,AGN,34.13218,yes,122,19.71,21.3782,19.889159836065573,19.8489,18.8078,0.46977100552261003,0.595072659668016,0.2730558749105204,0.07651620633176928,715.0867352224603,0,2665.876598252493,2.5703999999999994
1305291660324120608,Blazar,66.10329,yes,52,18.31,20.7427,19.88579230769231,20.06965,18.1732,0.6205497287260879,0.443779864227747,0.28429399231325997,0.07618979345998712,870.3630586447576,0,2599.7999595371,2.569499999999998
1201251120674102201,AGN,11.4104,yes,123,19.43,21.414,20.029643902439027,19.9764,18.8452,0.6504757430673929,0.6172759066925301,0.3000896398525891,0.11956228884227184,747.5297751494766,0,2987.9555283910813,2.568800000000003
1301101460464125754,AGN,46.66276,yes,168,18.84,21.2262,19.47172261904762,19.344250000000002,18.6585,0.5185735925233331,0.567523907442319,0.22697599902684734,0.07786272536071162,721.0988992273531,0,2737.7752240163973,2.5676999999999985
1303161320574115853,SN,31.99878,yes,15,19.68,20.4819,19.482120000000002,19.6638,17.9157,0.6522143120609535,0.3597775909124339,0.22888988829675483,0.06391728809491885,794.4504728542075,1,2605.777753159906,2.5661999999999985
1004191430464114479,CV,43.37722,yes,272,13.08,15.4831,14.996593382352941,15.2269,12.9172,0.6547721859761612,0.0912359283250133,0.05985350666690339,0.005800572200874171,814.5046969506056,0,2918.9868215739916,2.565900000000001
1206081120904116691,SN,11.95151,yes,15,18.56,20.6954,19.311086666666665,19.5164,18.1299,0.7938040320117401,0.4450243426609989,0.21591408465161463,0.09041914584940039,268.9878994327397,1,1087.012512696514,2.5655
1212071120484110619,SN,11.84214,yes,29,18.56,20.6533,18.703610344827588,18.439,18.0882,0.6209638103929519,0.397934975850558,0.14445898562525308,0.05597901299707197,29.574527523072618,1,94.83869802080153,2.565100000000001
1206201040754130670,SN,4.78119,yes,346,17.5,19.9147,19.030228323699422,19.06265,17.3545,0.3361573481744444,0.274754822799007,0.17614387181650287,0.028684973203023774,894.3968504196373,1,2992.8624563655103,2.5601999999999983
1301051350454137063,SN,36.21584,yes,15,18.73,21.1974,19.705373333333334,19.5335,18.6377,0.8191343649301525,0.5402069141485759,0.26800593610604095,0.1447294965167329,692.0209970246628,1,2577.9436099073064,2.5596999999999994
902261320644130818,SN,32.61679,yes,47,18.95,21.2888,20.30748510638298,20.5061,18.7297,0.6324673533347204,0.582148527142939,0.3499499681715612,0.10958225014043119,675.1938822062465,1,2920.949380706006,2.5590999999999973
905301010774147535,SN,2.74598,yes,28,18.84,21.277,20.11460357142857,20.2909,18.7185,0.8663331886119076,0.567223301936036,0.3320708118764097,0.1426260167606219,685.2784839679146,1,2928.9729864582987,2.558500000000002
1208251011234140766,AGN,2.52874,yes,289,18.54,20.763,19.30924498269896,19.236,18.2061,0.5038499078457788,0.5463648257382879,0.2207831353860008,0.06361607157515478,854.8340554299547,0,3034.7933893170994,2.5569000000000024
1205251260724133170,AGN,27.44469,yes,134,19.5,21.3908,20.04511791044776,20.00675,18.8339,0.5234573089214354,0.63442544081712,0.3035982066576592,0.09526396875709442,702.6047295233949,0,3069.796318078399,2.556899999999999
1306101350704128207,AGN,35.30262,yes,97,18.87,21.4302,20.18809587628866,20.1654,18.8734,0.5023930648899169,0.599204677930739,0.32300478910123104,0.0994289367693946,657.8615510599293,0,2997.9105406366943,2.556799999999999
1106121180634112775,SN,17.91319,yes,253,18.78,21.2394,20.01540632411067,20.017,18.6833,0.412481004612572,0.567523907442319,0.2857220265984917,0.06700373025970632,825.5868891430258,1,2983.9845414812953,2.5561000000000007
1412241120104139934,SN,13.90438,yes,133,18.63,21.2472,20.230346616541354,20.218,18.6918,0.45258531383075584,0.665861277583364,0.33205979377017275,0.0911970648919849,976.9248155798086,1,2958.8844783101013,2.555399999999999
712161090654124876,SN,10.38414,yes,26,18.62,21.1761,19.87047692307692,19.88075,18.6209,0.7338287513079271,0.531687839816706,0.2643489245030949,0.09895619736708929,455.51666254683977,1,1538.8160583684949,2.555200000000003
1102081010244125249,Var,1.48691,no,372,12.44,14.6739,13.085599731182796,12.9402,12.1193,0.7157520336064656,0.0622344433585391,0.052372346303231766,0.0021382994775682894,895.575579891698,0,2964.8650940391017,2.554599999999999
1104271400574107911,AGN,39.92006,yes,117,19.14,21.2885,20.06289829059829,20.1268,18.7347,0.5901690102730807,0.567523907442319,0.30176144591193266,0.09217802045353221,692.5270770327664,0,2923.0694758910904,2.553799999999999
1204211260684121808,SN,26.65394,yes,19,20.03,21.268,19.82788947368421,19.7152,18.7155,0.5834964256719409,0.586373321264544,0.2714912055813761,0.09618575979182227,517.9365068908926,1,2302.7859192821197,2.552500000000002
1606161090634117514,Blazar,9.97402,yes,371,17.13,20.5188,19.106430727762802,19.0912,17.9664,0.41165397345836835,0.8332278867229491,0.18570862427046086,0.05510784645463,937.2477057467498,0,2955.055911087904,2.5523999999999987
1210131010084212549,SN,0.87337,yes,29,19.08,20.8319,19.31724827586207,19.1631,18.2802,0.5900974529810975,0.4360642749857659,0.20794723616318725,0.07514005293532657,28.829929008466777,1,90.73918050900102,2.5517000000000003
911201400044145995,Nova,41.31494,yes,10,17.0,19.1846,17.55951,17.432499999999997,16.6338,0.9094877440381245,0.199402725522248,0.11576357143777374,0.04649716384841642,458.5595022537978,0,1090.965349444603,2.550799999999999
1306051260484132508,AGN,27.59382,yes,73,19.87,21.5334,20.42425479452055,20.382,18.9837,0.5383662304295952,0.626867402359437,0.3641270294860399,0.1060837278168891,865.6066879677664,0,2745.6515035997,2.5497000000000014
1003181350634106417,Var,34.25391,yes,50,20.37,21.4355,20.281996,20.205199999999998,18.8863,0.5265982719148187,0.577688028851418,0.3464905714252015,0.1023164098612939,539.7271387411898,0,1926.8979176157154,2.5492000000000026
805011260554129569,Flare,26.99408,yes,5,19.75,21.2446,20.17906,19.9599,18.6959,1.0841797789112275,0.5624705464684671,0.34439781242308015,0.18424003683265736,312.9325819022259,0,716.1169650348893,2.5486999999999966
1605061430534126099,Flare,43.96559,yes,94,17.5,21.303,20.132031914893616,20.06675,18.7552,0.4420175389924466,0.581184995956866,0.3110928165363748,0.08105260715163579,763.1787412711016,0,2681.8251496646044,2.5478000000000023
1511061150074105038,SN,14.4593,yes,18,19.32,21.2144,20.42931666666667,20.58015,18.667,0.6480188425455838,0.5041618110077051,0.3877707942274643,0.10325765387040013,996.7361559313335,1,2895.237029907301,2.5473999999999997
1112311210524123781,Blazar,21.16783,yes,243,19.53,21.4,19.90165390946502,19.8608,18.8528,0.5000363841463836,0.599204677930739,0.27663881885065134,0.08793207978361978,713.2308732713109,0,2983.921413668897,2.5472
1205151460694129221,Var,46.05925,no,90,18.65,20.5407,19.148646666666664,19.1478,17.9937,0.6810049570345411,0.389469708304467,0.19952914088033677,0.06524013907484627,748.1224522241507,0,2703.7834266551,2.5470000000000006
1202231380394131953,AGN,38.48687,yes,167,20.02,21.3143,20.12620898203593,20.1094,18.7674,0.5066803959041006,0.566324020316648,0.2985438184329021,0.08579317375181032,571.4622858284262,0,2309.3050345251977,2.546900000000001
1512031520274124906,SN,52.15785,yes,23,16.6,20.6628,19.62268695652174,19.7196,18.1166,0.6445346843790403,0.387537167260081,0.2404280229716874,0.06406265250850147,853.1958409246048,1,2539.0776010998015,2.5462000000000025
1411041090204104071,SN,8.80858,yes,167,18.1,20.9574,19.5811251497006,19.5957,18.412,0.4984644897647708,0.5940513969402579,0.2658889283420034,0.08168777169576241,892.0277831150601,1,2946.0003049188017,2.5454000000000008
1309300090104101264,SN,-11.19302,no,11,18.96,21.3957,20.004145454545455,20.082,18.8507,0.8454193141437416,0.606981441839612,0.32208426425424663,0.14792426510356405,568.1317006964604,1,1496.8341821413997,2.5450000000000017
1010091210144103864,AGN,19.95751,yes,170,19.35,21.1471,19.55610823529412,19.46785,18.603,0.532479071280643,0.6218310949110389,0.2487416424007768,0.091788617825211,689.4947556773528,0,2947.8930536806,2.5440999999999967
802031260424140087,SN,27.44358,yes,43,19.32,21.4488,20.23002093023256,20.1134,18.9048,0.7006093040578665,0.588682181068745,0.3180602293948617,0.12368872811066675,611.5868304160665,1,2653.7093052200944,2.543999999999997
1312261260054126854,AGN,26.91752,yes,191,19.39,21.3149,19.894550261780104,19.9032,18.7736,0.5404724522776235,0.713589374071703,0.27860477442623593,0.0877862641751161,868.520824851643,0,2953.913773888795,2.5413000000000032
1502221180434114096,SN,17.66625,yes,116,18.07,21.3887,20.321555172413795,20.2847,18.8474,0.5049340849526069,0.579588507073604,0.33382267210713595,0.09376267909303361,812.3093194656195,1,3064.3150170603913,2.5412999999999997
905131210474115654,AGN,20.75393,yes,171,19.86,21.3395,19.984541520467836,19.9211,18.7994,0.5433701976889221,0.591015310726227,0.28092068657354435,0.09343742358294005,451.0402360034276,0,1937.8863449999044,2.5401000000000025
1201251090674127372,SN,10.06858,yes,27,19.9,21.377,20.477325925925925,20.5063,18.8373,0.6599431435840011,0.559553455343515,0.3917739264352303,0.12355579334349365,902.5873179082404,1,2812.301124629601,2.5397
1503261520544137087,AGN,52.58711,yes,127,18.81,21.2709,19.57193779527559,19.4541,18.7315,0.4960082425276982,0.5981645389852789,0.23522845997390843,0.06820719990256752,744.0364984984212,0,2680.6818226156975,2.5394000000000005
1106091210774115315,SN,20.7756,yes,338,17.09,19.6056,18.556213609467456,18.54615,17.0668,0.27404513608069214,0.244742205846269,0.14307298717369155,0.018378885494332232,873.8071169625429,1,3033.834818518604,2.5387999999999984
1103111210754143894,AGN,21.96282,yes,236,19.31,21.3349,19.68559152542373,19.6296,18.7976,0.470942272394267,0.602706680476522,0.246700053847016,0.07174852251265593,760.8693252952617,0,3070.768135231403,2.537300000000002
1103011210244144773,SN,21.36002,yes,7,18.63,20.3384,18.568842857142858,18.4461,17.8011,0.8440058666011407,0.416383207474915,0.16491338558108923,0.11098239567062293,336.389437129553,1,681.064329699504,2.5372999999999983
1511181010534127137,Flare,1.74806,yes,295,18.4,21.1222,19.65047525423729,19.5961,18.585,0.42996838307018037,0.5259590752009791,0.24041299994211915,0.062366079008053486,846.2183882273491,0,2961.9296399886007,2.5371999999999986
1210211070014111403,Blazar,6.47258,yes,309,17.39,19.6852,17.89053203883495,17.8788,17.1483,0.4128413167717322,0.260022838739491,0.11443780763923708,0.021202568652206585,965.3003738469629,0,2966.8954596756957,2.5368999999999993
1605301460394125395,SN,46.9642,yes,4,19.19,21.1299,20.180025,20.4985,18.5932,1.1025037002961335,0.565428519789496,0.3470652056894725,0.16732772626466527,713.643517002707,1,1483.9423743631996,2.5366999999999997
1103101350584115193,AGN,34.82955,yes,181,19.63,21.2784,19.94220718232044,19.9284,18.7419,0.4548328917834849,0.55639081764499,0.27973439527210847,0.07741452955819336,708.4439955872396,0,2925.0480960877903,2.5365
1603021070274145695,SN,7.34419,no,279,17.25,20.771,19.485101433691757,19.4211,18.2347,0.40661330444349136,0.6135465783046539,0.2243427652454719,0.059436656868303885,922.9178452785651,1,3125.306699976798,2.5363000000000007
1104051010744147055,AGN,2.69285,yes,260,19.17,21.2987,19.50354653846154,19.451999999999998,18.7625,0.4002916072532548,0.5808647699906191,0.22153766956571672,0.06328260532708814,730.3360903783646,0,3005.8148607174007,2.536200000000001
1311121010614107962,SN,0.49358,yes,193,18.28,20.9541,19.765304663212433,19.6982,18.4202,0.39082239203192765,1.02228985833284,0.25784007200241965,0.09942375090055017,933.888224339224,1,2987.9359044329976,2.533899999999999
1302051090544104678,AGN,8.69295,yes,219,19.38,21.1424,19.811596803652968,19.7636,18.6092,0.4849877193553631,0.725393718090489,0.26688902519943003,0.08795918756652087,797.3236258363169,0,3096.3111627543913,2.5331999999999972
1304151460494144378,AGN,47.72052,yes,76,19.66,21.3957,20.195289473684213,20.1021,18.8631,0.6230976128085556,0.641395241999151,0.33637555301951805,0.11717661375785017,786.6145866397505,0,2652.935709120502,2.532600000000002
1203271040774143775,SN,5.33436,yes,17,19.19,21.2371,19.83683529411765,19.8815,18.7051,0.6468438750397736,0.5610069469222779,0.26722680049615827,0.09972214801662435,97.15001052177398,1,411.90157539329084,2.532
1203281230634113206,AGN,23.35657,yes,259,19.58,21.1087,19.813167567567564,19.7859,18.5787,0.4164174125828537,0.5876897093719828,0.25816246257965564,0.06845407940301938,813.8049499375671,0,2992.891348148194,2.5299999999999976
904170070694221487,CV,-7.29638,no,25,18.62,20.9225,19.290268,19.2246,18.3929,0.6697314130306262,0.446751171863595,0.20380538639683565,0.07911339867706461,800.781138901076,0,2265.891786909997,2.5295999999999985
810251320174127987,CV,32.61874,no,9,17.66,20.0693,18.055044444444444,17.8937,17.5398,0.7895641204346708,0.2907051641360039,0.12645987531451686,0.06217499426226512,471.396760429727,0,1445.9178117480915,2.5294999999999987
810270090294145633,CV,-8.97069,no,11,17.82,20.345,19.03700909090909,19.1952,17.8164,0.9252086883017734,0.430691559444803,0.2077102000480697,0.10680911369329947,241.49626716644087,0,809.8490625230988,2.5285999999999973
1103021180524113561,AGN,17.67984,yes,394,18.78,20.7063,19.227701776649745,19.12795,18.1787,0.4525608960155857,0.409393591363247,0.19268103047345503,0.05160020230073236,885.5757974263172,0,3122.288070590199,2.5275999999999996
804011150814123270,CV,15.41301,yes,41,18.55,21.0805,19.425014634146343,19.3307,18.5532,0.5613899088694839,0.55639081764499,0.22507050834431636,0.08413145416524208,1033.184827736669,0,2931.975039444398,2.5273000000000003
1309061400034134866,Nova,40.65136,yes,20,17.96,20.4844,19.06981,19.08905,17.9575,0.7342783445418762,0.363555989903838,0.19324686526842796,0.06946368247311023,17.19841668364774,0,48.91769081030361,2.5269000000000013
1601141520324115434,Blazar,51.72841,yes,142,18.99,21.2787,19.87154014084507,19.876800000000003,18.7548,0.43177266001632036,1.10191420053457,0.263091689867159,0.09675428523549467,675.0167821696443,0,2820.2369612502007,2.523900000000001
1302141150484143170,AGN,16.39338,yes,197,19.78,21.3179,19.883645177664974,19.7798,18.7941,0.5137378157248148,0.643903717480077,0.2689728900688735,0.09129635737570697,559.2549085578978,0,2746.326995289004,2.5238000000000014
1411201010314119347,YSO,0.68298,yes,124,18.48,20.8427,19.464349193548387,19.4218,18.3192,0.5735616911689444,0.595072659668016,0.24946610492142626,0.08621947012823676,675.5835258892677,0,2328.7018857406874,2.523500000000002
1006050040614118156,Blazar,-4.22347,no,285,17.54,19.9974,18.86762807017544,18.8766,17.4739,0.34590942952547976,0.396905782273651,0.16917223885112972,0.04009567890437323,905.6756240561169,0,2956.056453506899,2.5234999999999985
1305021260504113324,AGN,26.19468,yes,167,19.47,21.5623,20.285119161676647,20.2699,19.0397,0.4824816009893751,0.5648336198009201,0.3358129809676577,0.092434486658935,792.6905381885429,0,2984.9650864703,2.5226000000000006
1505221460624119707,SN,46.19443,yes,9,18.88,21.4528,20.550844444444444,20.7994,18.9304,0.8890071936029427,0.612807838613243,0.40102591743210986,0.15608181193883758,983.7540894178597,1,2881.027721979197,2.522400000000001
810300151174110520,AGN,-16.09889,no,56,19.02,21.2799,19.872105357142857,19.7922,18.7582,0.5932944329357867,0.529176605550354,0.2774000219673132,0.09281389746689984,786.6953720299163,0,2943.8765228818884,2.5217000000000027
1605061430634121570,SN,43.59787,yes,12,19.33,21.178,20.419999999999998,20.47175,18.6566,0.7050460242875191,0.567223301936036,0.3926494948790973,0.13720428541417434,1035.5541116592979,1,3007.8152572107138,2.5214
909290090204123331,SN,-9.59635,no,24,18.49,20.9375,19.57668333333333,19.64015,18.4165,0.8930870811364109,0.4906459834538599,0.26390698574601246,0.1114237959915206,598.3451861169965,1,2233.881162986203,2.521000000000001
1405301010634116353,AGN,1.18237,yes,338,18.59,19.6565,18.459266568047337,18.46685,17.1359,0.4187382623793433,0.672369417704463,0.1422220254023421,0.047310519891577876,933.3331450504203,0,2987.8983819675996,2.5206000000000017
1206091210824118132,Flare,20.85613,yes,56,18.81,21.333,20.52530357142857,20.62625,18.8129,0.5312974544244711,0.593712017664007,0.4123050141906566,0.10558603644146962,855.6892054487017,0,3059.7570590044998,2.5200999999999993
1003171400444111913,SN,40.26344,yes,20,18.91,21.4252,20.333105,20.51375,18.9054,0.867524859935013,0.626867402359437,0.36219129941603917,0.15632555749351365,417.5871586254056,1,1804.1604705327045,2.5198
1211071070144131502,SN,7.50887,yes,37,18.92,21.2515,20.16617837837838,20.2219,18.7324,0.6915179740313401,0.545010202523499,0.32915002556477135,0.1192162766038543,942.4289119667877,1,2869.0567339927948,2.5191000000000017
1302071180594109478,AGN,17.40878,yes,384,19.07,21.1217,19.46489505208333,19.4026,18.6029,0.391613015678186,0.5028519122825421,0.21184130437203252,0.05283839672307207,832.3488735767086,0,2992.885046319614,2.518799999999999
1603121290524117032,AGN,29.45853,yes,198,19.23,21.4191,20.046134343434343,20.0158,18.9005,0.5093399243236045,0.594391291086247,0.2906017851550175,0.09176270703643463,761.1585412722442,0,2977.9453393402,2.5185999999999993
1501201380444130556,SN,38.69345,yes,22,18.83,21.3727,20.680163636363634,20.710250000000002,18.8542,0.5498518922188258,0.5900124057604941,0.3985136588909643,0.10445581316330306,766.3933324215303,1,2382.7882740161003,2.5184999999999995
1203281230624117329,SN,23.54678,yes,59,20.43,21.4607,20.07910338983051,20.0384,18.9425,0.5546660949479999,0.6401506281347961,0.29516020372959717,0.09708346328952315,586.8841513318166,1,2972.8946148148025,2.5182
1302141010654143860,AGN,2.40526,yes,106,20.11,21.3281,20.010410377358493,19.931150000000002,18.811,0.5209813874619331,0.5544028886139489,0.28495085779149915,0.08013934143517092,571.5584063682736,0,2723.755951840001,2.5170999999999992
1304011090684111068,SN,9.13805,yes,13,19.33,21.1401,19.57393846153846,19.3503,18.623,0.7207424696548,0.507031717820165,0.24734741007976155,0.09876955901598397,630.460865959344,1,1873.010177083299,2.5170999999999992
1210161290084140460,LPV,30.38311,yes,74,18.98,20.131,18.461212162162163,18.41845,17.6142,0.4643066142559639,0.291176058475163,0.1388231124585109,0.03286146397827159,871.0392209457274,0,1940.819438668892,2.5168
1001131320174130050,Var,32.58849,no,345,16.85,19.3214,17.788596811594203,17.6087,16.8047,0.6123690420192096,0.225158660635682,0.11980700779993743,0.030855756320770537,947.0028022162184,0,2951.059562638802,2.5167
905261121154132352,Var,12.5901,yes,25,18.52,20.6121,18.786104,18.5948,18.0955,0.610392616463645,0.416773982967603,0.17660224786115034,0.06095672291484117,199.22449844695043,0,524.7437488888972,2.5166000000000004
1404011430494121503,AGN,43.76637,yes,63,20.09,21.4361,20.177746031746032,20.2296,18.9203,0.5239121327540549,0.5933731384746921,0.3242648253550367,0.09276886316374441,515.0448303685798,0,1855.927767152898,2.5157999999999987
1401011430494124743,AGN,43.76615,yes,62,19.85,21.4361,20.18743548387097,20.231650000000002,18.9203,0.5224671379098054,0.5933731384746921,0.3258944804224716,0.09261257063896396,518.8688261027347,0,1855.927767152898,2.5157999999999987
711121350134134677,CV,35.38036,no,31,18.31,20.7104,19.00480322580645,18.8607,18.1952,0.6414002543830029,0.386369235731071,0.18395205285803218,0.06299053917820453,1112.3735701665394,0,2824.1126035415,2.5152
1505111320544122430,HPM,32.68981,yes,320,17.44,18.7571,17.651738125,17.605649999999997,16.2426,0.3358194855580696,0.151592711261998,0.1018221225014053,0.012259327015215265,735.8170592139544,0,2346.712220798501,2.5145000000000017
1605301490444110548,AGN,48.7387,yes,155,18.1,21.1439,19.57400258064516,19.5871,18.6303,0.44290424604210715,0.531183039958484,0.243656523010747,0.06578757763241266,840.3260930352272,0,2921.0338832985,2.5136000000000003
1302161040654110952,AGN,3.43573,yes,198,19.25,21.1836,19.74363787878788,19.7108,18.6702,0.5127780481153412,0.51591242197914,0.2535492050186642,0.07521327077750248,738.4891759918386,0,2979.859442349596,2.513399999999997
1012031380384133667,CV,38.50361,yes,338,16.76,19.2749,18.584294378698225,18.70445,16.7639,0.4718857254895823,0.2290929382922339,0.14216339595178565,0.024475443414657915,754.4555945666353,0,2805.3468580785993,2.5109999999999992
1306131290654132164,AGN,30.22423,yes,53,19.6,21.7437,20.327732075471697,20.2779,19.2328,0.5151267031493638,0.606263409111586,0.3488184044016943,0.0931292411232875,833.0244423888449,0,2990.906405219699,2.5108999999999995
1603031350664116271,Blazar,35.0943,yes,149,17.82,21.4791,20.047970469798656,19.9982,18.9684,0.46630975039265954,0.604834056667981,0.29538883262924703,0.08098689346221932,914.1144306383624,0,2980.9702729862984,2.5107
903171150424136883,CV,15.57832,yes,10,17.04,19.5508,17.73328,17.46105,17.0403,0.9003841116126177,0.2102348952280739,0.11001968482130389,0.0470517921902397,184.26629690251235,0,385.00120946719835,2.5105000000000004
1211061320034107388,SN,31.39314,no,56,18.94,21.455,20.34091964285714,20.38965,18.9445,0.6706800810085896,0.62491765664946,0.34051069041874554,0.12493698726525529,912.3833318787235,1,2925.100438495101,2.510499999999997
1112291380484132004,AGN,38.60672,yes,193,19.74,21.383000000000003,19.98980829015544,19.959,18.8732,0.4794814889693308,0.595756075497911,0.28601123588107347,0.08129222350416965,674.0128896658981,0,2715.7309298727996,2.509800000000002
811191120264138954,SN,13.01801,yes,9,18.25,20.5473,18.83498888888889,18.8001,18.0377,0.8526623957411925,0.471730333108557,0.1990281260357999,0.11151557519724849,464.3843186846741,1,1399.0750356135031,2.509599999999999
1306060070714107287,AGN,-7.97425,no,152,18.83,20.8939,19.595598684210525,19.54655,18.3871,0.5596751561357811,0.4840494445495871,0.24142725039302507,0.07654609419803088,841.1536995719679,0,2951.028404328994,2.5067999999999984
1304041290604129569,AGN,30.22041,yes,174,19.42,21.6314,19.97048448275862,19.8726,19.1264,0.5073700820529795,0.588682181068745,0.28438225410538737,0.08893971793464699,736.4570127547867,0,2990.9378770020994,2.504999999999999
802101120434114983,SN,11.85577,yes,30,19.69,21.0965,19.216683333333332,18.983150000000002,18.5922,0.5812835144706947,0.488420207199402,0.18779762143809628,0.07026333137481754,36.37476619874509,1,141.72166962970368,2.5043000000000006
1110271260474102152,Blazar,25.46111,yes,28,19.25,21.4457,20.103207142857144,20.11425,18.9415,0.7088786731736413,0.5681264081835171,0.3023936036959557,0.11162172807431248,557.0936593449659,0,2564.980542234196,2.5041999999999973
1104081380574122732,SN,38.26059,yes,42,19.54,21.3531,20.28032142857143,20.351149999999997,18.8494,0.7010424674988919,0.601299380566803,0.3494365995299785,0.1260792550846973,703.121509707003,1,2687.839360972386,2.503700000000002
1011131071254112365,AGN,6.49304,yes,175,19.11,21.1881,19.545052000000002,19.5025,18.6852,0.5018664516272862,0.541529784358711,0.24049021889071026,0.07674836273261693,649.2554792852908,0,3056.7843874766986,2.5029000000000003
1410210040174101556,SN,-5.55944,yes,248,18.18,21.1122,19.37785564516129,19.3267,18.6093,0.36705946430023556,0.531183039958484,0.21044857250196528,0.04965842474403249,894.0526028956981,1,2963.918146816999,2.5029000000000003
1305110010834146582,AGN,-0.51599,yes,118,18.81,21.2291,19.710414406779662,19.63725,18.7264,0.5949995507109453,0.558397859761303,0.2749716435428613,0.09494855009286192,602.0040679324103,0,3005.785750671297,2.5026999999999973
1606171181134127852,SN,18.18629,yes,22,13.83,20.3917,19.185850000000002,19.334699999999998,17.8899,0.6365780076015068,0.347102550340406,0.22284480851049526,0.06469587640384561,761.765777825893,1,2458.1579639235933,2.5017999999999994
904170070784121481,SN,-7.31189,no,22,18.66,20.989,19.72528181818182,20.1204,18.4874,0.8905802900283692,0.775497602778402,0.29443126782727147,0.1573372944874016,486.3807431768011,1,2239.9932392016053,2.5016
1010171260094102098,SN,25.53758,yes,6,17.53,21.289,20.06155,20.048099999999998,18.7885,0.8181808669236904,0.560424343558476,0.3138256061286185,0.13648616111774237,614.993900215412,1,1518.7201490165025,2.5005000000000024
1103021180644127479,SN,18.51439,yes,21,19.64,21.1602,19.90162380952381,19.9395,18.6601,0.7410515379545207,0.517081458826594,0.26812488230578035,0.10557957156001964,242.13863847894513,1,1102.04404778951,2.5000999999999998
1202251090634107419,AGN,8.76635,yes,221,19.33,21.3692,19.932909502262444,19.9201,18.8699,0.48925099159116026,0.559843344546622,0.274633087721705,0.08074304729865833,804.5033678484652,0,2955.0504369790942,2.499299999999998
1601301320504111899,Flare,31.91474,yes,198,19.37,21.3789,20.327213636363638,20.34695,18.8798,0.4352027697847682,0.7938098840458359,0.33729168863516873,0.0857182087314373,833.0585555159606,0,2738.7313819791016,2.499100000000002
1204271520454138340,SN,53.28169,yes,86,18.56,20.9113,19.80014534883721,19.8098,18.4123,0.5182115322477698,0.489833434320927,0.26760890170988727,0.07411752483092168,815.5937659572128,1,2682.8407859255967,2.4990000000000023
1503111070494137198,AGN,7.77994,yes,264,18.98,21.2026,19.9593,19.934199999999997,18.7049,0.5277671172382985,0.563353613454563,0.28078939192880115,0.08333665029809013,838.7421587171084,0,2930.9886516434926,2.497700000000002
1509131070124107077,SN,6.10249,yes,199,15.47,19.9799,18.576776381909546,18.524,17.4826,0.44104537215342526,0.28774333915557,0.1487998331508026,0.032618400450198724,803.5794044444725,1,2583.9197186342863,2.497299999999999
1301191180604110642,AGN,17.62966,yes,170,19.69,21.2488,19.760417058823528,19.70645,18.7538,0.42255140887142506,0.559553455343515,0.2510191346763096,0.06480443922073599,705.8056702931223,0,2992.861750613505,2.495000000000001
1104291400294112297,Mira,39.99755,yes,448,13.57,15.3017,14.118225669642857,14.07685,12.8078,0.5009641342366699,0.0611308704442446,0.054704717979179855,0.00199093736728929,914.4892410083608,0,3113.247913425803,2.4939
1301130210584145069,Blazar,-20.33671,no,27,18.53,21.0201,19.992996296296294,20.2478,18.5263,0.7156600119316879,0.5101720922034749,0.2987586549936516,0.098114335923803,760.2866954852809,0,2214.923848668899,2.4938000000000002
1301200010614127750,SN,-1.18092,yes,309,17.73,20.2248,18.976396440129452,18.9887,17.7325,0.3437606901576665,0.574246442265452,0.17915829486181506,0.04640305710204906,919.2327004472519,1,2987.9380430901,2.4922999999999966
1210200230154132703,AGN,-23.14185,no,68,18.19,20.5524,19.28136323529412,19.45075,18.0609,0.6512901011011608,0.378659525485128,0.20728362693236768,0.06888335166784243,836.6329325181125,0,2932.9835251732948,2.4914999999999985
1303071120774113499,AGN,12.00729,yes,188,18.81,20.9342,19.51117074468085,19.4672,18.4436,0.44932837478940246,0.443006889559419,0.21941667622879868,0.0504521194097231,729.7142602010805,0,2655.8254378126003,2.4906000000000006
1511031091204130213,CV,10.36606,yes,58,17.94,21.0366,19.931872413793105,20.0107,18.5462,0.6348084432145863,0.538108187261812,0.30788068274999875,0.10341439596753142,1044.5912700616434,0,3071.6569766778994,2.490400000000001
1305031150754125877,AGN,15.89109,yes,265,19.29,21.2955,19.844011320754717,19.8304,18.806,0.4852777783332766,0.569336526205408,0.2644555425175438,0.07312798059606813,862.9304209807017,0,2984.9288806943005,2.4894999999999996
1309290211204126430,CV,-20.83113,yes,8,13.49,15.934,14.6996,14.70205,13.4446,1.3127889592118638,0.0670929795085252,0.05971442764568601,0.007698129273630441,13.308573592533923,0,24.916223772794183,2.4894
1304111090634120338,Flare,9.6118,yes,15,20.17,21.2239,20.32097333333333,20.4477,18.7352,0.758617783930246,0.52818099886055,0.3456880052524721,0.11849696632919679,859.7801649657002,0,2593.985530902595,2.4887000000000015
1103021180544101250,AGN,16.95747,yes,213,19.58,21.144,19.715704225352113,19.6963,18.6562,0.47452263732209815,0.52087072201724,0.24529320734648158,0.06836680347596143,678.7717447915453,0,2858.0728814005997,2.4878
1401011150654104472,CV,14.34507,yes,357,15.19,20.1813,18.7036731092437,18.6575,17.6936,0.3227842781640897,0.567223301936036,0.15318463560536655,0.038111190746489144,882.1847702984021,0,2994.8817936111955,2.4877000000000002
1404251460614126059,SN,46.56729,yes,205,17.78,20.5398,19.035979024390244,19.0175,18.0521,0.30149761957084675,0.3890379430557539,0.1790986256159762,0.0334466875579768,856.2190360718361,1,3053.7708076038034,2.4877000000000002
1104251230694109750,SN,23.25562,yes,5,19.09,21.2888,19.63608,19.4112,18.802,0.9718822727059082,0.589346289253874,0.2906413885394422,0.1699365104510693,330.10256342111694,1,738.143123692098,2.486799999999999
1206221121184125294,Flare,12.50259,yes,372,17.21,18.3709,17.686863709677418,17.701349999999998,15.8845,0.15014430794327355,0.3680928671671121,0.10729945740722287,0.022558633733438287,913.3929592022379,0,3055.789890520704,2.4863999999999997
1503260010824122272,SN,-1.58605,yes,10,18.88,21.1634,20.13221,20.122300000000003,18.6771,0.8594016050588789,0.577058216008813,0.3555579862206225,0.14219479878612432,752.8929757000168,1,2217.9003475810023,2.4863
910230090264109736,CV,-10.69291,no,18,17.68,20.0344,18.098944444444445,17.834049999999998,17.5508,0.7379367031856433,0.2988737785751539,0.13207617602170227,0.05783088475295008,995.1941523922155,0,2655.7902602199974,2.4836000000000027
1105270041164147506,CV,-3.51307,yes,27,18.52,20.4247,18.614262962962965,18.495,17.9419,0.4879211988301039,0.685901661789726,0.18834412999696717,0.13328943112008548,1125.6999762824555,0,2894.078661736101,2.482800000000001
1205241210764128629,AGN,21.29425,yes,308,19.04,20.5269,19.380323051948054,19.334249999999997,18.0445,0.3955921875466971,0.394420786085563,0.21371422115653582,0.050013939573760206,863.6883364268476,0,3070.7670263890977,2.482400000000002
1203151010514146929,AGN,2.35518,yes,95,19.92,21.3587,20.01588210526316,19.966,18.878,0.5297412604038351,0.550206130910405,0.2835879933217019,0.08305241649424433,548.5898956023947,0,2668.8628407176,2.480699999999999
1302181430344101379,Flare,42.39345,yes,323,16.08,16.9412,16.615439628482974,16.6291,14.461,0.15773860318267982,0.149224799809873,0.07624311522382152,0.006874902483957951,870.9331037650709,0,2878.0879054050893,2.480199999999998
1311021260434104182,AGN,25.63477,yes,170,20.2,21.4375,20.061055294117647,20.052,18.9585,0.4935725719571259,0.607341313911015,0.2876676627657084,0.08615319548642303,620.70656122991,0,3090.3014199187965,2.478999999999999
910200121224122707,SN,-12.58872,no,75,18.55,20.9819,19.798032,19.8155,18.5043,0.5650248885118584,0.5284294109010471,0.27005995354053874,0.08243256775467071,959.1217675520008,1,3034.8045698147907,2.477599999999999
1302141260454138050,SN,27.57377,yes,33,19.8,21.5232,20.346596969696968,20.3146,19.0459,0.7587692054755731,0.579270612122501,0.3460505851175944,0.13645822202031155,631.8726096935872,1,1916.8771675926182,2.4772999999999996
904231230704147505,SN,25.28363,yes,18,20.07,21.4172,20.225849999999998,20.180999999999997,18.9401,0.6786785232650111,0.590346198854073,0.3364234685930623,0.12435496459245558,116.37988130952418,1,389.8883693632961,2.4771
1201261230594143565,AGN,25.05173,yes,141,19.45,21.3789,20.061025531914893,19.9691,18.9031,0.5220595108940085,0.59747378284723,0.2904188033597752,0.0905612944228163,670.3711519696351,0,2713.714450601503,2.475800000000003
1103281070694141533,SN,7.78103,yes,21,19.16,21.1516,19.548033333333333,19.2092,18.6761,0.7231736280682063,0.5175510678447729,0.21412233705503875,0.10358602221161889,113.80722590465696,1,717.0171873377112,2.4754999999999967
1103111090544109078,Comet,9.00012,yes,3,18.11,19.9373,18.5023,18.107,17.4626,1.283834720670851,0.271011959528113,0.16089783693287749,0.09606580425336535,0.007824462642116257,0,0.015375914503238164,2.474700000000002
1311101150064106486,Flare,14.50683,yes,259,18.33,21.0304,19.64191505791506,19.6096,18.5558,0.3967631084535765,0.573936271343313,0.2436109921314137,0.05931588046647911,956.8028331331739,0,2956.858458148301,2.474599999999999
1211131180104107175,Flare,17.29994,yes,250,17.94,19.9394,19.0399612,19.060000000000002,17.4652,0.2868474284412774,0.358057482585524,0.17594315340073635,0.026528536856151325,926.651909964095,0,2951.903188483797,2.4741999999999997
1305291261144126586,SN,27.3579,yes,13,18.67,20.8124,19.019446153846154,18.8506,18.3384,0.6892840205790651,0.4541758373302179,0.20063631359856735,0.08409542576702368,362.13586221558035,1,1313.2436562036964,2.474
1604151230814108369,Flare,23.01434,yes,367,18.23,20.405,19.024767574931882,19.0153,17.9312,0.25503511535857387,0.5192037821869671,0.1830106894889657,0.03422360874949079,916.2699619394457,0,3097.7376022915123,2.4738000000000007
804040180704103415,Var,-19.50736,no,173,19.44,20.6082,19.31291098265896,19.2897,18.1349,0.4472489718756169,0.429129002251806,0.20954103529274345,0.05355462353850235,863.6740037072354,0,2957.9710493749008,2.473300000000002
1208281231154134578,SN,24.25517,yes,25,18.8,21.2025,20.024416,20.3405,18.7295,0.7809071203201221,0.52207024622074,0.30797916087794996,0.12100595530022826,839.2875558263627,1,2919.0523467712046,2.472999999999999
1205251150794114147,SN,14.95569,yes,295,18.84,21.1127,19.837251525423728,19.8641,18.6402,0.4274217593868226,0.536807520885934,0.2653408368634895,0.06254638753917288,879.2766406068301,1,3070.7531149881033,2.4725
1203221260624125868,AGN,26.92379,yes,152,19.7,21.3162,20.02329539473684,19.99615,18.8438,0.49228828176461453,0.566623366806179,0.29024616949972915,0.08455952124792172,685.639971853736,0,2992.8840712038,2.472399999999997
711150010264146078,CV,-0.39275,yes,28,17.05,18.9392,17.40039642857143,17.34695,16.4669,0.7463404805782249,0.144622287254626,0.09406328100117836,0.02136153586507348,902.7610315805788,0,2549.0002685881045,2.4723000000000006
1202251070524127910,AGN,6.94009,yes,225,19.42,21.0976,19.67477688888889,19.6178,18.6254,0.5036637762960323,0.521829735116971,0.24506841771246338,0.07737615536328764,887.221732873733,0,3130.245041770897,2.472200000000001
1112251400344119989,SN,40.4249,yes,14,18.87,21.3368,19.574728571428572,19.2428,18.8658,0.778992570744243,0.577372889410839,0.25765056053974844,0.12565986834449727,635.9956531687569,1,2301.664483726505,2.471
1103021230624105270,AGN,22.81271,yes,205,19.66,21.4954,20.04427512195122,19.9916,19.0265,0.521146365270745,0.597818894804744,0.29035733169564754,0.0926252158844764,755.8415031317553,0,2719.815247280101,2.4689000000000014
1305081400414136462,SN,41.78641,yes,8,19.15,21.3771,19.9483,19.38725,18.9085,1.0934505959183918,0.580225718865787,0.31460895239804537,0.17839990828665506,884.9586404769907,1,2353.8557544216965,2.4685999999999986
1109181260824120853,SN,26.56292,yes,10,18.7,21.1688,19.49109,19.199199999999998,18.7008,0.8264413301082602,0.563058841582997,0.25582489109858264,0.1437144880579119,261.73918450893615,1,951.2218729629967,2.468
1304111230414140313,Flare,24.62151,yes,524,17.83,18.7146,18.29064675572519,18.3195,16.2467,0.223333479077015,0.384792298984252,0.132789386694643,0.03000002622276888,918.85048378863,0,3126.2710936111034,2.4679
1505211380684110206,SN,37.47186,yes,283,18.29,20.3248,19.26489858657244,19.2423,17.857,0.3045987238173963,0.4004822537508579,0.19714297694030378,0.03438198786909174,889.2846061089954,1,3079.8183788657043,2.4678000000000004
1404251230664105361,AGN,22.91926,yes,104,19.28,21.2851,19.900360576923074,19.843049999999998,18.8186,0.5365856200589364,0.5624705464684671,0.2806104970226714,0.08935231212262344,360.5872515483782,0,1935.8169052201047,2.4665
1206191120914106935,CV,11.47939,no,10,18.12,20.117,18.541249999999998,18.26145,17.6506,0.8159228929391691,0.3334316852578119,0.16341595975397688,0.07921750381447171,1116.0783967312707,0,2895.1203420720994,2.4664
1201251320574121892,SN,32.29438,yes,35,19.01,21.4147,19.69927142857143,19.5595,18.9484,0.6235213027972801,0.494347974642341,0.24533028473297555,0.08731156378672303,414.30423977370475,1,2299.8132920022035,2.4663000000000004
902131210054114598,SN,20.69279,yes,17,18.8,21.2624,20.256888235294117,20.4622,18.7995,0.8342740773288739,0.5463648257382879,0.3426150304470757,0.14104586484088244,698.4644789984274,1,2297.882273449097,2.462900000000001
1304141120504133862,SN,13.2473,yes,44,18.77,21.2333,20.166836363636364,20.2519,18.7708,0.6827236378093838,0.5365484195841121,0.3058350091718474,0.10392561945373853,836.3274460700725,1,2698.8238987962905,2.4624999999999986
910241210264181733,Mira,22.17613,no,202,13.88,15.7862,14.578821782178219,14.6646,13.3244,0.7234751151969555,0.0704696823483292,0.059046356135361466,0.004348592595890438,900.9581996918187,0,3111.2509442241935,2.4617999999999984
1402061460394128547,AGN,47.26719,yes,67,19.21,21.4342,20.2937776119403,20.2102,18.9748,0.5726080199326419,0.605190563577283,0.3374224968575696,0.11332149037906265,644.7366483807712,0,2610.0485802199037,2.4594000000000023
1112301150764143883,SN,16.51573,yes,18,18.85,21.0089,19.52301111111111,19.3724,18.5508,0.7293232164047213,0.4759915259875589,0.22761955987870447,0.10178293274149697,38.957279674042866,1,163.7600161228038,2.4581000000000017
1109230231114129617,Mira,-23.54615,no,116,13.65,15.5055,14.244002586206896,14.25565,13.0478,0.8765707255833805,0.0629939877832409,0.056061237111741324,0.004087277907505578,975.642446944354,0,2951.948959490801,2.457699999999999
1005131430674125159,CV,43.64583,yes,35,18.97,21.432,19.931148571428572,19.8192,18.9745,0.6067215241488847,0.606263409111586,0.28847396519503954,0.10584707659999484,804.3852572411399,0,2729.3907605438,2.4574999999999996
1604161490554110636,HPM,48.80136,yes,27,19.2,21.11,19.12912222222222,19.0839,18.6538,0.44592318356531424,0.5586861661947901,0.19141786339267247,0.07510683481148855,89.06648613702187,0,473.8267053356758,2.456199999999999
1103111180774101327,AGN,16.9846,yes,205,19.26,21.1882,19.821242926829267,19.7542,18.7324,0.44747460242445314,0.5610069469222779,0.26402973166489396,0.07600656464421471,752.0884359580626,0,2984.950697812703,2.4558
1408310011164108034,SN,-2.46888,yes,345,17.95,20.9014,19.301619710144927,19.2602,18.4467,0.3599139632573178,0.440861997285868,0.2074440166438364,0.045190029809368364,991.5793763268819,1,3098.668972766005,2.454699999999999
909291150914127678,CV,15.04946,no,10,18.49,20.7886,18.8979,18.5653,18.334,0.7601214025842611,0.449135706440919,0.2056185720851827,0.08928522612925908,322.9372453682386,0,830.7714233794977,2.4545999999999992
1305051230834148200,CV,24.56318,yes,11,18.46,20.7075,19.249636363636366,19.402,18.2536,0.8155189185699212,0.447859640878879,0.22404267299270497,0.09702519968016608,5.553178237554139,0,13.089085208193865,2.453900000000001
1201311230504128262,AGN,24.32977,yes,241,19.38,21.3655,20.149621161825724,20.0876,18.9117,0.49909563914007843,0.5799068692430369,0.3155270278851325,0.09243890359929594,850.2086365405863,0,2977.968972430499,2.453800000000001
1311021290414104571,CV,28.47339,yes,132,16.53,21.3672,20.415699242424242,20.395,18.9143,0.46696316632226126,0.5844133223308001,0.3475396608470273,0.08682667401327583,871.7498550950257,0,2922.9860807525984,2.4528999999999996
1301091070734127647,AGN,7.01288,yes,137,19.8,21.404,20.15169489051095,20.0676,18.9534,0.5029858873182724,0.6098762353609339,0.3111668114805895,0.08572833091009638,712.386030872038,0,2709.7218035417973,2.4506000000000014
1603151090484137970,AGN,10.84978,yes,152,18.61,21.1774,20.10610789473684,20.1307,18.7273,0.4852826228531374,0.5436645200760929,0.3044670882430249,0.0817550408479364,876.4339105342954,0,2929.956364062098,2.450099999999999
1112171180214124889,CV,18.54743,yes,6,18.2,20.5589,19.692449999999997,19.76905,18.1089,0.8564346087121891,0.45009929656289,0.30870206462303634,0.09651866707279025,829.3196054215681,0,2238.848609143897,2.450000000000003
1310071070184110974,AGN,6.51592,yes,104,19.75,21.0639,19.756671153846153,19.725450000000002,18.6144,0.583499268254063,0.567523907442319,0.3052925583078232,0.1008861393642066,827.2802371086751,0,2906.890213819199,2.4495000000000005
1404281600324121207,AGN,60.78612,yes,104,18.79,20.9979,19.63687596153846,19.58895,18.5502,0.4771437363569788,0.51591242197914,0.24017419695432599,0.07059977811325949,729.1989920100967,0,2633.0637974882993,2.447700000000001
1203221090694114710,AGN,9.25818,yes,201,18.91,21.1735,19.737145771144277,19.6552,18.7259,0.5729272335074788,0.519678584677693,0.25423378521814743,0.08550559075699776,932.3075049044877,0,2979.984276006915,2.4476000000000013
1006051260804124282,SN,26.37473,yes,55,18.94,21.1505,19.98063090909091,20.0315,18.703,0.6060088490591922,0.725393718090489,0.29646933536571607,0.1150722246188395,736.0505585503207,1,2591.970002476897,2.4475000000000016
1309010121194109265,Comet,-13.61512,no,4,19.66,21.0621,20.10835,20.3783,18.6147,1.080321105042386,0.489226413384963,0.347887116780804,0.1540439750594236,1464.9547528667747,0,3010.7987732179026,2.447400000000002
1103111070664105772,Blazar,5.98343,yes,105,20.06,21.3384,19.98398,19.9846,18.8916,0.411633187951454,0.550483286201957,0.2737123147171742,0.06283720034835519,623.3695500058926,0,2627.746781076108,2.4467999999999996
1210090090094131313,SN,-9.56205,yes,93,18.9,21.1777,20.008833333333335,20.0549,18.7314,0.6144033223085364,0.527437563418862,0.29387977251635355,0.0946953169577342,945.6058928513474,1,2948.0453575696083,2.446300000000001
1204181090694129660,Flare,10.10048,yes,284,18.97,20.1348,19.276160915492955,19.28005,17.6888,0.26885278786207134,0.566623366806179,0.19751684512203968,0.03665973530078453,954.1163614305268,0,2979.999336944413,2.445999999999998
1012010210214132696,CV,-20.24172,no,13,18.23,20.3105,19.087592307692308,18.9766,17.8676,0.8307954135059751,0.34294877995996,0.19970714931184358,0.07918779867303415,631.8817437708011,0,2550.0638776389023,2.4429000000000016
1002171350514109348,SN,34.29767,yes,37,18.95,21.3851,20.30249189189189,20.4602,18.945,0.6620973847379824,0.6030598683992751,0.3404929978233548,0.11717376777853376,606.3569591407586,1,2298.9538066550012,2.440100000000001
1410011400744142135,SN,41.10079,no,96,17.79,21.2894,20.034383333333334,20.0611,18.8501,0.5469394302396544,0.589679082959057,0.30130462414040465,0.09970269118838641,875.7695614757782,1,3061.732763981301,2.4392999999999994
1406031380704102315,SN,36.79325,yes,218,17.81,20.8205,19.53617018348624,19.48115,18.3823,0.41672713467577505,0.536807520885934,0.2275994098763901,0.06131352813177566,913.5194235757515,1,3033.8193032872005,2.4381999999999984
1001160040104131814,SN,-3.26732,yes,7,18.81,21.2447,19.721414285714285,19.3527,18.8067,0.851497712716779,0.5745570563192479,0.2670338273741391,0.1514343621541453,133.4159862170291,1,424.810740729401,2.4380000000000024
1405051380594130740,AGN,38.80372,yes,116,19.15,21.3948,20.078566379310345,19.987650000000002,18.9579,0.49909466348648823,0.600599004671566,0.2957125173140429,0.08584053927091326,882.0175016645379,0,2936.0152622334936,2.4369000000000014
809270120164124439,CV,-12.31528,no,22,19.44,21.2587,19.760236363636363,19.66005,18.822,0.5959451153583526,0.5407350239390251,0.26616655444301557,0.09656164589036308,921.3058045399772,0,2913.0102571993993,2.436700000000002
1206121210554127866,SN,21.92328,yes,10,19.38,21.4986,20.207079999999998,20.37235,19.0626,0.9832839635064173,0.6237554675439371,0.3347009183509383,0.1846758702974615,747.5126687063874,1,1962.9495905556978,2.436
1601171490444219024,AGN,49.33651,yes,164,18.21,20.6356,19.192174390243903,19.15155,18.2005,0.3977972641801295,0.542861355248913,0.198738433149413,0.05066246365749658,817.3040210764609,0,2921.0338832985,2.4350999999999985
712060010184115479,Var,-1.68097,no,88,20.05,21.2812,19.905231818181818,19.887999999999998,18.8476,0.5080795013239768,0.508819825280132,0.27911653522720226,0.07795300156035054,806.3862366097194,0,2940.9558735881,2.4335999999999984
1204111070614124392,SN,7.09452,yes,17,20.26,21.3035,20.229023529411762,20.2566,18.8714,0.66475469303478,0.526450678349479,0.3476303867928696,0.11832358337024752,805.5202488735284,1,2601.9322011223994,2.4320999999999984
1201021430344132418,AGN,44.16821,yes,285,18.99,21.1823,19.597525263157895,19.527,18.7508,0.4441571600348549,0.551874642354795,0.23537825754685357,0.06841780217500308,765.2149160072287,0,2855.1450771292875,2.4314999999999998
1003131120494127447,CV,13.06606,yes,31,18.35,20.7745,18.979751612903225,18.9109,18.3464,0.5583341931561341,0.430977342941867,0.16938691256407845,0.06496549051534219,674.870666270233,0,2195.0210396758994,2.4281000000000006
1403261290664103484,AGN,28.41749,yes,90,20.16,21.431,20.280448888888888,20.27395,19.003,0.5684732660488396,0.8589046416440139,0.35697702559378863,0.11545040484130713,977.2483466906727,0,2990.930947291592,2.428000000000001
1009110041274116358,Mira,-4.51817,yes,266,12.79,15.1175,13.655944360902255,13.520800000000001,12.6909,0.6009010068113949,0.0612221818906953,0.053361013589247504,0.0021470856225364013,900.7653276085438,0,3013.877380034406,2.4266000000000005
1103121520334134087,SN,52.96845,yes,15,19.0,21.4242,20.33216666666667,20.5896,18.9976,0.8540986683270819,0.596441586141003,0.35721297412297287,0.13226160458991007,456.4541504158477,1,1477.9969594213035,2.4266000000000005
1306051430594137532,AGN,44.5422,yes,64,19.77,21.2835,19.8627890625,19.7452,18.8572,0.5857529164117066,0.5844133223308001,0.28299387688141747,0.098215032573295,845.7373191928618,0,2931.9485646644025,2.4263000000000012
1511081570324114520,AGN,57.4097,yes,111,18.98,21.0002,19.40009189189189,19.321,18.5786,0.4264055828849793,0.4677499127003169,0.21515158450295918,0.059218843515279486,789.3645768411764,0,2651.9504922568085,2.421599999999998
1501201380484131886,SN,38.89781,yes,266,17.96,21.2914,19.921892105263158,19.890500000000003,18.8698,0.3739678596492554,0.586045437452873,0.26973852732696213,0.06424111781424159,835.2149820566667,1,2912.9695726738064,2.421599999999998
1205161290754103942,AGN,28.44257,yes,183,19.66,21.4242,20.034145901639345,19.9405,19.0046,0.5379549710231323,0.615031154883998,0.2997789956550287,0.09667404077073745,807.8282753960577,0,2997.8820925690015,2.419599999999999
1102251290634109720,SN,28.88286,yes,27,19.36,21.2798,19.85634074074074,19.6945,18.8625,0.721882477255586,0.5681264081835171,0.2815835157631403,0.1207208862765138,363.1407263920216,1,1799.104826319497,2.417300000000001
1607121290724106294,SN,28.62869,yes,5,18.03,21.3783,20.27056,20.0975,18.9621,0.9530086557844052,0.596441586141003,0.3663267782563124,0.18360139877361498,720.8989257690403,1,1763.0205479743963,2.4162
1310120150014110189,SN,-16.29795,no,15,19.44,20.9818,19.35211333333333,19.1701,18.5663,0.7105631306693776,0.5332099859465721,0.2241532329550962,0.10356844006124954,258.46758175397986,1,758.9435864240004,2.4155000000000015
809231290074123293,SN,29.68731,yes,37,18.82,20.9893,19.103094594594594,19.0451,18.5738,0.42947227238524616,0.509044534198931,0.18319465451735123,0.06558581601326827,355.2076514067095,1,2926.165644375091,2.4155000000000015
1304111090634115957,SN,9.33887,yes,18,19.16,21.2626,19.677572222222224,19.4684,18.8479,0.7804152196525643,0.5764302065205611,0.2742804891669921,0.13063680225790042,681.6170191139184,1,2326.8628043397985,2.4147
1411241150454102720,Flare,14.25167,yes,284,17.41,21.2354,20.079039436619716,20.07855,18.8254,0.45377123055126195,0.529176605550354,0.28713520961877953,0.07441884704973999,836.9145125006659,0,3127.2562489468182,2.41
1112251290214173345,CV,30.6942,yes,48,17.39,19.1326,17.95725,17.83595,16.7247,0.6351102477590093,0.212610351952032,0.13487040797270905,0.03555733192546706,763.0090320841207,0,1926.8288742360019,2.4079000000000015
1304181600404137815,SN,61.57109,yes,12,18.27,19.8858,18.5504,18.5574,17.477999999999998,0.678606355300734,0.273098565128834,0.15177531817186274,0.05033721202377351,26.08242931490685,1,59.86386866870453,2.4078000000000017
1101131010494140457,SN,1.94735,yes,17,18.42,20.6567,19.028458823529412,18.7125,18.249,0.7390460253418123,0.401537424864889,0.18457024508714776,0.07954318983828096,15.851959499075582,1,42.944961979104846,2.407700000000002
1001080010554115862,SN,-1.8167,yes,7,18.17,20.3301,18.84277142857143,18.2729,17.9225,1.0222865575337898,0.323409003558413,0.1763997947269384,0.0902425329919065,20.744965679962863,1,38.830493611203565,2.407600000000002
909140150874190570,Mira,-14.68175,no,119,13.08,14.1354,12.949956302521008,12.7614,11.7279,0.6824200779725864,0.0553411775944504,0.052384352330529654,0.0015578865693578285,925.3561405994602,0,2963.885690567098,2.4075000000000006
1212081150704122264,AGN,15.2663,yes,176,19.83,21.4176,20.00437727272727,19.95185,19.0105,0.461940979959815,0.594731704750992,0.2871690719290623,0.0796126987288496,618.6897254950032,0,2659.795428472098,2.4071
1403261430444108115,AGN,42.92116,yes,96,19.33,21.4013,20.0133625,19.923450000000003,18.9952,0.5928850369169331,0.576116887210896,0.2904961404634146,0.10122881158837431,749.0752654928331,0,2716.7417023379967,2.4060999999999986
1010081150014101355,SN,14.17756,yes,17,19.41,20.8536,19.02254705882353,18.904,18.4484,0.5671673663012174,0.462813592193235,0.19614391290358044,0.07721717781574505,433.57784075961905,1,1856.0237673843076,2.4052000000000007
1601161400534106599,SN,40.00645,yes,13,19.86,21.4745,20.68629230769231,20.7959,19.0694,0.6119734232540088,0.629228408425662,0.42552461399395464,0.12367153984207697,853.6717853495812,1,2653.8861387503057,2.4050999999999974
1201251120674126894,SN,12.88917,yes,41,19.34,21.2577,19.836470731707315,19.8013,18.8527,0.5321850774138183,0.555820894490202,0.2652716167466043,0.0812898134938399,366.15609047937096,1,2274.890122882098,2.405000000000001
1301141010054127807,Flare,1.60972,no,278,18.02,19.4505,18.727545683453236,18.73845,17.0466,0.24947600095701108,0.3591729108905189,0.1565730512231976,0.0313089932478224,916.0247519515879,0,2996.861130856494,2.4039
1502271350474110786,SN,34.57302,yes,366,16.3,19.145,17.465674863387978,17.41555,16.7417,0.2794606587782537,0.315686095434101,0.09666315084746507,0.021890637874126977,852.2043813116321,1,2954.9919941317203,2.403299999999998
1609040090114121233,AGN,-9.70794,yes,53,18.85,21.1825,20.221375471698114,20.2444,18.7808,0.5732277547448907,0.5558208859531191,0.32777682318066775,0.09909235347047153,849.3661906311087,0,2907.0478347800963,2.4017000000000017
1603140040614113414,AGN,-4.71122,no,250,18.88,20.5799,19.336398799999998,19.298000000000002,18.1783,0.3925247528052426,0.489024530648435,0.20767179683815234,0.04792830358478021,893.584215298192,0,2956.0514274538,2.4015999999999984
1409151181164134104,SN,18.46332,yes,134,18.74,21.3319,20.06258955223881,19.9558,18.9306,0.4675187402892026,0.6824518479739431,0.3030737524868935,0.09103436216315193,850.7589729223569,1,3030.891485162094,2.4013000000000027
1409240150084102889,CV,-16.74544,no,40,18.3,21.203000000000003,20.0740175,20.29305,18.8032,0.6897728867728304,0.525224025812102,0.3088162961441646,0.10551687341919196,919.2172807311936,0,2946.0158822224985,2.3998000000000026
1411281600284126711,AGN,61.04383,yes,85,18.92,21.3701,19.91665411764706,19.7909,18.9709,0.5333727735907068,0.6184064446423821,0.28190402282523924,0.09582699444622376,636.6768137894936,0,2632.9976063192953,2.3992000000000004
1609041011234131242,SN,2.14972,yes,64,18.82,21.1398,20.1913828125,20.154,18.7407,0.48237090568594865,0.5474550088984621,0.34684506298975504,0.09312256922258527,988.2338502270549,1,3034.768723032401,2.3991000000000007
1501231010774118119,AGN,0.9855,yes,118,18.78,21.3163,20.010583050847455,19.9878,18.9175,0.5459949320864799,0.5783196722766459,0.2980695571567886,0.09548268756122726,785.0694404347782,0,3005.8456995026063,2.398799999999998
1104271490494115473,CV,48.79117,yes,160,16.07,17.7703,17.08851125,17.2254,15.372,0.38076239623729047,0.340701258784211,0.09163844397149537,0.028720168750652454,826.659369953296,0,2921.0579203699963,2.398299999999999
1007041231134130770,Blazar,24.16978,yes,256,15.89,18.2715,17.2439984375,17.26305,15.8739,0.42404464257847707,0.2917915751507999,0.09579571469152438,0.023911417037577275,1001.6492289045176,0,3020.7998810071003,2.397599999999999
1103111210754112475,AGN,20.36995,yes,199,19.56,21.2738,20.063481407035177,20.0423,18.8768,0.5222015700896294,0.587359882133207,0.30211790484591794,0.09591983862305016,727.5760690846826,0,3033.858095694697,2.397000000000002
1006051260794137291,AGN,27.00908,yes,204,18.99,21.11,19.725604411764706,19.66525,18.7132,0.5105821691542626,0.554685725895003,0.2554086157352255,0.07744835535217001,712.4827756445189,0,3097.723216145707,2.396799999999999
1109180041254129754,Blazar,-3.28473,yes,332,16.67,18.6189,17.557018975903613,17.69095,16.2227,0.6121669666658722,0.214136535329465,0.10385950283319192,0.022824710417798363,914.6993148938806,0,3020.805725011516,2.3962000000000003
1303071120764123699,AGN,12.56052,yes,271,19.55,21.0787,19.70122140221402,19.6154,18.6827,0.4391107949104844,0.525224025812102,0.24730800723058982,0.06185307013533058,882.2219176741164,0,2987.9775286922013,2.396000000000001
1301091120664116217,AGN,12.09385,yes,254,19.48,21.1969,19.93662007874016,19.9024,18.8011,0.4295324972525859,0.8019013903382991,0.2740128784034075,0.07820413007385467,773.2292042026697,0,2964.9884754745144,2.3957999999999977
1504101400574114565,Blazar,40.53385,yes,129,17.81,20.6083,19.405320155038762,19.4005,18.2133,0.4299687562013668,0.3613457493835,0.20848115838628462,0.04616230995560135,821.4943958494525,0,2936.0275259026967,2.3949999999999996
1101041070664219915,Blazar,6.99726,yes,68,19.66,21.2552,20.064114705882353,19.948900000000002,18.8608,0.6478313128660604,0.546364817583537,0.297392882802814,0.10539187874912244,385.01225025055425,0,2191.9728854628993,2.3943999999999974
1006161320804115382,SN,31.56405,yes,17,18.92,21.2209,19.38875294117647,19.1855,18.8267,0.6296614905225342,0.533719967693943,0.2188752740444948,0.09377913017448451,332.14195826039526,1,1190.8493448840018,2.3942000000000014
1606131550474124364,AGN,55.29152,yes,107,18.82,21.0342,19.580951401869157,19.5131,18.6416,0.43690063620670877,0.551595605001999,0.24068761119118065,0.06922502964145277,793.3570995964465,0,2701.677563032601,2.392599999999998
809301290084140240,Var,30.48945,yes,105,19.7,20.8818,19.636493333333334,19.6784,18.4923,0.488837646335017,0.4773092646790279,0.24197614114342875,0.06540355057137097,859.3998613838726,0,2952.9102825117006,2.389499999999998
1203021040804135302,SN,5.17175,yes,16,19.19,21.2661,19.640775,19.6098,18.8768,0.7291411335720052,0.570553511498524,0.2602134151145613,0.12909469940012605,529.3815271091047,1,2131.264198611003,2.389300000000002
1411301350394111255,SN,34.53153,yes,126,18.58,21.3455,20.077939682539682,20.038249999999998,18.9565,0.4598937039063463,0.597818894804744,0.29268632807564005,0.0843124880033316,809.391506092451,1,2885.0180461806885,2.389000000000003
1605031460374110588,Flare,45.95276,yes,253,18.83,20.8146,19.453745059288536,19.4506,18.4267,0.29905308207425574,0.551038700336465,0.21418953259558496,0.04732045651992444,827.2063047608001,0,2902.070855960701,2.3878999999999984
1403061070524109667,SN,6.18854,yes,14,19.27,21.3285,20.448128571428573,20.57855,18.9409,0.6479447073140301,0.515912428972018,0.3488298814031759,0.09337832530391375,841.9903838512574,1,2318.8871840853026,2.387599999999999
1304201430384224674,SN,44.3681,yes,10,18.61,20.9937,19.43759,19.0845,18.6095,0.8481485619997378,0.487617583462017,0.24835575980565977,0.11744047624045313,160.68940805119266,1,415.0869235299033,2.3842
901251090614128796,SN,10.29487,yes,10,19.18,21.4006,20.07143,20.309199999999997,19.0166,0.7942465934596262,0.5978189017124059,0.3269362089404578,0.14163996574849555,716.7916278658282,1,2593.9817460645063,2.3840000000000003
1412301010694113096,AGN,0.92024,yes,325,18.58,20.4933,19.153037538461536,19.0964,18.11,0.3318360571629154,0.412276869792951,0.18651892474671977,0.03813325619074357,940.3131244303613,0,2981.8883955208003,2.383300000000002
1104120040704127317,SN,-4.04319,no,6,18.62,20.9909,19.41595,18.6536,18.61,1.2110300157304112,0.481709588764394,0.2440695679114623,0.18045057013948562,255.85710071653395,1,618.2972962733038,2.3809000000000005
910230180214124000,Blazar,-17.92347,no,37,19.14,21.1677,19.765624324324325,19.5802,18.788,0.666308331782669,0.53500065925789,0.27000257476126904,0.1053411483345374,543.588314727535,0,2543.090601493095,2.3796999999999997
812221150644126230,SN,15.91426,yes,25,19.8,21.2599,19.969992,20.1035,18.8818,0.6588113816563883,0.453681331139147,0.28630610400940465,0.08995229290505855,76.04978236504887,1,353.00492229159863,2.3781
1111231290224144399,Mira,29.80137,no,338,15.02,17.1587,15.721673668639053,15.645299999999999,14.7818,0.6490275261651338,0.121584259866613,0.0700181898728738,0.00914219725681252,933.3461907146409,0,3120.3245652430123,2.376899999999999
1405051120774137956,SN,13.82958,yes,9,20.4,21.3221,20.319666666666667,20.2685,18.9454,0.7636927981852389,0.567523916466938,0.36166299929343004,0.13584282683692245,1054.1636482951437,1,2629.9514595142973,2.3766999999999996
1506131090754102244,SN,8.60308,yes,15,19.07,21.356,20.54604,20.6465,18.9803,0.6851186454080158,0.570553511498524,0.42798511164506525,0.10168906134579657,1004.4930861710238,1,2945.952732511294,2.375700000000002
1305190040924105557,CV,-5.55593,no,18,18.39,20.6288,19.061683333333335,18.867649999999998,18.2563,0.6473239794814981,0.395319418015892,0.2238917742377954,0.058997332945066074,709.0263217946818,0,1843.9319860069081,2.3724999999999987
904241230624131185,SN,24.58413,yes,28,19.23,21.4429,20.276032142857144,20.15955,19.073,0.850459684873563,0.7353312181750721,0.35872505999445,0.163231513233239,578.3744107521845,1,2513.9917130906033,2.3699000000000012
1603141150754129427,SN,15.99118,yes,210,18.18,21.1684,20.032165714285714,20.01545,18.7988,0.4049882052340216,0.54582188397115,0.2884842846578024,0.06941748100727604,891.429535232847,1,2984.9136861688967,2.3695999999999984
804011260624128971,SN,27.56405,yes,34,18.94,21.3102,19.967664705882353,19.72415,18.9407,0.6938223573545783,0.588350860956458,0.29169534115181156,0.11943726837719003,501.6837867257243,1,2529.9790958793965,2.3694999999999986
1105041380544116798,SN,37.82764,yes,20,19.34,21.294,19.99821,19.735999999999997,18.9246,0.8560985333722422,0.554120438702223,0.3130935689043572,0.14112871410764521,697.5112715746345,1,2182.8686540509007,2.369399999999999
1101081260534135780,SN,28.01361,yes,17,18.75,21.0966,19.9789,19.9987,18.7276,0.8049503377538272,0.512905905177281,0.2774343661778748,0.11165572982182391,368.48831887492105,1,1973.7120708678995,2.3689999999999998
1304061150634123862,AGN,15.4645,yes,132,19.73,21.3618,20.196362878787877,20.21375,18.9929,0.47181483436245825,0.5681264142169511,0.3112258989939124,0.07991072350137342,809.7237318503412,0,2994.877607951399,2.3689
1104010010604125847,AGN,-1.19849,yes,226,19.27,20.9238,19.575710619469028,19.5275,18.5553,0.4296170196013688,0.665861277583364,0.23555795302176347,0.06713732103731482,727.1423033004094,0,2987.9122594673972,2.368500000000001
1604131090554109962,SN,9.16386,yes,63,17.91,21.532,20.333355555555556,20.2618,19.1642,0.5743599969160001,1.083763074244,0.35551092654275246,0.1442154252344359,859.1055550728912,1,3099.195325717803,2.367799999999999
1304041290624102229,SN,28.3252,yes,68,19.06,21.3489,20.12381764705882,19.999299999999998,18.9821,0.677134000041568,0.6210657411737961,0.32169410014959665,0.1144421460571574,910.7146714676408,1,2990.9608307177987,2.3668000000000013
1204021550384131537,SN,55.92021,yes,10,19.62,20.534,19.28678,19.23285,18.1675,0.6438167627516385,0.3730796243369579,0.20258593296392108,0.07089939820685719,567.1884333275788,1,1806.1136398031013,2.3664999999999985
1205161150514108827,SN,14.75962,yes,7,18.92,21.0504,19.30044285714286,18.9235,18.6844,0.8417315840122741,0.4926933531719749,0.21389770332313382,0.13188785073595402,433.03076473958834,1,1154.8819491322065,2.3659999999999997
1112291430434117574,Blazar,43.4271,yes,155,18.89,21.1211,20.02234129032258,20.0439,18.7552,0.4597896946963612,0.8725303147734879,0.2911347019924491,0.08823738381567572,804.7995186294063,0,2738.749633332991,2.3659
1410221260164120719,Flare,26.48697,yes,378,18.34,19.6867,18.72178148148148,18.7271,17.3209,0.21914040428782947,0.291601770698277,0.16550146266305094,0.01967954674037811,923.4225664596057,0,2947.010698610902,2.3657999999999966
1012111230554117718,AGN,23.69652,yes,255,19.28,21.2774,19.97102862745098,19.9256,18.9124,0.47375166648791855,0.5681264142169511,0.27815881976646734,0.08291898902463557,787.3962312226628,0,2983.0028805554975,2.3649999999999984
1003171260614126522,SN,27.06744,yes,340,17.51,19.8143,18.65123705882353,18.684,17.4494,0.26849791127140255,0.3203796997552619,0.1475385658692625,0.02119412576260211,898.9550049415614,1,2992.905302766201,2.3648999999999987
1210041231174109433,AGN,23.23382,yes,19,18.56,20.9277,19.372594736842103,19.1104,18.5632,0.7544333211635559,0.443624987232616,0.21388189357286805,0.09655286007569916,888.2104664030038,0,2268.9113821758,2.364500000000003
1412301040654135134,AGN,5.14981,yes,96,19.53,21.3664,20.103090625,20.0376,19.0019,0.5549283897050667,0.584088352063124,0.30489336500848635,0.09066854490136629,784.9287660137546,0,2946.000195636494,2.3644999999999996
1002151230694138151,Blazar,24.84764,yes,35,20.38,21.4536,20.320934285714287,20.1983,19.0895,0.5389940357319566,0.637271086841677,0.34753532655192165,0.1096112133813697,469.7969513503268,0,1862.989336388695,2.3641000000000005
1402281380464127669,AGN,38.69039,yes,83,19.36,21.4496,19.981646987951805,19.953,19.086,0.44677523140764347,0.589346282602782,0.2725078707091522,0.07409713769339404,633.7462820633805,0,2653.8537985648,2.3636000000000017
1302081290044124939,SN,29.50445,yes,5,17.61,19.9769,18.15756,17.6334,17.6137,1.0259985857690057,0.297961033154306,0.1432330753243996,0.08663217691365808,90.03706756570006,1,201.33667475679977,2.363199999999999
810311321084143179,Flare,33.0833,yes,7,19.65,20.5629,19.52708571428571,19.6466,18.2007,0.8159801456501483,0.409145504889027,0.25736632317162145,0.10477189104221295,498.3956808299411,0,1598.3276573148905,2.362199999999998
908300010154119826,SN,-1.34761,yes,41,19.06,21.1532,20.136436585365853,20.2123,18.7921,0.6186761942874867,0.516145673555291,0.317596811703152,0.09150240076803419,713.8205706935182,1,2850.1482689468976,2.361099999999997
1602101380374108184,AGN,37.07465,yes,139,18.97,21.3884,20.325524460431655,20.2975,19.0296,0.4943166502371725,0.598510737479804,0.3367592970496074,0.09418394984385764,962.5877673311518,0,2915.0924936226,2.3588000000000022
912150090124107296,Blazar,-10.79694,no,120,19.01,21.1444,20.019335,20.01945,18.7875,0.5655020472884205,0.539417322980019,0.286454029552122,0.08219179488713865,887.0245150836048,0,2951.0144665512053,2.3568999999999996
1210090150164136276,SN,-14.26955,no,14,19.16,20.5704,19.341507142857143,19.29385,18.2139,0.5102948114183015,0.384687803406657,0.2090375959502266,0.060292733542659245,100.14615405268125,1,385.9947602431057,2.3565000000000005
1105241150644113130,AGN,14.93806,yes,209,19.61,21.3927,19.973125358851675,19.8853,19.0368,0.45835374500025533,0.5880200319416989,0.2792451259397107,0.07690346964913909,669.4596246532162,0,2994.8969827662004,2.355900000000002
909160090164129042,SN,-9.19953,no,25,19.2,21.2308,19.80494,19.6798,18.8753,0.5482215367288422,0.5773728957090579,0.2692476969278412,0.09776136014342549,576.5027526215405,1,2563.9942609378995,2.3554999999999993
901201260504118736,SN,26.61171,yes,21,20.72,21.3676,20.114985714285712,19.9679,19.0124,0.7603820482400373,0.570553511498524,0.3119307748730061,0.11978272470089084,467.0070061767932,1,1917.8263692012915,2.3552
1412241090634108769,Flare,9.03738,yes,380,17.42,20.454,19.25220289473684,19.24875,18.1008,0.24148122903399233,0.486221524521824,0.1948727415980451,0.0351694450278179,939.6546271763807,0,2955.055911087904,2.353200000000001
1312081260034105949,SN,25.7386,yes,14,19.17,21.246,20.372907142857144,20.48885,18.8928,0.6165489680025866,0.5365484040466799,0.3564077049314801,0.10104595068869171,956.5760517171649,1,2788.2036935414944,2.3531999999999975
901190090604127525,SN,-9.47399,no,21,18.94,21.2835,19.998061904761904,20.0007,18.9315,0.7993121752333,0.568428293287317,0.29875189947319636,0.13564713901910946,369.5810062283458,1,1401.173884386706,2.3520000000000003
1001131260174125958,SN,26.61396,no,24,18.64,20.9863,19.593975,19.41215,18.6344,0.7950720931216677,0.5332099859465721,0.2677342009129812,0.1208831600031967,475.34199252753916,1,2207.942427662201,2.3519000000000005
909291490644122974,SN,49.29703,no,9,17.96,20.0582,18.931533333333334,19.2294,17.7067,0.8168989319371149,0.363823781357116,0.2041297445021332,0.07427207990011553,17.164011629477564,1,38.93872593769629,2.351499999999998
908181210084113907,SN,20.66887,yes,93,19.76,21.3225,20.04796989247312,19.9869,18.9714,0.5387506708933473,0.592696929684927,0.30137931630675874,0.09548033115783491,469.996813198056,1,2231.7433794793033,2.3511000000000024
1403071120664115513,AGN,12.3428,yes,145,19.6,21.4913,20.27902,20.2814,19.1403,0.45095229539522463,0.646863188551169,0.32124459172408776,0.08205201285079529,677.9319803243588,0,2955.022141817004,2.350999999999999
902041070054129652,CV,7.79058,yes,10,18.74,20.8724,19.80706,20.267000000000003,18.5225,0.9383687988561136,0.590346198854073,0.295015188962982,0.14530038520064492,689.717910852534,0,1463.0082373497935,2.349899999999998
1004150010694108608,AGN,-2.30791,yes,327,18.27,20.1157,18.60355259938838,18.5732,17.7667,0.35429414980603846,0.3027134444639059,0.1480831259806512,0.03082550015137312,931.2960667603091,0,2984.914593715199,2.349
909281230154128739,CV,24.2615,no,130,19.29,21.2814,19.98584230769231,19.94715,18.9326,0.505187475043047,0.620302870420346,0.3027893360494108,0.0939108127820261,715.090328349319,0,2917.02184691,2.3488000000000007
1211201210104124196,SN,21.27265,yes,30,18.46,19.778,18.357523333333333,18.283900000000003,17.4292,0.7227137071761055,0.247662858323663,0.14189530447155782,0.04630833621705726,561.9454483266504,1,2262.954491365701,2.348799999999997
1301171290494101134,AGN,28.26005,yes,336,18.14,19.8215,18.640148511904762,18.6011,17.4748,0.35817550804730514,0.395997139360241,0.15080960535619736,0.03173488193089757,935.1076351646287,0,2984.974859062495,2.346700000000002
1005050070674106140,SN,-8.15321,no,5,17.77,19.915,18.12866,17.7533,17.5684,1.0021800302340904,0.279404641167293,0.13570600266853122,0.08039993827675677,324.6573913712469,1,725.9654136691024,2.3465999999999987
1310301180094105274,SN,17.23837,yes,14,18.99,21.1955,20.105685714285716,20.30885,18.8514,0.8984801062453659,0.538630812480103,0.33720443841198305,0.14503185337840235,999.8606281339502,1,2922.9799309722075,2.3440999999999974
1607041120794128732,SN,12.93807,yes,28,18.9,21.3568,20.670310714285712,20.78395,19.0131,0.4805125553061846,0.602706680476522,0.41926891645234327,0.10120572710754513,642.5780346153913,1,2584.0245403357985,2.3436999999999983
908260070194123158,AGN,-7.07578,yes,187,19.18,20.9511,19.7127743315508,19.6751,18.6075,0.48726395265055433,0.519916405817891,0.25731236481902764,0.06909528575547469,840.8397205224578,0,2969.9429819793077,2.3435999999999986
1201231350504110090,SN,34.47464,yes,33,19.63,21.5011,20.477969696969698,20.6343,19.1595,0.6377012302426827,0.6980854082017439,0.3750579118685779,0.12250882649878751,755.8910232542892,1,2677.7752579515,2.3415999999999997
1501221460334127130,AGN,46.96587,yes,71,19.19,21.3528,20.229183098591548,20.2238,19.0129,0.5170856229141796,0.5581099612588629,0.31158434724780415,0.09508337011377728,804.1353115777893,0,2819.263125462996,2.3399
1609030010064123344,CV,-1.13078,yes,4,16.0,20.9922,19.6085,19.3947,18.6524,1.1471382160257177,0.480743654094685,0.26346854909288825,0.1609405098220701,572.9332302761305,0,1127.8705149652087,2.3398000000000003
1310251230244142725,SN,23.98215,yes,20,15.85,17.4233,15.527545,15.3361,15.0838,0.5269682058470748,0.190274684250446,0.07802099175578926,0.03401405575104827,506.27599165343366,1,1495.863297708187,2.339500000000001
1604151230724114153,Flare,23.50856,yes,270,17.82,20.983,19.750882962962965,19.72425,18.6439,0.3490559580709006,0.5050401793032621,0.25699408160121096,0.05508829494645774,884.5163589775276,0,2993.9211888308055,2.339100000000002
1010130070244116923,AGN,-7.53132,yes,265,18.96,20.9718,19.546372075471698,19.5397,18.6332,0.3879259358656852,0.484442412047511,0.2279415964676993,0.0488311805006595,835.9608690089788,0,2969.910171782598,2.338600000000003
1406281290794116040,SN,28.9494,yes,374,17.29,20.8132,19.287230213903744,19.27745,18.4748,0.33909479938812437,0.5857180530110511,0.20735218485193554,0.05210782085836043,931.3408377817259,1,3116.6847019678025,2.3384
1509251350694128317,CV,36.01507,yes,210,16.93,21.0864,19.79349523809524,19.766350000000003,18.7481,0.4232457795765585,0.528927250951507,0.25900823432063563,0.06308095028239624,901.7543629416015,0,3082.8221942246964,2.3383000000000003
1202240070524129645,SN,-6.89331,no,14,17.91,20.2523,18.699142857142856,18.618,17.9142,0.6645301390563754,0.309763217113433,0.1611919893405644,0.05675396188130328,419.4574496254253,1,1611.6886603013045,2.3381000000000007
1401031490484121978,AGN,49.25982,yes,153,19.28,21.1443,19.39319411764706,19.2738,18.8063,0.4274522677623446,0.564536772185196,0.22003296175568857,0.06689751897160619,742.7505963224635,0,2921.035098796492,2.338000000000001
805081040614128914,Ast,5.29194,yes,5,18.29,20.4594,18.71866,18.2915,18.1224,0.981641723339019,0.388607497746664,0.1771764254088702,0.11836029003517941,243.14985488248294,0,543.709262002194,2.3369999999999997
1201300070844140751,AGN,-7.00669,no,165,18.9,20.8421,19.498912727272728,19.4173,18.5091,0.475164371452662,0.482486131805825,0.24020774355622904,0.07132785003548421,770.5888298852823,0,2970.9167607635973,2.3329999999999984
902021010594119961,AGN,1.04327,yes,157,19.3,21.2469,19.95756433121019,19.8941,18.9144,0.46282551580326287,0.5808647699906191,0.28098200671090967,0.07762243384182285,736.7427221404014,0,2661.7607808913017,2.3324999999999996
1403071150674109317,AGN,14.76087,yes,80,19.48,21.517,20.37732375,20.33795,19.1847,0.51987376638286,0.612439338715435,0.34248734346323817,0.09853553537743648,887.2798588371238,0,2955.0545458333,2.3323
1310281150064101162,SN,14.16917,yes,9,18.73,21.0611,19.508266666666668,19.4362,18.7289,0.7640222624374241,0.524004982860721,0.2441535696303062,0.11666437020700697,250.28181585067452,1,709.0479397452,2.3322000000000003
1501281180794101811,SN,17.01031,yes,208,18.72,21.0165,19.772092307692308,19.724400000000003,18.6858,0.4371385969964455,0.522552126353229,0.26005264536747236,0.06669256841830795,835.9367137943509,1,2951.960663865808,2.3307
1405181150504122960,AGN,15.65115,yes,392,19.14,21.0485,19.622766071428572,19.5607,18.7192,0.4105476058534434,0.491871628202757,0.23747228546925625,0.06258854898040775,865.7905507398461,0,3122.294393946897,2.3293
1103251180584134410,SN,18.9942,yes,11,18.32,20.0319,18.406336363636363,18.0565,17.7026,0.8266318736568624,0.305934018217402,0.14654027035688233,0.0684080544858417,532.7962103442668,1,2267.9885640275024,2.3293
812201150204103395,AGN,14.34093,no,79,19.68,21.0431,19.95181772151899,19.9791,18.7149,0.533668192015508,0.5639443661355009,0.3219405328441964,0.086885301239452,644.5349845290996,0,1879.8543300232996,2.328199999999999
1305131210774107949,SN,20.15324,yes,11,19.62,21.1575,19.74169090909091,19.6181,18.8296,0.6972391906003926,0.578953173785808,0.28139507086545607,0.12469658896060067,11.074324048873091,1,33.97872387710231,2.3278999999999996
903271090664106175,SN,8.95053,yes,12,19.25,20.7217,19.152316666666668,18.8185,18.394,0.7819962320687339,0.546093173161283,0.22991042674864792,0.1412525184336216,524.9118146686038,1,2396.2219799423037,2.3277
911170040174132508,Blazar,-3.57461,yes,30,19.34,21.0385,19.802686666666666,19.6226,18.7108,0.7002331630069464,0.50949475455462,0.27508947801293443,0.1066615498053011,276.6833074796381,0,1743.2623304975932,2.3277
1001141010324182496,Mira,2.68257,yes,210,14.19,15.9723,14.96608238095238,15.04575,13.6449,0.5485416681071794,0.125402890520995,0.06347498234763098,0.010104568474936312,788.0652125028605,0,2660.719205624897,2.327400000000001
1211141090484136131,SN,10.30003,yes,404,16.56,18.8479,17.532590594059407,17.544249999999998,16.5209,0.24649145276962375,0.281947102578004,0.09931275168432557,0.018500484420241835,852.363048749767,1,3102.3251972918006,2.326999999999998
1111030010164113022,AGN,-2.19916,yes,108,19.83,21.205,19.977214814814815,19.86075,18.8782,0.5315655713088486,0.530931106149733,0.28957714436397003,0.08592412681270084,674.6901500528907,0,2902.1181984261057,2.3267999999999986
803311010884148402,Flare,1.80873,no,7,18.92,20.6751,19.480071428571428,19.2689,18.3498,0.9650748912464178,0.428142711310256,0.23667665814645283,0.11311812663008616,819.7238294176224,0,1991.6642295487982,2.325300000000002
804241120844107122,CV,11.74355,yes,29,18.57,19.8112,18.475117241379312,18.4701,17.4861,0.5049299173923381,0.342571267700231,0.15151831697170487,0.05270612591287006,811.3908083964061,0,2570.011995787092,2.325099999999999
1306161180794133827,SN,18.96127,yes,36,20.07,21.4421,19.87645,19.7881,19.1199,0.5591010235828834,0.612439349761312,0.2871352361914534,0.10005203395260019,389.6308551872268,1,1591.8549088428117,2.3221999999999987
1401291400454124767,AGN,41.07817,yes,179,18.86,21.3559,19.954036312849162,19.8837,19.035,0.5518161755979013,0.589679082959057,0.2852570031840614,0.08903031639412444,865.1718641193577,0,2738.767586770802,2.320899999999998
1304151460584103642,AGN,45.33307,yes,158,18.68,21.0009,19.556044303797467,19.40165,18.6812,0.5364482277741214,0.5254687236914249,0.2364278711756076,0.07493170814786115,922.376353447916,0,3031.8438281254057,2.319700000000001
1606071230774110988,AGN,23.22481,yes,155,19.71,21.3347,20.172807096774193,20.1509,19.015,0.4822380214840934,0.5940513969402579,0.32394710703428864,0.09124103790925817,810.25908437741,0,2988.9248414467,2.319700000000001
1503130040754113282,SN,-4.83855,yes,250,18.28,20.6557,19.3442528,19.29025,18.3382,0.35006033698532807,0.398856057197557,0.20227033338548125,0.041737949159142626,914.6674588426292,1,2971.9185159607005,2.317499999999999
1203271120774136078,Flare,13.28954,yes,37,19.42,21.4706,20.52018918918919,20.5554,19.1548,0.6574929293171926,0.593712017664007,0.3797514435880755,0.12056852619696887,874.0411895436246,0,2987.976428414695,2.3157999999999994
1006101210764122437,AGN,20.98263,yes,244,19.31,20.9864,19.571130737704916,19.54,18.6707,0.4050773059353222,0.5081473042240721,0.23356576373921584,0.05620786317660962,813.334366198405,0,3002.842109259298,2.3156999999999996
1409061260034240176,SN,27.93102,no,256,18.12,20.7629,19.53648828125,19.51945,18.4477,0.3383307974299475,0.544201718102131,0.22282175036299753,0.045781367431914355,947.1330757178506,1,3031.8237638078062,2.3151999999999973
1607091210014124380,Blazar,21.2268,yes,272,17.21,19.2605,18.564717279411767,18.6048,16.9455,0.30344278893703247,0.33149341479582,0.14919754397206708,0.028685295251891247,929.4369289762615,0,2944.9580308329023,2.3150000000000013
1405051260484110584,SN,26.19828,yes,132,17.63,21.2987,20.1674553030303,20.13995,18.9845,0.4716461136663253,0.5815056945854461,0.30751285174648674,0.08363190462191004,890.8338521934771,1,2977.9450891781016,2.3141999999999996
1505201090724107181,SN,8.93967,yes,89,19.89,21.3851,20.289226966292134,20.233,19.071,0.4394370918273132,0.599552446688936,0.32716872282338705,0.08384636701702786,831.226796415924,1,2979.946985381699,2.3141
1412231010624110017,SN,0.72563,yes,2,19.09,20.42,19.263350000000003,19.263350000000003,18.1067,1.6357501169188404,0.433282498475941,0.2762821304813215,0.2220320497155577,631.6549000328624,1,893.2949263658957,2.3133000000000017
912201380044131500,CV,38.34009,yes,9,19.31,19.4052,18.304855555555555,19.0803,17.0925,1.098101012101244,0.337407114789451,0.1597867956097951,0.08406116451561683,708.1949129320705,0,1373.2706686457896,2.3126999999999995
1103021210544107799,AGN,20.1069,yes,205,19.93,21.4327,20.137419512195123,20.0409,19.1207,0.5171252708907966,0.575491614190353,0.3007099260494876,0.09185250545384044,711.9323850277987,0,2952.9516408220006,2.312000000000001
803081090494138611,SN,11.18759,yes,27,18.71,20.5973,19.141477777777776,19.0301,18.286,0.71253419854949,0.515214412634725,0.20690287484395242,0.09451851252487142,366.8025056688121,1,1776.1243586455967,2.3112999999999992
1401110120324135424,SN,-12.62771,no,25,14.93,19.1223,18.035368000000002,18.0831,16.8123,0.6123611207993748,0.202004593214232,0.13344640307354014,0.031043595926308353,854.9456581279129,1,2247.7711420949054,2.3099999999999987
1306111150724102925,SN,14.24925,yes,36,19.2,21.4201,20.406602777777778,20.5801,19.1109,0.7127333336172833,0.6176521342829829,0.37679200356670906,0.13080918397727964,818.3616185993183,1,2634.965408414595,2.3092000000000006
1409140071154101822,AGN,-8.3614,yes,312,19.36,20.17,18.924086538461538,18.8624,17.8612,0.4006660538393993,0.345856967066714,0.17319834758608316,0.037099206114720555,881.2127502063826,0,3067.6748062037004,2.3088000000000015
1001081090204115993,AGN,9.58993,yes,112,19.8,20.6551,19.37709375,19.293950000000002,18.3466,0.5728657301107833,0.5386308281794779,0.2414314277831315,0.08361871121514118,447.28532152555186,0,2538.9419019562993,2.308500000000002
1602071090604104230,SN,8.72046,yes,41,18.35,21.244,20.513660975609756,20.6688,18.9361,0.5311341416619948,0.575491614190353,0.3854968266554869,0.10092775537237647,937.4355401317958,1,2976.9005158101936,2.3079
1105070040714143962,SN,-2.95464,yes,54,19.64,21.3357,20.333074074074073,20.394849999999998,19.0282,0.5884753918919071,0.520870729192152,0.34273636164631677,0.10697613127548616,835.4882623715215,1,2924.994104467798,2.307500000000001
1301200040614105139,AGN,-5.38147,no,257,18.54,20.4525,19.16423852140078,19.1171,18.1457,0.46079344447511794,0.583439845459926,0.1943118841996579,0.05702754709200145,849.7586179929633,0,2956.056453506899,2.306799999999999
1104291180564125364,SN,18.48258,yes,47,19.09,21.3722,20.5409914893617,20.616,19.0655,0.5866646404554967,0.599552446688936,0.3742680158696214,0.11276516702762415,757.6304666501845,1,2724.7301813192025,2.3066999999999993
1604141010574127662,SN,2.1088,yes,86,18.29,21.1882,20.33568372093023,20.318649999999998,18.8825,0.44325475847230855,0.6800153785754129,0.34599052193763974,0.09206958873866776,844.7194682941939,1,2931.9982105787058,2.305699999999998
711111040534130485,SN,4.9366,yes,21,19.38,21.0903,19.59834761904762,19.3552,18.7848,0.6242585038419964,0.4920767168567899,0.2309948810894722,0.087267804152451,347.2460717003465,1,1263.7368828586987,2.3054999999999986
806241210744127594,SN,22.36488,yes,10,19.15,20.9509,19.314169999999997,18.92765,18.6455,0.826402085414708,0.508595383194366,0.2313663187049122,0.1231640843780846,445.6092597534779,1,1880.0091521988943,2.3054000000000023
908170010054101101,AGN,-2.75985,yes,79,19.48,21.2381,19.997906329113924,19.9726,18.935,0.5884308613160716,0.538369349740046,0.30269621259302215,0.09444106068764675,719.4045774939252,0,2932.980600972194,2.3031000000000006
1103051290504110890,AGN,28.7405,yes,171,19.72,21.4892,20.18271111111111,20.1475,19.1879,0.5179181237182359,0.5960985627611679,0.3126580115683095,0.09479935809052453,627.2041150221108,0,2726.799741562507,2.3013000000000012
1309021380084121592,SN,37.55798,no,13,18.69,20.8946,19.45870769230769,18.8396,18.5935,0.9396823270495354,0.439951414046436,0.2500609488711251,0.11414042266893751,713.597223730925,1,2057.2178683797974,2.3011000000000017
910161320744124234,SN,32.58257,yes,8,19.21,21.4631,19.9942375,19.39425,19.1641,1.0088641391436213,0.6087864137425949,0.3306938531785876,0.18160167185133885,539.1697136506677,1,1901.9625659836965,2.2989999999999995
1505201070594102990,AGN,5.84409,yes,336,18.02,20.1815,18.871955654761905,18.843049999999998,17.8827,0.5396098550521662,0.6747344944199539,0.1719971065232943,0.05379873590578023,907.7928114335748,0,2949.901992951498,2.2988
1406061290664101908,AGN,28.34609,yes,276,19.45,20.6481,19.29490144927536,19.23695,18.3505,0.40512046621140607,0.561591158766578,0.20932346707249266,0.0564515350358684,931.2967149857282,0,2990.930947291592,2.297599999999999
1410051210384177751,Flare,22.38383,yes,93,18.27,20.9119,19.560882795698923,19.5362,18.6143,0.3709222658583474,0.490036233580407,0.23591681293694242,0.05249497370300045,922.225727207265,0,2915.9835094208975,2.297599999999999
1010101351004150592,SN,35.49207,yes,68,15.64,17.8628,17.215049999999998,17.32,15.5654,0.4627821496770377,0.1211220273803699,0.09125303858198079,0.01118104834889987,790.0334702021606,1,2581.026863101797,2.2973999999999997
1309050040124139902,AGN,-3.18043,yes,124,19.72,21.2307,20.113334677419356,20.110300000000002,18.9345,0.4782650923324825,0.5378473870514711,0.29701442876228046,0.07726712567456155,735.3835746803352,0,2486.223696157802,2.296199999999999
1006130071114181704,SN,-5.80361,yes,17,17.27,19.3494,18.05415294117647,18.1741,17.0545,0.8316197374083043,0.259249694359165,0.1301114958407807,0.047944332671826656,58.41362138625979,1,167.75817195620766,2.2948999999999984
1110180090124117413,Var,-10.28453,no,253,18.36,20.4942,19.11153992094862,19.121,18.1994,0.36377966145796176,0.330468202911762,0.17958946717669413,0.03377779075713068,910.5950205650648,0,2951.030758217901,2.2947999999999986
1404031120794103895,AGN,11.51499,yes,41,19.62,21.3194,20.116065853658537,20.0939,19.0251,0.5316076657694829,0.588682181068745,0.31437005954963054,0.09804508813699737,641.1726351522442,0,1950.8508233679968,2.2943000000000033
1403111010784143195,SN,2.34275,yes,23,18.88,21.3269,20.436330434782608,20.4224,19.0337,0.5767480483749794,0.552433807435583,0.37382701902125404,0.10275408745087597,851.4201880052669,1,3005.796880659698,2.293199999999999
1305081400434135498,SN,41.7404,yes,9,19.29,21.2264,19.930633333333333,19.8226,18.9349,0.8400637044296119,0.546636823422438,0.2952528117270501,0.12959448369025772,820.6028701628044,1,2248.946754074197,2.2915000000000028
1304301150494130354,Flare,16.16361,yes,233,18.38,21.1777,19.932688412017168,19.9098,18.8872,0.4193126927542198,0.523762087231927,0.26878480167806,0.07004997229366923,874.4660713018326,0,2913.998782720002,2.2905000000000015
1010110010084107400,AGN,-2.34794,yes,119,19.79,21.1296,19.987405042016807,19.9998,18.8394,0.5248681608228398,0.519678584677693,0.28397135271100765,0.08515330450009467,721.0982396777786,0,2953.868437893696,2.2901999999999987
1501200150294101341,SN,-16.89388,no,160,17.04,18.6012,17.750231875,17.758049999999997,16.3111,0.2139484221544385,0.14305412197029,0.10667274479685493,0.010306395678458634,896.069570434938,1,2926.0409190506034,2.290099999999999
803021320594129483,SN,33.36756,yes,15,19.03,21.2454,19.726066666666664,19.41,18.9554,0.7588285799899241,0.545550965519109,0.2636611879885997,0.12890297985194815,466.4492934811207,1,2146.273694675794,2.289999999999999
1007041260754143937,AGN,27.96231,yes,166,19.62,21.2829,20.084575903614457,20.02365,18.9933,0.46077329667744144,0.602706680476522,0.3094200107997352,0.08680367464865803,699.9876410894088,0,2908.0793829863032,2.2896
1304061290694140971,AGN,30.59087,yes,192,19.23,20.9619,19.624386458333333,19.5781,18.6726,0.4576240631418405,0.494972330599092,0.24583342425672047,0.06854419189280253,1008.525544947347,0,2993.9290274305968,2.289300000000001
1102241290434237998,SN,30.59575,yes,75,19.69,21.4302,20.172558666666667,19.9887,19.141,0.64139004979121,0.5844133223308001,0.31586623627809357,0.12248132461617857,564.8400451695483,1,2683.750463391101,2.289200000000001
1607041071204134191,Flare,7.62556,yes,265,17.49,20.8215,19.69996566037736,19.6846,18.5327,0.3551114472817883,0.5513169635191179,0.2688032546449016,0.05808282640639988,947.2456068624725,0,3082.7048202891965,2.288800000000002
1411241070504108564,Flare,6.17496,yes,185,19.03,21.3781,20.240569189189188,20.2479,19.0911,0.4392847604121017,0.606263409111586,0.3191501193324844,0.07777227810503215,808.4651968479187,0,2960.9708732062063,2.286999999999999
804011290454102379,SN,28.40577,yes,16,18.96,20.691,19.145275,18.915,18.4041,0.6615548105284484,0.409393598812302,0.1910938289780869,0.075750693959158,278.1001343915858,1,1124.0024222569118,2.2868999999999993
1005220181054132860,CV,-18.78831,no,5,15.7,17.9251,16.1241,15.6825,15.639,1.0070696177524183,0.112750347825783,0.07390096510230564,0.021717892948210145,158.76201614612273,0,355.0130965392891,2.286100000000001
1003131120474123675,CV,12.6435,yes,29,18.92,21.2071,19.671089655172413,19.5485,18.9239,0.6494469467746212,0.5117620254432461,0.26175769677966876,0.10175741722785359,507.11362681366836,0,1778.1182486801117,2.283200000000001
1602081210714111647,SN,20.51055,yes,26,18.42,21.4929,20.605811538461538,20.7467,19.2099,0.709571847427403,0.626476176857461,0.4186138069411553,0.14282823337788678,759.1432430234494,1,2908.0755155556035,2.2829999999999977
1105021350554101034,SN,33.91931,yes,6,19.02,21.0799,19.569933333333335,19.1087,18.7969,0.9512969539879021,0.4998308689530539,0.25479548879937464,0.14090977404498298,808.4190164113933,1,2218.9275976969147,2.2829999999999977
901201260824142071,SN,27.46659,yes,13,18.78,21.0289,19.580153846153845,19.6426,18.747,0.6851048844463954,0.510398419544819,0.24965567680192016,0.09483415233341573,180.10456908800208,1,690.0129507058009,2.2819000000000003
1404051260544121026,AGN,26.81287,yes,150,19.95,21.259,20.229665333333333,20.215049999999998,18.9774,0.5068362362082846,0.574246442265452,0.31595838349143257,0.09328386077378889,759.2397834467438,0,2972.963507291701,2.281600000000001
1603161490464143492,HPM,50.56145,yes,85,14.5,16.2516,14.529175294117648,14.4978,13.9706,0.2198128137139168,0.0686729422450552,0.056466923244449754,0.0020920931726092955,591.9255164183568,0,2279.9688607522985,2.2810000000000006
1304031260394120564,SN,26.40153,yes,13,18.34,20.4498,18.868323076923076,18.5637,18.1697,0.7382057043420057,0.385211058200714,0.18108875276428013,0.08230979548697318,240.16612983903588,1,891.6358665855005,2.280100000000001
1303031290434124956,SN,29.70415,yes,27,20.42,21.3069,20.006303703703704,19.9264,19.0271,0.4944263579617221,0.53810819509113,0.28142799967673704,0.08500198194035162,365.9569790482699,1,1952.798236967501,2.279799999999998
1503250120724117438,AGN,-13.21052,no,146,18.9,20.9295,19.698780821917808,19.69555,18.6502,0.4456680319073241,0.69243137955974,0.2502010332695044,0.07145653321934642,832.1713586734454,0,2934.006925543603,2.279299999999999
1608311070894114808,SN,6.27063,no,320,17.24,19.8271,18.355950625,18.3211,17.5484,0.28815318614062496,0.28181836217573,0.13911445411689605,0.02473992028754723,933.3486819845867,1,3103.695647661996,2.2787000000000006
801010040484105189,SN,-5.37967,no,49,19.2,21.0899,20.091857142857144,20.1923,18.8134,0.627509908952309,0.495180937452897,0.29950654564791024,0.10123668047914387,696.3332130761338,1,2611.911418877593,2.2764999999999986
1012090010134125895,Blazar,-1.36412,yes,56,19.37,21.2092,19.911839285714287,19.81805,18.934,0.6186629720405328,0.5352577864529,0.278910387562614,0.09342194625677926,510.1357970372982,0,1843.9334871181927,2.275199999999998
904030010654104833,AGN,-2.55832,yes,93,19.54,21.1997,19.861483870967742,19.7858,18.9247,0.463888693145598,0.556962291001881,0.2674472363188253,0.07273296754258254,453.47901983061377,0,2069.2815345372,2.2749999999999986
1202181290534121521,SN,29.70154,yes,14,18.32,20.1431,18.502692857142858,18.302950000000003,17.8694,0.6506065731469189,0.2975076932632819,0.14295346608783088,0.05857360534345338,12.024184019125032,1,35.83640356500109,2.2737000000000016
1605131260844127527,SN,26.39677,yes,32,17.05,19.872,19.253296875,19.314799999999998,17.5988,0.44531746159658103,0.306809738660605,0.20560419541290334,0.04269620410946878,929.189992821464,1,2880.111502592503,2.273199999999999
1104261260724113314,AGN,26.24794,yes,115,19.18,20.9465,19.558642608695653,19.4209,18.6744,0.5050747224657322,0.507031717820165,0.2345168159285261,0.07042464763277625,495.2839969457691,0,2282.968287152704,2.272100000000002
911170180124117023,Blazar,-18.71077,yes,164,17.97,19.7846,18.572740853658537,18.55605,17.5127,0.4236690563427259,0.244854774633752,0.14773574728724878,0.02833199873647082,979.2997701887111,0,2967.8766134143953,2.2719000000000023
1101110180314143037,Blazar,-18.29639,no,47,18.64,20.2844,18.931782978723405,18.6998,18.0132,0.5875037684686336,0.334765489514611,0.1732302388350986,0.05162552399647042,734.9139016073175,0,2637.7772434722065,2.2712000000000003
1309050231164133249,SN,-23.42031,no,15,18.85,20.7314,19.11268,18.9293,18.4604,0.5891659021750267,0.432847705489964,0.19894434661403165,0.07420217846088346,18.2665659356246,1,48.94503626180813,2.271000000000001
902221290544111664,SN,28.98837,yes,21,20.39,21.5131,20.056671428571427,19.8989,19.2432,0.6897995746177712,0.6037679019583609,0.3067071532998717,0.12321407667526672,456.5784817924699,1,1802.2078948956987,2.2699
1011020210114134767,SN,-19.89597,no,11,18.68,20.9406,19.595445454545455,19.4131,18.6751,0.8255147925550902,0.4972800091826,0.252634777945923,0.1146377856534537,341.73722351867906,1,1122.941799397995,2.2654999999999994
1509201180104113904,SN,17.74644,yes,20,18.67,21.2412,20.61487,20.776850000000003,18.9761,0.5479683385974624,0.541264501254804,0.39581137744688827,0.09504198996461723,952.2912771992324,1,2951.8938683453016,2.2651000000000003
1403261320584110566,AGN,31.78935,yes,154,19.44,21.3144,20.016042857142857,19.97285,19.0494,0.5366438476280297,0.5870305457561279,0.29101081225202796,0.09225713302078528,806.423973131123,0,2933.9726256708964,2.2650000000000006
901261180494110385,SN,17.68883,yes,6,17.79,20.0508,18.48975,17.85545,17.7866,1.0451428643970158,0.2731376565990639,0.15281973032026547,0.07439105726091284,25.291922940363424,1,48.987349965602334,2.264199999999999
803031260404130741,SN,27.32749,yes,24,18.5,20.2942,18.7784875,18.636400000000002,18.0301,0.6377985352570884,0.324308134137656,0.1667354818331183,0.06417923798386045,145.69460266652027,1,734.1149646876074,2.264099999999999
1401211290244171563,Var,30.01828,no,203,12.14,14.6506,13.68794236453202,13.7469,12.3878,0.479055517337408,0.0658193283094516,0.05494971775477399,0.001853755284822939,927.4013667548024,0,3110.3086374302075,2.2628000000000004
1305151490394125788,SN,49.71413,yes,15,19.95,21.3824,20.21916,20.1066,19.1211,0.73788145563595,0.594391297889423,0.34959678208234357,0.1300022230353259,777.8863434891624,1,2652.961893865904,2.261300000000002
1011151230394154571,CV,24.96631,yes,6,18.05,20.283,18.8946,18.6727,18.0224,0.98574004483941,0.26819091741852,0.1608497774579105,0.06297812206073279,14.254489532369252,0,26.043904259204282,2.2606
1003041150574110573,SN,14.8139,yes,15,19.09,21.0224,19.704946666666668,19.6365,18.7623,0.6220510037272634,0.498126388083647,0.24963282095607192,0.09539456729364337,270.52898170044034,1,1429.9423328935954,2.2601000000000013
1503131150694104786,AGN,14.42148,yes,233,19.41,21.3555,19.978727467811158,19.9425,19.0957,0.42155414664383445,0.582793221808051,0.2828877148879115,0.07203285287584,863.7876723869275,0,2984.936865347401,2.2597999999999985
1411201090614109024,AGN,9.02822,yes,358,18.3,20.3692,18.95757849162011,18.9035,18.1097,0.3959282450070484,1.05263134067231,0.17725574995776955,0.06376930731281424,913.4929961912288,0,2956.0539070140003,2.259499999999999
1603271180634114884,SN,18.29149,yes,362,18.2,20.8997,19.363102486187845,19.30995,18.6404,0.3468187729064542,0.903557884820832,0.20826602658203852,0.05954813330241016,866.0473663158899,1,2994.924875613302,2.2592999999999996
1301081630244112050,SN,62.80001,yes,22,18.85,21.0276,19.674722727272727,19.5238,18.7683,0.6226984020656106,0.48582464809561,0.24842509982022226,0.0894021962214304,596.5298867968402,1,1535.0849208914951,2.2592999999999996
1210140121244119909,SN,-12.81068,no,12,19.36,20.8485,19.504908333333333,19.39015,18.5896,0.6500837057408047,0.4614290631888839,0.2374518906742145,0.08855361306773057,7.21714302451797,1,16.935930428000574,2.2589000000000006
908261231124117775,CV,23.31037,yes,16,18.92,20.3784,18.97119375,19.08485,18.1197,0.6869336624631224,0.3357580793135409,0.1917531390448574,0.06762950885414235,33.15010201022145,0,87.91255896990333,2.2586999999999975
905131010804141890,SN,2.43426,yes,19,18.25,20.246,18.81612105263158,18.3927,17.9875,0.8232644475764004,0.329384573480543,0.1703326621991244,0.07887476887837482,484.23604181166934,1,1874.9361525116983,2.258499999999998
1202240010544124757,SN,-1.51161,yes,17,18.91,20.9427,19.468770588235294,19.3827,18.6843,0.5525374373794806,0.45384600334053,0.23132561409691946,0.08146148497810243,470.2651786636852,1,1955.7016691551034,2.258399999999998
1306031090714124701,SN,10.19059,yes,10,19.26,21.4046,20.4257,20.699199999999998,19.147,0.817543442270806,0.559553455343515,0.3870448387083121,0.1423847720354821,1079.840985296294,1,2740.730224155399,2.2576
1306061290594125461,AGN,29.86713,yes,184,19.88,21.274,20.041696739130433,19.9621,19.0168,0.48271449989057913,0.544470869992558,0.2984411705642952,0.08357745409148519,920.4809377082927,0,2990.9692099307067,2.257200000000001
901171210114102448,CV,19.95745,yes,12,19.28,21.2399,20.1385,20.444650000000003,18.9829,0.8220165713879274,0.5450101944226761,0.3579112918625187,0.14261813794366238,649.3029764865739,0,2239.9898574883046,2.256999999999998
1505111290574126128,CV,29.84176,yes,23,18.99,20.484,19.303491304347826,19.3656,18.2274,0.6116069466525662,0.355102293811402,0.20456429927934702,0.06134507513562118,637.5466129540483,0,1801.9922122684948,2.2566000000000024
802101010134121620,SN,1.84514,yes,9,19.14,21.2871,19.916422222222224,19.5973,19.0308,0.9122425017200443,0.484049438661457,0.28344012912976324,0.1338014211899903,773.5938993751316,1,1775.0863460188993,2.2562999999999995
1303141090674107279,AGN,8.87136,yes,139,19.82,21.2366,20.08241726618705,20.0068,18.9805,0.5357730068948136,0.546636823422438,0.29444142704022785,0.08810789669613903,714.133168899857,0,2945.0517047108005,2.2561
1110231351004159200,Mira,35.75019,yes,124,13.7,15.5196,14.411725,14.3649,13.2646,0.6404812638710975,0.0632212890389707,0.05628118565186798,0.0030186685848118994,899.3307459279695,0,3109.7760610766054,2.255000000000001
1306101350654101335,AGN,33.90599,yes,68,19.98,21.5433,20.14837058823529,20.087,19.2887,0.4851761043748588,0.6184064446423821,0.309826905795526,0.09413908012872996,619.2972640250287,0,2575.950621921591,2.2546
1212071120514101732,SN,11.35988,yes,17,19.37,21.4142,20.057035294117647,19.948,19.1596,0.7121813523790631,0.66221589731819,0.31145604382063374,0.14721604057755674,882.883909965822,1,2405.3349986573958,2.2546
1311261210174128813,SN,21.30801,no,14,19.69,20.894,19.262764285714287,19.2028,18.64,0.5228031908076695,0.5223110334811839,0.22786128847201992,0.0876908860234672,286.711595183524,1,1090.983868217605,2.253999999999998
902020090614103289,SN,-11.08843,yes,29,19.59,21.0816,19.550693103448275,19.5136,18.8277,0.5046998860221179,0.488219216400211,0.2264073313961368,0.07002804915593962,38.78404731325621,1,120.7419209261061,2.2539000000000016
1305300070714118880,SN,-7.07864,no,10,18.73,20.9845,19.29746,19.01455,18.7308,0.6885423108116004,0.519441027024221,0.22686023327693156,0.11002305077324576,9.251750541005594,1,24.021385740903497,2.253700000000002
1607041211124111582,AGN,20.22315,yes,80,18.98,21.1784,19.902070000000002,19.843249999999998,18.9251,0.5125378013598471,0.5780036196340229,0.28777929707421107,0.08988147378614524,883.8885542247859,0,3027.742631643596,2.2532999999999994
1112301490234160140,Flare,49.85903,no,3,18.89,18.8858,17.973566666666667,18.4015,16.6334,1.1856102409026885,0.163406189826904,0.12398138814634947,0.044399903041566574,0.004130896251829394,0,0.008261782102636062,2.252399999999998
1312231090294105831,LPV,8.62752,no,265,12.56,14.9758,14.123975471698113,14.3097,12.7235,0.6880363341868176,0.0646687616543306,0.0558269079062821,0.002580157191723495,873.0101409562483,0,3125.283654606501,2.2523
1604190070904103478,HPM,-8.39869,yes,37,13.82,15.4843,13.420797297297298,13.3534,13.2322,0.3538728691104938,0.061666308980267,0.053846914414071294,0.0013606728674953144,255.08064729840788,0,1617.7186299189998,2.2520999999999987
1210111380724113233,SN,37.47047,yes,307,16.82,19.0667,18.144207817589578,18.184,16.8154,0.27929788874540445,0.5271903622582679,0.12735877590231004,0.04163660714638574,964.0246647890275,1,3053.7986494326033,2.2513000000000005
805031011154147958,SN,2.03184,yes,13,18.73,20.9836,19.60913076923077,19.4805,18.7328,0.654120389511257,0.494972336853363,0.241511996882578,0.10924073555762209,586.812129308515,1,1683.5864989234033,2.250799999999998
1202181210594123955,SN,21.2426,yes,130,19.19,21.3702,20.44479153846154,20.49015,19.1196,0.521018396770024,0.579270612122501,0.3558140377583909,0.09484178435834383,819.9469648966028,1,2894.913433981201,2.250600000000002
1203250150664136435,SN,-15.10893,yes,16,18.94,21.0375,19.4756375,19.45805,18.7878,0.5930157556928825,0.505260432817715,0.2311786045212821,0.08399639743597642,199.34507020838518,1,816.7568982639059,2.2497000000000007
1502260010534127629,CV,-0.93382,yes,146,15.16,21.3504,20.162072602739727,20.15785,19.102,0.4961954401548051,0.608424276178792,0.3222091861759658,0.09222020103544189,783.3306338202835,0,2899.094612592402,2.2484
911201520354108835,SN,51.27742,yes,16,18.8,20.8747,19.610075000000002,19.4588,18.6264,0.8909643580600356,0.431550474766869,0.25104108247545337,0.11614935987509048,443.29385307409905,1,1895.9637068285956,2.2483000000000004
801010070214125371,SN,-6.45013,yes,15,18.7,20.1893,18.981273333333334,18.7643,17.9416,0.7183422855701131,0.385420916267063,0.19506634669976383,0.08281252266152465,22.94014859946701,1,63.95410973390972,2.2476999999999983
804271290734130359,SN,30.36888,yes,24,19.32,20.4361,19.251683333333332,19.3391,18.1889,0.5426532271419158,0.34287318304398,0.19643753546940804,0.053507054094293016,14.026741903766391,1,39.87862987250264,2.2471999999999994
1210161150114109011,AGN,14.57973,yes,290,17.94,18.9965,18.217693793103447,18.170099999999998,16.7499,0.35110956062169424,0.255934435890439,0.12573798861633617,0.02111456894394537,947.7041464808672,0,2975.8600400345968,2.246600000000001
1201270150154131595,SN,-14.76943,no,6,18.92,20.2793,18.980216666666667,18.482149999999997,18.0331,1.0158246156038289,0.325866300718538,0.18738499015703414,0.09310147096612655,272.7139776141544,1,651.2002940275997,2.246199999999998
1304151430524125462,SN,43.90214,yes,208,18.07,20.2692,19.20051826923077,19.1939,18.0237,0.354048305545716,0.4241220531086839,0.19417869728133874,0.04125402931826534,786.9725352843395,1,2920.031520925899,2.2455
1304111180604104701,SN,17.13738,yes,22,19.02,21.2693,20.089077272727273,19.909,19.0239,0.7257121762739047,0.575804020324647,0.3278652113334574,0.13059750473934265,658.6138398674752,1,2648.8592285300037,2.2454
1304081260744138781,AGN,27.44646,yes,81,18.99,21.0202,19.761907407407406,19.7887,18.7762,0.41432275787656686,0.5122187614060999,0.2596184503287853,0.05799722547127201,694.4724478803854,0,3069.820219166999,2.2439999999999998
812020070234135113,CV,-6.23257,yes,11,18.87,20.7418,19.2499,18.9846,18.4997,0.6948596534552857,0.413675789615805,0.21365155226293606,0.09335017606923586,691.148153868275,0,1800.992889085799,2.2421000000000006
1404081010764113169,AGN,0.7884,yes,292,19.2,21.0028,19.591841438356163,19.5437,18.7608,0.41297940376405984,1.01676055612846,0.2357671050790171,0.07300694920026704,828.2068773368145,0,3005.836539329008,2.242000000000001
1304161210554115579,SN,20.828,yes,12,18.86,20.8527,19.33321666666667,18.9595,18.6112,0.7581668260090288,0.517081458826594,0.24349440084416654,0.14075707525882514,766.3206424520097,1,2686.7328275929976,2.2414999999999985
1410121120144105711,AGN,11.71745,no,75,19.17,21.1269,20.017154666666666,20.0058,18.886,0.44662874306669237,0.5561056669849089,0.30151455291605395,0.07960771353887829,653.2954088537075,0,2206.9181368979043,2.2409
1104281210694109673,AGN,20.38125,yes,93,19.53,21.5874,20.221759139784947,20.1066,19.3467,0.5151248278934879,0.573936271343313,0.32538852549354635,0.09847969390237624,630.4457789213171,0,2664.7926900694947,2.2407000000000004
905181230624135342,SN,24.73113,yes,23,19.17,21.4059,20.48165217391304,20.4842,19.1655,0.6944046821621359,0.557535338491875,0.379227043431858,0.1306392772944246,948.8199969408862,1,2957.9498290509,2.2403999999999975
912181230534101279,SN,22.62652,yes,28,19.63,21.077,20.120385714285714,20.19545,18.8373,0.6505395969468483,0.5147504766454171,0.3025258376218375,0.09853778305401886,453.13650981989883,1,2126.0413772687025,2.2397000000000027
1009101260024128411,SN,27.21389,no,7,18.13,20.2897,18.712500000000002,18.7396,18.0504,0.7800573119970097,0.415087883536855,0.18043866600990657,0.10401677089910318,16.40268762755473,1,36.84865988419915,2.2393
1201181010574131090,AGN,2.0638,yes,126,19.96,21.2934,20.170240476190475,20.11295,19.0542,0.5043661084852672,0.8102101366985609,0.3217869113326907,0.10233658723743352,646.8296291749522,0,2615.9483154163972,2.2391999999999967
1304121260664120602,SN,26.74005,yes,16,19.46,21.4932,20.1621625,20.17605,19.2544,0.7585664311713248,0.525468731037611,0.32514511629884685,0.12210960657522103,394.1327784690585,1,1554.8218219793052,2.2388000000000012
1211121010044139995,SN,2.29211,yes,19,19.25,21.0815,19.713510526315787,19.5662,18.8428,0.6272063561670701,0.50949475455462,0.24060389256577525,0.08805768680732134,515.7280635841282,1,2508.1204131600025,2.238699999999998
1309261570524136874,AGN,58.21538,yes,151,18.85,20.6411,19.495961589403972,19.4953,18.4033,0.4809220148646335,0.423985268524395,0.2334070788052453,0.06131489549535706,872.5228692339152,0,2716.7372765858017,2.2378
1010101400174141876,YSO,40.71161,no,109,13.31,15.317,14.16486605504587,14.2067,13.0795,0.5579672354014317,0.0649390631108396,0.057155794848433826,0.003159770992061855,972.2305515376588,0,2942.863805127403,2.2375000000000007
1201041150694132441,SN,16.16201,yes,47,19.44,21.496,20.532155319148938,20.5229,19.2588,0.6157423161654104,0.6225989752626501,0.3883953434360056,0.12597168429829866,881.7454159835497,1,2689.674246886796,2.237199999999998
1309171630464141509,SN,64.31117,yes,95,17.36,19.368,18.185906315789474,18.1936,17.1333,0.3120447249757938,0.644745654972244,0.14396056202961016,0.08297372524878653,775.5926625667287,1,2691.7639622567003,2.2347
1204300010664124998,Blazar,-1.33181,yes,296,16.2,18.4391,16.97429054054054,16.937800000000003,16.205,0.4005831909346295,0.385315950561037,0.0862605820151267,0.027550822330619836,952.3119789114284,0,2991.8975672684974,2.2341000000000015
911211260084103595,SN,25.58061,yes,13,17.78,19.9975,18.65567692307692,18.3693,17.7643,0.79252532678126,0.299179839872278,0.16098011354691397,0.06359782371901603,209.64940888238235,1,779.0826514583023,2.2332
1602271120454112778,Flare,12.0271,yes,318,18.95,21.2346,20.019556603773584,20.002299999999998,19.0017,0.3602740425632914,0.526450693115624,0.2816163476993443,0.0587819161898902,838.4067765760511,0,3130.253645706005,2.2329000000000008
1003121090624137609,SN,10.89389,yes,27,19.82,21.2242,20.255303703703703,20.3119,18.9918,0.6953788289522387,0.472647872631446,0.33320283122199434,0.10583655820267475,767.73215041205,1,2663.7295593983,2.2323999999999984
1105011210504111881,CV,20.72589,yes,6,18.79,20.5276,18.988916666666668,18.7795,18.2969,0.7982707345673302,0.546909191442649,0.24872537493267513,0.17307322673962797,738.5042089451462,0,1816.0314475811028,2.230699999999999
1404091400644102987,AGN,39.67348,yes,98,19.58,21.1206,20.06887857142857,20.10285,18.8914,0.4870764406339311,0.5439329216326071,0.30516591799901116,0.0808625806520093,801.7740979706238,0,3028.862665983899,2.2291999999999987
1610211260104103466,Flare,25.61313,yes,283,17.21,20.9411,19.758120494699646,19.7199,18.7137,0.343669980040903,0.4773092703476889,0.25120530163888505,0.05204727881155282,941.7707138220863,0,2952.951996955504,2.2273999999999994
1306091180804104464,AGN,17.03235,yes,86,19.83,21.3693,20.2000511627907,20.161,19.1425,0.5072765218171132,0.606263409111586,0.33335033126679847,0.0982295386262102,897.5474149450367,0,2933.990031157213,2.226800000000001
1504151350404127704,AGN,35.73814,yes,297,18.73,21.2939,20.037417845117844,19.9985,19.0687,0.46267224745559443,0.569640123838901,0.2856316511089047,0.08010491512313432,861.0811663673693,0,2882.0496518169093,2.225200000000001
1202251210174133400,Blazar,21.57683,no,365,17.47,19.4138,18.157406849315066,18.192,17.1897,0.3695560882978594,0.627651795273897,0.13466917441188225,0.04275413098134551,907.7393210556013,0,2950.8980983099973,2.2241
1303231460474127979,SN,47.49789,yes,16,17.95,19.9775,18.5595375,18.43365,17.7535,0.7344128583433159,0.24792567251603,0.14628394458998448,0.045237502986876864,29.697781660043358,1,78.0152303007053,2.224
1302140040644124305,AGN,-4.3761,no,123,19.56,21.379,20.174534959349593,20.1135,19.1558,0.5099034254405659,0.521589557277535,0.30834687712582043,0.08484426817289,631.1754973058078,0,2951.0395394098014,2.223200000000002
1312250150204104874,AGN,-16.63006,no,50,19.26,21.0148,19.898328,19.7809,18.792,0.5707032954564909,0.501551179208688,0.28538375552845524,0.09382641903142433,718.3771426854727,0,2912.0470327432995,2.2227999999999994
1306060070714103061,AGN,-8.27312,no,256,18.32,20.3626,18.909858984375,18.88475,18.1406,0.35210771012121916,0.38057194108853,0.16965189774296835,0.036182458797629276,861.7741404134083,0,2951.028404328994,2.2220000000000013
1206111550334141904,AGN,56.4354,yes,167,18.37,20.0416,18.69087904191617,18.6568,17.8216,0.3229478794966246,0.485428635080575,0.15498478152354567,0.04123111277015431,834.5626006455874,0,2680.9543079048963,2.219999999999999
1408310041264114189,AGN,-4.72195,yes,100,19.48,21.2426,20.134196,20.135150000000003,19.0229,0.508771084425477,0.537586917083812,0.3168403360195205,0.09099668896768014,843.6064648819572,0,2929.996523935406,2.2196999999999996
1501231430394108818,AGN,42.94796,yes,93,19.4,21.5692,20.172327956989246,20.0433,19.3501,0.44310410111767556,0.64814250525271,0.3080756408820683,0.08694752718306009,652.9065211741615,0,2720.869901434904,2.2190999999999974
1306051430624132149,SN,44.1964,yes,16,19.53,21.4365,19.954325,19.673650000000002,19.2182,0.7724072781462726,0.6113373894211329,0.3131598653176691,0.14389836788863153,810.3477256420996,1,2189.9483499074995,2.2182999999999993
906120010914104513,CV,-2.69957,yes,25,17.65,19.8017,18.408636,18.3451,17.5848,0.5539320286822206,0.31982073260488,0.1620702577217919,0.05004082119214656,1126.7650042082028,0,3070.7209974768994,2.216899999999999
1001081090274108146,CV,8.73068,no,3,17.7,21.0365,19.848166666666668,19.6876,18.8204,1.1167412606926168,0.503069602629778,0.3090610201284059,0.17396669922333244,1271.9465008953316,0,2240.931405589894,2.216100000000001
1503161180234136965,YSO,18.83964,yes,182,14.85,17.4011,16.545903846153845,16.63475,15.185,0.5169400902875022,0.254118829749551,0.0886026554798535,0.028328395699963694,752.5253319167364,0,3102.2809514468972,2.216099999999999
1410140181164126078,SN,-18.14671,yes,13,18.33,20.8988,19.900223076923076,19.9312,18.6833,0.6604634548984611,0.451230648330859,0.28651914979479,0.10285834336928941,1157.936683100421,1,2890.048226134306,2.2155000000000022
1501231460444109882,AGN,45.81615,yes,45,19.29,21.3806,20.302515555555555,20.3277,19.1658,0.5266587587438535,0.5802257092938841,0.33761568154823685,0.10165596766223353,697.015972859316,0,2888.050530312503,2.2148000000000003
1010301071234131995,Blazar,7.77435,yes,30,18.87,21.0849,20.002706666666665,19.981749999999998,18.8706,0.5280214794046204,0.49105360798182,0.30466981685933175,0.08060737258984221,224.75099076776627,0,774.9715422801019,2.2143000000000015
1102231070564133502,SN,8.06319,yes,19,18.16,20.178,18.772536842105264,18.6434,17.964000000000002,0.6482793304077482,0.320941496841636,0.17744277690805288,0.07107769596079618,176.26938247164455,1,776.8182867709984,2.2139999999999986
1106300040664124267,SN,-3.57524,yes,16,17.09,20.2145,19.0561,18.861,18.000999999999998,0.8028792055263764,0.314322059080193,0.19249725575810542,0.07389942569182453,537.1312880454515,1,1996.7094108448146,2.2135000000000034
905301290684115884,SN,29.19982,yes,7,19.05,21.2599,19.660171428571427,19.379,19.0466,0.7919434969623472,0.546636823422438,0.25300521997593634,0.13524286597462384,404.5540902024081,1,1082.01936297449,2.2132999999999967
1403251320514119833,AGN,32.33773,yes,118,19.87,21.3876,20.430395762711864,20.3926,19.1749,0.47909950118234945,0.641395241999151,0.3521535635201824,0.0979145027887227,725.7180936023268,0,2679.8310569910027,2.212699999999998
911201211174111923,SN,20.43877,yes,19,19.34,21.2158,19.85728947368421,19.7647,19.0034,0.6916187018668086,0.573936262044777,0.2950068819333154,0.1216725876578731,469.5988712635177,1,2303.7518341662944,2.2124000000000024
1212121040124143985,SN,5.38577,yes,314,17.54,19.7078,18.27025668789809,18.265700000000002,17.4959,0.30007661721822804,0.4733853859954771,0.1295081297308713,0.030176170603696074,924.2857225879079,1,2962.960496990483,2.2119
1404031120804128875,AGN,12.94306,yes,91,19.54,21.3085,20.382793406593407,20.3704,19.0983,0.47039796243941934,0.573626523978025,0.3605076793506126,0.09285369168176105,730.6035917024127,0,2992.9308490394033,2.2102000000000004
1003201120734136417,SN,13.56852,yes,11,19.36,21.4131,20.172772727272726,19.741,19.2032,0.8259731776406662,0.6150311474374,0.33356177619590577,0.15489167950783686,565.0552966602364,1,2508.117173703795,2.209900000000001
1303051290744139395,SN,30.73064,yes,13,19.28,21.4917,20.31026923076923,20.1907,19.2819,0.6512526434810275,0.610605656343157,0.3473256062283569,0.1199160751948813,738.6849460753216,1,2410.752106828688,2.2098000000000013
1505121260874153480,CV,26.92631,no,136,17.38,20.2104,19.134152205882355,19.187,18.0024,0.4194658868338622,0.508371193995948,0.200856082183996,0.05611604453992122,1095.9531789465034,0,3108.658113657504,2.2079999999999984
1111181120284107174,CV,11.5787,no,23,17.33,19.2693,17.524647826086955,17.3583,17.0618,0.5485479691210938,0.2669039932793769,0.11931303108207265,0.04166054733516432,992.1147096879192,0,2342.654167326691,2.2074999999999996
810311290124131194,SN,30.01413,yes,20,19.44,21.3396,20.183115,20.17085,19.1334,0.7061313172006882,0.5802257092938841,0.32614115000719246,0.13132585759493393,539.7728781551223,1,2552.9116606019015,2.206199999999999
1406281120744111607,Flare,12.02946,yes,190,19.22,21.2655,20.118793684210527,20.13375,19.06,0.42624294046766864,0.5447403376006951,0.3045195187463156,0.07159057619441046,878.9030205265199,0,2987.9778764932053,2.2055000000000007
1512091151214142650,SN,16.66758,yes,362,16.62,19.6478,18.315678729281768,18.30455,17.4434,0.2061722497871972,0.602354046824447,0.13476882422034944,0.042857409993355404,936.7857049750417,1,3032.903168136305,2.2043999999999997
810281380384119044,SN,37.89281,yes,24,19.42,21.5316,20.177333333333333,20.0499,19.3276,0.5639588102957028,0.54259434065371,0.30302403779494974,0.09014881711311304,482.69658762224657,1,2536.2415571299935,2.2040000000000006
1603021150794107140,AGN,14.52229,yes,158,19.22,21.3229,20.222466455696203,20.20495,19.1201,0.41869366477004183,0.5783196722766459,0.3235803885453859,0.07848249649026341,797.1857606498536,0,3070.7531149881033,2.2028
1303141290134114251,Flare,29.07344,yes,348,16.34,17.475,17.18196293103448,17.19265,15.2724,0.15799399426635588,0.111945643761937,0.08970918282906973,0.005341457738709928,902.7548779245484,0,2950.9747989233947,2.202600000000002
1002171260624141001,AGN,27.63701,yes,122,19.36,21.484,20.358681967213116,20.34375,19.2815,0.4868687876279862,0.62491765664946,0.34494824446392724,0.0995363679494348,772.368430656239,0,2985.939990798397,2.2025000000000006
1211250040254118613,CV,-4.60007,yes,248,12.86,15.0042,14.376098790322581,14.478750000000002,12.8047,0.40369192230732376,0.0624400103771622,0.05546600236329336,0.0016344186965262,951.847924412611,0,2955.056539687306,2.1995000000000005
1105061520424116895,Mira,52.10121,yes,165,14.54,16.5827,15.388071515151516,15.4679,14.3841,0.6440795222268428,0.148785586082539,0.06389577583352415,0.010042613923897697,854.7538752238802,0,2745.712459965216,2.198599999999999
1410241151234138297,SN,16.52847,yes,9,19.92,21.1235,20.3778,20.5647,18.9261,0.7551048023287896,0.573008407338234,0.39004316895785807,0.12188281966682825,1162.4007328072428,1,2983.972707592402,2.1973999999999982
1411200070304110092,YSO,-8.0243,yes,111,15.92,18.4611,17.044127927927928,16.9754,16.2638,0.391119668776517,0.2403115101969989,0.0921154935112744,0.02779941090338847,686.7763101104497,0,2604.9318761455943,2.1972999999999985
1302051070684112717,SN,6.34462,yes,9,18.81,20.8523,19.165455555555557,18.9623,18.6553,0.6995974040673524,0.45683824585138,0.20096348632198,0.09849914477462741,867.4914051301921,1,2607.915771782391,2.196999999999999
1604300040844101938,SN,-5.57015,no,2,18.47,20.5281,19.4296,19.4296,18.3311,1.553513598266843,0.372601073277766,0.2569924076667415,0.1634953428349669,1011.1880460567505,1,1430.0358488430065,2.196999999999999
1303071120774117560,AGN,12.22972,yes,68,19.65,21.4826,20.39478676470588,20.4209,19.2859,0.49228874275177453,0.582470637549417,0.35001341944475006,0.09182912840388698,669.7455112861525,0,2925.044125879598,2.1967
905231120764103071,SN,11.40942,yes,12,18.25,20.22,18.642958333333333,18.3701,18.0234,0.6982028039035558,0.309087308817534,0.15280106410644648,0.06025147175455669,10.367131746766233,1,24.08653273159871,2.1966
1309041230134116994,AGN,23.52933,no,204,19.42,20.9487,19.650228921568626,19.612099999999998,18.7523,0.41520145445326706,0.553556711697203,0.254554449854334,0.06138003519824262,838.2339898747825,0,2955.939219942302,2.196399999999997
905161180864127581,SN,17.98281,yes,14,18.64,20.6384,19.059535714285715,18.886249999999997,18.4422,0.5745939778622865,0.452696708926185,0.19499427538411843,0.08078938042160662,533.1686961066197,1,1484.0800036112996,2.196200000000001
1002171350564137559,AGN,35.97487,yes,107,19.69,21.3456,20.052659813084112,19.997,19.1496,0.47669705756437397,0.593712017664007,0.2907464249866914,0.08167403900683919,546.8415124191625,0,2653.906392152414,2.1960000000000015
1209241210154109886,SN,20.38864,yes,6,19.49,20.8522,19.5164,19.4011,18.6572,0.7211737737882594,0.51614566655391,0.27065926625423264,0.1228613255894138,1054.2054797078526,1,2636.7182454862996,2.1950000000000003
909190040034115578,SN,-4.58075,no,15,18.38,20.3348,18.826886666666667,18.6567,18.1402,0.6163357154142858,0.3435552629872069,0.18414545709346009,0.05698534555487555,311.772922869348,1,1552.7769978124998,2.194600000000001
1312310070604113418,AGN,-7.67108,no,194,19.24,21.1313,19.801252577319588,19.75585,18.937,0.4213649045864627,0.53500065925789,0.2615273145610093,0.06664602357865787,797.0161647959355,0,2658.8050155094024,2.1942999999999984
1512031120014116775,AGN,12.46907,no,33,19.41,21.136,20.26032727272727,20.2544,18.9419,0.4604987956503845,0.54582188397115,0.35358258058515796,0.07848090720284055,745.3438033619537,0,2187.998277245497,2.194099999999999
1105121290674113405,SN,29.03761,yes,20,18.89,21.3202,20.713974999999998,20.84235,19.1276,0.568984816072497,0.6481425180793989,0.4733591069656035,0.11644354565718094,1105.9456787679903,1,2946.888075196497,2.1925999999999988
1303011290544123165,AGN,30.38205,yes,358,18.2,20.1041,18.63543351955307,18.5975,17.9117,0.37271310396186474,0.552433807435583,0.15255604371627046,0.047578278500355606,888.3837512203831,0,2972.9921677894017,2.1923999999999992
1512081320104112890,Flare,31.76066,yes,107,17.95,21.471,20.48395420560748,20.4878,19.2789,0.42248251773150236,0.544201718102131,0.3665510746462591,0.08162523514788528,878.2409493771889,0,2940.957570034596,2.1921
904211070904110171,SN,5.88002,yes,14,18.79,19.6542,18.424657142857143,18.679299999999998,17.4627,0.6565246667277468,0.272825390830608,0.14515229794540568,0.04459726776849911,349.0987704877262,1,1327.2843211694053,2.191499999999998
1011130180164101206,SN,-19.67744,no,7,17.79,19.9245,18.16687142857143,17.8892,17.7343,0.7804091249985179,0.273059490240043,0.13223810189657012,0.062199377064013156,145.72841112160603,1,398.8341715508068,2.1901999999999973
1205161120534130600,SN,13.33235,yes,8,18.89,20.6851,18.9277,18.6763,18.495,0.7205035560534813,0.385211058200714,0.1733765117914931,0.08633346251098636,427.82910975727907,1,1217.9020981711947,2.1900999999999975
1406061260654106893,SN,25.95942,yes,287,17.07,20.5028,19.326245296167247,19.3044,18.3144,0.3087688604762867,0.384792298984252,0.20406459343281996,0.03679066234636892,920.7739578861764,1,2992.9179896524947,2.1884000000000015
1504211350774159302,SN,36.20277,yes,32,18.54,21.4243,20.61041875,20.6341,19.2366,0.5126436198056304,0.6393243985875731,0.4165308118571088,0.1192449115587383,913.5989242126877,1,3053.7977754282037,2.1876999999999995
1602031120694124466,SN,13.06448,yes,20,18.83,21.1832,20.134485,20.1692,18.9958,0.5724702191978375,0.461946939437308,0.2993342020810379,0.08046323243857761,609.3603604388668,1,1953.7934643518965,2.1874000000000002
903031150604108029,SN,14.57996,yes,25,19.75,20.7254,19.53256,19.4584,18.5394,0.697861353230951,0.397934975850558,0.22406254916814786,0.0871905137270872,150.89457914764466,1,770.8587658913093,2.186
1211211400124152237,CV,41.57071,no,16,18.02,19.1464,17.97333125,17.932000000000002,16.9605,0.7298237017424132,0.182077755881057,0.12379304414834838,0.031496533667504004,16.53382472990842,0,44.90852576420002,2.1859
1401041150114109714,AGN,14.72357,yes,44,19.89,21.469,20.207625,20.194499999999998,19.2855,0.5761628476697219,0.6389123485226911,0.3197354474979221,0.11106366367138097,395.31463988584363,0,1849.9082881133,2.183500000000002
1106030090804118443,AGN,-10.4064,yes,222,18.28,20.1635,18.93298783783784,18.91065,17.9806,0.3966852662245574,0.2968564043761789,0.17500258031253121,0.03543999332940265,824.1763514797752,0,2926.002918715203,2.1829
1202241320634124271,SN,32.44271,yes,17,19.57,21.363000000000003,20.32553529411765,20.402,19.1809,0.6172839985990813,0.605905234851541,0.33015177970229254,0.12172155405530405,649.5031826226462,1,2239.8914288542946,2.182100000000002
812021210054119455,Ast,21.02099,yes,5,18.84,21.0246,19.51418,19.2774,18.8426,0.8672153434989488,0.481129397961221,0.2231386003774886,0.14467603198649612,304.13367841655395,0,680.0744875926903,2.1819999999999986
905261090744109768,SN,9.11479,yes,12,19.07,21.2533,20.073825,19.8739,19.0722,0.7508546392732629,0.541264517160409,0.30901654525451716,0.13033291909151826,488.1846146206301,1,1819.9099608101023,2.1811000000000007
1602051180804123037,AGN,18.24838,yes,20,20.31,21.236,20.287155000000002,20.3313,19.0554,0.6286935723135886,0.592022767477822,0.3625343784635858,0.12234720834460254,1184.2317716782115,0,2901.0584000115123,2.180600000000002
1310301180144107762,AGN,17.39797,no,155,19.68,21.105,19.957809677419355,19.8495,18.9253,0.4680577303407299,0.5284294109010471,0.29047894670091406,0.07600375289743594,703.5228681420997,0,2896.037711064804,2.1797000000000004
1102120070644118081,Blazar,-7.36405,no,162,19.16,20.9817,19.848438271604937,19.84055,18.8028,0.4874213867031544,0.5013352549913871,0.2632191491896111,0.07214771978224783,822.574689447591,0,2928.048299004804,2.1788999999999987
1204301290794121687,SN,29.19976,yes,14,19.53,21.1701,19.94467857142857,19.6783,18.9928,0.7217092672458715,0.527932869961523,0.2965522039589068,0.12410959572092366,754.5039246474847,1,2220.9554065968914,2.1773000000000025
1503241230794109900,AGN,23.11355,yes,158,19.57,21.279,19.84753734177215,19.7514,19.1023,0.5278349868188807,0.581184995956866,0.2778359582390934,0.0896833362188124,806.8437996060146,0,3017.9140114816983,2.1767000000000003
909221180044138430,SN,18.94078,yes,15,18.83,20.9574,19.792806666666667,19.7393,18.7808,0.6680578219913377,0.490442495547108,0.25485792200569846,0.10434565878746924,297.83557813985897,1,822.7389275577007,2.1766000000000005
1512051010064104562,SN,0.33114,yes,12,18.91,21.2785,20.503708333333332,20.386,19.1027,0.6331384732330511,0.556676355843265,0.3955578237492395,0.1235974996208096,519.0179395402542,1,1707.2618631367004,2.1758000000000024
1205221260674140369,AGN,28.03176,yes,72,19.83,21.4405,20.193183333333334,20.12235,19.2651,0.5345619109324177,0.6109712441188629,0.32667927557480136,0.11152259489734019,335.73926390752,0,1553.8519736802846,2.1754
1503221320564118022,SN,32.16512,yes,106,17.78,21.3624,20.204449056603774,20.176,19.1881,0.4653333437532988,0.585391153669409,0.3114537446499095,0.08737662356575113,799.9240913645483,1,2921.9598795025013,2.1743000000000023
1504181260634134412,AGN,27.66234,yes,70,18.68,21.4012,20.368035714285714,20.3453,19.2278,0.45299321044139745,0.570248607890352,0.3491897731926099,0.08944756220238077,825.3012650173139,0,2685.848471273195,2.173400000000001
1211120181094128727,CV,-18.56793,yes,21,17.84,19.1625,18.239880952380954,18.0835,16.9898,0.542253679212089,0.224164486927761,0.13863402481790613,0.04161950653805799,899.355383865909,0,2280.8255145023068,2.1727000000000025
1403271070744118228,AGN,6.7969,yes,77,19.89,21.3303,20.377972727272727,20.3748,19.1581,0.4739578464035208,0.5870305391741689,0.35531046973511116,0.0977946940884877,665.0609227616543,0,2936.9152951502037,2.1722
1506151290624128920,SN,30.16726,yes,162,18.85,21.273000000000003,19.96028024691358,19.96085,19.1027,0.4133483638747722,0.551595605001999,0.2815647461492122,0.07200553363961579,904.8296481690842,1,2985.9624641089977,2.1703000000000046
812201210154117782,SN,21.17979,yes,37,19.26,20.937,19.901894594594594,19.7537,18.7675,0.5740738057204966,0.527932869961523,0.30192209610914056,0.10905673957453524,440.0959102393843,1,2262.0574984376944,2.169500000000003
1302081430274150136,CV,43.75387,no,14,18.36,19.7878,18.182021428571428,18.18855,17.6187,0.5663863986559157,0.273686684514957,0.13414426612082198,0.046355907600941035,1179.9731633219217,0,2586.9913087385066,2.1691000000000003
1206101260684134497,CV,27.60082,yes,8,15.7,17.8705,16.762375,16.74005,15.7019,1.0876662404958082,0.106767612149757,0.08341324152346101,0.021470678048845317,4.307385487465244,0,8.077841423510108,2.1685999999999996
1004051040704109194,AGN,3.40932,yes,353,17.73,19.8451,18.276916147308782,18.1525,17.678,0.3737326906069225,0.6069814310522379,0.13145720437322003,0.041232934035152186,918.2622956993056,0,2981.8885268867016,2.167099999999998
1303051290654126745,SN,29.98339,yes,25,18.66,20.7203,19.452204,19.3545,18.5536,0.5591742539077895,0.456335804425693,0.2411155438462368,0.08336940842347634,742.0361219546882,1,2898.0009451043006,2.1667000000000023
1309151070074113180,AGN,6.408,yes,34,19.9,21.2594,20.321826470588235,20.43015,19.0928,0.5582550309501079,0.551874642354795,0.35393818241656266,0.10007812871503835,837.8666032463959,0,2794.2958740740796,2.166599999999999
1503281290714118388,AGN,29.31733,yes,163,19.36,21.3183,20.20148834355828,20.1384,19.1517,0.4708230919099382,0.7271219022137541,0.33301858232748693,0.09989348442093558,908.9504924853985,0,3069.823212951298,2.166599999999999
809211091234115311,SN,9.67712,yes,9,19.06,21.2264,19.960866666666668,19.6833,19.0605,0.8395409281267958,0.501983748397272,0.2907019458117646,0.13465324191733102,627.1214314786472,1,1721.1118188774053,2.1659000000000006
1502100040574140555,Flare,-3.06319,yes,73,17.32,21.3728,20.279683561643836,20.2894,19.2085,0.5160411092080697,0.5499293590316321,0.3368357354995774,0.09119543227852914,942.6684693046604,0,2683.7305352658877,2.164300000000001
1206111460424124541,SDSS,46.94032,yes,146,19.5,21.2086,19.975215068493153,19.9551,19.0446,0.4387147972072719,0.5883508708884411,0.2808362481950986,0.07912482357043578,698.5017631975473,0,2736.750617847203,2.1640000000000015
1101140120594113960,SN,-13.12094,no,13,19.42,20.9698,19.819776923076923,19.9414,18.8058,0.7394441934699405,0.486221536441635,0.2710499027707263,0.08467335671388751,94.83128109879434,1,353.9389653818944,2.163999999999998
1301130120094138246,Blazar,-11.58628,no,29,19.03,20.766,19.58678620689655,19.5924,18.6024,0.5324806225341766,0.432125703139561,0.2317058395745211,0.06884007764826053,848.936130795549,0,2863.204243425702,2.163599999999999
807021120694107355,CV,11.85039,yes,229,13.88,21.107,19.814820524017467,19.7661,18.9452,0.42104906605321735,0.5360311424649461,0.2595458329659367,0.06900421769305248,884.1769122953438,0,2987.9734893631903,2.1617999999999995
1310261040144104091,AGN,3.05017,yes,140,19.29,20.8274,19.61238,19.575400000000002,18.6657,0.47225016830873356,0.440557902708002,0.23596365425600085,0.05778573641261677,755.6325803211018,0,2858.1045940163967,2.1616999999999997
1602061430554132174,SN,44.63617,yes,4,19.25,21.3585,20.59485,20.91185,19.1972,1.0049535594576835,0.574868117625171,0.41994885219167477,0.18870919984064166,561.6684746341488,1,1229.8957487497973,2.1613000000000007
810021350334149473,CV,35.72104,no,13,16.95,18.7339,17.645323076923077,17.5214,16.5733,0.7600816712190062,0.394197017569165,0.1324947999830142,0.08325700984348577,568.487160653446,0,1297.3726997338017,2.1605999999999987
1602121090424155510,AGN,10.35747,yes,38,18.85,21.303,20.18312368421053,20.12545,19.1433,0.5317535816391458,0.560424352285433,0.31262535939106145,0.0962171542399319,644.1560972200464,0,2902.0619200229994,2.159700000000001
1302110040604104918,Blazar,-5.41683,no,324,17.31,19.1022,17.423962345679012,17.394,16.9436,0.2559687156812016,0.503724167938715,0.09616745084730022,0.03012509461012525,880.7743028725358,0,2956.030676713199,2.1586
1305031150664107635,AGN,14.57182,yes,41,19.72,21.2578,19.892541463414634,19.8335,19.0994,0.4795844461487515,0.553838383774299,0.2743328420348863,0.08509646420517672,305.07924934503416,0,1922.946413576603,2.1584000000000003
1110231321034126384,Blazar,31.94722,yes,25,18.74,20.6408,19.656928,19.9775,18.4828,0.7586711455564897,0.392751046016118,0.2509925219477955,0.08535964784763342,598.5573738821375,0,2199.9764664354952,2.1579999999999977
1106091460514127317,SN,47.1697,yes,5,13.18,17.2589,15.834620000000001,15.2473,15.101,0.9377864613012917,0.102185506837993,0.07035748318965176,0.018436332198581488,430.98453679679295,1,1001.1507069559957,2.1578999999999997
1107021180094118167,SN,18.21434,yes,16,18.6,21.2532,20.23145625,20.214750000000002,19.0956,0.5706014054997874,0.540735016007017,0.3322479441314864,0.10447626687889322,1038.6771137316296,1,2907.986110416692,2.1575999999999986
1210081320094121285,AGN,32.17588,yes,333,18.31,19.9391,18.73618798798799,18.7618,17.7825,0.3221369121297377,0.300000475327178,0.1538326638431652,0.02694106692888528,939.2387348245475,0,3057.806135185012,2.156600000000001
905181350534107745,SN,34.41457,yes,12,18.79,20.9381,19.66165833333333,19.25855,18.7828,0.8091138940597951,0.5365484040466799,0.25887860495197773,0.11671324208906915,588.4600537391879,1,1494.959738356396,2.155299999999997
1204130010724117396,SN,-1.75353,yes,22,18.2,20.3119,19.188795454545456,19.2444,18.1576,0.7782610643377135,0.335048233058183,0.19986482165806255,0.06565741745819494,413.91325586759865,1,1548.7963196062992,2.1543000000000028
812221070524125194,SN,7.06329,yes,28,18.8,20.4741,19.153189285714287,18.94005,18.3208,0.6350015563348002,0.3572060760060759,0.18664296952060846,0.07013562346333534,372.2626661249003,1,2244.9927493870055,2.1533000000000015
1503260090504104639,CV,-11.05057,no,77,15.17,21.2134,20.009625974025973,19.9935,19.0604,0.4797148589479173,0.5513169635191179,0.2892318008833794,0.08146740703327006,788.2687826464285,0,2594.927370404803,2.1529999999999987
903191290634132782,AGN,30.19768,yes,124,19.89,21.1764,19.998853225806453,19.92155,19.0235,0.5065421594080805,0.542861355248913,0.2936032326830869,0.09113046718984612,555.7867018185575,0,2615.0485322450986,2.1529000000000025
1006010090734137695,CV,-9.18844,no,5,19.0,20.7989,19.26098,18.9965,18.6461,0.8804813212101643,0.453188290634727,0.2211014213489948,0.1305029842401467,306.37917219120743,0,685.0958807984862,2.152799999999999
1203300120654103092,Blazar,-13.93905,no,23,19.19,20.9399,19.636852173913045,19.5337,18.7892,0.6284969818901753,0.487617583462017,0.25625302965884145,0.08766091179792473,530.3432652675228,0,1864.8538583798,2.1507000000000005
1209231151184132183,SN,15.86402,yes,16,17.83,19.4802,18.33848125,18.3804,17.3307,0.6940629694955643,0.227300802908465,0.13697534940388786,0.04314236127642419,135.81925420141462,1,538.3296785533021,2.1494999999999997
1007051120804138886,AGN,13.61519,yes,139,19.61,21.3503,20.216954676258993,20.1423,19.2014,0.5171158989345344,0.5933731486331729,0.32892856377116136,0.09901541508745657,624.2062479125301,0,2921.9820020714906,2.148900000000001
1309161260074128615,SN,27.19048,yes,21,17.58,19.4195,18.437133333333332,18.5951,17.2715,0.6567198895521084,0.217686074527549,0.1466902418460348,0.037659586485055144,17.709601952749793,1,55.794005440002366,2.1479999999999997
1309250091224135247,SN,-9.11236,yes,22,18.43,20.2308,18.98205,18.9583,18.0831,0.6348021977262639,0.325931694506293,0.1835007230245271,0.060724934313923375,12.525996730131078,1,41.85628336800437,2.147699999999997
1312141630224136315,SN,64.57489,yes,5,17.8,20.0463,18.42748,18.0648,17.8989,0.9084415622372186,0.282291275028028,0.15216693411139878,0.07281666922354132,770.690514689062,1,1723.3247849186955,2.1473999999999975
711020040154124879,SN,-3.63711,yes,18,19.66,20.8759,19.629183333333334,19.5051,18.73,0.576472065799427,0.452860407830796,0.2353067752880136,0.08155886192687195,429.2561506643918,1,1832.072402291502,2.145900000000001
1603201600484115776,Blazar,60.18339,yes,40,18.81,21.1889,19.781200000000002,19.624850000000002,19.0464,0.5467447325435344,0.545280384557757,0.2676026076122138,0.08361800057874479,552.411278327796,0,1563.902939826301,2.142500000000002
909171290824153853,SN,30.49729,yes,13,17.34,19.1251,17.814892307692308,17.3269,16.9844,0.8695755904094219,0.210674997648487,0.12376278786854557,0.04573108455915625,417.4507075224128,1,1908.819054814805,2.140699999999999
1601031120634129910,SN,13.51999,yes,4,19.69,20.9105,20.245424999999997,20.6499,18.7714,1.0093912567318315,0.503942858165604,0.44393108644914125,0.06747130493030196,1185.2472047080355,1,2664.8406664701033,2.139099999999999
1205151180784138953,SN,19.24753,yes,12,18.99,20.7251,19.310599999999997,18.943550000000002,18.5861,0.7619494912871386,0.415734154236977,0.2082476059300404,0.09899991274286836,425.26227021043087,1,1490.050459861297,2.139000000000003
1403281290754120299,SN,29.32336,yes,211,18.92,21.143,20.0691663507109,20.065,19.0046,0.4217220780329492,0.640150640549219,0.30217099103024647,0.07739290871931691,937.8877434268508,1,3087.748693205802,2.1384000000000007
1301131320454135242,AGN,33.07422,yes,68,19.99,21.383000000000003,20.387782352941176,20.3732,19.2451,0.48559566158441336,0.591686438168588,0.34775961388201226,0.08995138268282911,546.3256013865869,0,2319.773415069096,2.137900000000002
1309290091254125220,SN,-9.73423,yes,45,19.41,20.9899,19.857191111111113,19.6848,18.8532,0.674843416121716,0.514056660352058,0.28311109026110204,0.10509838980256073,1042.1010241938757,1,2951.899980636801,2.1366999999999976
904241230634127685,SN,24.46366,yes,19,19.41,21.3924,19.964178947368424,19.9597,19.2559,0.4938354770781994,0.569640117762578,0.282786758636039,0.08843420188781113,459.743893940024,1,2038.1256022568923,2.136499999999998
1004091090804129788,Blazar,10.01876,yes,20,20.19,21.1453,20.07359,20.05095,19.0096,0.5465133492856035,0.509720267004283,0.31257956511845475,0.10214747825192212,540.4580999020264,0,2624.821265428298,2.1357
1306091460494140247,AGN,47.59933,yes,69,19.28,21.347,20.256289855072463,20.1733,19.2119,0.5089142676397778,0.569336526205408,0.3281728689372894,0.09291280597794184,792.1856386343367,0,2652.9210501734997,2.1351000000000013
1409261010114109165,AGN,0.62737,yes,46,19.66,21.348000000000003,20.161934782608693,20.151200000000003,19.2137,0.5733907553482541,0.5396801899451611,0.31407441714379525,0.09795013308489038,926.7168038815325,0,2953.833748078905,2.134300000000003
804261150884159233,Blazar,16.83042,yes,45,19.07,20.5073,19.415815555555554,19.4465,18.373,0.5674221199887486,0.3767737148893739,0.23102168513943028,0.06576665379395379,252.6339206381785,0,833.7353293284978,2.1342999999999996
1303161150714107103,AGN,14.4957,yes,52,19.9,21.3452,20.174965384615383,20.15645,19.2133,0.4886645936148742,0.586045444005552,0.3193718943349782,0.08589710758702473,332.0303347094578,0,1564.8827648376973,2.131899999999998
1303141070684112965,AGN,6.34385,yes,66,19.92,21.4784,20.345327272727275,20.342950000000002,19.347,0.48334273125820376,0.6157770009518879,0.340544142673961,0.08685791873686394,761.8709629975019,0,2613.9295958213916,2.1313999999999993
1106121120634119163,SN,12.68982,yes,125,18.54,21.3261,20.27448,20.2609,19.195,0.4654786085310462,0.575491614190353,0.3254318250621511,0.08512940707286243,809.8866424288218,1,2987.975761204005,2.1311
1405100010774111854,SN,-1.97452,yes,12,19.28,21.3753,20.257666666666665,20.30555,19.2443,0.6140954698258294,0.496017687995604,0.3295024680471164,0.09147308514280775,571.7313840708126,1,1607.7428998728938,2.1310000000000002
1004040040714119969,Blazar,-4.41382,no,45,17.19,20.1481,19.273806666666665,19.3092,18.0184,0.5559603077722197,0.2914596682367119,0.2015695161633625,0.04947175542762277,962.8901678047005,0,2761.6523077199017,2.1296999999999997
1510020090064116298,CV,-9.85855,yes,13,17.92,20.9563,19.93757692307692,20.0347,18.8269,0.7583763381438079,0.478827426740519,0.29423862719049143,0.10830412839688615,1174.164748853792,0,2881.066928969718,2.1294000000000004
1410151210244136890,Flare,21.12768,yes,282,17.73,20.4992,19.219146099290782,19.217950000000002,18.3722,0.32106712683074373,0.595414109357109,0.2328773648246038,0.05083718851631017,905.1877292559833,0,3121.2443601503037,2.126999999999999
1312310040524150007,Flare,-2.89324,yes,67,19.0,21.2476,20.39029104477612,20.4093,19.1219,0.4716078837118772,0.556676355843265,0.34945205716755257,0.08650306754548992,899.3331231128238,0,2865.217469664305,2.1256999999999984
1509241180104136945,AGN,19.18389,yes,47,18.85,21.2851,20.223223404255318,20.0906,19.1604,0.45319718005030724,0.563058841582997,0.32148359714632857,0.08120917287147421,378.3216843238097,0,1468.9608699306991,2.1247000000000007
1401231350504132269,SN,36.17348,yes,124,18.27,21.3711,20.406790322580644,20.41545,19.2468,0.46895807159458985,0.586701695794902,0.3495361494506348,0.09391828994606415,907.7128138769277,1,2954.019310219999,2.124299999999998
1512041400174114620,CV,39.92433,no,8,17.77,18.9882,18.0104625,17.9802,16.8645,0.7875426499788527,0.2232685949601939,0.15215696448385418,0.051105906321087885,775.4957915765799,0,2198.0781823494035,2.1236999999999995
909251071264106265,Var,6.03844,yes,33,19.13,20.9733,19.779030303030304,19.7646,18.85,0.616137382957754,0.523277201210503,0.28548604165523755,0.09824568829065689,446.7023053880508,0,1627.3335576737009,2.123299999999997
1504241150604117893,AGN,15.44821,yes,132,19.15,21.1524,20.05954090909091,20.0209,19.0314,0.42369512803403714,0.537066996372115,0.2864728299880807,0.06719470094455868,678.1649501812412,0,2676.8035222338003,2.1209999999999987
1505101120564109481,SN,11.93391,yes,104,19.51,21.3261,20.328511538461537,20.32065,19.206,0.4168434788802491,0.580545012386319,0.340048474822991,0.08130700859262423,896.8877211198895,1,3130.276029814908,2.1201000000000008
1305021290534103755,AGN,28.45036,yes,169,19.59,21.2024,20.0799100591716,20.0777,19.0825,0.44291649630130947,0.552154037322911,0.2967692579528421,0.07629374233221185,765.9110840499009,0,2979.9735768057944,2.1199000000000012
1204111070634123111,SN,7.06287,yes,13,17.0,19.1148,17.616792307692307,17.3016,16.9956,0.6273280261839871,0.193841546995718,0.1048639536774849,0.0307123416860755,13.020902397539235,1,46.94542462960089,2.1191999999999993
1605310070594119120,CV,-7.07197,no,11,18.04,21.2811,20.275381818181817,20.141,19.1623,0.5860464449481484,0.4799746733553161,0.3395823674625007,0.09413442536232743,818.9839947506418,0,2330.6748648495995,2.1188000000000002
1101140040504131940,CV,-3.82111,no,35,15.31,16.8141,15.847774285714285,16.0658,14.6997,0.6571403249476238,0.0769496779378283,0.06667507097016381,0.006026292690013883,702.6039554424373,0,2565.997104502305,2.1144
906251320474101485,SN,31.20815,yes,4,16.07,19.5809,18.4954,18.46635,17.468,1.0547852640861715,0.225551435347488,0.1525866081338051,0.06539938420816821,746.6120923486761,1,1783.0023011345984,2.1129
1010310070314111174,Var,-7.80057,no,160,18.42,20.1351,18.999084375000002,18.97795,18.0237,0.4399727818263702,0.355604016965112,0.1983997507392788,0.04189374251116492,838.8829103632348,0,2642.706385046702,2.1113999999999997
1109241350074121359,SN,34.81032,yes,234,15.88,17.9866,17.212921794871793,17.27395,15.8762,0.2799665585398134,0.133691999979519,0.08692476308241996,0.007781162237050672,1055.8984572759107,1,3055.910760752391,2.1103999999999985
1512161181174138560,Flare,18.96646,yes,359,17.14,20.555,19.295307242339835,19.2885,18.4447,0.29459883736249654,0.8026476028782429,0.20798481821015363,0.055361202390274755,893.489818877191,0,3030.8836660188754,2.1102999999999987
1106210091084179317,Blazar,-9.05922,no,142,16.08,18.1335,17.059974647887323,17.1117,16.0252,0.5660602915581976,0.1304192113049269,0.09063994126629908,0.013662826927000887,1014.5368889182098,0,3067.6862316322004,2.1083
1011061041274110862,SN,3.45666,yes,14,18.86,20.8729,19.556342857142855,19.4742,18.7658,0.7244305750187376,0.4633357118614279,0.2738413451874902,0.10369938430578812,237.88030742105582,1,842.8388088196007,2.1071000000000026
1403281260554125340,AGN,27.07739,yes,37,20.06,21.5584,20.62791891891892,20.5881,19.4517,0.4937850262332098,0.6084242834157,0.3938719974189313,0.11447275033733666,402.38403352094366,0,1885.8839453939,2.1067
1209150040094134613,AGN,-3.90335,yes,104,19.68,21.2886,20.181514423076923,20.140050000000002,19.1821,0.4357409501242657,0.5558208859531191,0.3144455569473546,0.0833945905379552,724.2295217949054,0,2923.9318165160003,2.1065000000000005
1006181180794136057,SN,18.8569,yes,11,19.61,21.1155,19.732063636363634,19.592,19.0092,0.6529714760580698,0.513135504631079,0.26466039952692133,0.1116363837176995,138.25397385695192,1,403.88887597199937,2.106300000000001
1002171400444123118,SN,40.70548,yes,333,16.02,18.0536,17.403143543543543,17.5148,15.9513,0.4715564053531405,0.2429622249941989,0.09559785624611027,0.01917005210860986,820.8465408986924,1,2739.7753489235038,2.1022999999999996
1401101430404114937,Flare,43.23421,yes,39,19.33,21.4817,20.666789743589746,20.6774,19.3796,0.47084126657833464,0.6241422412063199,0.40796156869739597,0.09630120791068827,800.0659959658485,0,2803.293069340609,2.1021
1604140120664136865,CV,-11.55091,no,10,13.91,21.22,20.090799999999998,20.06765,19.12,0.5904883986065143,0.463335722319851,0.2982505422729127,0.09061030190419178,630.8249856036188,0,1864.8449081825966,2.099999999999998
1605101040804123978,SN,4.08567,yes,3,17.54,20.1665,19.119066666666665,19.1237,18.067,1.0497576688614054,0.3757916762817199,0.26069187605058497,0.11931158685638503,902.5050388195541,1,1760.059042315006,2.099499999999999
711121120084111043,SN,12.13833,no,12,18.93,21.0256,19.8593,19.9991,18.9266,0.7833385242896985,0.48781790492571,0.2757509578052106,0.11104732220953588,286.54280689212595,1,795.9822157179005,2.099
1309241150044116061,SN,15.29605,yes,21,19.17,20.5865,19.663566666666668,19.615,18.4879,0.5287734697706885,0.400248813323201,0.2557280184107211,0.06958184902056973,234.01538876821039,1,1096.039127557502,2.098600000000001
910221011234125000,SN,1.6284,yes,27,19.46,20.8007,19.706637037037037,19.6835,18.7034,0.38420926203962985,0.488018449107204,0.2695463990609529,0.06517091102956855,202.89818346326763,1,1146.9973262614076,2.0973000000000006
1211141040564146287,SN,5.58545,yes,6,17.85,21.0419,20.008283333333335,19.98605,18.9458,0.8175226955055536,0.497914429017561,0.3096357785856711,0.14154795707990697,1003.3655148169396,1,2422.2095209956024,2.0961
1610131150114102277,SN,14.25937,yes,177,17.42,21.0964,19.88303502824859,19.8641,19.0009,0.4013901948712473,0.519916405817891,0.26849919283425483,0.06644339203118865,939.9227992391384,1,2975.8600400345968,2.0954999999999977
1109301400304127819,SN,40.474,yes,25,18.45,20.348,19.552139999999998,19.7087,18.2531,0.5495107680170308,0.316284489911634,0.22135636645488574,0.04543237881986002,704.5099272643907,1,2302.7759179282,2.094899999999999
1101301210074122822,SN,21.22232,yes,6,19.55,20.166,19.23465,19.27,18.0715,0.7261141225730294,0.307084893151161,0.21126609552685213,0.05489711073048865,248.3588341974603,1,770.7779162963925,2.0945
1510231180164117087,AGN,18.0634,no,52,19.12,21.4107,20.341426923076924,20.33005,19.3175,0.5194688588735288,0.65158689776548,0.36625892316075664,0.10083090871983792,626.150026626178,0,2619.8573432522026,2.0931999999999995
1511081490364135896,SN,50.44604,yes,17,18.47,21.4948,20.509852941176472,20.4833,19.4021,0.5077299751315245,0.6272592732908872,0.365032164474192,0.10839719129369232,703.418165167059,1,2679.897220925908,2.0927000000000007
1506231290804130128,SN,29.64658,yes,100,18.35,21.3592,20.27677,20.272799999999997,19.2684,0.452114927174206,0.6117041266388199,0.3365349406833721,0.09557805186123701,864.3082460179565,1,3116.662135902603,2.0908000000000015
1610011180064110646,SN,17.79707,yes,142,17.86,21.2375,20.193469014084506,20.11955,19.1472,0.474175195528341,0.546909191442649,0.31554994326487806,0.08787156645103646,941.0405790947185,1,2956.8038875000057,2.090299999999999
812051320064148648,CV,33.62338,yes,23,16.59,18.2668,16.844169565217392,16.5904,16.1774,0.6632313975973192,0.124720089922946,0.08151956202049751,0.017185572614825898,811.7863721472506,0,2235.006055833299,2.0894000000000013
1404021490464119057,AGN,49.26293,yes,16,19.63,21.4238,20.5373125,20.4986,19.3395,0.5605295161719851,0.599900764639868,0.3919694923405713,0.10488889285329499,912.9939542187079,0,2652.9286226620025,2.084299999999999
1410251320014115813,SN,31.8784,no,67,18.27,21.1242,20.003095522388058,19.9626,19.0417,0.4656888109199223,0.5493769345751189,0.27699866305642507,0.07476772024291116,815.4609964485148,1,2945.1301804050017,2.0824999999999996
1411300180304136080,CV,-18.24715,no,83,16.09,20.11,19.09196626506024,19.2521,18.0276,0.6057015527825546,0.311242456952335,0.18612535482542997,0.0506542775232858,768.4453314320228,0,2637.7704323608996,2.0824
803301040684131730,SN,5.24377,yes,31,19.9,21.21,20.013590322580644,19.8879,19.128,0.6505770250861083,0.5714708134326899,0.29681342560287977,0.1254766719075198,568.9333326703389,1,2537.972571458202,2.0820000000000007
803021230744111099,SN,23.39671,yes,11,19.37,20.3031,19.20420909090909,19.2258,18.2216,0.6939805709881887,0.3196350294153239,0.19594280065900896,0.06590810991786283,16.635036631658924,1,60.03125134259608,2.081500000000002
1601311150634130122,AGN,16.42066,yes,214,19.26,21.3285,20.135814018691587,20.0856,19.2479,0.45144639441754464,0.651153724784935,0.30533409319653765,0.08757935350685399,753.9549389082789,0,2994.903970509302,2.080599999999997
1003161230594124017,HPM,24.06559,yes,367,19.3,20.6437,19.243913896457766,19.2398,18.5632,0.2616944428496385,0.414572857692596,0.19049713128576598,0.031213028711008825,919.0073357261248,0,2992.9204324883976,2.0805000000000007
1305131230784108936,SN,23.02386,yes,20,18.75,20.5109,19.336904999999998,19.314999999999998,18.4319,0.6493871252147949,0.370046295257781,0.22636380816373838,0.07273940404000136,598.2735916286896,1,1887.8955071875025,2.0790000000000006
911271180494102724,SN,17.03714,yes,10,19.35,21.4271,19.98384,19.8756,19.349,0.6051105632673893,0.606263409111586,0.28716144981614067,0.1213043679827092,267.8615823456589,1,778.9666170837008,2.078099999999999
1102080090574128001,SN,-9.8979,no,34,19.69,21.1245,19.812473529411765,19.70465,19.0466,0.5149248467135016,0.52522401113808,0.26369297526143476,0.08836211724530818,33.611755417059065,1,138.70474682890926,2.0778999999999996
908170070084124888,AGN,-6.87366,yes,14,19.8,21.3723,20.139999999999997,20.0245,19.2972,0.5692770367891051,0.521589542874472,0.3074391380810918,0.09744947727518635,515.9300123821836,0,1877.9113805438974,2.075099999999999
1312251150554112896,Flare,14.96876,yes,434,17.86,20.1963,19.12516405529954,19.117150000000002,18.1212,0.25721912244193407,0.569944149731137,0.18406504524700704,0.03668957594191783,919.3095110082169,0,3122.2590353587,2.075099999999999
1011070010194233970,SN,-0.82999,yes,53,19.45,21.2211,20.148403773584903,20.1449,19.1474,0.5526450557797419,0.5624705464684671,0.3222849966195001,0.0985327640454328,878.8624303733916,1,2944.0117150582955,2.0736999999999988
1501181350604111330,SN,34.69092,yes,279,17.36,19.8586,18.237298566308244,18.2272,17.7867,0.1929754064121927,0.705993507268394,0.12676259384085817,0.04062397406602426,854.4575215783165,1,2981.981679305398,2.0718999999999994
1004101290744110897,SN,28.79609,yes,11,19.85,21.3383,19.987163636363636,19.8479,19.2671,0.6005145747985263,0.573936271343313,0.2966418598653646,0.11002606373184809,573.8356791554282,1,2187.006473217596,2.071200000000001
1210110261114108086,CV,-27.72372,no,58,15.67,17.7293,16.98941551724138,17.085250000000002,15.6582,0.47661534301109915,0.125744180554808,0.08585739349696452,0.0116698839061806,737.6858615921307,0,2180.0492942132987,2.0710999999999977
811301230494109766,SN,23.13605,yes,10,19.83,21.5712,20.12114,19.8446,19.5009,0.6806409058135333,0.556105658436151,0.3114727290144399,0.12330958672018698,551.1350638673996,1,1422.0839281365988,2.0702999999999996
1411181490344143272,SN,50.69658,yes,233,17.48,20.005,18.724411158798283,18.681,17.9348,0.2871719136308299,0.314913019826525,0.14780213108716803,0.024939968202449293,859.3087821444076,1,3058.3243248383005,2.0702
1511061350204155762,YSO,35.26351,no,226,18.63,20.3412,19.121588938053094,19.13205,18.2721,0.3228516834732855,0.336830920932096,0.2141942951284911,0.03666380154028073,919.4150035401025,0,2949.865992465493,2.0691000000000024
1102121070724121825,SN,7.02025,yes,42,19.28,21.2807,20.028442857142856,19.855,19.2127,0.5863192962395645,0.5541204443472679,0.2978404019376887,0.11278995385569196,388.9933272340649,1,2484.1373285418013,2.067999999999998
803291090704132795,SN,10.50751,yes,33,17.19,19.0792,17.52642424242424,17.4173,17.0156,0.44798986318770617,0.172561457411448,0.09538856816686749,0.017964275282718812,27.623172371396503,1,90.7220497225062,2.063600000000001
1312311010594112568,AGN,0.78193,yes,144,19.5,21.0837,19.979389583333333,19.9672,19.0217,0.4310709294934776,0.5192037821869671,0.28483917621217114,0.07325944802366595,805.9553428194598,0,2987.894057060199,2.062000000000001
1202231320474151098,SN,33.72667,yes,14,19.3,21.1932,20.00284285714286,19.74315,19.132,0.8404482409490096,0.546909191442649,0.3079330480231,0.1503846011196365,829.3037519523318,1,2335.7601036922933,2.0611999999999995
1505241120834142545,Flare,13.32936,yes,128,17.96,21.4248,20.40804453125,20.3917,19.3657,0.4669325360244281,0.5818268862694821,0.3684250709343379,0.09216563412690854,910.4862096817236,0,2992.896755856498,2.059100000000001
1605030070894187198,CV,-6.10192,yes,245,17.05,19.9182,18.549271020408163,18.4934,17.8593,0.3414220033355476,0.268339169320265,0.16499907545752304,0.022231752726652152,910.8689913096852,0,3071.7259484953975,2.0588999999999977
907291120914164148,CV,13.31854,no,29,18.18,19.893,18.61635517241379,18.2262,17.8348,0.6938415728938868,0.286700345587871,0.16508268465421486,0.05197592449873108,736.9908110381416,0,2192.0419094907047,2.0581999999999994
1305191230754108397,SN,23.08015,yes,18,19.16,21.1786,20.024055555555556,19.83745,19.1205,0.7941466987181693,0.573317248698197,0.3294681931168253,0.14722623354520314,897.6875989606028,1,2899.069014664201,2.0580999999999996
1303141040684143755,AGN,5.44634,yes,58,20.2,21.4234,20.26880344827586,20.31995,19.3656,0.4393949200632327,0.5334648135674871,0.3271450210858456,0.07676107544220402,580.7715577618754,0,2598.892264907292,2.0578000000000003
1305031230814133282,SN,24.78646,yes,22,17.91,19.8782,18.751413636363637,18.73245,17.8237,0.5842258828451091,0.294633611539961,0.17205685761613465,0.050728857564945176,14.662927592685154,1,43.935153842903674,2.054500000000001
1105031290524128495,AGN,30.04876,yes,190,19.93,21.3029,20.255972631578945,20.204500000000003,19.2486,0.4363161086350266,0.560424352285433,0.3232407512160418,0.08338229539973542,756.860802665375,0,2977.9579173032034,2.0543000000000013
903191260634131146,SN,27.27813,yes,9,19.31,21.3612,19.820266666666665,19.6534,19.308,0.6339204149575874,0.5687306058331589,0.2609353961459516,0.11966447533483858,116.59454094436408,1,353.9861346990947,2.0532000000000004
1503241350724118474,SN,34.85622,yes,49,19.54,21.4845,20.73856530612245,20.7563,19.4321,0.4773744924720267,0.614659126335911,0.42661720566411065,0.10138913366739914,871.0573584284579,1,3033.7774770139004,2.0524000000000022
1409151350694129846,CV,35.62038,yes,17,17.68,20.114,19.026305882352943,19.0627,18.062,0.6355257798376359,0.287470180031092,0.1882279151643196,0.056400482377233566,653.6021877340048,0,1846.0342275807998,2.0519999999999996
1410241120474136547,SN,13.34353,yes,19,18.85,21.5789,20.623773684210526,20.6474,19.5286,0.6108725606704866,0.591350611831675,0.3945921567310182,0.11834110682417918,784.294034950558,1,2247.962639930498,2.0503
1401301040684105179,SN,3.14782,yes,25,19.41,21.5709,20.462768,20.5345,19.5215,0.5740128705874114,0.561591158766578,0.3768266017488527,0.11485296971650058,909.1344900259563,1,2918.8995767938977,2.049400000000002
904030040654103288,SN,-5.48553,no,13,18.82,20.7728,19.699923076923078,19.8555,18.7235,0.7210887117799101,0.4007160719659439,0.24822268025255298,0.08920881225416596,29.127952955194583,1,108.72768813699076,2.049299999999999
1305021260564136026,GRB,27.69902,yes,18,19.72,21.3951,20.453655555555557,20.665550000000003,19.3461,0.6261480403999778,0.5985107270865079,0.38497887546401977,0.11738815074233834,819.0456819593832,0,2257.9439109259984,2.0489999999999995
1301161230184124892,SN,23.79015,no,330,18.23,20.1099,18.921521515151515,18.93155,18.0609,0.2865014547576403,0.6572881107615369,0.1856678308339854,0.04812093958665289,865.5544950584807,1,2942.9677219097066,2.0489999999999995
1203291150674137948,SN,16.18096,yes,33,19.97,21.5873,20.454612121212122,20.4148,19.5384,0.5164744189923485,0.5681264081835171,0.3534908826824822,0.09465560546675654,565.0128403261392,1,1866.9243866782053,2.0488999999999997
1004091010754106753,SN,0.34185,yes,12,19.21,21.2012,19.892591666666664,19.72115,19.1545,0.7594111935133244,0.54047079647411,0.31618759877799524,0.13805912810971102,492.15953562726185,1,1553.8359939931033,2.0467000000000013
805141180774123041,SN,18.85427,yes,16,18.41,20.1459,18.9582875,18.9212,18.1002,0.6277830685568604,0.30077580689095,0.17691690879943317,0.05197418985914132,12.502151952851989,1,32.018828634194506,2.0457
1409140070124113149,Blazar,-7.32559,yes,47,18.45,21.1408,20.30233404255319,20.3365,19.0961,0.505145920492113,0.508147297510756,0.34155780265953545,0.09106872194667821,781.8721646843275,0,2873.097718749603,2.044699999999999
1111030090134103780,SN,-11.00749,yes,16,19.07,20.9744,19.6641625,19.4254,18.9317,0.7199256645654466,0.492899362928457,0.2554795881917139,0.12245944863680265,468.69596165776034,1,2153.0467356364024,2.0427
809061150174130714,SN,16.33124,no,11,18.9,20.8204,19.32689090909091,18.9641,18.778,0.6451251916559229,0.446751171863595,0.2260796851891767,0.10097580073610626,372.5755435912745,1,1595.8760771762027,2.0424000000000007
1012141320504109859,SN,31.58685,yes,4,18.42,20.4572,19.0614,18.685200000000002,18.418,0.9393968987245668,0.343707359840627,0.1895444832779345,0.10304115252344254,12.484141676911731,1,24.979801099696488,2.039200000000001
903191290664108004,AGN,28.67092,yes,28,20.12,21.1022,20.036682142857142,20.06775,19.0634,0.5566100590336656,0.5024173313558871,0.30378187840877197,0.09328025946447507,605.1230237601912,0,1871.9801672454996,2.0387999999999984
1006031120774105805,SN,11.65246,yes,10,19.57,21.3591,20.35558,20.39835,19.3208,0.6769887522453143,0.5870305391741689,0.35627419436655466,0.1370902994252098,486.7656286371182,1,1836.9415646876005,2.038300000000003
1202221180514124105,SN,18.13096,yes,25,19.21,20.6617,19.61782,19.5729,18.6239,0.5461228799455311,0.511534088491226,0.24394644466505014,0.09146125089276115,181.39616887924703,1,1212.8244939927972,2.0378000000000007
1604271210704117810,SN,21.08,yes,282,17.33,20.7575,19.519578014184397,19.5179,18.7202,0.3538345729226174,0.441777739031452,0.2268213588427862,0.04763399680332433,860.187164952244,1,2985.837460265895,2.037300000000002
1406281150734103537,Flare,14.32281,yes,315,17.51,20.1952,18.960019365079365,18.9588,18.1591,0.232679657399929,0.713039725731839,0.17428302503660092,0.04187956836161909,912.6004297180772,0,2984.9336705901005,2.036100000000001
1410141520294130057,SN,52.57033,yes,41,18.49,21.2994,20.3598,20.4029,19.2634,0.49230549560207015,0.6069814310522379,0.349343312607043,0.1014107088123071,680.1367059894977,1,2517.9907808213975,2.035999999999998
1310031260784132818,SN,27.198,yes,6,18.83,20.6289,19.128083333333333,18.871850000000002,18.5951,0.7464702362898792,0.3833365624192679,0.2042164521613183,0.08954080744631474,1162.0094168735166,1,2572.9989682757005,2.033800000000003
1605141380524125850,SN,38.87672,yes,2,19.21,21.3868,20.37025,20.37025,19.3537,1.4376187968303717,0.599900764639868,0.3996591534850905,0.2831844022465259,1513.2381995271915,1,2140.0419848723977,2.033100000000001
1405091180454129137,SN,19.13998,yes,22,18.42,21.4101,20.552481818181818,20.599249999999998,19.3778,0.5543472236925013,0.601299380566803,0.3934994536542371,0.10824391018430506,861.8208056094318,1,2663.728641956106,2.0322999999999993
1002161320174102834,Var,31.17956,no,348,16.69,18.5032,17.335752586206898,17.28425,16.473,0.3943180907328125,0.153663802578014,0.09966715649646167,0.014463754947108212,943.9990585592601,0,2951.059562638802,2.0302000000000007
1511121520244101103,CV,50.82654,no,22,17.28,19.464,18.189104545454544,18.155949999999997,17.4338,0.6057463554337013,0.237541572151348,0.12957444898163512,0.03800718007362493,735.0915950275443,0,2180.174562685199,2.030199999999997
1002151230584131256,AGN,24.4422,yes,92,19.91,21.3861,20.185130434782607,20.097099999999998,19.3571,0.4503312736049113,0.612439338715435,0.31042968619743594,0.09254647801162393,441.93392584375977,0,2557.0506214466004,2.029
1203230070484145267,CV,-6.45544,no,16,18.06,19.8403,18.585293749999998,18.503,17.8145,0.5440539501051347,0.259652214751335,0.14818123159874633,0.041003897846699666,1030.966238722042,0,2579.863603854101,2.0258000000000003
1004131380744132697,AGN,38.10102,yes,344,18.29,20.1336,18.798188953488374,18.7538,18.1079,0.3376559962905641,0.5101720922034749,0.16399912232895048,0.03652032159968276,898.5758545261058,0,3061.703684676293,2.0257000000000005
1309281150204108337,AGN,14.61041,no,397,17.15,19.0751,17.875086397984887,17.8952,17.0501,0.33163504427652885,0.31385157923075,0.12348954490638939,0.024795659241163292,851.1764898373821,0,2955.88257002319,2.0249999999999986
1209180010154103293,AGN,-2.72267,yes,294,17.64,19.1499,18.17805306122449,18.120800000000003,17.1251,0.3992529824570283,0.555536513571607,0.1236377693389182,0.032699354357358705,924.9246238297775,0,2963.959506944695,2.024799999999999
1409030040054108840,SN,-4.98494,no,22,18.88,21.3831,20.326195454545456,20.360500000000002,19.3593,0.5646746804490702,0.537586917083812,0.34982615719203314,0.1017515924962731,713.9752073576838,1,2591.8077392359046,2.023799999999998
1005310150824158354,CV,-14.6291,yes,18,17.92,19.9461,18.887294444444443,18.878149999999998,17.9228,0.5823929878700996,0.302081055125085,0.19722509594579601,0.06181654256664955,931.474286218511,0,2548.0071902542913,2.0233000000000025
804241150834132813,CV,16.29236,yes,27,18.2,19.9633,19.053766666666665,19.1878,17.9406,0.5361088774321305,0.280498049885473,0.17746891597104864,0.04147888972870734,1078.5411380502524,0,2832.2531881479954,2.0227000000000004
1203301090664128814,AGN,10.14304,yes,252,18.78,20.3996,19.17210873015873,19.15615,18.3773,0.3733665520029272,0.427862048637449,0.18642741846659244,0.036376840895199956,720.9311984855793,0,2358.737001874899,2.0222999999999978
1310091091244132305,SN,10.18472,yes,373,15.29,16.9614,16.143673190348526,16.2015,14.9395,0.24677740128441003,0.142518738807594,0.07025459832812994,0.00760105551083729,932.0591858344237,1,3081.7836772338196,2.0219000000000005
1306081320774109980,SN,31.50749,yes,14,18.18,19.6423,18.050307142857143,17.84405,17.6213,0.5913083153408286,0.2429347281530549,0.12496077129897575,0.03772952245535861,609.8517669289075,1,2292.944377303211,2.0209999999999972
1601301520374108143,CV,51.44737,yes,59,19.4,21.6198,20.563125423728813,20.5352,19.5996,0.4430468409863762,0.646863188551169,0.38264043682993776,0.09919986719980324,743.3455030278599,0,2737.793072523098,2.0202000000000027
1312111070574109654,AGN,6.25603,yes,101,19.59,21.2115,20.184176237623763,20.1841,19.1917,0.44519072927196335,0.544201718102131,0.3043697278053653,0.08018646982901251,737.00936843735,0,3093.229451481704,2.0198
1205260180844119174,YSO,-19.11352,yes,107,12.78,14.7561,13.62213831775701,13.6774,12.737,0.4498333671870951,0.0613061093545128,0.054023104658454266,0.002018533884715391,917.5353343074763,0,2919.9880689466954,2.0191
1403100210714110526,SN,-22.06707,no,9,18.98,21.0618,19.85321111111111,19.7694,19.043,0.6755887440678033,0.5063655281073101,0.2760808131465924,0.10341159715575098,610.0695578343681,1,1839.9484135876992,2.0188000000000024
1511061520254101604,CV,50.83559,no,105,15.51,21.1146,20.148936190476192,20.1171,19.096,0.4419580571214631,0.5192037821869671,0.312266547010928,0.08095548062083911,815.333736551132,0,2836.230202164501,2.0185999999999993
1309171400094125147,CV,40.61777,no,17,17.97,19.917,18.28871176470588,18.2386,17.8997,0.4731015534247814,0.2650970480676869,0.13749794908184748,0.03572876972231863,264.57113319615615,0,1112.9560678471025,2.0173000000000023
1103281260744127610,SN,26.89378,yes,22,19.99,21.239,20.25849090909091,20.2087,19.2231,0.6786795231561917,0.5687305997826271,0.35161185816906015,0.12857491011605907,644.5165346659874,1,2600.9687267709014,2.015900000000002
805141010914129612,Var,0.81998,yes,19,18.54,20.4978,19.43668947368421,19.3629,18.4831,0.579746529762732,0.376576733021715,0.22966741843715072,0.06840368170163467,562.584480718332,0,1646.3506345949063,2.0147000000000013
1002151150564104157,SN,14.34257,yes,21,19.75,21.5788,20.62812380952381,20.8686,19.5664,0.5906930504964159,0.559843350348527,0.39544073172061817,0.10638229175046827,672.2169172897757,1,2631.904681006701,2.0123999999999995
1311101150504122836,SN,15.45396,yes,9,18.76,21.5148,20.536433333333335,20.6909,19.5024,0.7919801575797205,0.5886821744375229,0.3725724203368867,0.1395344769909879,417.41425440066405,1,995.2425730211035,2.0123999999999995
1504280070814128871,Blazar,-7.17048,no,15,18.72,21.1625,20.07878,20.0823,19.1508,0.6320581033417735,0.5450101944226761,0.3034218261932572,0.10075214477055136,520.9461345355385,0,1487.9914424423914,2.011700000000001
804251120584108460,SN,12.01342,yes,10,18.44,20.4542,19.26532,19.23,18.4426,0.6632293600256258,0.342722131001907,0.201254500386221,0.06973086764364868,473.77388303925386,1,1453.9650636920996,2.0116000000000014
1103281350724109732,AGN,34.27667,yes,323,18.35,19.8953,18.678640557275543,18.6488,17.8857,0.3105137232977178,0.314439996984143,0.15179738519342603,0.02816335439808311,861.1945523291753,0,3033.814320636404,2.009599999999999
1104281400414125978,SN,41.12721,yes,28,18.96,20.964,19.761835714285716,19.73585,18.9563,0.5614421366012022,0.477498321497512,0.25230070931995274,0.07536625352797988,420.6005766346734,1,2480.9956221294997,2.0077
1002171320594132636,SN,32.86799,yes,19,19.96,21.1121,20.023673684210525,19.9572,19.1082,0.5570167201181924,0.505701690727496,0.3007915852200882,0.1049159832758433,447.62881199771806,1,1895.8421928006937,2.0039000000000016
1503261290654104534,SN,28.4107,yes,53,18.23,21.3287,20.29590943396226,20.3054,19.3268,0.48710508472313724,0.596441575842659,0.3291156275404547,0.09210532480579631,725.604465094337,1,2319.7817534491987,2.0019000000000027
910200071184138460,Flare,-6.25347,yes,6,18.41,20.4123,19.40625,19.402299999999997,18.4121,0.7658851578402598,0.348994974068905,0.226131280972256,0.08351709201974686,317.34157577386685,0,918.2937677316077,2.0001999999999995
1510130230214106853,CV,-24.91401,no,5,17.94,20.7381,19.25542,18.9322,18.7379,0.8383926329590444,0.481129397961221,0.22314166279583936,0.14449545056474575,326.47722049095404,0,730.0350579055012,2.0001999999999995
1506191071194103098,HPM,5.79719,yes,73,13.67,15.4496,13.518461643835616,13.4876,13.4517,0.23109303359261654,0.0613863827123003,0.05303270423768313,0.0010947810689245659,267.28180197812065,0,1841.9713770253002,1.9978999999999996
1312311010604112737,SN,0.75221,yes,35,18.58,21.5927,20.449777142857144,20.4023,19.5957,0.5595941681179285,0.583116284260467,0.363347204611754,0.1089976795972597,908.1601170227177,1,2963.874806504602,1.9969999999999999
1610100070274103261,SN,-8.30096,no,7,16.29,21.0836,20.442542857142858,20.6104,19.087,0.657381874958391,0.50994604831253,0.36897807490917456,0.1137543480150423,767.6473556339497,1,2079.2182470604967,1.9966000000000008
1402051380434133260,AGN,38.86553,yes,29,19.87,21.5513,20.533372413793103,20.4642,19.5567,0.5485214319921147,0.6117041266388199,0.36722417287919573,0.12039606508382562,229.59861428083863,0,850.7970483797035,1.994600000000002
1511121090044121320,Flare,10.07293,no,249,19.55,20.9796,19.773434538152614,19.7458,18.9858,0.3741928497477022,0.573317242516942,0.27491331093785426,0.07350650844888906,972.8493593102062,0,2958.8779275347915,1.9938000000000002
1606141460534112713,CV,46.22611,yes,138,14.78,20.7368,19.457220289855073,19.4195,18.7436,0.3598885890378071,0.411645302508336,0.21969399146816643,0.04803120418966437,864.8354431517319,0,2952.9474318981956,1.993199999999998
1309130120124115946,SN,-13.12347,no,14,19.0,20.9535,19.557285714285715,19.5137,18.9606,0.544946965460708,0.465087750582506,0.2351818536845229,0.07375622960877694,876.4274724055728,1,2573.906771574104,1.9928999999999988
1005190120754106709,SN,-13.78868,yes,5,18.67,20.3923,18.92848,18.6654,18.4001,0.8332149044514262,0.479018118471298,0.2107813143843742,0.15026646686690504,679.215910847472,1,1518.7841620946929,1.9922000000000004
1204011290764127641,AGN,29.63742,yes,130,19.96,21.4458,20.262014615384615,20.18315,19.4561,0.40588488766249575,0.6507212912915871,0.3335042666465177,0.08226846554116832,717.2945067357497,0,2760.642016897902,1.9896999999999991
1406051460594128650,SN,46.90393,yes,41,18.07,20.8116,19.387946341463415,19.3548,18.8228,0.3223591623465676,0.434594099033917,0.20996162323138456,0.04492994134361368,795.3418504391709,1,2424.58971437491,1.9887999999999977
809241180254136296,SN,18.40696,no,7,17.87,19.509,18.2879,17.8731,17.5207,0.8393941783611959,0.202766040725113,0.14501432134634884,0.048479397754705056,41.8837321504705,1,87.8344847683984,1.9882999999999988
1603021180774128931,SN,18.71911,yes,118,18.1,21.3708,20.156533898305085,20.1619,19.3832,0.4212314233333939,0.600249622684695,0.31550228116574464,0.0832597595596491,841.2957971279083,1,2897.1221447335993,1.9876000000000005
1304161350784103276,SN,33.94331,yes,18,18.25,20.2315,19.169583333333335,19.238599999999998,18.2442,0.6353909840775671,0.328110851392239,0.19803586241330493,0.06340523675175316,391.9704704700025,1,1687.2786992707988,1.9873000000000012
712041070034104055,SN,5.91524,yes,9,19.03,20.797,19.423255555555556,19.263,18.8102,0.5800164030247581,0.498976665138674,0.21883804315052197,0.10765043346382487,353.93704083627136,1,1067.1718952549054,1.9868000000000023
1309031180084122459,SN,18.28188,yes,25,19.11,21.0123,19.779048,19.7047,19.026,0.4953691621070764,0.473755326694295,0.2676614561067328,0.07041663685602575,501.64541115655396,1,2533.021509386599,1.9863
1106040070854120186,SN,-7.73832,no,270,17.53,19.1798,18.128137777777777,18.12805,17.1938,0.1911417609217766,0.8458147380091469,0.1367374183300725,0.06366814242218545,918.7545387898582,1,2989.9005445138973,1.9860000000000007
1010280150184125549,SN,-14.78553,yes,17,18.62,20.4535,19.070952941176472,18.7833,18.468,0.613351644774071,0.3657139727837339,0.19159260677911247,0.0674957204567866,186.8976526389647,1,725.9840196294026,1.9854999999999983
1011011260434138055,SN,27.8232,yes,9,15.18,17.0687,15.72888888888889,15.5726,15.0839,0.5773351246123097,0.182220949836847,0.0752714405001078,0.04017418284727102,547.6244499963324,1,1649.2839779166025,1.9848
1011130180224123656,AGN,-18.15995,no,134,19.03,20.3187,19.075749253731342,19.0171,18.3356,0.3538316682202562,0.322898405137251,0.18106938699709843,0.03537779716932008,847.5177028906838,0,2921.9671023498013,1.9831000000000003
1202011230574141827,SN,25.26771,yes,15,19.24,21.0279,19.64079333333333,19.5945,19.0456,0.5534730467907276,0.530428243065504,0.2436583749507788,0.09442318492090676,301.2492463101265,1,1508.9092135071041,1.9822999999999986
912151010244104656,SN,0.20515,yes,32,19.48,21.2109,20.36148125,20.43555,19.2286,0.5921908407727707,0.588682181068745,0.38048688973987316,0.11870503102421284,663.1023395075093,1,2940.9537518284997,1.9822999999999986
1510011150034109982,SN,14.87278,yes,4,19.21,21.2436,20.600725,20.94895,19.2614,0.910952641926755,0.535773042864456,0.4302259780832932,0.15906511838819914,1054.9517144737647,1,2565.036611875097,1.9822000000000024
1201271010844132020,CV,1.37532,yes,19,18.95,19.6669,18.987594736842105,18.9897,17.685,0.5065151379482743,0.665861291352527,0.24894187330429107,0.1333143475470906,1070.4781692682068,0,2539.0381297572894,1.9818999999999996
1601311460284115377,Flare,45.8058,no,372,18.17,19.683,18.52830887096774,18.530450000000002,17.7018,0.15449280935408935,0.446909060960397,0.14453208207537777,0.025605382050729094,837.4421374854659,0,3111.2677165511923,1.9812000000000012
1504101290614113332,SN,29.07429,yes,26,19.81,21.6741,20.63870384615385,20.44895,19.6929,0.5154992248147563,0.673785866762016,0.40426163566571216,0.12150929988000861,702.7627348042976,1,2592.8845417591947,1.9811999999999976
1505201041144118399,CV,3.5367,yes,349,17.2,20.2452,19.1430770773639,19.1107,18.2654,0.30436559580515155,0.479974667600452,0.19774390345041035,0.04270194006505293,918.2461653062558,0,3080.717818078607,1.979800000000001
1604161490574103760,SN,48.21454,yes,80,17.56,21.1887,19.9636325,19.942149999999998,19.21,0.4292383571919102,0.52134964005932,0.284242079731846,0.0735550353010209,783.0034676215156,1,2931.9598617017036,1.9787
1503141150704117834,SN,15.30534,yes,14,19.32,21.2018,20.47534285714286,20.5015,19.2239,0.5447035435258966,0.524004982860721,0.36305315438067315,0.10182002381566112,662.2113816116606,1,1886.958777812295,1.9778999999999982
1002141230164108008,SN,23.10565,no,5,19.01,20.9315,19.37668,18.9939,18.9537,0.8694500457185566,0.514287662195717,0.24938916127241498,0.14811085502822205,676.6094598177402,1,1512.955130902592,1.9777999999999984
1003201460504104696,AGN,45.34937,yes,126,19.0,20.8147,19.61170158730159,19.584,18.837,0.41815186886759176,0.688895260603437,0.23859356219477854,0.07165818161897466,661.4847860309283,0,2652.941572939795,1.9776999999999987
712161260164123286,Variable,26.80914,yes,58,19.67,20.8539,19.931541379310342,19.92285,18.8764,0.5318686914308648,0.509044527453656,0.30964194120560606,0.08406207373025743,771.6609488579442,0,2572.990755566898,1.9774999999999991
1102050120654141302,AGN,-11.42263,no,223,18.14,19.9697,18.692896412556056,18.6892,17.9932,0.3715480876394297,0.2917915751507999,0.15562257681536598,0.03068054050826249,831.5408249787902,0,2658.736116851702,1.976499999999998
1605301690314108377,SN,68.35434,no,41,18.15,20.9144,19.981031707317072,19.9898,18.9381,0.4164640917528326,0.489833434320927,0.2902924561859761,0.06570686992379773,887.7184441734375,1,2701.7625429975014,1.976300000000002
1306010120884194298,CV,-11.55496,no,32,17.77,19.5017,18.258440625,18.250700000000002,17.5265,0.47751126982773984,0.234669106621617,0.15395332462709632,0.033367696637147275,1180.548320222299,0,2920.0228380323897,1.975200000000001
1103091290644104724,SN,28.43881,yes,11,20.29,21.3452,20.20802727272727,20.2886,19.372,0.5477869934398021,0.5978189017124059,0.3294753129317248,0.10960116794958376,12.39183679717809,1,29.934423286897072,1.9731999999999985
1103110090564131921,CV,-9.42087,no,36,20.09,20.9002,19.774247222222222,19.78385,18.9275,0.505858035695567,0.482875676484367,0.2592230967516278,0.0781744278508405,576.9932709930073,0,2181.9858332872027,1.9727000000000032
1510090090084228144,AGN,-9.29484,yes,119,19.09,20.9993,20.08658151260504,20.1182,19.0269,0.40582999821591614,0.495180937452897,0.30035675218290964,0.0658544957911269,882.6949577266579,0,2968.922007002402,1.9724000000000004
1411241400454118491,AGN,40.80292,yes,297,17.79,19.7508,18.39351851851852,18.3162,17.7784,0.36775703131493764,0.8041455079491329,0.1370480130466658,0.051526596712299276,822.2986709239632,0,2738.767586770802,1.9724000000000004
1010130070124104320,SN,-8.16244,yes,12,20.01,21.0855,19.977166666666665,19.715400000000002,19.1142,0.7278231757449839,0.511079005617784,0.30094006846188237,0.12563623527891027,560.3632137780111,1,2572.9957918863947,1.9712999999999994
1611061091234116212,SN,9.49163,yes,21,18.65,21.4023,20.648147619047617,20.6932,19.4315,0.5223284844032989,0.564536772185196,0.4147676416870465,0.0999759629856231,975.0697498140835,1,2911.105246712905,1.9708000000000006
1404011460544121376,AGN,46.62061,yes,159,18.76,20.5127,19.273574842767296,19.2022,18.5421,0.3979354883739509,0.4332824941220189,0.20714440884430832,0.04868875144392168,830.2205580576904,0,2952.947421006902,1.9705999999999975
1104290011144106641,SN,-2.62299,yes,9,18.89,20.8583,19.784522222222222,19.7921,18.8879,0.6768349979459133,0.466502423181017,0.26229776748297007,0.11539219832888815,785.5514301981883,1,2626.806718541593,1.9704000000000015
1005141460504111692,SN,45.96818,yes,10,19.43,21.384,19.84561,19.53895,19.4141,0.7045060877427995,0.5933731384746921,0.29110694586663477,0.13550423492389388,215.3335722052082,1,689.079381192103,1.969899999999999
1603021180764104503,SN,17.20989,yes,26,19.12,21.3399,20.290234615384616,20.2976,19.3707,0.5723103395482625,0.5541204443472679,0.34003468667567205,0.09774415375638026,862.6996861351424,1,2947.0592365972843,1.9692000000000007
1010291010204113719,SN,1.05928,yes,9,17.34,19.0066,17.777244444444445,17.6104,17.0379,0.7340303078060056,0.2187716300188139,0.12181307208470235,0.05424015677895804,11.876839565766,1,29.911324282300484,1.9686999999999983
1406021120904122625,SN,11.96645,yes,32,18.83,20.7058,19.6691875,19.7428,18.7375,0.4992165324689507,0.4619469446239821,0.26438458023469047,0.07612963225534676,902.435593233279,1,2888.0164667592035,1.9682999999999993
1110261350144140084,SN,35.31864,yes,53,18.55,20.4005,19.531369811320758,19.6499,18.4328,0.5182425358789008,0.36436102927021,0.23911210442491374,0.055662828712454884,935.2525891883649,1,2945.9128946415003,1.9677000000000007
1411231520314123930,SN,52.31566,yes,221,17.17,20.3462,19.19967556561086,19.1816,18.3794,0.2897450728113051,0.4203370336409829,0.18692368705189327,0.03942731041550122,843.0049445654295,1,2875.1496946183033,1.9667999999999992
1204011210724143746,SN,22.38152,yes,8,19.87,21.1004,20.2984875,20.48185,19.1336,0.7561483573961232,0.591686438168588,0.35137449848471825,0.1417834190320819,661.7485744316078,1,1531.8247537960997,1.9667999999999992
912150070114111339,SN,-7.7394,yes,7,19.42,20.5977,19.558314285714285,19.5026,18.6317,0.6918261762142559,0.374622630599169,0.2340728297464283,0.07936140943751084,428.689831384887,1,1422.1130292475937,1.966000000000001
911091120114144525,SN,13.87093,yes,11,19.12,20.9621,19.823172727272727,19.9423,18.9972,0.6675136299595822,0.498551037560796,0.27396942317832146,0.1124830358012158,437.71659918538336,1,1136.920118726899,1.9649
1606151180814106547,SN,17.34747,yes,78,19.11,21.3259,20.274876923076924,20.233600000000003,19.3616,0.4906794917421999,0.5818268862694821,0.3362393392488713,0.1007026961252327,651.8474570293815,1,2933.994048657398,1.9643000000000015
1202191400454110288,AGN,39.99032,yes,269,19.1,20.5662,19.395263568773235,19.3301,18.6037,0.37044014816067816,0.4614290631888839,0.2100522442568187,0.05063110544704661,804.8903729065486,0,2738.767586770802,1.9624999999999986
1304190090644106628,SN,-10.87685,no,12,19.73,20.9696,20.012858333333334,20.00295,19.0074,0.6635097772223832,0.479591430736981,0.3030804724212203,0.11004084849845173,711.586761645678,1,2329.6973389815976,1.9621999999999993
1202011430404119121,AGN,43.51587,yes,45,19.67,21.3835,20.382344444444445,20.4548,19.4221,0.42695753065123265,0.5799068788009699,0.33536931407790893,0.08519413800833382,362.1150932405985,0,1884.853174791686,1.9614000000000011
1602150070504136052,Blazar,-6.47469,no,46,17.28,21.1252,20.058234782608697,20.12975,19.1651,0.533275476535717,0.597818894804744,0.3022445659198239,0.09178580294524633,886.4656421145285,0,2860.0909362727907,1.9601000000000006
1609251231144129676,Flare,24.47534,yes,337,18.46,20.0662,18.952545400593472,18.9412,18.1065,0.22760334855167816,0.3761836347809439,0.18020917908259568,0.028723978852481596,942.0400607636435,0,3032.8079992132043,1.959699999999998
1411171260124140249,SN,27.65955,no,29,16.94,19.4126,18.83532068965517,18.9662,17.454,0.4981959499601032,0.212121241218035,0.16233029582414102,0.032667076597054125,798.4852718744531,1,2545.042131955699,1.9586000000000006
1004041150614117315,SN,15.23622,yes,12,19.64,21.052,20.045275,19.95975,19.0938,0.6399273483266384,0.498976665138674,0.29405870300840076,0.09984728266142259,416.20948448828256,1,1849.9645354399981,1.958199999999998
1610051290094112842,SN,29.08975,yes,18,18.46,21.322,20.60422222222222,20.787599999999998,19.3642,0.5631881856167623,0.542594324643371,0.3960606977856855,0.11088919340252665,956.5163412810974,1,2952.899784907204,1.9577999999999989
1509181010044129523,SN,1.76305,yes,2,18.16,20.7282,19.75,19.75,18.7718,1.3833837067133632,0.4147014488623119,0.30423772306239993,0.15621929917649824,584.0117346105001,1,825.9173156712059,1.9564000000000021
1504011150754113788,AGN,15.20085,yes,333,18.0,19.8392,18.70128738738739,18.7175,17.8843,0.35311025440810345,0.475056314022012,0.15267791984970297,0.031054782972622583,907.3198487085596,0,2984.9288806943005,1.954900000000002
1302021320494133884,AGN,33.31484,yes,67,19.78,21.3005,20.296910447761196,20.2848,19.3457,0.4677851278079275,0.573317242516942,0.32971821701874027,0.08828086992168532,439.71159610533863,0,1911.942764606698,1.9547999999999988
1509241150104120201,SN,15.26653,yes,7,18.84,21.3195,20.421142857142858,20.4498,19.3649,0.6546139647587289,0.5558208859531191,0.37227758580889797,0.11958637856060075,768.4996408893967,1,1869.8055548379052,1.9546000000000028
1011141070224114414,Blazar,6.48875,no,22,18.34,20.2895,19.33626818181818,19.27035,18.3362,0.5777719325843468,0.339593067842613,0.22731160949825338,0.06189209230436935,444.1961986081929,0,1738.2990509374067,1.9532999999999987
1502131490314127926,AGN,49.55821,yes,51,18.85,21.4101,20.447047058823532,20.4478,19.4577,0.49064141706665654,0.585391153669409,0.3593472530696992,0.10146485289195956,667.048325774641,0,2874.1560511923744,1.9524000000000008
1410261400044145332,Nova,41.23468,yes,11,17.7,20.2659,19.443818181818184,19.4594,18.3141,0.5674515747060385,0.317491145413543,0.21906125400051407,0.05659663598185031,818.6650407628939,0,2099.0227870833987,1.9517999999999986
1502081210164117530,AGN,20.92127,no,362,17.9,19.4732,18.053711602209944,18.0411,17.5231,0.23079900161134395,0.496437487506258,0.1295930231953925,0.03396680472440209,891.1150292160391,0,2950.8980641552043,1.950099999999999
1404041180574118292,SN,18.14608,yes,16,19.23,21.4079,20.5521,20.5979,19.4579,0.5752233850137416,1.01813571688045,0.45656806224451063,0.19521199113727414,800.9064665642305,1,2486.0004744674006,1.9500000000000028
1403261350654139683,AGN,36.50115,yes,20,19.74,21.4051,20.52311,20.5962,19.4551,0.5275525485424982,0.5930347784858921,0.3919871712371675,0.11050776761638959,619.0284785856508,0,2251.8779121525004,1.9499999999999993
906170041114142375,SN,-4.26168,no,6,18.23,20.181,18.980266666666665,18.5704,18.232,0.8977901217248209,0.31309136098525,0.225184331030117,0.06305603521037564,21.59303826419668,1,41.8286306250011,1.9490000000000016
1003141260454126769,Blazar,27.1622,yes,171,19.81,21.3187,20.12323567251462,20.0555,19.3721,0.43542126304100587,0.55639081764499,0.2966203794584089,0.0830071279362432,548.8880946738786,0,2318.809182048615,1.9466
1501241120674102252,SN,11.41181,yes,31,19.04,21.565,20.69111612903226,20.7152,19.6187,0.5611785984852323,0.6020019555096761,0.40589902633976555,0.11530552973119598,675.2535174471243,1,2650.800751342402,1.9463000000000008
1209211151114137208,Blazar,15.38871,yes,9,18.91,20.8547,19.884333333333334,20.1069,18.9128,0.7740483802708976,0.584088352063124,0.34280654021729623,0.15389801368495568,487.8969322215877,0,1162.8470055096914,1.9419000000000004
1312300090164126800,CV,-9.45623,no,75,14.66,21.1716,20.209505333333333,20.1772,19.2302,0.507610235636087,0.544470869992558,0.323369956573603,0.09181147149344077,844.6012196948079,0,2924.024770972297,1.9414000000000016
1602121210624125015,Blazar,21.50154,yes,4,19.62,21.2386,20.277975,20.28705,19.2992,0.7918464092444542,0.573317248698197,0.3726754999211327,0.15212380330856057,640.0397321603209,0,1318.675786157095,1.9394000000000027
1510161150164123038,SN,15.54176,no,345,18.59,20.699,19.581343188405796,19.5667,18.761,0.32578023823357616,0.522311019024571,0.2444035581063066,0.05483782694903902,870.4968299656811,1,2975.876645243203,1.9380000000000024
1504181230554106868,SN,23.07922,yes,37,19.39,21.5385,20.78782972972973,20.8247,19.6012,0.4812041348215634,0.5883508708884411,0.4230571845393995,0.09948773677561885,784.2148998272389,1,2982.9867767359974,1.9373000000000005
1306061400584118076,SN,40.7353,yes,11,19.45,21.1227,19.829254545454546,19.6382,19.1856,0.6923694004845047,0.495180931191506,0.28119864814663625,0.1106849539593548,681.8852596156889,1,1518.895346909696,1.9370999999999974
1101031380394131761,SN,38.45209,yes,27,19.6,21.1228,19.867459259259256,19.7627,19.1865,0.5228509769002877,0.507031717820165,0.2694626286128423,0.09386306120498465,200.14326626867998,1,1193.652193240494,1.9363000000000028
1009111040054133182,SN,5.34999,yes,13,19.27,21.0044,20.187238461538463,20.4093,19.0698,0.692566459552754,0.497914429017561,0.30049711186766115,0.10458659894056084,816.0249666866221,1,2478.2275487152074,1.9345999999999997
1604021150544141940,SN,16.87445,yes,8,19.02,21.2855,20.4964375,20.5303,19.351,0.6904649508793747,0.601650394668796,0.42926061573258023,0.14887564309971532,968.6827078653157,1,2416.2615890972957,1.9344999999999999
1512050010064119041,SN,-1.25622,yes,29,19.36,21.1998,20.38006206896552,20.2656,19.2666,0.4999216527286999,0.598510737479804,0.356712070293948,0.10584166118479733,992.9040821882933,1,2996.844070138897,1.9331999999999994
810311320084103560,AGN,31.17523,yes,59,19.71,21.0086,19.94456779661017,19.8393,19.0776,0.48259368482680853,0.460055749798865,0.2738311805836497,0.07185622236267815,830.1310790140033,0,2238.822889965508,1.931000000000001
1209190090144112412,AGN,-10.55561,no,246,17.91,19.6333,18.52269512195122,18.540399999999998,17.705,0.3601123335744434,0.258483404817962,0.1412652610673806,0.02277813241662374,885.4268053838022,0,2965.010676470105,1.9283000000000001
1601021150024109668,AGN,14.80021,yes,55,19.16,21.152,20.23181090909091,20.1909,19.2239,0.5317178103832786,0.529926639538863,0.33841449824163383,0.09359308647899155,1136.9593068195243,0,2937.872182372492,1.9281000000000006
1404021460424123234,SN,46.70467,yes,4,19.64,21.491,20.7761,21.0244,19.5646,0.8606149196940532,0.6195424470999511,0.455430025944429,0.1845946135959825,654.7068078400454,1,1177.0265095830036,1.926400000000001
1503131380534110321,AGN,37.41129,yes,48,19.41,21.3985,20.526243750000003,20.4816,19.4774,0.4429082081099534,0.577058216008813,0.3808239213749223,0.0888646095324066,670.0671405253942,0,2652.8797921993973,1.9210999999999991
1404211040774107611,SN,3.26709,yes,110,18.11,21.2957,20.193205454545453,20.1814,19.3751,0.48153743704173996,0.5271903622582679,0.31607141292029567,0.08641757712162687,851.3601248687762,1,2992.856633391297,1.9206000000000003
803121230704128898,SN,24.33681,yes,10,19.25,21.169,20.05576,19.86535,19.249,0.6577070492754868,0.501983748397272,0.3063046201292721,0.1005829721461711,13.677094746654499,1,36.86867864568194,1.9200000000000017
1206101260734119158,AGN,26.59398,yes,43,20.22,21.3532,20.236641860465117,20.1949,19.4346,0.45391126793500197,0.592696929684927,0.33399473693565185,0.08724682894062416,365.4691880985079,0,1975.7616222687066,1.9186000000000014
1204151040924106888,SN,3.01764,no,9,18.41,20.3254,18.95402222222222,18.8221,18.41,0.5985014761422437,0.464560248452948,0.2037994979997452,0.10103998708952719,219.00030082926892,1,664.0668627665145,1.9153999999999982
1104061320694106837,SN,31.5319,yes,8,19.1,20.6428,19.6567875,19.5696,18.7279,0.7108351314525343,0.3983947746817029,0.25720614971213707,0.09594873351646056,9.196202907618257,1,27.88819449050061,1.9148999999999994
1506191070674128595,SN,7.72688,yes,22,19.35,21.456,20.65226363636364,20.76455,19.5416,0.5606244083039437,0.590346205535146,0.4180084578889554,0.10236393793931477,950.0357098957436,1,2956.982284421596,1.9144000000000005
1302111070584108234,SN,6.10726,yes,15,20.14,21.2275,20.113126666666666,19.9763,19.3141,0.516957662630491,0.5639443661355009,0.30184876905618013,0.10163496265108984,478.544000847215,1,1590.858994236296,1.9133999999999993
1304081290754138475,AGN,30.12297,yes,356,18.54,19.9696,18.76711573033708,18.69645,18.0567,0.3264894050085624,0.835706515819803,0.16318641973788328,0.060278546205447724,918.8049346075073,0,3087.7531949770055,1.9129000000000005
1503151320704137608,SN,33.35341,yes,3,19.48,21.7142,20.98166666666667,21.4249,19.8059,1.0284668508675086,0.6109712331428729,0.499059358659657,0.16817666279534754,937.0606548968778,1,1861.8988009255918,1.9083000000000006
1604281520544131783,SN,52.99462,yes,48,18.3,21.2862,20.403245833333333,20.353749999999998,19.3791,0.4420455112596697,0.5773728957090579,0.3624096659414234,0.08414377259998251,743.008927161704,1,2568.8785724537956,1.9070999999999998
909221150914166376,CV,16.0189,no,185,16.97,18.7442,18.02993243243243,18.1507,16.8383,0.38632899477425975,0.221262042147798,0.12364937864652059,0.01901158190969336,947.3479094516908,0,3072.6757294558993,1.905899999999999
1212201040594136782,SN,5.03941,yes,24,20.17,21.1331,20.21925,20.22935,19.2275,0.610664276939822,0.530428243065504,0.3331503136154315,0.11853880122388556,778.6120333894743,1,2495.200052372602,1.9055999999999997
1312231120274170394,CV,13.83266,yes,11,17.76,19.4341,18.559763636363638,18.696,17.5304,0.7532123170431133,0.2763601795432019,0.19718212353032022,0.07003860596943831,6.670456603903576,0,16.07747440969979,1.9037000000000006
1003151010704126003,SN,1.63131,yes,27,19.98,21.2707,20.08718148148148,19.9867,19.3686,0.5204126794684842,0.531687839816706,0.2937238303658886,0.09757528402722808,298.06971761901025,1,1592.7449700463912,1.9021000000000008
1411271070534115143,AGN,6.63433,yes,20,19.27,21.4675,20.605305,20.68075,19.5659,0.5266718137961908,0.5541204443472679,0.3782247322368653,0.09885899190240419,598.264237747407,0,2036.3284941433012,1.901600000000002
810281350024129850,Var,35.31716,yes,52,20.16,20.9113,20.05825,20.009050000000002,19.01,0.3937737264560172,0.469547838471161,0.28736137531828077,0.07281752838247452,1113.6003327419064,0,2635.9613172918034,1.901299999999999
1112290040664120037,SN,-4.41877,no,12,19.43,21.0538,20.212816666666665,20.237650000000002,19.1542,0.6228833931926194,0.483461593257266,0.3304948349331101,0.09948111091222159,370.96782382620097,1,1406.2217706595984,1.8995999999999995
909281150204138107,Var,16.46182,yes,21,19.4,20.9737,20.242104761904763,20.1951,19.0743,0.5763586326899174,0.540999597261161,0.3949516473626203,0.1055514393812883,813.0055362651536,0,2595.826987893299,1.8994
1405051380494117065,SN,38.12949,yes,20,19.2,21.5176,20.429305,20.381,19.6208,0.5090098442590594,0.625695620331474,0.3711820196047347,0.10785866574244879,802.6129309687334,1,2213.05803663189,1.8968000000000025
804151120864114007,CV,11.88252,yes,33,19.54,21.1009,20.169360606060604,20.2172,19.205,0.5231522824064916,0.5101720989890399,0.32183927673426427,0.08618705610553126,772.0886021097602,0,2976.955369039504,1.895900000000001
1003161320754141950,SN,33.31991,yes,29,19.84,20.8676,19.57071034482759,19.4774,18.9732,0.4534304430393673,0.4305488626405049,0.21641838826319829,0.0598432171808553,28.34893213273384,1,80.90347967599519,1.894400000000001
1304291090754107901,SN,9.05619,yes,15,19.5,20.9327,19.994933333333332,19.9383,19.0384,0.5523195421734295,0.473016239220765,0.29978548381786874,0.09008874129196337,488.8157100510202,1,1905.7699631020005,1.8943000000000012
1401011460424115101,AGN,46.04898,yes,27,19.88,21.3135,20.34028888888889,20.312,19.4195,0.4996410506425393,0.565428519789496,0.3364786588834106,0.10416402662053528,505.223882033141,0,2241.914480798303,1.894000000000002
1403271230814126077,SN,23.94849,yes,6,18.51,19.956,18.994716666666665,18.9167,18.062,0.7487112698942541,0.269722204515251,0.195005094740993,0.05065500221809746,711.6802940421459,1,1910.8609750347023,1.8939999999999984
905181290604128124,SN,30.02827,yes,6,19.41,21.3067,20.300883333333335,20.0214,19.4137,0.7459298047850528,0.569033346783519,0.35525007496635336,0.14655108069003464,711.3847261513151,1,1450.8443782985996,1.8930000000000007
1512061120464134253,Flare,13.16773,yes,191,18.97,21.247,20.26923769633508,20.2804,19.3541,0.3954224435806545,0.55327541883481,0.32098452972490404,0.07148813193382693,859.431985774634,0,3130.252597395811,1.892900000000001
1512011120114134829,SN,13.7132,yes,53,19.22,21.3118,20.514556603773585,20.4825,19.4193,0.4674792885208243,0.5900124057604941,0.39053355661851863,0.09547081163929538,938.5982798483403,1,2887.1109383684015,1.8925000000000018
908181261124104878,SN,25.69475,yes,10,18.55,20.4436,19.44452,19.6326,18.5523,0.6971839655197033,0.496227474217611,0.2682129175056126,0.11880486635858944,27.4609443438647,1,106.75899504619156,1.891300000000001
1304031090804140600,SN,10.64601,yes,19,18.49,20.1753,18.916942105263157,18.7113,18.2862,0.5424398024110756,0.795265304146261,0.22812376702883902,0.1653057035143197,10.788283777060588,1,38.889224259102775,1.8890999999999991
905041430674135550,Blazar,43.942,yes,300,17.91,19.6246,18.51631666666667,18.4952,17.74,0.375775257037448,0.253023026931221,0.14541900110504502,0.02818793113211613,906.7511813831919,0,3081.749256921299,1.8846000000000025
1110301150434131503,CV,15.33414,yes,19,16.23,18.0623,16.947794736842106,17.1131,16.1777,0.6937620401146861,0.1031347447466649,0.08165258705782565,0.012329445928994572,350.716986516881,0,771.964013495497,1.884599999999999
812061381024155978,CV,39.2209,no,14,18.07,19.954,19.08385714285714,19.16365,18.0721,0.5532671544342967,0.2862503091422039,0.20323448149680454,0.05372944846423449,734.5739539537797,0,2004.7750769211052,1.8819000000000017
1403121570394120173,Blazar,57.81053,yes,15,18.52,21.0031,19.881500000000003,20.018,19.1279,0.5638076343678108,0.487617583462017,0.27327306932979806,0.0806247069831627,203.71877024636674,0,523.817721354193,1.8751999999999995
908170090094126293,SN,-9.94046,yes,12,20.34,21.1489,20.411224999999998,20.416249999999998,19.2738,0.496997051619205,0.527932869961523,0.3493583338859021,0.08956973195686205,632.1024920831962,1,1505.001246620399,1.8750999999999998
903161180254156549,CV,19.23886,no,17,18.36,20.0346,19.072770588235294,18.8168,18.1598,0.5797481875399721,0.338131311538811,0.20950723637020197,0.06379517070755303,581.8989243180177,0,1458.0546677431994,1.8748000000000005
1604011380344147227,SN,39.02283,yes,2,15.83,18.5577,17.6203,17.6203,16.6829,1.3256837933685397,0.195611255477522,0.19452432502101796,0.0015371517929444066,777.8872528642692,1,1100.0987029977987,1.8748000000000005
1312231520224138706,CV,52.12912,no,28,18.09,19.7821,18.614085714285714,18.6607,17.9078,0.6057676774536742,0.326785195317855,0.16146040609402568,0.05593655616271911,859.292552406565,0,2614.920293205905,1.874299999999998
1604031460534124173,AGN,46.74891,yes,108,18.92,20.9575,19.80564537037037,19.74475,19.084,0.358780948030904,0.501551179208688,0.2609393232450681,0.05737939161647481,836.4473324832725,0,2952.9342547455017,1.8735
1602160040674118314,SN,-4.36279,no,59,19.13,21.3427,20.389989830508473,20.3812,19.4693,0.4696236999449346,0.5971291983694389,0.3547995895386964,0.09939541644097394,943.7016737666878,1,2957.996448101898,1.8734000000000002
1101161380514121768,SN,38.40739,yes,12,18.49,20.1783,19.236700000000003,19.1219,18.306,0.6904120258617649,0.308248389792344,0.20328100189317924,0.06393981362495854,20.90073424716086,1,49.00802365710115,1.8722999999999992
1411180090094108372,CV,-10.73257,yes,32,15.87,21.2197,20.064528125,20.07685,19.348,0.5022111695899323,0.66448811191672,0.30922884992995164,0.11583648420486836,829.5882161270883,0,2939.099431643808,1.8717000000000006
1005170210614102666,Blazar,-22.47703,no,67,17.43,19.2636,18.4874552238806,18.5804,17.392,0.4315000664642603,0.343859647893441,0.15217916351003935,0.04470359915974368,754.8620750872944,0,2503.0869536805913,1.8716000000000008
1104051010764122544,SN,1.19808,yes,17,19.9,21.1813,20.028205882352943,19.8963,19.3097,0.5872938856213604,0.542861355248913,0.28212802917304,0.11017231091216535,169.52925924170376,1,739.0360340623956,1.8716000000000008
804031400524129090,SN,41.6378,yes,27,12.97,14.5608,13.520492592592591,13.5977,12.6923,0.537358774953888,0.0557013887869458,0.052663064545636504,0.0012366635835988665,29.812753521377324,1,91.94424184039963,1.868500000000001
810020151234124150,SN,-15.17508,no,17,19.3,20.979,19.722270588235293,19.7025,19.1117,0.5192681192850971,0.48902452459515,0.24822706076163387,0.08192207699559816,450.0258471584361,1,1880.8196117011976,1.8673000000000002
811301180524114826,SN,17.87347,yes,34,18.92,20.6649,19.463526470588235,19.4151,18.7983,0.4658721585005412,0.3761836318369879,0.21655654172054095,0.05907860818482204,42.78330808992887,1,144.73908557870163,1.8665999999999983
1202191150664141850,SN,16.58673,yes,6,17.41,18.8156,17.50068333333333,17.28765,16.95,0.6621837884354058,0.153559661435706,0.1040594747198575,0.02547360065838048,420.22247515586446,1,1034.1769634839075,1.8656000000000006
1309120010164143104,SN,-0.31226,yes,14,19.47,20.9273,19.8767,19.79835,19.063,0.5459734200349092,0.478256583682266,0.28949656585016215,0.07962374318480872,14.287329685115527,1,37.006717777803715,1.8643
1302111320514122668,SN,32.3692,yes,50,19.46,21.3234,20.296508,20.221400000000003,19.4611,0.5194827466012001,0.590346205535146,0.33315658610723503,0.1059101666660314,840.5780693934695,1,2650.8743325810938,1.8623000000000012
1103090150704112168,Blazar,-16.29014,no,177,17.76,19.4335,18.381725423728813,18.4243,17.5712,0.35861337924067316,0.680987250883308,0.13732376455525505,0.04650583393562314,854.572406077226,0,2960.964795578795,1.8622999999999976
1005131040854136966,SN,4.7261,yes,4,18.49,20.2525,18.930175,18.53705,18.3941,0.8849596200769109,0.392640430708601,0.20218865339415376,0.12705540825907435,896.0865226883651,1,1792.182330682801,1.8583999999999996
809301210064140058,Comet,22.25355,yes,3,19.41,19.4069,18.51823333333333,18.5992,17.5486,0.9317920494044436,0.194617070638783,0.14091643006267593,0.051122929406534755,0.005413546321205372,0,0.010827037098351866,1.8582999999999998
904231230574110784,SN,23.33347,yes,11,19.84,21.2066,20.384563636363637,20.3295,19.3506,0.6395663941651825,0.536031157962306,0.3701444949505372,0.12333189055711472,661.7904108898565,1,1938.9888565740039,1.8560000000000016
810290041224133176,SN,-3.14753,yes,8,18.49,19.9213,18.7992,18.68115,18.0657,0.7076768491742144,0.2550058421661499,0.16053857126995408,0.05342381410917294,103.73121381741113,1,301.19688453710114,1.855599999999999
1303311550494131001,Blazar,55.75531,yes,132,18.16,19.8799,18.778325,18.7501,18.0245,0.3748604897489366,0.649858695017091,0.16518938884273318,0.05308781410546095,792.827306384905,0,2578.932124467501,1.8553999999999995
1502071520284106252,SN,51.20975,yes,15,17.14,21.218000000000004,20.446573333333333,20.641,19.363,0.616764552745868,0.549929364563407,0.3692486096046294,0.11913376659731147,885.128199045589,1,2331.940791794201,1.855000000000004
1412241230534106596,AGN,23.04145,yes,28,19.67,21.3267,20.330917857142857,20.2744,19.4739,0.46061592826672454,0.570553511498524,0.3389187367630696,0.09409650882257291,735.586940174501,0,2735.688344525697,1.8527999999999984
1303171290404124281,SN,29.50857,yes,14,18.24,19.8693,18.79082142857143,18.763350000000003,18.0181,0.5231700623323918,0.267306471496391,0.1609348007012952,0.04126245394075647,14.509808903655513,1,42.99847571740247,1.8511999999999986
1101151180704125371,SN,18.4896,yes,21,19.81,21.3356,20.45113333333333,20.5107,19.4861,0.5625703878923358,0.569336526205408,0.3897005325779296,0.1074304035392608,845.3436878610398,1,2947.908200011603,1.849499999999999
1110221290484112027,SN,28.98568,yes,69,18.69,21.4487,20.495365217391303,20.4746,19.6004,0.44032060272504026,0.586373311420922,0.36894951619433763,0.09319467509406389,789.4664420212943,1,2977.969136690197,1.8482999999999983
1305071041154114511,SN,3.35961,yes,8,17.96,19.7277,18.676625,18.441850000000002,17.8833,0.8560020856950556,0.260191835158277,0.1717539687935171,0.06588380052674235,6.413954472326667,1,12.013933148205979,1.8444000000000003
1110301180524111833,SN,17.45976,yes,6,19.43,20.892,19.755300000000002,19.53765,19.0501,0.6823633782670342,0.38458339003301,0.24862342388074898,0.08242279006008381,97.95814571480885,1,242.22208377321658,1.841899999999999
1512021460374112390,AGN,46.10122,yes,264,17.89,19.8275,18.74051022727273,18.70075,17.9888,0.3629159492841491,0.390446099930467,0.15601776155144575,0.03837767406638262,842.9092157551137,0,2902.082149363603,1.8386999999999993
803041070894154850,CV,7.53544,no,20,18.73,19.5877,18.431735,18.155450000000002,17.7502,0.6240753364399455,0.233906270292533,0.1481393083869481,0.039438161981135415,1007.0960648799715,0,2691.4291259371093,1.8375000000000021
810261350124145648,CV,35.94676,no,12,14.14,15.9574,15.098283333333333,15.3903,14.1205,0.797283276717462,0.0652611699827485,0.05931205599292779,0.004890730431937118,9.603875405404368,0,22.029646006900293,1.8369
905300041204121888,SN,-4.54135,yes,13,19.69,21.0763,19.966600000000003,19.8137,19.2416,0.5638795719536811,0.499403274401882,0.3124297321016249,0.09271542485009387,475.35395142690953,1,1761.1428423724064,1.8347000000000016
909220120294106712,CV,-13.88222,no,17,17.98,19.6658,18.793282352941176,18.745,17.8311,0.5815387339155654,0.268599210326526,0.18095791446641504,0.05186072649214585,712.5988891182988,0,1856.003971805796,1.8347000000000016
1412270090724102435,SN,-11.21433,no,123,16.45,19.0418,17.801030894308944,17.7781,17.2071,0.2663465969248636,0.5391548376949811,0.11166339703523155,0.04156830263662951,880.1461074938724,1,2930.012134201301,1.834699999999998
1402251180534136865,SN,19.22832,yes,3,18.8,20.5078,19.779799999999998,20.157,18.6746,0.9730701105264703,0.3712702254976789,0.26872273449286127,0.11542387841491329,550.1270324406543,1,1072.1410606019126,1.833199999999998
1311061180184119159,CV,18.14086,yes,384,18.09,19.9878,18.75644427083333,18.755699999999997,18.1556,0.20067213005074053,0.5488259651074701,0.16210787497152265,0.04052128727590621,847.3000446323689,0,2975.890817754902,1.8322000000000003
1510121290424116485,SN,29.2941,yes,5,19.11,21.4608,20.50938,20.4343,19.6287,0.7292479530310656,0.587359882133207,0.3860524893885432,0.14638506661573367,1205.6901742654065,1,2631.8644368056994,1.8321000000000005
1304061210644103282,Blazar,19.93781,yes,27,20.0,21.4517,20.540425925925927,20.5254,19.6229,0.5281650139817115,0.601299387581521,0.3898037988459425,0.12040465800273346,922.1774205211594,0,2978.8699143979975,1.8287999999999975
811031090254112665,SN,9.1421,yes,7,18.82,20.148,18.929642857142856,18.8196,18.3196,0.5997409214462053,0.3231534190002069,0.18153161853141508,0.06471043297278398,30.28269972548601,1,85.79371658569289,1.8283999999999985
1302141230554138125,SN,24.66069,yes,17,18.76,20.5639,19.33209411764706,19.1389,18.7366,0.6173287449473227,0.411897612464668,0.202458436897453,0.0888036320856579,742.7863288003072,1,2534.1587580902924,1.827300000000001
1502180070514111915,Flare,-7.8787,no,92,17.08,19.7922,18.70678695652174,18.71125,17.965999999999998,0.25384045271074074,0.243348232214998,0.152072673122928,0.0171744695376401,799.1838532593393,0,2830.2346632754925,1.8262000000000036
810010070044133087,SN,-6.16089,yes,9,19.74,20.3957,19.481366666666666,19.5768,18.5723,0.6357006233283088,0.439196519547474,0.2328691137714362,0.09494657632614942,136.49132182902065,1,427.8502224883923,1.823400000000003
1504291690274115660,AGN,69.0479,no,75,17.36,19.5518,18.434696,18.3969,17.7299,0.33921298955240714,0.7852200870388621,0.16911439323029992,0.1018869269126509,905.1913259211591,0,2569.8881823263,1.8218999999999994
1512111350144153125,SN,35.98713,no,6,17.73,21.3493,20.269333333333332,20.200049999999997,19.5287,0.7259442090592543,0.524979596792609,0.3426802281566646,0.1276342604499203,745.9260910710603,1,1714.2096208099028,1.8205999999999989
1410181211094157719,Var,21.53328,no,133,14.77,16.5121,15.659011278195488,15.7367,14.6935,0.518259079450081,0.0751215009918622,0.06519905261105048,0.004902125686206873,837.549438234787,0,3121.728156366,1.8186
1003150010554112410,SN,-1.97083,yes,6,19.0,20.595,19.45395,19.24425,18.7788,0.6726042722136095,0.376478350031875,0.22124506370243732,0.08454360571583763,150.48150275714536,1,392.1192937848027,1.8161999999999985
1109261070014122864,SN,6.87665,no,12,19.35,20.8276,19.840541666666667,19.905250000000002,19.0126,0.47825946259389995,0.447859640878879,0.24745487450494782,0.08583259916266915,346.3412997979972,1,1037.156899363501,1.8150000000000013
1103290230684131567,Blazar,-24.02056,no,84,16.89,18.6546,17.71375952380952,17.7228,16.8408,0.39300916483352377,0.4393472192215349,0.12831245705185484,0.0740630719987144,787.0066069934211,0,2588.989881134199,1.813799999999997
1205171400674125150,AGN,41.06858,yes,283,18.67,19.8069,18.765101060070673,18.8154,17.9961,0.34248840115826673,0.286880937488274,0.1588171799742296,0.02871766414902956,897.5732340042746,0,3033.8448849306005,1.8108000000000004
1306031350664132920,Flare,35.61559,yes,12,19.95,21.4396,20.390625,20.20665,19.6303,0.6299917865626209,0.584738776412944,0.36204246231909004,0.13306262645721667,1037.1064994350597,0,2585.0307562732996,1.8093000000000004
1502141180734110155,SN,17.53207,yes,7,17.1,20.0781,19.309885714285713,19.3783,18.2713,0.6751978387321529,0.287061863524969,0.2035811275923403,0.05206346593953851,670.0998588958097,1,1895.8928465507051,1.806799999999999
1601161090414163632,CV,10.64936,yes,8,17.98,19.6624,18.7009,18.61825,17.8573,0.8698322941808958,0.211492474085203,0.15155029813805698,0.05016025680185198,792.6234683198105,0,1482.881224085504,1.805100000000003
1305171490344119052,Flare,49.41889,yes,256,16.92,18.4094,18.00709140625,18.0287,16.6049,0.17480195988821098,0.141779682963226,0.11094362330552335,0.008417282091222372,870.3587421231321,0,3058.3373445835896,1.8045000000000009
1010120211144113147,SN,-21.69836,no,152,16.77,18.5061,17.92269539473684,17.95935,16.7018,0.26228560120823946,0.151458556621912,0.11168038147120007,0.01236134423832419,967.8123739534191,1,2951.954740567111,1.8043000000000013
1401031120694103642,SN,11.47578,yes,15,18.59,21.4387,20.56706,20.5548,19.6361,0.616507304788145,0.5666233608151551,0.38784361326772626,0.11809039442997031,856.823218124412,1,2636.909150705702,1.8026000000000018
1501191040704118187,SN,3.89261,yes,79,18.26,20.8141,19.90826329113924,19.9289,19.0141,0.40307626439327165,0.4410142578743989,0.2652007627936046,0.05900759638223229,717.7145916833433,1,2296.8121045139123,1.8000000000000007
1411240041264114071,AGN,-4.58597,yes,298,18.05,19.3235,18.460225167785236,18.42185,17.5248,0.3184727503750513,0.245960649034557,0.13916139296654856,0.022638250934681057,893.9919017771005,0,3013.8333412498105,1.7987000000000002
1012060090074115654,SN,-10.21814,yes,4,18.2,20.0016,18.735975,18.3696,18.2031,0.8474034394352373,0.305825061439343,0.1720906361101465,0.08921227135623437,505.58118794605434,1,1011.1743748029985,1.7985000000000007
1409020211034165835,CV,-20.54012,no,37,16.38,20.4226,19.659827027027028,19.6844,18.6243,0.4338961707909242,0.459884877287325,0.26071154581246186,0.07428489589736953,1061.9001552850496,0,3031.7567253470042,1.7982999999999976
1004050040634107943,SN,-5.07894,no,220,17.0,18.7953,18.17238136363636,18.18685,17.0009,0.2485609704756443,0.267968984895161,0.12207732950051878,0.018937912220768943,826.9692849628624,1,2956.032938102202,1.7943999999999996
1404041230504100859,SN,22.61162,yes,8,18.78,21.491,20.627825,20.802100000000003,19.7003,0.6097465205195627,0.542327676998377,0.4112108384064215,0.10527507409810952,701.6857985243792,1,1923.7899545370965,1.790700000000001
1404271230544116424,SN,23.76836,yes,34,19.6,21.5956,20.736752941176473,20.76225,19.8056,0.48860752746982805,0.676164074543438,0.4032790267098521,0.12315056937168406,642.3286500958478,1,1948.8245241320983,1.7900000000000027
1209171181184108688,AGN,17.40665,yes,347,17.61,19.2415,18.32981412103746,18.368,17.4519,0.355775615055649,0.28824611625238,0.13346825429436654,0.025136858683296834,894.1478387579483,0,3030.881104768203,1.7896
1204111210464120236,Blazar,20.84623,yes,517,15.28,16.8803,16.129040618955514,16.1537,15.0909,0.35408434009044515,0.163125248426861,0.07055111854136295,0.013821137056305487,921.296683529619,0,3121.2936213076973,1.7893999999999988
1205161230724111724,SN,23.34863,yes,12,17.53,19.2133,18.068258333333333,17.9068,17.4249,0.6418935927937733,0.192663754907105,0.12203754866078871,0.03476896312215913,14.03930373283721,1,31.912780324004416,1.7883999999999993
1605131350694112265,AGN,34.63593,yes,20,18.97,21.4362,20.70334,20.86,19.6492,0.5613071646190092,0.608062722480777,0.42538146983080527,0.12498971233265431,853.3005690940048,0,2608.8869412849017,1.786999999999999
1311011010164128734,Flare,1.89923,yes,7,19.62,21.2729,20.22731428571429,20.19,19.4872,0.6581908447367206,0.499403274401882,0.33846391333331194,0.1091303670986137,914.6930968431606,0,2754.297591515802,1.7856999999999985
1005051070454130612,SN,7.12085,yes,12,18.99,20.2295,19.1604,19.0961,18.4451,0.6198350147051591,0.30062027588792,0.1946322788831125,0.06498443793188594,20.802024484200306,1,67.0006329050957,1.7844000000000015
1102121070714133319,SN,7.67036,yes,9,19.69,21.366,20.358666666666668,20.2754,19.5816,0.6413762429338958,0.6055476201359999,0.3543972255534886,0.14908872635235942,253.98373655856147,1,748.97650669,1.784399999999998
809200090064119159,SN,-9.00894,no,10,18.24,20.0194,18.74008,18.5572,18.2358,0.5290686739713271,0.2669039932793769,0.15511772955479666,0.04260347018718532,11.138110027305279,1,35.82986353009619,1.7835999999999999
1102090010794130412,SN,-0.92257,yes,7,18.85,20.586,19.477942857142857,18.9077,18.8032,0.7833325365750761,0.329048013721486,0.21906785199460885,0.07888737681415921,12.71833357739317,1,32.96263140049996,1.7827999999999982
1206121090934157104,CV,9.7962,no,8,16.53,18.3079,17.3184625,17.2777,16.5254,0.7535654771769057,0.1345451862731859,0.09887597876513575,0.02348434784503639,3.7375741641759332,0,7.011861203696753,1.7824999999999989
1204191180764119622,SN,17.97057,yes,7,19.74,21.5225,20.735485714285716,20.8301,19.7425,0.6495468046481104,0.5967851263393771,0.43015290108548737,0.12815616638760027,148.89599193667513,1,410.7864653935103,1.7800000000000011
1607101350754138969,AGN,35.994,yes,116,19.68,20.6283,19.757210344827588,19.77475,18.8483,0.33401939943123327,0.395206771676926,0.2476995080150979,0.04847837817325674,673.4176693037082,0,2725.6941219442015,1.7800000000000011
1502180150614107822,SN,-16.45394,no,30,18.58,21.0889,20.389760000000003,20.3422,19.3095,0.4662579858611649,0.514287662195717,0.3571727871276111,0.08630863996914176,910.9882612042402,1,2618.849294027801,1.779399999999999
1607041211134127847,Flare,20.97892,yes,360,17.22,19.2405,18.45788361111111,18.46305,17.4613,0.14558827657685075,0.589013983477055,0.14099180497710895,0.038146333723195265,899.5599054195441,0,3037.7641976965024,1.7791999999999994
804241070594124339,Ast,7.72008,yes,5,19.83,21.1498,19.98578,19.835,19.3706,0.7383337470277257,0.537586917083812,0.302642644413964,0.14051688984092486,892.7621990584856,0,1802.9939575922035,1.7791999999999994
1309050040114124314,SN,-4.24615,yes,26,19.82,21.1169,19.87506923076923,19.7968,19.3379,0.4202780848621355,0.520631698465571,0.27206269531809313,0.07109978110265686,651.3285820576345,1,2171.1811149074056,1.779
1101031210544131953,SN,21.83798,yes,32,18.47,19.9244,18.76304375,18.60035,18.1455,0.4973839128217476,0.266977036851945,0.15087634769504685,0.04016574270462988,402.4704667968095,1,2235.853161713101,1.7789000000000001
810311320134149051,CV,33.52381,no,12,15.2,16.9409,16.09495,16.16755,15.1646,0.7456524982737063,0.0815990678792807,0.06969287330315548,0.009396149307755293,7.279309922344005,0,17.074208958503732,1.776299999999999
1504151350724111330,SN,34.44026,yes,27,18.58,21.4687,20.68326666666667,20.7112,19.6958,0.5278774566419462,0.643064702358619,0.41903985507986535,0.12575557938798512,883.2416248277016,1,2690.8383388426955,1.7729
1206121120794103898,SN,11.5321,yes,7,19.44,21.0825,19.907857142857143,19.8706,19.3116,0.6158136727321093,0.542327676998377,0.28219818964635757,0.12069755256710639,591.3450805041091,1,1230.7621783911964,1.770900000000001
1004151010454133296,CV,1.36865,yes,20,18.97,19.9554,18.780585,18.521900000000002,18.1906,0.5387027725300652,0.275193542974463,0.15845846224053492,0.04412193999766534,817.1249373441427,0,2232.983156064496,1.764800000000001
1303140180684107993,AGN,-19.33216,no,135,17.9,19.5346,18.28609851851852,18.2159,17.7738,0.3100580203251257,0.738322138182895,0.1358830454783119,0.06717265171854041,814.1021541959531,0,2957.9772074422945,1.7607999999999997
1411171320084101121,Nova,31.0853,yes,32,18.24,21.498,20.70195,20.7074,19.7377,0.4847087253053087,0.6914162257618379,0.4120035274953413,0.12022491960634712,866.6746586512204,0,2886.9211687153,1.7603000000000009
907310010044133633,SN,-0.24037,yes,7,18.76,20.4569,19.1962,18.8309,18.6967,0.6987955781199535,0.3771685445223761,0.24081297308943425,0.08412303913753502,565.9627906533532,1,1506.9115968750048,1.760200000000001
903190070824102772,SN,-8.32174,no,17,18.08,19.731,18.8653,19.0225,17.9709,0.5129772046592325,0.251849286833962,0.17136433854753091,0.041562341891962305,351.994688611201,1,1477.976250185202,1.7601000000000013
812221040514120319,Flare,3.96318,yes,4,19.65,20.6411,19.836025,19.909950000000002,18.8831,0.752638440753595,0.368370155220137,0.2554330384251917,0.0922993648762768,0.008594984507296816,0,0.019960949197411537,1.7580000000000027
1106281120744122021,AGN,12.66524,yes,47,19.18,21.3725,20.43067446808511,20.3971,19.615,0.4132699562335186,0.577372889410839,0.3593588310144557,0.08610483941888386,606.8582351106625,0,2924.917852627106,1.7575000000000003
1211140260164132316,SN,-26.30118,no,5,18.32,20.0732,18.78768,18.5033,18.3194,0.7305898486839258,0.29473137327078,0.16891030061607054,0.07070378021535388,331.3906409144825,1,741.0262998725084,1.7537999999999982
1304111120614116422,AGN,12.1639,yes,78,19.92,21.1302,20.226520512820514,20.28595,19.3772,0.4175774644237164,0.457510513430183,0.3064890462692869,0.07003751202637888,627.781739100918,0,2934.9711826042985,1.7530000000000001
810061260194125870,Ast,26.39255,no,7,19.87,21.0199,19.921314285714285,19.8691,19.2678,0.6474590886137681,0.5284294258165121,0.2866578517123744,0.12307558287828342,746.1770836939908,0,2491.1441264120003,1.7520999999999987
1505121320494128233,Blazar,32.98034,yes,30,18.29,21.4643,20.565716666666667,20.4792,19.7141,0.5111222366001368,0.6169002840940679,0.3819799968097896,0.1069688390839825,963.7007475292506,0,2651.829424005002,1.750200000000003
1312070120314133166,Flare,-12.81642,no,30,18.08,21.0967,20.20382,20.1521,19.3482,0.46804643182576244,0.57055350234509,0.3500234371484484,0.09632955882614767,781.3605629422262,0,2590.8574726619045,1.7485
1602131010704111889,SN,0.82518,yes,17,19.07,21.3684,20.765470588235292,20.8557,19.6201,0.45030391648961093,0.59747378284723,0.42953786906869446,0.10542488025827755,790.6632072963163,1,2842.2047248031013,1.7483000000000004
1003051180524111712,SN,17.78732,yes,13,19.56,21.3004,20.104307692307692,19.8588,19.5558,0.563166355620223,0.572700008175005,0.29843393658233797,0.11166157886124081,497.30808798624787,1,2219.862481643795,1.7445999999999984
811071291074150670,CV,30.68472,yes,8,18.8,19.0482,18.1152,18.02005,17.3063,0.8274199072158837,0.166367852412102,0.12480127842891922,0.03287152097539976,268.7849112684223,0,502.8784510303012,1.7419000000000011
802280070584107866,SN,-7.94887,no,14,19.16,20.6529,19.628071428571428,19.4859,18.913,0.5021676910058124,0.398164691141682,0.2353787858410042,0.06855430288352193,475.4537959038547,1,1788.1448115855092,1.7398999999999987
1104291120774130563,SN,12.85449,yes,11,19.75,21.2913,20.094763636363638,19.8393,19.5516,0.6168571621902871,0.579270612122501,0.291282658815353,0.1363430924299814,332.85550117549303,1,1110.9691642938997,1.7396999999999991
1306031091154156062,SN,10.79409,yes,6,18.49,20.2102,19.095016666666666,18.819200000000002,18.4711,0.7252496188669577,0.359691032118813,0.2136944955038118,0.0948731318828908,602.9927618825915,1,1571.8373196760003,1.7391000000000005
803031210394160572,CV,22.415,yes,23,18.63,19.2688,18.267521739130437,18.2244,17.5306,0.49945060266850083,0.1812697262072189,0.12536601806659292,0.02428436652084742,715.5814178464965,0,2151.110524687494,1.738199999999999
1406061320624120923,SN,32.76172,yes,281,14.72,17.0167,15.684619572953736,15.6801,15.2802,0.15625844185593918,0.168496616250962,0.06530325163463183,0.010736715065464166,841.3734033403565,1,2982.0560297919073,1.7364999999999995
1206141570424120999,SN,58.05213,yes,105,17.69,19.4261,18.804846666666666,18.827,17.6902,0.2774293558959118,0.2611443144926939,0.16005447699794903,0.02312268981436484,812.1690817495335,1,2673.789339606701,1.7359000000000009
1404021520474126445,SN,52.591,yes,122,17.03,19.0615,18.06369262295082,18.0646,17.3261,0.18825808650682718,0.540999597261161,0.12579582258073183,0.04954535398867634,805.2383459351778,1,2682.8163756484137,1.7353999999999985
1306201260664112997,Var,26.42531,yes,311,14.01,15.2179,14.681218006430868,14.8229,13.4829,0.3741754852194877,0.0861548766903107,0.05741334409237517,0.003969264478787921,932.0773275885914,0,2992.899623298901,1.7349999999999994
1006191261154142735,SN,27.39625,yes,7,19.56,21.0485,20.060957142857145,20.0147,19.3138,0.7221824027606488,0.510398419544819,0.31865803933225767,0.1345617723323736,884.91568243591,1,2869.0550181246,1.7347000000000001
1010191380774115803,SN,37.40586,no,6,16.99,18.718,17.839650000000002,17.844900000000003,16.9836,0.8999227761313736,0.150782658349062,0.11548236232622773,0.035451776366735806,9.841552828838935,1,17.985696678493696,1.7344000000000008
1210141040144113641,AGN,3.6877,yes,329,18.18,19.7977,18.75419574468085,18.7717,18.0633,0.32855266392108506,0.6766423533333961,0.15803496671320869,0.0411583107037047,966.5280837253367,0,2962.933590474502,1.7343999999999973
1003211320514111504,SN,31.74703,yes,374,16.7,18.4203,17.6245871657754,17.65715,16.6862,0.1842921111922858,0.384166522198399,0.1019570670645839,0.023115331043632316,878.3226378644836,1,2954.984567731495,1.7341000000000015
1312310070484126421,SN,-7.41954,no,27,17.37,19.8899,19.000600000000002,19.0498,18.1623,0.33693296868162836,0.269121540573859,0.17434532475026654,0.03320877348878065,655.5372562146808,1,2237.9226484027968,1.7276000000000025
1610050010124122001,SN,-1.16676,yes,32,19.08,21.2763,20.54069375,20.5444,19.551,0.4505710183093481,0.588682181068745,0.37810590187975046,0.09502538884045182,850.0451067165429,1,2892.087885601897,1.7253000000000007
1103161400604128161,SN,41.91241,yes,8,17.79,19.0814,18.1845,18.069000000000003,17.3582,0.661562719194916,0.177069998099743,0.13503828001997822,0.02538860723190347,12.326174814662735,1,23.082377569604432,1.7231999999999985
1403091230654132317,SN,25.19104,yes,2,18.75,20.9574,20.0962,20.0962,19.235,1.2179207199157098,0.476743309626824,0.33969220148133494,0.19381953587761236,501.49092324317354,1,709.2152650575008,1.7224000000000004
1410050040194121353,SN,-4.10584,no,7,18.03,21.1366,20.287642857142856,20.1612,19.4151,0.62138328444727,0.523519479000607,0.3454525060483018,0.1197884135119618,654.1545448632155,1,1728.0539371295017,1.7215000000000025
1605061460484115097,SN,46.17542,yes,6,19.42,21.2915,20.5391,20.582349999999998,19.57,0.7247040720183657,0.566324020316648,0.42434455605665283,0.13931847765789288,790.3493239149208,1,2110.203657141399,1.721499999999999
1006161120874112489,SN,11.75135,yes,10,18.63,20.1896,19.21749,19.12005,18.4707,0.5426170666317075,0.306644988177523,0.19958039631954597,0.05331380321237101,250.53165287447172,1,861.7817148380127,1.7188999999999979
803130010724112837,SN,-2.00752,yes,12,18.59,20.3125,19.223466666666667,19.099249999999998,18.5944,0.5537288938449832,0.320068819676474,0.1857967002590808,0.06145309044842067,12.808536116304728,1,30.037749178394733,1.7180999999999997
1011051210114114362,SN,20.85394,yes,11,18.73,20.2311,19.304545454545455,19.2333,18.514,0.5460478245788294,0.333921322102238,0.23673536198251355,0.0591302077950411,311.3022357675527,1,1048.0443068751993,1.717100000000002
810290091214126815,CV,-9.34962,yes,23,17.35,17.6482,16.824643478260867,16.9451,15.9334,0.575641348905002,0.0993195072800893,0.08109601037725525,0.010950878854114764,1121.658600681209,0,2878.052988796,1.7147999999999985
1101040091254103774,SN,-10.99031,yes,4,19.33,21.0466,19.897125000000003,19.604950000000002,19.332,0.7798636948210895,0.428423871887149,0.271905296793814,0.10562249358336309,146.09355980398433,1,292.1939573724085,1.7146000000000008
804041070494148312,Ast,8.33266,yes,6,20.1,21.3303,20.436400000000003,20.38655,19.6183,0.6609184700097289,0.568428293287317,0.3864700896255682,0.1196035327459087,696.7081736667353,0,1778.1190023147938,1.7119999999999997
1003181320644139367,SN,33.51766,yes,12,19.76,20.8598,19.729241666666667,19.5532,19.1516,0.5384335790189458,0.4497774730451359,0.2697513062029977,0.07700544216466496,220.1966638691697,1,771.9863173379999,1.7082000000000015
1202221150494128516,SN,15.58405,yes,12,19.77,21.0536,19.9623,19.80745,19.3459,0.5414990606891877,0.44040605919064,0.26525924499605413,0.08702419261121772,698.8034413030581,1,2836.134623773396,1.707699999999999
1606050120794145963,SN,-11.64014,no,58,17.68,20.9431,20.07220344827586,20.010350000000003,19.2361,0.4510305427731213,0.493932906686598,0.3110252624384761,0.083234428545068,830.0859994319657,1,2697.745845694393,1.7070000000000007
1312021180214101950,Flare,17.05601,yes,365,16.31,19.6528,18.59100301369863,18.595,17.9469,0.1865907868080897,0.268376273761098,0.15916564328929292,0.018813807134297162,872.3706687243888,0,2950.8811842711,1.7058999999999997
1603201010864151734,CV,2.68499,yes,7,17.07,20.1842,19.25495714285714,18.8042,18.4787,0.8562589753439916,0.34018282109666,0.23539455636797726,0.08432792360073924,1420.6813271790704,0,2887.1230397107065,1.7055000000000007
805071180814139403,SN,19.48573,yes,56,19.46,20.7799,19.80876964285714,19.74925,19.0752,0.378410201150043,0.4661476587147079,0.2546933985073889,0.05483719556176356,206.66584122543824,1,1583.8285216200966,1.7047000000000025
911081230574130235,SN,24.6919,yes,10,18.86,20.1876,19.07426,19.05895,18.4846,0.4908825299623345,0.290564329731511,0.2012789765873912,0.043871732941717645,15.796508430081257,1,40.989340764099325,1.7029999999999994
1203131150574115737,SN,14.87758,yes,14,19.5,20.78,19.768264285714285,19.6807,19.0773,0.46190749924323926,0.423167020231647,0.24424045831655783,0.07435926074741046,495.8298958794439,1,1871.8223704281045,1.7027
1209141090064105618,SN,8.77522,yes,10,20.11,21.0166,20.06282,20.067149999999998,19.3142,0.5463910663008071,0.4635101081509121,0.3070796182028285,0.10209167958343447,766.2766680868052,1,2462.057731944493,1.7024000000000008
1604281520464123115,SN,52.64905,yes,36,17.41,20.9293,20.046499999999998,20.0033,19.2276,0.4101834244753018,0.494555859006142,0.29872621754441175,0.07668830973267744,804.4444453454773,1,2682.7865217014987,1.7017000000000024
1306271260024129130,AGN,27.82209,no,308,17.61,19.143,18.14486038961039,18.18545,17.4435,0.23726306952158185,0.497069013892834,0.12450307923048497,0.03761039066904481,952.2705389685939,0,2951.022061400494,1.6995000000000005
1502251150564130121,Flare,16.08809,yes,383,17.35,19.0171,18.014562140992165,17.9699,17.3187,0.2049491104058212,0.345007936905988,0.1161377304464503,0.016710237249079694,910.9921003619075,0,3127.2617940739874,1.6983999999999995
711071150164104384,SN,14.43885,no,12,19.57,20.8626,19.84505,19.72385,19.165,0.5110164087385067,0.526204730142984,0.28440963663837604,0.09938669162050344,672.6707156017089,1,2896.972056990897,1.6976000000000013
1511140010094131284,Flare,-0.65181,yes,118,18.21,21.1334,20.330499152542373,20.303350000000002,19.4364,0.4316403057975691,0.530679530049164,0.3348262165967935,0.08469890358621195,852.3305192890425,0,2923.9197154510985,1.6970000000000027
1605251180784118560,SN,18.3426,yes,67,18.65,21.427,20.54528656716418,20.5072,19.7304,0.43307126430685755,0.609512395552921,0.39354808311978384,0.09854892429707539,764.9641762103134,1,2585.8931721992994,1.6966
809231230144114335,Ast,23.61044,no,6,19.7,20.9576,19.912866666666666,19.7125,19.2656,0.6596695192796673,0.54259434065371,0.3076838049792173,0.1385360442197457,589.1286604946628,0,1858.993547881997,1.6920000000000002
712041230204120774,SN,23.50505,no,18,18.62,20.0743,19.079633333333334,18.8993,18.3838,0.5223128091366657,0.293903402707461,0.1867063146766971,0.04867030282391359,35.090935309508055,1,90.72383959500439,1.6905000000000001
1002151210634128202,Blazar,21.37956,yes,387,14.78,16.3386,15.682994832041345,15.7841,14.6502,0.29331204232031355,0.11411848847938,0.0641205219858749,0.005853590781791913,904.3333574446148,0,2994.8965658680027,1.6883999999999997
1309041210124102821,SN,19.85943,yes,19,17.37,19.0517,18.09774736842105,17.9733,17.3653,0.4909124569710537,0.184025963723679,0.12685348448616943,0.023882710110266898,19.321408456856613,1,53.9722021990965,1.686399999999999
1206171150914202091,Var,16.79743,no,184,12.87,14.0693,13.059826086956521,12.9407,12.3833,0.496147935449974,0.0544227385065082,0.05208318222648815,0.0009719448952222923,945.7857198194879,0,3072.6757294558993,1.686
1504161150534121066,Flare,15.66137,yes,383,15.41,19.2025,18.149694778067886,18.1592,17.5168,0.14681436518972907,0.496227480514791,0.12535773664940772,0.04032427171157031,913.8541308050948,0,3122.2911830092926,1.6857000000000006
901291210644131318,AGN,21.51899,yes,13,19.72,21.2398,20.23879230769231,20.0242,19.555,0.6246209683500575,0.527437563418862,0.3242988220112451,0.11306518680954492,804.8727276276145,0,2278.8479742361087,1.6847999999999992
1503130010784109291,SN,-2.20803,yes,16,19.48,21.2373,20.70731875,20.913649999999997,19.5534,0.5093250543202583,0.5624705464684671,0.43784494966615445,0.0974930874944845,783.3431409955816,1,2680.751210427792,1.6839000000000013
1302071180594124448,SN,18.27207,yes,21,19.72,21.3119,20.329595238095237,20.3626,19.6295,0.4788602348036331,0.550206139219225,0.3301173407807352,0.09721003662214535,838.2749658923658,1,2824.175041690003,1.6824000000000012
1501241350174146999,Flare,35.4766,yes,291,18.1,19.6056,18.421570446735394,18.4135,17.9239,0.16466021676671633,0.299435594785723,0.14910624701428055,0.019865703476154895,918.7009304370195,0,2944.0317124771027,1.6816999999999993
1204191230754136211,SN,24.54564,yes,14,19.62,20.8742,19.772992857142857,19.58065,19.1951,0.5158254198769266,0.449938306250133,0.26806460182020014,0.07702664172180357,206.0794993507586,1,797.9052363657975,1.6790999999999983
1402111460444111823,AGN,46.14254,yes,205,18.24,19.5045,18.557239024390242,18.5197,17.8264,0.3455741855019246,0.346789972818726,0.14546732158682557,0.02950274706476766,826.2597686901695,0,2902.047254629404,1.6781000000000006
804031260834142979,AGN,26.98409,yes,50,20.23,21.0409,20.117916,20.0432,19.3628,0.3706094376145583,0.513365380729822,0.314826206811675,0.07757536092127738,918.8361772060144,0,3037.8005694325984,1.6781000000000006
1504270070764122223,AGN,-7.09099,no,34,20.07,21.1678,20.381764705882354,20.33175,19.4918,0.39187890359167626,0.5480023007077349,0.35661820346311945,0.08839080923213345,793.3399740557212,0,2952.906568726503,1.6759999999999984
1403230090774112559,AGN,-10.53897,no,208,18.24,20.0839,19.117523076923078,19.0887,18.4122,0.30370698382696004,0.7775546371601642,0.1942830800139522,0.05645746597156327,841.0046401992387,0,2575.968177210503,1.6717000000000013
1212131150124142506,SN,16.56628,yes,9,18.84,19.7643,18.7988,18.8354,18.094,0.4824886190367585,0.224638253904386,0.1533133984956003,0.03371513092416241,8.744940177670149,1,30.984328564802126,1.6702999999999975
1111221070164127486,SN,7.17931,no,11,18.78,20.3896,19.315545454545454,19.1227,18.7194,0.5971327798130611,0.48307076840388,0.2349171960536078,0.11266432941352741,223.91397638916402,1,966.1720971643008,1.6702000000000012
1112270040264130157,SN,-4.1396,yes,9,18.83,20.057,18.76451111111111,18.6286,18.3924,0.5032861771508437,0.283331250919037,0.1577346533269999,0.04784214776489746,139.30038530497924,1,420.7998041319079,1.6646
1312250070294109754,SN,-8.04104,no,5,18.27,20.4728,19.77636,19.7634,18.8087,0.6615061927147787,0.323857674441049,0.2512196118140928,0.07398261524968257,921.3259622329593,1,1885.8079274883057,1.6640999999999977
1602081400644119204,Flare,40.82445,yes,238,17.63,20.015,19.213134033613446,19.194850000000002,18.3514,0.23905138294757236,0.3513210665122619,0.19489082994308024,0.03424631862761439,889.2230115977159,0,3036.8602517592008,1.6635999999999989
810270090294148659,SN,-8.79055,no,12,18.61,20.278,19.267241666666667,19.14395,18.6147,0.5485517734052645,0.320566656544313,0.20457858266263448,0.06357077250719793,15.629571933495304,1,40.99969914371468,1.6632999999999996
1403281630444138433,CV,64.05279,yes,12,17.22,20.8583,20.033983333333335,20.01245,19.1953,0.6520263768135501,0.475429799224982,0.30712189902561476,0.10754536449952297,807.815980053512,0,2603.9044359838954,1.6630000000000003
806100091194116339,SN,-10.04358,no,6,18.78,20.3586,19.305266666666665,18.9711,18.6971,0.7120003642321169,0.309481069885213,0.21383880951075832,0.06974334362864654,654.278858296954,1,1628.715848229309,1.6615000000000002
1211121260104115636,SN,26.26081,yes,31,19.8,20.9179,19.921267741935484,19.8027,19.2591,0.49307277244310577,0.462813592193235,0.2750022040606063,0.06572503473970741,62.39783150085989,1,376.98617129629565,1.6587999999999994
1204281380454105109,SN,37.12058,yes,6,19.4,20.7803,19.562183333333333,19.414099999999998,19.1234,0.6125990513106158,0.476931759088721,0.24398737113822233,0.11474423476474202,741.6223317581754,1,1834.0758938887157,1.6569000000000003
804151230704117806,SN,24.00553,yes,16,19.74,20.6852,20.0452,20.113100000000003,19.0285,0.44041854033029376,0.390991478372312,0.28832419382074115,0.05869885996497159,373.33940608960353,1,1505.8826895023958,1.6566999999999972
1603111040574114050,SN,3.75222,yes,18,18.87,21.2664,20.72358888888889,20.906950000000002,19.6101,0.5524147226057916,0.558974872808053,0.4024620508720142,0.1131568267437328,673.1367862249111,1,2190.0401460188004,1.6563000000000017
1211250040294129168,CV,-4.18617,no,8,17.22,18.4931,17.756925,17.74005,16.8371,0.6674604616433416,0.150548361715077,0.11365289567194649,0.03232630783515407,4.832773440183665,0,9.057253807906818,1.6559999999999988
1607141430714142489,SN,44.07399,yes,41,18.64,21.369,20.48589512195122,20.4433,19.7135,0.4591652893845638,0.626867402359437,0.3856170871265796,0.10893722014850886,878.8441196683259,1,2940.9409327082976,1.6555
1302140040704148345,SN,-3.03535,yes,11,19.77,21.2316,20.140172727272727,19.9835,19.5766,0.5144648464004297,0.469186749506406,0.296074355993545,0.09449300337483621,425.5331252882262,1,1076.1107818633027,1.6550000000000011
1504231350594112775,SN,34.70356,yes,2,17.43,20.0007,19.1732,19.1732,18.3457,1.1702617228637358,0.275513917647924,0.20206422359910198,0.10387355347599847,43.1637771922991,1,61.04279910859623,1.6549999999999976
1404251460614134729,SN,47.07785,yes,8,16.48,21.3942,20.916674999999998,21.0942,19.7406,0.5426197241162549,0.5940513969402579,0.49230658511752284,0.11062695769154032,1059.1575492848604,1,2659.8510793172027,1.6536000000000008
1605141180724109433,AGN,17.63429,yes,180,18.86,20.2584,19.341377777777776,19.3154,18.606,0.3023276025769895,0.597818894804744,0.2105247482222284,0.04862599522553875,918.0556785367054,0,2977.9071220140977,1.6524
1302160120584113031,Flare,-13.40677,no,5,19.71,20.9446,20.07844,19.7302,19.2931,0.7126972590097439,0.491257769849502,0.317427911973437,0.12830613810467312,1107.193440078075,0,2540.9926149534003,1.6515000000000022
1607141040024107869,SN,3.3353,no,7,18.56,21.0766,20.29151428571429,20.2571,19.427,0.6564088167917195,0.5013352614649651,0.3475601980287223,0.12132910842754724,658.9148243628879,1,1468.853871690102,1.6495999999999995
1306141151234111786,SN,14.7103,yes,8,16.17,17.6725,16.323925,16.16885,16.0242,0.5509099401380024,0.104748569503549,0.07282527264776896,0.012921189724371361,31.950374775458222,1,92.83323847191059,1.648299999999999
904211040914106536,CV,2.94414,no,19,18.69,19.9336,18.933905263157893,18.7639,18.2861,0.48152584270522963,0.336759098330705,0.18769071623442757,0.05623031930024184,1069.1462562864485,0,2933.0663928588983,1.6474999999999973
903011180834110558,SN,17.41265,yes,18,18.69,20.1624,19.356122222222222,19.60685,18.5181,0.6249357826355442,0.927689465424286,0.25130487579993593,0.18236422965439605,243.32712712990164,1,1075.0695744330078,1.6443000000000012
1610111070074115832,SN,6.96459,yes,325,17.14,19.337,18.386909538461538,18.3832,17.6938,0.19726265235384793,0.390554997825443,0.1357952966306284,0.0225471599230903,892.5870730983673,1,2931.117293587893,1.6432000000000002
1404011320214120612,CV,31.68638,no,10,17.64,19.7628,18.73622,18.6604,18.1199,0.4876209178814576,0.416253173310813,0.19939499823529128,0.08165775776300133,1440.1125726380365,0,2895.962624895903,1.6428999999999974
1204191180784142832,Flare,19.19404,yes,11,19.95,21.346,20.652409090909092,20.8186,19.7106,0.6287217611225903,0.618406433309749,0.41469027897195493,0.13489499307385044,1069.9094086850841,0,2896.0503905554942,1.6354000000000006
1204181070624101793,SN,5.71503,yes,10,19.33,20.536,19.476679999999998,19.24955,18.9008,0.5574543405318303,0.382100944715037,0.22835025792836508,0.07277830932718092,7.398544952853857,1,18.029415220000374,1.635200000000001
911170211074120836,Var,-21.62473,no,158,16.32,17.6833,16.935100000000002,17.018050000000002,16.049,0.36268285421129853,0.227908417987539,0.08689313907816075,0.02096205325895472,954.7921680702883,0,3060.720019247805,1.6342999999999996
1506191320734104934,SN,31.37236,yes,39,19.48,21.4946,20.63014358974359,20.5456,19.8618,0.4523212911397754,0.626476176857461,0.40080477692629324,0.1147790331435441,667.1277228573364,1,2284.7936735995972,1.6327999999999996
1012081290434119905,SN,29.34237,yes,19,16.51,18.1437,17.195789473684208,17.1155,16.5111,0.42159160978202176,0.1190868560536319,0.08418679190089091,0.010575024818279625,21.50314574054528,1,77.79967798620055,1.6326
1603180040654138685,CV,-2.92893,yes,17,15.53,21.134,20.480076470588234,20.4558,19.5028,0.46821218417696564,0.5373267844923599,0.37202883178931145,0.0962474031783813,466.97770770152954,0,1617.6816872800046,1.6311999999999998
1510020070114111453,SN,-7.5305,yes,13,18.79,21.2029,20.598615384615382,20.5933,19.5728,0.4464814158994632,0.591350611831675,0.3983900888235118,0.10059147321393325,852.7430886094354,1,2545.115317210504,1.6300999999999988
1111271120024141105,SN,13.79419,yes,7,18.54,20.1677,19.309157142857142,19.1008,18.5405,0.6271133705509796,0.2888436338342069,0.19882578418955998,0.051586764766543294,607.294876252935,1,1536.9047361225967,1.6271999999999984
812211210494131417,SN,21.88682,yes,5,19.58,21.1579,20.0518,19.6255,19.5314,0.7059903929941264,0.507700273138726,0.28749570288310655,0.13095210753215622,14.658591707381198,1,35.68665185201098,1.6265
1610090121204115828,Blazar,-12.85467,no,6,19.12,20.9693,20.396333333333335,20.4939,19.3439,0.6079689553477762,0.509269510455183,0.3932338626226313,0.12330765771834971,431.0468131499312,0,1119.88418805549,1.625399999999999
1505111460694112418,CV,45.58681,no,13,17.62,19.2534,18.241046153846153,18.2895,17.6289,0.4025842802349683,0.193746998819703,0.12498739845440346,0.024144667017377372,350.7405803114064,0,733.9730739696024,1.6244999999999976
1112280010534124058,SN,-1.22763,yes,5,18.99,20.5195,19.32324,19.094,18.8951,0.6743696931209181,0.4233030918975829,0.22336308949398614,0.11197998802776953,167.72102062718602,1,375.04834983820183,1.6244000000000014
1501241090754108157,SN,8.92073,yes,335,15.83,18.4342,17.557487164179104,17.5598,16.8123,0.14938452868218627,0.299435594785723,0.10077688339333266,0.022424770264929297,923.538137379717,1,2987.950014455695,1.6219000000000001
811020090134124727,SN,-9.1333,yes,9,19.39,21.0053,20.110888888888887,20.1266,19.3849,0.6193173609799016,0.498763728863527,0.3007435301744749,0.11005989693192716,480.1822784473839,1,1450.0263160761024,1.6204
1309130040094143775,SN,-2.87795,yes,9,18.95,20.5177,19.206755555555556,19.0268,18.8997,0.5053145656695225,0.370233856041321,0.20753445403156434,0.06181339069437783,9.494899732502022,1,29.852733889107185,1.618000000000002
1505121180464109343,Flare,17.55268,yes,468,17.01,19.2122,18.565291452991453,18.57665,17.5952,0.1593138912459377,0.349712193014887,0.141308263680639,0.024128022821505654,887.5054927205339,0,3121.3004275345957,1.6170000000000009
1203300120834156131,Var,-11.88962,no,219,14.89,16.2225,15.558659360730593,15.5663,14.6065,0.35152224803532545,0.212810644139807,0.06897260174415741,0.020629139025436068,931.4167914180626,0,2928.0796785648054,1.6159999999999997
1101251120244103162,SN,11.42805,no,12,18.96,20.2106,19.264816666666665,19.111449999999998,18.5959,0.5607823736585001,0.313675671945258,0.20628243797516174,0.057986573919636505,6.914183849174654,1,14.97083990740066,1.6146999999999991
1405221090714101333,AGN,8.54542,yes,23,19.81,21.0441,20.12231304347826,19.9998,19.4327,0.49962199011247777,0.501551172727589,0.3104992083817121,0.09059909511807229,416.8218743518404,0,1537.883866273296,1.6113999999999997
1609101690374105884,CV,68.07786,yes,11,16.84,21.0416,20.006345454545453,19.882,19.4373,0.5575668289337811,0.5223110334811839,0.30638045997188335,0.10559356968897587,798.7283619462917,0,2182.0592597337018,1.6042999999999985
1212130090024144127,HPM,-8.63994,yes,38,18.04,19.2891,18.024494736842104,18.012999999999998,17.6858,0.2616321380244157,0.213821124769847,0.11442084169117546,0.018862688390630267,487.7458893489194,0,2979.9335361114063,1.6033000000000008
909171181144125424,SN,18.02361,yes,10,18.95,20.505,19.254489999999997,19.12285,18.9021,0.47248826075951944,0.3665325417882529,0.19829404416521854,0.061095368758387836,11.403449041153879,1,36.878387187593034,1.6028999999999982
1402221260694101890,SN,25.51387,yes,294,17.68,19.8991,18.96475476190476,18.9569,18.2971,0.24617030917759303,0.363466846494875,0.17392706708605846,0.030114773303520425,935.9623356424265,1,2993.9341937497957,1.6020000000000003
901021230594134393,SN,24.67292,yes,35,19.2,20.4921,19.552357142857144,19.4911,18.8911,0.3950264639576577,0.355436550384935,0.22108541678443336,0.04951917665422474,44.822630121797665,1,162.70918197930587,1.600999999999999
809241150224113744,SN,14.87052,yes,8,17.74,19.3247,18.449012500000002,18.404899999999998,17.724,0.717749404015278,0.233054107033118,0.1586356542240711,0.04898948264418885,16.522689493316395,1,30.93872689789714,1.6006999999999998
712151070094103915,Ast,5.9964,yes,5,19.06,20.3434,19.25134,19.0556,18.7433,0.6257079774143826,0.3434033569520259,0.198528016082345,0.08152932650388328,826.927301152993,0,1849.0738836807068,1.6000999999999976
1401030010764125017,SN,-1.36949,yes,5,17.86,20.9478,20.137439999999998,20.2811,19.3508,0.598620951019926,0.505701690727496,0.3209889689197502,0.11360060773938944,426.39307230386635,1,1048.0640001273932,1.5970000000000013
712311090454147905,CV,10.89569,yes,13,17.85,18.0656,17.265161538461538,17.3652,16.4704,0.5946187189262014,0.111933180671669,0.09114850438472374,0.013583385034259996,413.3141773675516,0,822.9282521760178,1.5951999999999984
1311081150104119089,AGN,15.28929,yes,59,19.51,20.4639,19.760854237288136,19.7497,18.87,0.3489766093940247,0.3670811212230739,0.2488220792695905,0.042077769553127656,391.0015860941747,0,1417.1346422801944,1.5938999999999979
1201131260394127203,SN,27.16587,yes,16,18.71,20.1299,19.24978125,19.27115,18.5372,0.462011831332994,0.245250013123171,0.18329733145954763,0.034187693560105925,10.141101189582157,1,26.927297268397524,1.5927000000000007
809301260124122345,SN,26.66952,yes,7,18.63,20.2264,19.4846,19.4127,18.6346,0.5558075866100912,0.300983545778576,0.2183099310872887,0.05954972375544706,14.1723263549149,1,36.89665731511195,1.5918000000000028
1306271040724131721,SN,4.77056,yes,5,18.03,19.4527,18.332060000000002,18.1125,17.8628,0.6388730726834576,0.6260855794867121,0.2208987525361866,0.22657120538306036,1195.7162909335768,1,2673.7130207521986,1.5899
1311261180164118625,AGN,17.9279,no,191,18.91,19.9936,19.171968586387436,19.1548,18.4046,0.3547725930754303,0.345007941520932,0.1983711364390792,0.03753475840595655,719.2065600335668,0,2601.849839907096,1.5890000000000022
902190010534124257,SN,-1.47258,yes,12,18.46,19.881,18.950275,18.96035,18.2961,0.566289922734732,0.265419606201058,0.17443356131239782,0.047448316538680674,23.9916560197982,1,59.93244837920065,1.584900000000001
1602091150104242288,SN,16.74137,yes,3,19.54,21.0347,20.475566666666666,20.9405,19.4515,0.8881175672923791,0.4972800091826,0.4001762429170923,0.16335157257249303,381.6326619328745,1,759.9031137962957,1.5832000000000015
1004050070644127898,SN,-6.49184,no,6,18.77,19.9213,18.94305,18.678150000000002,18.3386,0.6306473142731985,0.2615557260109419,0.17234285307207445,0.05277399305721947,15.43930056648049,1,29.91076450230321,1.582699999999999
1203211070594126778,AGN,7.11402,yes,14,20.47,21.0216,20.353514285714287,20.44265,19.4425,0.4194189549605742,0.467392554778313,0.338618736353363,0.07727825167783549,209.27133346963294,0,819.7017048029011,1.5791000000000004
1404011090764123529,CV,10.23522,yes,3,17.68,21.1086,20.2304,20.052,19.5306,0.8039844028337852,0.503505720180345,0.3420041649639107,0.14276057661802052,896.5032117045885,0,1785.1187763656053,1.5779999999999994
1106241070834132854,SN,7.16164,yes,354,16.36,18.4646,17.72040395480226,17.75095,16.8878,0.19319910874977847,0.353856688652502,0.10946264811428426,0.028724819474449197,927.0880703154073,1,2992.900671099793,1.5768000000000022
909251150024109266,SN,14.68924,yes,10,18.69,20.3259,19.17173,19.08835,18.7501,0.4655539306389047,0.328044202934052,0.19348505213028772,0.05023062568047252,114.46688084546592,1,378.0790552315011,1.575800000000001
1204011320724136527,SN,33.01628,yes,5,19.81,20.7906,19.889,19.807,19.2156,0.5728668082547647,0.4523697948465379,0.2792166856888915,0.10142722990172354,850.6345995645448,1,2181.0356583217945,1.5750000000000028
803051260414134706,Flare,27.52011,yes,5,19.15,20.3869,19.30772,19.1542,18.8134,0.64660749840997,0.34363128753784,0.20402226482219094,0.08034695586709079,757.2911550404181,0,1693.3610328240975,1.5734999999999992
1605261090714104635,SN,8.77765,yes,5,18.76,21.6869,21.039160000000003,21.1171,20.1166,0.5706807671544586,0.538892654629623,0.42740240111324734,0.1094779757083113,779.0082733707915,1,1881.7722163655926,1.5703000000000031
903171350654121840,SN,35.1828,yes,12,20.12,21.4704,20.358208333333334,20.138350000000003,19.9011,0.4589825119630141,0.5896790929506479,0.3287275703232313,0.09943348635305828,117.45884276403774,1,413.9506634375939,1.569300000000002
1211240181134110780,SN,-19.10026,no,12,18.49,19.3952,18.612983333333336,18.5954,17.826,0.44645392276417034,0.204589895744117,0.13491943435407142,0.02862074130827635,230.4454514217467,1,812.8437243054941,1.5691999999999986
1403250120624130314,SN,-12.39922,no,198,17.16,20.002,19.04185404040404,19.03765,18.433,0.2298809770577674,0.337190710783169,0.1762450792566429,0.024763723252755467,803.7612100469591,1,2637.858178680799,1.568999999999999
1310311070534119356,SN,6.80874,yes,5,18.74,20.3053,19.1977,18.8924,18.7371,0.6469068286855527,0.311414454250182,0.19669644883450776,0.06598969072029358,800.0776477558765,1,1789.039496573998,1.5681999999999974
1204240120744152086,SN,-11.35236,yes,12,18.32,18.4088,17.598458333333333,17.58885,16.8439,0.5784620133019388,0.142050549799452,0.10532450187375698,0.023227499620463304,13.658604719606888,1,31.87019534738647,1.564899999999998
1012100090264109952,SN,-10.73806,no,7,17.96,19.5219,18.64337142857143,18.83,17.9573,0.5997705331049132,0.2236085704897089,0.15335051840421393,0.040831680736018644,19.007335047085867,1,43.8662012148925,1.5645999999999987
1011030120264112859,Flare,-13.38445,no,231,15.37,16.1904,15.999663203463204,16.0199,14.626,0.134385115914146,0.0806576086994473,0.06761674534322866,0.0025256913959060593,884.5668967220922,0,2925.020407465301,1.564400000000001
1406191400624112313,SN,40.36879,yes,14,19.41,21.3961,20.698585714285713,20.89535,19.8349,0.5074217557828571,0.6109712441188629,0.427029640201218,0.12185945851615874,859.0815915271786,1,2591.928485752098,1.5611999999999995
1609251400984119582,CV,40.36607,no,148,16.65,20.4871,19.611901351351353,19.615949999999998,18.9298,0.31329374015005446,0.500045049699907,0.2477182004943781,0.050589128050654,957.3165675159547,0,2947.0084404279914,1.5573000000000015
1206120041094189989,CV,-3.66415,no,41,14.22,15.7785,15.193575609756097,15.3395,14.2225,0.42388937989792114,0.0680429774948468,0.061635424585503105,0.0034038983868611198,603.7429538635201,0,1539.913022777997,1.5559999999999992
1404241180644119647,SN,18.30759,yes,5,19.84,21.5506,20.72382,20.7343,19.9948,0.5596778153545121,0.615403775520838,0.4182176318207538,0.128749340508606,518.6804398494156,1,1178.8828953705088,1.5557999999999979
1412151400324112534,AGN,40.07955,yes,433,17.19,18.8148,17.820289145496535,17.7016,17.2602,0.3370830585735151,0.231425452352075,0.10930819449163369,0.018678084682012323,886.4868096830846,0,3113.248281238608,1.5546000000000006
1302140040714124357,Ast,-4.33155,no,5,19.41,20.9682,19.810899999999997,19.4904,19.4136,0.6567288405422744,0.465263946884441,0.2434490436435326,0.1244080546298495,124.43104566118326,0,278.252798495203,1.5546000000000006
1301211350324164342,SN,36.24675,no,11,18.85,20.2548,19.317090909090908,19.2135,18.7009,0.5047285616141529,0.316765566377009,0.20383980075642424,0.05287175280363001,7.012682653827942,1,16.951360486003978,1.5538999999999987
1105141660354112704,SN,65.90232,no,12,16.94,20.0331,19.378841666666666,19.44805,18.481,0.4264694968487476,0.288982039258678,0.2195202443260614,0.03628083665348711,856.806168308103,1,2226.902696111203,1.5520999999999994
906011070884121382,Var,6.42348,yes,343,15.14,16.3899,15.53710029154519,15.501,14.8381,0.44397652146042804,0.134650483961757,0.06541276613847902,0.011093361313462754,914.6876164493854,0,3100.7029740857033,1.5518
1304061230734125608,SN,23.85671,yes,9,19.5,21.0459,20.297733333333333,20.5922,19.4971,0.6426093292195506,0.541529784358711,0.33750613459524986,0.13944981336614876,844.9385998027452,1,2544.908292349799,1.5488
1501231320554114742,Flare,32.02782,yes,10,19.81,21.5965,20.925620000000002,20.9569,20.0536,0.538587074977977,0.6332160757549301,0.47417281609317763,0.1338962925773104,762.4430476435431,0,2602.990257673402,1.5428999999999995
1503211010754116328,SN,0.9993,yes,236,17.94,19.7368,19.019388983050845,19.01735,18.1958,0.24300390848232198,0.7974614969835458,0.18379339534718817,0.07742254972269846,891.6977990203603,1,3005.8320679511016,1.5410000000000004
1211131180484106123,SN,17.236,yes,79,18.13,19.3715,18.226251898734176,18.1398,17.8335,0.3023998765689448,0.21479055127838,0.1216957631813421,0.022677200932317274,332.3031949303791,1,3090.3560184835005,1.5380000000000003
1505071180764136452,HPM,19.48942,yes,105,17.51,18.8352,17.504853333333333,17.5018,17.3012,0.1557624152766656,0.138433108209135,0.09538308936013146,0.006560095477803812,305.5470458476747,0,908.6882134375046,1.533999999999999
1602071460524126217,HPM,46.96929,yes,63,15.09,16.5346,15.090736507936509,15.0669,15.0021,0.18703388368334084,0.0820508834336609,0.05928402573060013,0.0030299032898199072,479.66100800816116,0,1419.11518811329,1.5325000000000006
1312310210194108321,AGN,-22.04879,no,121,18.34,19.6734,18.792129752066113,18.7917,18.1413,0.31148708337174835,0.287288495851969,0.16186021327429304,0.02805446416136303,915.9791645872142,0,2923.0394031252,1.5320999999999998
1505101210604118502,SN,21.04192,yes,13,18.72,21.4984,20.71613076923077,20.7606,19.9685,0.5083982221720411,0.589013983477055,0.40538721910106496,0.12540086487594546,789.0279253409146,1,2837.046118842307,1.5299000000000014
1005161260774132329,SN,27.23867,yes,9,19.75,20.8119,20.15222222222222,20.3567,19.2837,0.5819487880771331,0.450260444227404,0.320899912048355,0.09923877050520263,103.42995685029166,1,262.1528953589077,1.5282000000000018
1501181210144102039,SN,19.87282,yes,11,19.42,21.2722,20.608254545454546,20.5793,19.7441,0.4686049687394204,0.645590459085732,0.45233735886388354,0.10907743927784341,984.5034050202265,1,2937.043012719696,1.528100000000002
1511141320394124088,Flare,32.39069,yes,499,17.59,19.686,18.78024869739479,18.7729,18.158,0.16716982219022372,0.550483294521959,0.15791254132826624,0.03542980381904123,885.3248465404687,0,3093.257592430309,1.5279999999999987
1409201321054133927,Flare,32.19292,yes,285,17.03,19.2348,18.306180701754386,18.3108,17.7098,0.14112103365675407,0.599552446688936,0.13521133773105246,0.037104833506073624,919.5240532725255,0,3051.7828866899945,1.5249999999999986
1403261180794121958,SN,18.29273,yes,4,17.58,20.9153,20.5046,20.854950000000002,19.3932,0.742143629405163,0.5054809320622171,0.40705305076909076,0.13515872645478655,874.0634469498452,1,2113.1504470603977,1.5220999999999982
1504131460454108515,SN,45.79017,yes,12,18.65,21.4952,20.836458333333333,20.755049999999997,19.9741,0.4515217591823799,0.6814745323313579,0.44944807868567443,0.1281621102421483,707.305455968196,1,2130.1392900580977,1.5211000000000006
1610101660414123208,SN,66.45521,yes,90,17.96,20.11,19.264512222222223,19.246000000000002,18.5915,0.30206889601351894,0.346711941261612,0.20440866434011037,0.0390408624324905,853.7006241032449,1,2716.780273518598,1.5184999999999995
804281070864110328,CV,6.13773,yes,20,19.4,19.6561,18.98891,18.996450000000003,18.1401,0.3940008000259046,0.232547375497503,0.17132048344439194,0.03000152020829412,501.69781354412186,0,1195.6986903934958,1.5159999999999982
1611101400424116462,Flare,40.7258,yes,316,18.41,19.2997,18.758162341772152,18.76005,17.7877,0.16519267578470734,0.6161508140298371,0.15665775218614114,0.04137481514037874,823.7208958995795,0,2708.8076791782005,1.5120000000000005
1205270180774158082,Blazar,-17.26908,no,13,18.55,20.0584,19.349653846153846,19.5887,18.5486,0.5600239483203434,0.323986194184569,0.21272373241153059,0.05679529907851387,308.92382212065786,0,800.8633489005879,1.5097999999999985
909111210064128226,CV,21.86896,yes,15,19.42,20.5752,19.804053333333332,19.8394,19.068,0.45831452217674257,0.377663712066545,0.2621357953715904,0.06310600816168303,787.1824105646008,0,2810.371939201301,1.5071999999999974
1505180120724135023,SN,-12.04752,no,14,18.64,21.0822,20.504078571428572,20.675,19.5772,0.4944238327877917,0.5309311212552489,0.3848187856732232,0.10325842533848024,911.6220139044276,1,2338.666655972105,1.504999999999999
1601121290144125481,SN,29.64155,yes,27,17.18,21.1419,20.425862962962963,20.4941,19.6386,0.4249005070404027,0.5624705464684671,0.3798357926593415,0.09428834996215939,772.6281688857378,1,2804.1704432867045,1.5032999999999994
1103090040484148259,CV,-3.34134,no,17,17.74,17.9018,16.849470588235295,16.5068,16.4002,0.5860111877821811,0.108991652416139,0.08028691106488173,0.014501935762319656,690.1167137118447,0,1830.992532951699,1.5015999999999998
1511101520324127922,AGN,52.66872,yes,111,17.66,19.26,18.614584684684683,18.6776,17.7634,0.4023765981804964,0.256710673426004,0.14512324772665036,0.03090064432352689,790.6711258806796,0,2531.0250525926967,1.4966000000000008
1512081320174144890,CV,33.34562,no,350,14.44,18.4743,17.533245714285716,17.471600000000002,16.9838,0.3200513129908971,0.1595425704322169,0.10555918181762763,0.011223437828530778,948.2661497488991,0,2951.059562638802,1.4905000000000008
1501231570254138714,Flare,58.70953,yes,157,18.79,20.1702,19.338157324840765,19.3335,18.6814,0.25366106783230175,0.501551172727589,0.2119797549935672,0.042063730796670834,741.8832049300182,0,2841.278649687294,1.4888000000000012
1011281400464127150,CV,41.75598,yes,16,18.73,19.8441,18.831287500000002,18.6712,18.3556,0.443047428424242,0.622983838169843,0.20990369555913263,0.12981641633767937,611.1318000721004,0,1668.2190028010882,1.488500000000002
1609061261144134968,Flare,27.33436,yes,12,19.46,21.1303,20.587466666666668,20.61255,19.6476,0.3856042020077844,0.513135504631079,0.4054234115931599,0.05990716813687579,748.0207207341922,0,2332.817785023195,1.4826999999999977
804110010844112923,SN,-2.11801,yes,12,17.91,18.1708,17.528008333333332,17.8497,16.6884,0.6235899037877864,0.132880694665977,0.10415152149005746,0.020876568708689973,7.458064747929775,1,17.051892801202484,1.4823999999999984
1605081090764135686,Blazar,10.81756,yes,10,20.03,21.276,20.698439999999998,20.69425,19.7955,0.4603465704106945,0.573936262044777,0.42350141456282975,0.09936465981003233,525.9818591681347,0,1760.1534216203,1.4804999999999993
1411200090054111124,SN,-10.45566,no,11,18.96,21.1844,20.43480909090909,20.3422,19.7069,0.42581268523740673,0.534743862587872,0.3538359420717851,0.09474095988794898,760.4900724030525,1,2571.000908379501,1.4774999999999991
1608291180064102809,SN,17.10129,yes,364,16.38,19.4179,18.50359642857143,18.495449999999998,17.9416,0.19941765304339687,0.298670249221958,0.13975564786296787,0.021564978825485987,907.3936454624798,1,2956.8119750465994,1.4762999999999984
1209181261134125108,SN,26.43945,yes,4,18.22,19.6906,18.71425,18.4754,18.2156,0.6624147014270343,0.247168728266496,0.1631930522464135,0.056373876713062036,7.9424698657997075,1,15.892489687597845,1.4750000000000014
1309061351044128051,SN,34.97272,yes,12,18.12,19.2377,18.624458333333333,18.6132,17.7663,0.43539089742506654,0.193585264982417,0.15667409864021722,0.022562567861103323,8.508562142280502,1,19.971177789389913,1.4713999999999992
904190120874147673,CV,-12.93237,yes,21,17.64,18.1718,17.173838095238096,17.0941,16.7029,0.41920991457286777,0.141963110964646,0.0913628572616726,0.012728725554158226,797.1911972305513,0,2198.008560242997,1.4689000000000014
1510091151184109040,Flare,14.56804,yes,358,15.73,16.9289,16.494659497206705,16.497549999999997,15.4603,0.091127877993762,0.1913144028996389,0.07664663703940366,0.012197979914787436,860.6427709846582,0,3032.827879826502,1.4685999999999986
906150071134153190,SN,-5.95301,yes,6,16.62,18.0268,17.095866666666666,16.709,16.5628,0.7115183417640527,0.119506134203228,0.09692907138709224,0.017115479176117818,21.62309900100001,1,41.88078907399904,1.4640000000000022
802061070704106575,SN,6.13471,yes,13,19.63,21.0915,20.267523076923077,20.231,19.6307,0.4960709024488427,0.493105605538894,0.3201768975663692,0.09378854806442638,13.81537119727895,1,52.87502804399992,1.460799999999999
1003261210784136534,SN,22.3315,yes,11,19.17,20.402,19.63787272727273,19.5885,18.9435,0.4605488379985545,0.33820397469104,0.2497669467012227,0.04764472800171303,13.3767773731469,1,43.921964559900516,1.4585000000000008
1605031180584104729,SN,17.26207,yes,12,19.0,21.3845,20.713125,20.649900000000002,19.9271,0.47211248298568564,0.5876897159735761,0.4217768585763044,0.10188322080163004,928.9621269758675,1,2923.9805126153005,1.4573999999999998
1201181150564107728,Blazar,14.49414,yes,7,17.72,20.0909,19.2698,19.3227,18.6339,0.5208397546270824,0.357886743676622,0.20837173163381112,0.0721850376154157,866.5444166717306,0,1940.6566735533997,1.4570000000000007
1206161150814110505,SN,14.78225,yes,13,19.84,20.8555,20.271584615384615,20.5409,19.4001,0.5078214857705972,0.41651335370334,0.3309669409824343,0.0800068859511898,779.5277150479277,1,2307.8138800002926,1.455400000000001
1404021570514118119,Flare,57.38614,yes,174,18.3,20.2499,19.376982183908048,19.353949999999998,18.7981,0.213029034830353,0.36152117626386,0.21309236139987656,0.033316593741567264,821.8976004705012,0,2724.6589348959023,1.4517999999999986
1109190151184111644,SN,-16.14945,no,11,19.09,20.5022,19.40487272727273,19.2954,19.0534,0.4280970102462971,0.3769709851657439,0.1959869684053175,0.06575498482715368,4.131403360235877,1,9.987198599796102,1.4487999999999985
1402271090634101850,SN,8.57547,yes,21,19.37,21.2957,20.599133333333334,20.6768,19.8477,0.42811855055969533,0.594391291086247,0.39968901867217854,0.10133685214338847,968.4969049292009,1,2713.647757604209,1.4480000000000004
810251400344125487,CV,40.84016,yes,13,18.73,20.1713,19.454723076923077,19.513,18.7257,0.5343727836661187,0.322010415516248,0.21922774663207728,0.06271343849077939,527.6526179657365,0,1190.9470595484017,1.4455999999999989
1111301040484136988,SN,4.69169,yes,8,18.8,19.9497,19.047875,18.7611,18.5042,0.5878498417356016,0.270554662207523,0.17964609757098773,0.0550543567922551,766.656870598487,1,2184.015144687597,1.4454999999999991
1309300180064109444,SN,-19.11451,no,20,19.12,19.9353,19.121355,19.0417,18.4906,0.38348140622597693,0.272825388492565,0.18864421442150553,0.0382982388090691,17.733857525464412,1,48.99533436349884,1.444700000000001
1001131380174108966,CV,37.01441,yes,20,18.22,18.9955,18.54735,18.70485,17.554000000000002,0.38117773240866315,0.4017729552066479,0.17529581880902334,0.056769721465886054,1102.1033902018792,0,2931.9587004744026,1.4414999999999978
1611071010084108990,AGN,0.63542,yes,3,19.88,20.7152,20.2289,20.6961,19.2754,0.8258104443514864,0.410140382102385,0.33800178423346466,0.11989919385782923,384.45658388489784,0,766.958830902804,1.4397999999999982
1505121460494109093,SN,45.81134,yes,13,19.74,21.1501,20.403207692307692,20.423,19.7114,0.5017898140017351,0.551595605001999,0.3695591091444074,0.1028349489069667,841.6641887437956,1,2617.8399091781976,1.4386999999999972
806081230034109966,SN,23.25419,yes,6,16.77,18.0331,17.143649999999997,16.78595,16.595,0.6843787102182536,0.127921975520599,0.09377453798045443,0.025445005438751955,12.887973241925263,1,24.972276909706125,1.4381000000000022
1504011520344110166,SN,51.61688,yes,16,18.07,21.3202,20.7000375,20.767200000000003,19.8839,0.4442024611593239,0.573008407338234,0.4055045265568935,0.09050109933512958,698.0019733330638,1,2279.9712677663993,1.4362999999999992
1503241350564101636,SN,33.97011,yes,10,19.42,21.3036,20.53051,20.41715,19.8686,0.4802124586518388,0.5407350239390251,0.3910519677181815,0.08040113324224436,825.1539231762548,1,2508.164822257095,1.4349999999999987
712190011214120386,SN,-1.19989,yes,12,18.24,19.555,18.8028,18.65585,18.1205,0.5163326940152941,0.221716908369646,0.16202334698533674,0.03766418492575261,11.508974772697668,1,27.001390324003296,1.4344999999999999
908280011144146686,CV,-0.12105,yes,17,18.15,19.2197,18.373570588235296,18.1169,17.7876,0.5172241967521253,0.1967638557639369,0.15219085763069592,0.030094668015362654,365.46737470374904,0,843.7446011225984,1.4320999999999984
1509201180144139355,SN,19.25694,no,18,16.65,19.2836,18.693466666666666,18.769849999999998,17.852999999999998,0.36815526775597024,0.2154698677016989,0.1648620879681752,0.021024282617362507,734.7182063032267,1,2213.0276838309,1.4306000000000019
1603311320504111122,SN,31.7855,yes,21,19.16,21.3811,20.64838095238095,20.5011,19.9505,0.4860207563664823,0.6087864137425949,0.40003379898364666,0.11137563390934167,737.0183022578003,1,2548.973752326303,1.4305999999999983
1004121040434181465,SN,5.49163,yes,12,17.79,17.906,17.136441666666666,17.1188,16.4783,0.6519790730862631,0.106305379265106,0.08625860430405728,0.015327586898374733,14.079033901467662,1,26.98947746540216,1.427699999999998
1602041010494128216,SN,1.60091,yes,7,18.7,21.1894,20.643028571428573,20.9369,19.7619,0.5840447177921825,0.513365380729822,0.41266936302984564,0.1007796678682844,889.5289122115328,1,2465.0872724075016,1.4274999999999984
1502141320484142254,SN,33.81319,yes,9,17.5,21.1366,20.36125555555556,20.0478,19.7162,0.5794570650857382,0.506587329321255,0.3527363204672703,0.11219245631736877,691.6729880361308,1,2213.2227000346975,1.4204000000000008
1607081070044111695,SN,6.49538,yes,8,19.15,21.2774,20.820675,21.092100000000002,19.8625,0.5699926309047457,0.6184064446423821,0.45845137896082844,0.1215751297724209,1155.8138269031738,1,2867.10144304391,1.4148999999999994
805061210704218830,SN,21.1112,yes,10,19.25,20.5326,19.51092,19.31405,19.1178,0.45283555465042186,0.375108494820191,0.22513054393603796,0.06081763188380713,10.757459887456616,1,40.00561294009822,1.4147999999999996
1005081150664109930,SN,14.7957,yes,16,19.61,20.277,19.545,19.58455,18.8639,0.33612600018445454,0.318221526123086,0.21564403881712096,0.04345470780537763,14.996571634013115,1,45.93366348420386,1.4131
1303071090774127988,SN,9.88676,yes,43,14.07,15.4771,14.486623255813953,14.3643,14.0661,0.3836559841944281,0.0718583851380628,0.05770213654413486,0.004889741156937674,29.46555303471384,1,95.96061837949674,1.4109999999999996
912181150634122733,SN,15.58401,yes,6,19.26,20.2791,19.427,19.228450000000002,18.8698,0.5379216931859144,0.3171277588257999,0.21440723953725915,0.06752063399999064,514.0164809152429,1,1280.705217720002,1.4092999999999982
1406291150664137693,SN,16.89032,yes,6,18.88,21.4836,20.686233333333334,20.5611,20.0754,0.5959814415455131,0.6180289835010401,0.418075929811856,0.1382013425977385,871.9211149501411,1,2475.2917161341975,1.4082000000000008
902010040474111648,CV,-5.1916,no,16,18.16,18.9777,18.22423125,18.1249,17.5731,0.4605460233516296,0.1597250691617789,0.12205550473789026,0.021112405288027297,816.1557964210499,0,2185.060963263699,1.4045999999999985
1111291231104136038,RRLyrae,24.20146,yes,261,17.43,18.7724,17.916257471264366,17.8992,17.3681,0.2869857037308459,0.298467104426468,0.11483428660534695,0.022554986396444515,976.3303986714815,0,3116.685558923906,1.4043000000000028
1003181290724103394,SN,28.42261,yes,37,18.31,19.7175,18.845091891891894,18.9056,18.3136,0.3314719280709892,0.2399664760619169,0.1646706254647824,0.02637458687981234,33.56616332262891,1,110.74488314809423,1.4039000000000001
1003041180414145217,SN,18.96359,yes,4,18.97,20.3741,19.63495,19.59685,18.972,0.5820878427408245,0.602706680476522,0.2983784274026225,0.20476024288253625,82.87324650157683,1,165.75608796309098,1.4020999999999972
911061150114118845,SN,15.33282,yes,10,18.19,19.5893,18.657519999999998,18.419849999999997,18.1893,0.49306735577741684,0.224963068992556,0.14976328111020648,0.03680721738715051,26.829326672662226,1,66.91384429390746,1.4000000000000021
1403111040794128325,SN,4.49821,yes,21,19.09,21.2663,20.679704761904762,20.6138,19.8677,0.4280600010234432,0.564240360548964,0.40417890210976487,0.10188201411346247,627.8697537666326,1,2294.786377731303,1.3986000000000018
1005071380464123897,SN,38.54178,yes,16,19.52,20.0551,19.18299375,19.08205,18.6567,0.4246754422987832,0.275193542974463,0.18308480426956963,0.03983178109120432,30.17866683780023,1,81.97796417820791,1.3983999999999988
1504110210664140176,Flare,-20.45101,no,87,17.42,19.3238,18.62590804597701,18.6063,17.9266,0.2165831867781396,0.552994487532461,0.15616401750197387,0.047738882623057144,665.0798582908124,0,2593.9073709375953,1.397199999999998
1510101040114130731,SN,4.90026,yes,8,19.48,21.2258,20.5098625,20.3223,19.829,0.5376737192692768,0.604478119403129,0.3930654799883966,0.11399088171068554,741.8153258342792,1,1822.0369279164952,1.396799999999999
1501241090734115999,SN,9.41149,yes,11,18.3,21.3702,20.724345454545457,20.7975,19.9736,0.5099018657813208,0.584088352063124,0.43287786843997583,0.11180014733368689,667.420678425998,1,1837.0529800463046,1.3965999999999994
1411171260164123577,CV,26.63455,yes,378,13.38,19.3341,18.569800793650792,18.557850000000002,17.9398,0.19576245233631098,0.246074930711994,0.15458273838909167,0.01783649965225956,923.4225664596057,0,2947.010698610902,1.3942999999999977
1412241070674140477,SN,8.20224,yes,4,19.04,21.308000000000003,20.899725,21.187399999999997,19.9161,0.6608590236704547,0.569033346783519,0.47269281304479577,0.14202035847922614,395.80226165320613,1,818.7926873145989,1.3919000000000032
806081230644120410,SN,24.38262,yes,5,18.47,19.4198,18.57848,18.4695,18.0279,0.5106450548081318,0.213286442398085,0.14697683916636278,0.038286119713518516,7.137689104554708,1,15.971115763692069,1.3918999999999997
1104271460494129915,HPM,46.9218,yes,100,18.44,19.2867,18.409866,18.394849999999998,17.8955,0.1645629253753129,0.195139728265461,0.13277195269257563,0.012429061285489646,526.506938733109,0,1589.9627052892974,1.3912000000000013
1503291260234109459,YSO,25.94038,yes,364,15.0,16.0227,15.227296703296703,15.234649999999998,14.6317,0.3092005776745619,0.121844752018095,0.06429346122669817,0.0073994916034889726,940.7885048060258,0,3120.3204507986957,1.391
712181350024142260,SN,36.33299,yes,5,19.71,19.7132,18.85668,18.6272,18.3235,0.6030247067906923,0.232044024403117,0.17462926050953198,0.03560601434093916,14.507787312201096,1,37.95085390051099,1.3897000000000013
1501220040084117093,SN,-4.19128,yes,12,19.1,21.3447,20.717483333333334,20.5912,19.9552,0.4719296400434231,0.602706680476522,0.436581871304061,0.11595469691922718,887.2158221218364,1,2811.253764004905,1.3894999999999982
1111231210464117038,SN,20.83725,yes,5,19.46,20.6482,19.60702,19.4092,19.2595,0.5886544334327233,0.3771685445223761,0.23137692529092138,0.08189828424948958,424.51968896593814,1,949.2687024072948,1.3887
1105241010704124644,AGN,1.46169,yes,322,18.19,19.2711,18.602394720496893,18.58905,17.8837,0.2794935572406229,0.475429799224982,0.14507763538275512,0.029620956155881596,930.80138765357,0,2981.8883607984026,1.3873999999999995
906141180904171923,SN,19.11827,no,12,18.9,19.4432,18.728616666666667,18.815849999999998,18.0563,0.5220486930151129,0.205318013979221,0.1538733664748723,0.03412662611975189,11.359909047751927,1,26.020434363206732,1.3869000000000007
1308090211134116095,SN,-21.65617,no,12,18.78,20.1501,19.350383333333333,19.187649999999998,18.7632,0.546824387354898,0.3319749725694539,0.22438880070925218,0.06049193696324355,508.76263239791894,1,1783.14589195609,1.3868999999999971
1610071260154236648,SN,27.70148,yes,5,17.08,20.4571,19.87544,19.8479,19.0709,0.5881467997022505,0.407542962724628,0.3101665378843752,0.07062803377006019,965.5288027128851,1,2212.894605509304,1.3861999999999988
803101180594123146,SN,18.38809,yes,20,20.3,21.2098,20.31147,20.189799999999998,19.8245,0.4259342525245939,0.5370669885832811,0.31262124596367763,0.08916479847253718,32.07431115036622,1,115.81904537051014,1.3853000000000009
902011090674108592,SN,8.96261,yes,11,19.11,20.1402,19.330690909090908,19.1706,18.7553,0.46669156507171883,0.275153573612937,0.18890578518244955,0.04530434831513062,10.95759489337981,1,26.00333185170166,1.3849000000000018
1603111320704111052,SN,31.78769,yes,4,19.83,21.4169,20.888225,21.0512,20.0336,0.6029155351290931,0.5742464360575121,0.443641415726413,0.1213259157022539,426.30303158223205,1,982.1222427429093,1.3832999999999984
1111020230294162846,Var,-22.59132,no,41,18.29,19.377,18.50829268292683,18.3884,17.9985,0.33563632579791164,0.2051554940971149,0.13662989371741188,0.020048653927852947,834.1176093469933,0,2192.984969213001,1.378499999999999
1604061320844170620,CV,33.06853,no,130,15.79,17.7639,17.19855692307692,17.330849999999998,16.3879,0.45261755283875676,0.163482409878636,0.09172116488441713,0.014745153269377186,1071.0568664048108,0,3116.6724568055943,1.3760000000000012
912150090134115027,Blazar,-10.28434,yes,14,18.86,18.8605,18.171314285714285,18.05805,17.4851,0.46806498703482624,0.155161407956471,0.12276709327093167,0.020478161098111423,152.7984798899985,0,356.06785814840987,1.375399999999999
1010091071124108408,CV,5.91002,yes,12,16.33,17.648,16.800091666666667,16.73825,16.2739,0.4396591085630133,0.10543324959605,0.08095172376038276,0.011795367509952906,915.1458043761687,0,2436.2604020601066,1.3740999999999985
1105030010494139841,SN,-0.53847,yes,6,19.37,20.5713,19.629666666666665,19.34335,19.1975,0.5574650362728293,0.411267638477737,0.2453739146072473,0.08815406061010156,522.2415311933611,1,1297.684526318997,1.3737999999999992
804151290594104628,SN,28.59392,yes,23,19.03,20.4077,19.646960869565216,19.598,19.0344,0.32830929532867187,0.3439358637390159,0.23236567193758992,0.04158476224149717,81.26763353699987,1,418.8462871638985,1.3732999999999969
1109181041214105836,SN,3.19944,yes,16,17.3,18.2568,17.49561875,17.49285,16.8851,0.44122194145917076,0.109224031508129,0.09451820113180513,0.008676151026892055,14.620325339282083,1,36.00218950230192,1.371699999999997
909271041264115951,SN,4.01011,yes,13,18.36,19.6588,19.076700000000002,19.1734,18.2877,0.5159493563648805,0.24482661556315,0.1962211171823576,0.047224110359286836,13.570443611127528,1,44.90033158569713,1.3710999999999984
1610131180104104884,SN,17.31481,yes,11,17.75,21.4469,20.877781818181816,20.9651,20.0793,0.46355748903060917,0.62491765664946,0.45919651785546806,0.10917540610651791,827.2135811693898,1,2286.772694455889,1.3675999999999995
901021180674115321,SN,17.84918,yes,11,18.81,20.1777,19.369945454545455,19.3494,18.8113,0.4538470851809811,0.3328051507000319,0.1994030266234958,0.055345992610385454,20.599007595676838,1,60.83033518530283,1.3664000000000023
1411300010534117802,SN,-1.75739,yes,6,18.75,21.0982,20.661199999999997,20.80405,19.7333,0.5019641301925869,0.508147297510756,0.4266134057123661,0.08942023146875584,1267.6737578628922,1,2838.1716339699997,1.3648999999999987
1510130260134113719,CV,-27.1688,no,49,17.71,19.8973,19.26074489795918,19.2554,18.5502,0.307615447881783,0.272747484386885,0.19783974399945323,0.028933603836906116,611.069471782318,0,1881.8724651621087,1.347100000000001
1604271210714110765,AGN,20.54432,yes,26,20.11,21.1142,20.472223076923076,20.554850000000002,19.7672,0.3209128608300921,0.511762039128483,0.3579058566976536,0.06787405268605952,598.3212103468462,0,1875.8109664236035,1.3470000000000013
1106241070734138383,Flare,8.16082,yes,16,20.21,21.2247,20.6230375,20.65755,19.8784,0.36320298984635657,0.565428519789496,0.40179727995533265,0.08892879602551006,840.4742425004752,0,2895.0267597916973,1.3462999999999994
901171230144121971,Flare,23.94911,no,5,19.98,20.3113,19.67448,19.9787,18.9686,0.6221935044662562,0.3628445802648921,0.2665251669535226,0.08591996066613206,585.2574309362957,0,1102.9780809492004,1.3427000000000007
1312141010544111209,SN,0.73451,yes,4,18.81,21.2859,20.738500000000002,20.86235,19.9434,0.5757275223575833,0.557248618266391,0.416512379319225,0.13118674742799927,337.6735481277165,1,714.0013013543066,1.3425000000000011
1012111350464134032,SN,35.90064,yes,392,16.64,17.9502,17.515076530612244,17.525350000000003,16.6085,0.12534362756868023,0.2828965620417,0.09775141599953674,0.017953939615571558,865.5705769793531,1,2953.98880260421,1.3416999999999994
1208280210014111715,Var,-21.92087,no,128,17.02,18.1127,17.5457609375,17.678800000000003,16.7711,0.34688000358525045,0.121799064183166,0.09781531533526355,0.010592099969229723,824.2392666651991,0,2916.0793289117937,1.3415999999999997
906021181154110687,SN,17.5131,yes,5,18.44,19.7757,18.872220000000002,18.706,18.4429,0.5187124415319159,0.381589374503321,0.21577705266149963,0.09382263544800418,10.260183478443599,1,27.983889953691687,1.3327999999999989
1209201291104150818,SN,30.5785,yes,20,17.28,18.3863,17.734105,17.7949,17.0536,0.4027818953687488,0.154826210779672,0.11104551000989198,0.016853951078934403,27.756013756393706,1,79.84918504630332,1.332699999999999
1111170120064131084,SN,-12.34684,no,215,16.93,18.1809,17.701702325581394,17.7285,16.8485,0.17784822954298868,0.132446708827555,0.10108157678982478,0.006634931840392377,904.7530570521711,1,2947.026682847194,1.3323999999999998
1605281090554119624,SN,10.0707,yes,9,17.72,21.7299,21.083155555555557,21.1893,20.3981,0.38276630308554854,0.575179639676989,0.49902950899190873,0.07687615239742711,1017.1523203644712,1,2892.0416779052975,1.3318000000000012
1604260070654121884,SN,-6.6918,no,7,18.72,21.2585,20.562842857142858,20.654,19.9271,0.48268736209249385,0.4820974368797029,0.36634271836257953,0.08381734069721009,932.2691604364057,1,2511.1900016435975,1.3314000000000021
1505250121094130631,CV,-13.19903,no,4,16.76,20.852,20.1352,20.0838,19.5212,0.7064814081064,0.465263946884441,0.3336896809114682,0.12281338311377622,705.6343019154225,0,1429.027267014193,1.3308
1403221260574116185,SN,26.49113,yes,6,18.97,21.3579,20.895133333333334,21.271900000000002,20.0299,0.6482646671434947,0.575491604824648,0.46765945135816694,0.14708696682177183,797.5400699362433,1,1962.755995080799,1.3279999999999994
1504181260554131698,AGN,27.62196,yes,14,20.04,21.4367,20.754064285714286,20.805999999999997,20.1107,0.4594426098037672,0.616900276587505,0.40253987105071504,0.11665771678269857,760.7592625046502,0,1940.9184682751002,1.325999999999997
904031090794128910,SN,9.96039,yes,6,18.19,19.0029,18.362083333333334,18.3064,17.6776,0.5032176285332882,0.163842294996077,0.13010069271677777,0.025164529766658363,9.348156420622667,1,17.080715254400275,1.3252999999999986
1610100070244133288,SN,-6.17312,no,5,16.67,19.6063,18.89132,19.1184,18.2812,0.5738597014950594,0.224293387628857,0.1758422323915508,0.03358906783092724,740.1856427501266,1,1844.8156942595015,1.3251000000000026
1010311350054106115,HPM,34.20991,yes,99,12.65,12.8582,12.566739393939393,12.5814,11.5344,0.17481677569654214,0.0626445843431154,0.05119759438040996,0.0015886938998825695,264.9408795320037,0,765.0735482175951,1.3238000000000003
1509251350054106180,HPM,34.21059,yes,74,12.8,12.8582,12.572716216216216,12.5821,11.5344,0.19315362402284392,0.0626445843431154,0.05134735409867074,0.0018142364370416302,165.90133103277748,0,402.99526967609563,1.3238000000000003
1503230180614132638,CV,-17.94415,no,16,18.08,20.0822,19.29784375,19.3193,18.7614,0.31968589994712016,0.297708929542611,0.19327207651228528,0.030886021240527296,214.65106567971966,0,1013.2191071411944,1.320800000000002
911101291064145006,CV,29.85402,yes,8,16.03,17.3325,16.6361125,16.6084,16.0122,0.6497690258578703,0.0894503818029712,0.07956241462837438,0.009483925945954881,7.498442811402277,0,14.050440323997464,1.3202999999999996
1502211010564118772,SN,1.3804,yes,5,17.84,21.4894,20.890459999999997,20.9014,20.1698,0.48947236694220125,0.541529784358711,0.45925713919464,0.11643970543064992,621.3236397205061,1,1348.2779037154978,1.3196000000000012
1304151460494122412,AGN,46.47377,yes,175,18.06,19.2989,18.49422,18.4792,17.9797,0.2781085267367431,0.481129403753669,0.1475887501503542,0.050558921110321245,817.4133011832363,0,2921.0394246063006,1.3191999999999986
1406021490464109698,Blazar,48.66485,yes,6,18.75,21.2551,20.5876,20.5593,19.9394,0.6221444783971,0.566923123042634,0.4046489290118733,0.1425630590603773,913.3488407049957,0,2195.870416574202,1.3156999999999996
1611071180094132061,AGN,19.57569,yes,8,18.46,21.2889,20.6861875,20.6363,19.9735,0.40325774613939913,0.499616948290601,0.4054900198489446,0.0614535656186828,876.008027756045,0,2149.099838367598,1.3154000000000003
805051090864136790,SN,10.08927,yes,20,19.19,20.1115,19.2867,19.0566,18.7987,0.4674053250603129,0.3180384780292949,0.20080634266437186,0.05806397330190397,24.069905999704257,1,63.839732823900704,1.3127999999999993
1404031320734122930,SN,32.43406,yes,8,19.21,21.4747,20.8382125,20.65315,20.1633,0.4924838922311497,0.656844882742572,0.46288770714684613,0.13686202124964603,832.8709803311519,1,2276.851010961007,1.311399999999999
805081350514104248,SN,34.21416,yes,12,18.36,19.1883,18.412791666666667,18.328699999999998,17.8796,0.39665871627504895,0.194398361260612,0.13735503068600832,0.027261979249675668,20.067393052353367,1,45.919899467902724,1.3087000000000018
1403291290424119413,SN,29.46097,yes,9,18.66,21.3219,20.71008888888889,20.554,20.0165,0.514113446732441,0.556676355843265,0.4131150908733279,0.11369177508153097,719.5505355578097,1,2585.848654814501,1.3053999999999988
1007051090844114842,SN,9.32615,yes,8,20.11,20.726,19.9804125,19.92615,19.4238,0.38411268226728856,0.411016403505807,0.28523712337421736,0.0595240053589488,8.702451527238384,1,18.027011377213057,1.3021999999999991
1302071180594112812,SN,17.6075,yes,16,20.13,21.1361,20.4319875,20.26485,19.8354,0.40018232323946235,0.4759915259875589,0.33326359206169665,0.0774728792887462,665.6956084614368,1,2195.0100002316976,1.300699999999999
712060090324111121,CV,-10.8689,no,10,19.01,19.9668,19.22287,19.1356,18.6711,0.3633221559442787,0.312278575016103,0.21210123160934896,0.045244901112394216,596.2722591751242,0,1516.9026960879055,1.2957
809220120114125641,SN,-11.34146,no,12,19.19,20.1415,19.262216666666667,19.074350000000003,18.8467,0.44048054509372053,0.28801726070087,0.19368110910794556,0.04451846604368048,15.721114258835815,1,44.87234883099882,1.2948000000000022
803291150664117962,SN,15.19416,yes,16,20.09,21.1132,20.364525,20.23365,19.8192,0.4539223465160822,0.5189667997867979,0.3370995098907308,0.10383862877033073,371.1143805648473,1,1119.9099709838993,1.2940000000000005
1301061090094117234,HPM,9.56306,yes,23,19.57,19.8074,19.249234782608696,19.3012,18.5148,0.3392808512249176,0.2757147131329689,0.20618550945707306,0.033698437003351324,362.7962611887248,0,1710.188272731415,1.2926000000000002
1204210070784125022,SN,-7.32162,no,19,18.86,20.143,19.442473684210526,19.3545,18.8613,0.31397113427494355,0.337262804436252,0.2215732597657897,0.039705011358083415,256.1961224842003,1,1152.823197581005,1.2817000000000007
1010101291064134766,CV,29.48019,yes,20,18.17,18.3188,17.637125,17.457349999999998,17.0393,0.4630088005017885,0.132741365629506,0.10488536440141671,0.014554435776121135,1186.705343369007,0,3120.7494729515092,1.2794999999999987
1503281260714134487,SN,27.53033,yes,5,19.07,21.1919,20.54802,20.364,19.9175,0.5257453537597836,0.529676314171166,0.4162413445619408,0.09576162675087437,615.6757963504197,1,1568.719413286999,1.2744
810100150214102987,CV,-16.71395,no,18,18.23,18.8236,18.214066666666668,18.2137,17.5498,0.3350530651562345,0.235765094468045,0.13110993568066245,0.02951544496237694,892.0522564095686,0,2212.986570775516,1.2737999999999978
1102251180174134438,SN,19.25177,yes,7,17.62,18.7302,18.01684285714286,17.6198,17.4568,0.6149287326109225,0.184610238804868,0.1270215935492664,0.04934917469675202,3.7331161404402255,1,7.00093524280237,1.2733999999999988
1106061121124182967,CV,13.81072,no,46,13.09,19.0586,18.45760652173913,18.4236,17.7878,0.33801211181598134,0.1898563667543089,0.14345626336653253,0.02297006002410751,242.46961611646068,0,763.9752946877998,1.2707999999999977
1607041090764122295,SN,9.79056,yes,6,19.43,21.5393,20.93515,20.926949999999998,20.2713,0.41716655546675885,0.506587329321255,0.42983328748291755,0.06234733370092135,896.6520782902312,1,2149.077049814783,1.2680000000000007
906120070904160673,CV,-6.86173,yes,22,18.27,19.2633,18.585945454545456,18.6481,17.9981,0.3625436600666801,0.224014393846996,0.17101359203002175,0.026915846520270435,973.348871890653,0,2587.884307835702,1.2652
1409241071204136582,Flare,7.74965,yes,20,18.81,20.918000000000003,20.416829999999997,20.5342,19.6546,0.38527839435646416,0.512447527224054,0.3944086803226623,0.07965090055912578,1047.943500933907,0,3009.94654905099,1.2634000000000043
1503201430554119781,SN,43.6856,yes,4,18.88,21.2906,20.741575,20.82275,20.0302,0.5374808671013322,0.587359882133207,0.43091969160807825,0.12454168802585136,1014.0534859811708,1,2187.7971914467053,1.2604000000000006
1505011120834122816,Flare,12.79119,yes,389,17.15,18.6621,18.273813367609254,18.2901,17.4019,0.145923146437458,0.4149589655004529,0.13182930586919636,0.029866626114160764,906.121051100649,0,2992.904096967599,1.2601999999999975
1503251520484113874,SN,51.73799,yes,23,17.72,21.067,20.479991304347827,20.4058,19.8075,0.3354191094911829,0.507923646205209,0.3843045605436267,0.07499643136686066,707.2614445678009,1,2565.0301740975046,1.2594999999999992
905181380554128513,SN,38.54591,yes,8,20.19,20.5981,19.804925,19.7399,19.3386,0.41499606108285564,0.384896867453096,0.2599041906228421,0.0601223772547129,5.84361408822001,1,10.950751874603156,1.2594999999999992
1403211180694103025,SN,17.14076,yes,6,17.91,21.3155,20.738366666666668,20.848399999999998,20.0563,0.5571975508441029,0.564240366473111,0.4541838148104678,0.11714911898553947,676.1478112319039,1,1549.886939884098,1.2591999999999999
1010031070194113030,SN,6.54869,yes,8,17.86,18.724,18.009475000000002,17.967750000000002,17.4669,0.4363690075088813,0.167840650756889,0.12570797250397697,0.023617827739608098,10.817712740683413,1,25.9676047690009,1.2571000000000012
1406271400734124327,SN,40.60409,no,17,17.88,19.8506,19.336617647058826,19.4269,18.5954,0.37741599435386564,0.3237934693451519,0.21370917147127097,0.046806994154918104,414.59090570605986,1,1441.016908055797,1.2551999999999985
1510081120074130987,SN,13.30804,yes,5,16.72,19.6733,19.15764,19.302,18.4185,0.46361284279018744,0.269646903475923,0.21214628377221353,0.03384272022621823,799.0921418105374,1,1830.052222465194,1.2547999999999995
911081091224117491,SN,9.38749,yes,9,19.72,20.9762,20.423177777777777,20.6569,19.7215,0.46634817673541396,0.5259590899301629,0.3756788998035102,0.09983300789510992,863.9319325387393,1,3021.797546585505,1.2546999999999997
1104291210594142890,SN,22.52104,yes,5,19.5,20.2471,19.4798,19.5021,18.997,0.5053828152994528,0.313734276121227,0.22069174192285299,0.05786486400166857,329.13415694462526,1,735.9776722224997,1.2500999999999998
802271120614120311,SN,13.15146,yes,11,18.71,19.7119,18.94421818181818,18.7827,18.4636,0.38843667133313214,0.200508849637516,0.15509557639410462,0.02083794761486281,5.375554595002646,1,12.984509213201818,1.2483000000000004
1203030150524112736,SN,-16.03758,no,6,18.02,18.881,18.263283333333334,18.18965,17.6333,0.4485020196907333,0.1675491425185369,0.1305544871369443,0.024437330700594128,6.2177085867595645,1,12.051792939695588,1.2477000000000018
1501200070144111400,SN,-7.57561,yes,8,17.96,21.2332,20.603725,20.53585,19.9861,0.45961165206539906,0.550483294521959,0.3840704258263563,0.10403514750461913,826.9812254951489,1,2538.035780277598,1.2470999999999997
1412230010664130729,SN,-0.40492,yes,18,18.53,21.2037,20.628349999999998,20.66305,19.9567,0.4144259789863851,0.551595605001999,0.41273637784292294,0.09313332110697295,1073.29389064595,1,2873.107068344798,1.2469999999999999
912151010134138355,SN,2.40408,yes,21,18.63,19.6468,18.826480952380955,18.8011,18.4002,0.3112816226812109,0.233102544798398,0.16123495430772136,0.02430877407182175,344.8318820602217,1,1190.8526296526034,1.2465999999999973
1306010121074103680,RRL,-14.04032,yes,111,13.83,14.9352,14.46348828828829,14.6349,13.6914,0.37577028929405004,0.0610666686074981,0.05697021476217171,0.0021769633919759505,1095.6495333459804,0,3067.6831841435996,1.2438000000000002
1511011290104121578,SN,29.52818,yes,12,18.57,21.248,20.58749166666667,20.481450000000002,20.0076,0.45472237975661106,0.5648336198009201,0.3959984234235309,0.09712937539374246,1044.6883401783375,1,2927.001006227001,1.240400000000001
1010120070044125126,SN,-6.60458,yes,15,19.8,20.1875,19.504413333333332,19.3079,18.9471,0.4415115527798733,0.3129166789035481,0.23038686979836012,0.05155638330495498,37.007660282454815,1,115.78123940980004,1.240400000000001
1204251350794106704,SN,33.95655,no,8,18.48,19.7218,18.8653625,18.76075,18.4842,0.42000947246971193,0.2490150812118539,0.16835688877866073,0.03702432776553572,3.188102850581374,1,5.984904618002474,1.2376000000000005
1502191260564107063,SN,25.8684,yes,11,19.31,21.3369,20.684900000000003,20.6395,20.0999,0.33014676130472614,0.5711646163575219,0.3930369199289591,0.08084377282431598,832.1514463441932,1,2177.961333738109,1.2369999999999983
1303141350524142790,SN,36.58341,yes,21,19.25,20.1924,19.384409523809524,19.3161,18.9652,0.34345642504510226,0.318772493218033,0.20507371062152296,0.0442045453955832,29.04462809911116,1,91.74694848340005,1.2271999999999998
1610211040244121915,HPM,4.53918,no,7,16.71,20.5801,19.8755,19.7213,19.3557,0.45856956215315314,0.647715332516053,0.33857552378645067,0.14859974545994148,439.7185046590783,0,1360.1340461460932,1.2244000000000028
1105261180674132072,HPM,19.20576,yes,94,17.51,18.2297,17.412621276595743,17.41275,17.0123,0.12556725043238248,0.131064663307891,0.09399940225855266,0.007601707491792911,239.22922821023727,0,865.7659451848958,1.2174000000000014
1303231520434129450,HPM,53.55238,yes,49,15.92,17.0364,15.987289795918368,15.9593,15.8219,0.19304650804587892,0.1628535125092139,0.06918029960910345,0.01411537293739564,284.5386839823617,0,819.8630303012033,1.214500000000001
1603161520434141994,HPM,53.55242,yes,41,15.91,17.0364,15.956670731707318,15.9462,15.8219,0.17993684759367973,0.1628535125092139,0.06931162634207959,0.0154195115827289,185.6225908546221,0,523.7811869563011,1.214500000000001
1005091210564106606,SN,20.24496,yes,9,18.05,18.0557,17.588044444444446,17.8887,16.8423,0.529224692619097,0.113860604513468,0.09890792954479971,0.015289134124522182,12.760388591209455,1,30.012429791990144,1.2134
1304211180774111949,SN,17.73624,yes,341,16.25,17.4328,17.156056011730207,17.1983,16.2195,0.17678106117102146,0.199595623192132,0.08829888501781062,0.012067566038722088,908.2950275550488,1,3070.769115809795,1.2133000000000003
1211251010564111427,HPM,0.71408,yes,29,17.85,18.1566,17.82436551724138,17.8558,16.9433,0.2253273638760509,0.119670840686584,0.10585130175469208,0.009255555675007033,33.68982751889813,0,117.84245403950626,1.2133000000000003
1109301041154116618,SN,3.51516,yes,10,18.65,19.8623,19.244120000000002,19.375149999999998,18.6498,0.4815029774916596,0.240872089452702,0.18191941976131318,0.03641054467932517,11.101304145681489,1,24.010443217899592,1.2125000000000021
1006171071214126085,SN,6.95689,yes,8,18.98,19.7387,19.0058375,19.03685,18.53,0.39920299861993036,0.262419105827184,0.18675211774066483,0.03925196624046881,7.841766550868037,1,17.947509849494963,1.2087000000000003
1606060121114112143,Flare,-13.6231,yes,10,17.95,20.9673,20.39527,20.42895,19.7598,0.4759006363377411,0.575804026577467,0.38254679685638177,0.11368002830723806,854.7502699597634,0,2446.246897615696,1.2075000000000031
1204221570314133370,HPM,58.42686,yes,123,18.2,18.9089,18.20338455284553,18.1981,17.7022,0.1553981807985384,0.507254292726356,0.13664180611756999,0.06721293873574047,797.8036397356594,0,2651.985369004811,1.2066999999999979
804241070604111578,Ast,6.70399,yes,5,18.99,19.9203,19.201439999999998,19.1818,18.7138,0.4465485337564116,0.352705188211029,0.20568572977701338,0.08334464355686141,353.71399679396734,0,790.9381772452907,1.206500000000002
1502221210424111277,CV,20.35713,yes,4,16.77,20.1802,19.6846,19.792,18.9742,0.5441119247605843,0.263818418910583,0.20976918752090473,0.04198645225317727,374.7022274139659,0,798.8821036804948,1.2059999999999995
1306101320744148086,RRL,33.37095,yes,363,13.65,14.6483,14.19799834710744,14.299,13.4424,0.3192896761407705,0.0711321335201124,0.055253426356324464,0.002952475784324868,866.6672031345132,0,3078.760442361301,1.2059000000000015
1204241230644129791,CV,24.44289,yes,13,17.19,18.1677,17.360853846153848,17.2629,16.9624,0.37301337244881927,0.142110491741686,0.09561286242783126,0.01598387793775215,686.9777582023183,0,1499.9722620951943,1.2053000000000011
1104271490474133022,SN,49.87476,yes,6,16.03,17.2316,16.436983333333334,16.0552,16.0279,0.6084310525167727,0.0879860873553814,0.07182233382232754,0.012342346791192895,14.362486747746717,1,27.824921689803887,1.2037000000000013
1412111400184161153,CV,41.1486,no,10,18.4,19.06,18.29683,18.19155,17.8572,0.39746477426028204,0.2237791642170189,0.15849876847035257,0.03142425911389374,886.5078985830676,0,2301.8092170367017,1.2027999999999999
1111301120304120184,YSO,11.77195,no,64,13.3,14.4524,13.735475000000001,13.498,13.2503,0.4221448596627502,0.0768926955921351,0.05514076850355652,0.004539430714696532,740.179816272829,0,2838.079438391098,1.2021000000000015
1406201600484135408,SN,61.15294,yes,3,18.79,20.8291,20.2501,20.2929,19.6283,0.6015430491660597,0.461774138307705,0.3378597908536256,0.11777808227882798,1341.4787158520865,1,2680.824393622992,1.200800000000001
809241150184119649,Ast,15.36951,no,5,20.25,21.1269,20.26634,20.0793,19.9279,0.49745828769857614,0.5334648135674871,0.3391600274034308,0.10986646301249355,662.529483453773,0,1529.9898398494988,1.198999999999998
1210141070524139098,HPM,8.10972,yes,208,16.57,17.5943,16.727278846153844,16.66145,16.3964,0.19944519263287336,0.116580445407218,0.07731511365660301,0.0063662426467287455,721.0280503741413,0,2210.9842978473025,1.1979000000000006
902271070524148293,HPM,8.11071,yes,229,16.64,17.5943,16.73204366812227,16.6686,16.3964,0.19992617259438727,0.116580445407218,0.07731705387813691,0.006149425844608756,749.1712405441209,0,2469.224999930695,1.1979000000000006
1201291070524145310,HPM,8.10976,yes,212,16.66,17.5943,16.727209433962265,16.6642,16.3964,0.19762821479987697,0.116580445407218,0.07729842952345499,0.006315251540636032,730.0509733656498,0,2469.224999930695,1.1979000000000006
1101140090534107892,SN,-10.88761,no,28,18.75,19.9363,19.16655,19.1449,18.7394,0.3042477006212758,0.2708974200142999,0.1881381238512232,0.0289784849369782,26.97342742738168,1,76.8019549071978,1.1968999999999994
1302170150534108860,SN,-16.53156,no,11,17.95,19.1416,18.502163636363637,18.6483,17.9453,0.3949484985988107,0.162508570285266,0.13811251984944542,0.01927567561670954,10.459445412195121,1,24.96201064789784,1.1963000000000008
1602051320514127213,SN,32.93307,yes,2,20.03,21.3732,20.7761,20.7761,20.179,0.8444269180929765,0.6055476201359999,0.4621907506712009,0.2027372290564682,647.5211686374153,1,915.7332186107087,1.1942000000000021
1401031150704133074,SN,16.04377,yes,3,19.3,20.3761,19.689133333333334,19.5078,19.1835,0.616631999926483,0.3501926700171711,0.246821613089243,0.09171916690229988,1253.794142166208,1,2489.216696203701,1.1926000000000023
1206181230684113341,HPM,23.61391,yes,120,13.44,14.6038,13.480323333333333,13.46075,13.4121,0.1154071788493774,0.0561829130478377,0.052653947248343845,0.0005218705226300755,318.82679111043325,0,1134.887169201298,1.191699999999999
810251290114110356,SN,28.8295,yes,13,19.95,20.8347,20.272461538461535,20.2612,19.6441,0.4042840452340028,0.421812891074963,0.3144113442216708,0.06810746051462846,445.2264847970451,1,1624.7192108447998,1.1905999999999999
1503201460494127323,HPM,46.92154,yes,64,18.32,19.2867,18.445309375,18.42455,18.0961,0.1710002169484836,0.195139728265461,0.13436126247292615,0.014547295462105057,434.1065065562206,0,1183.0106119675038,1.1905999999999999
810241260064139598,CV,27.98938,yes,6,19.66,20.7804,20.158916666666666,20.188499999999998,19.5914,0.4722714787774803,0.417558576331611,0.30915670334164996,0.0894532544842068,452.51331700991983,0,1113.949554537001,1.189
1009160180054126884,SN,-17.64101,no,6,18.63,19.811,19.114250000000002,19.1181,18.6263,0.41294360268685587,0.25327223587338,0.18123333653816198,0.03986834401964299,14.219410212861009,1,25.98189977970469,1.1846999999999994
1501181520434104073,HPM,51.0575,yes,151,13.95,14.5532,13.99962715231788,13.9917,13.3693,0.09023378298159691,0.0690736897381469,0.0548766559749338,0.003172484895457737,881.2284503264201,0,2737.8221766550996,1.1838999999999995
1110241380714146036,HPM,39.42291,yes,169,18.26,18.6903,18.325526627218935,18.3397,17.5067,0.13970182597098776,0.180945532783176,0.13034825089056326,0.012584816674487938,596.5819740719896,0,1960.7478136806021,1.183600000000002
905021380714155263,HPM,39.42296,yes,158,18.25,18.6903,18.3261582278481,18.3397,17.5067,0.1408834121661991,0.180945532783176,0.13039589043170752,0.012467716485002134,575.6077640573852,0,1932.7646548730045,1.183600000000002
1210090180074131839,SN,-17.47819,no,11,17.26,18.4352,17.842963636363635,17.8994,17.2568,0.37687590337597215,0.145954060050047,0.10858623479884871,0.015900049283112835,9.930088529186557,1,23.991837245695933,1.1784
1203040180634119296,AGN,-18.60654,no,75,18.1,19.061,18.48952266666667,18.5462,17.8855,0.3216000998274211,0.451717889675283,0.15420095452195376,0.05741961289255844,753.938513891139,0,2209.956663344994,1.1754999999999995
1602261600384105213,Flare,59.73473,yes,95,18.86,19.9475,19.35764210526316,19.346,18.7762,0.2226231643712526,0.687394177356434,0.21223768928602876,0.056003213616645474,847.2413856862651,0,2692.770687199205,1.1713000000000022
912181230534101209,SN,22.62173,yes,7,19.79,20.9587,20.304828571428573,20.2426,19.7904,0.43363512586153874,0.477120410657911,0.3326068861168455,0.09315929481603873,619.4461123332873,1,1816.055244780102,1.1682999999999986
804061070664115771,SN,6.75729,yes,12,19.21,19.8371,19.164608333333334,19.11625,18.671,0.28733255822330933,0.258649408149468,0.18271885499699256,0.02942836357596269,11.056005053641803,1,24.841478726797504,1.1661000000000001
1611061210044109538,SN,20.34622,yes,5,19.58,21.2217,20.65838,20.8108,20.0586,0.5108113320982607,0.553556706067472,0.40460262702193805,0.1090317104337482,783.9028157644588,1,1880.9307453008005,1.1631
1303051230684111017,HPM,23.58014,yes,115,15.31,16.4021,15.315686086956521,15.2964,15.249,0.11543054027981875,0.0718646059412291,0.060931613870593974,0.0017649565358236771,288.44368809196055,0,886.7194510876943,1.1531000000000002
1306061181204113527,SN,17.73884,yes,11,18.36,19.4953,18.675427272727273,18.4961,18.3433,0.4125635347214032,0.232981508481037,0.15727979488472563,0.03828014264205078,6.186170846214887,1,14.945342060309486,1.152000000000001
1504091230714131557,SN,25.21519,yes,6,18.58,21.6244,21.131183333333336,21.066850000000002,20.475,0.4316189820509135,0.595756075497911,0.5138107506425459,0.0849278109416384,1146.3445269387364,1,2897.0804240047073,1.1494
1504301070854120080,SN,6.7754,yes,4,18.11,19.4145,18.854575,18.869100000000003,18.2656,0.497094969967175,0.2127559598593229,0.16775491982554022,0.03680098721282252,0.008378490612798937,1,0.019483611002215184,1.1489000000000011
1204200210694112972,SN,-21.85441,no,4,19.94,19.9412,19.387325,19.40785,18.7924,0.4985468307992731,0.306754793362293,0.2369748232772185,0.057671589283096056,0.00870241602679902,1,0.020199571699777152,1.1487999999999978
1309151090014120286,SN,9.85241,no,10,19.44,19.8365,19.32976,19.4672,18.6891,0.3867539504933624,0.331699557130307,0.23094999465185148,0.060828864699763424,681.0212555959878,1,2161.189740034897,1.147400000000001
805121400284123122,CV,40.55142,no,8,16.16,17.3017,16.7017375,16.6711,16.1577,0.5456620066815294,0.0901159092074035,0.083448320114755,0.004817324852661995,361.34195120332896,0,676.0269668631881,1.144000000000002
1010281290074137474,SN,30.41368,yes,9,19.29,19.8331,19.26211111111111,19.2649,18.693,0.4238523488328347,0.254878554370085,0.2037086469698591,0.03499197991123317,10.843166900584999,1,24.990740682806063,1.1401000000000003
1305091090794106174,SN,8.80883,yes,10,20.11,20.4868,19.84436,19.7652,19.3488,0.41034207193511046,0.367724052908082,0.2781301635547385,0.057421541900800774,10.077475218095035,1,38.86274192119163,1.1379999999999981
1302181490404115704,HPM,48.92288,yes,62,18.5,19.0713,18.491846774193547,18.503549999999997,17.939,0.16493288920116375,0.1762448051373299,0.13414014968798937,0.010547583863975257,244.0200269482746,0,874.8561786923019,1.1323000000000008
1605251490574133437,Flare,50.39758,yes,176,16.08,17.2214,17.05633806818182,17.06595,16.0894,0.0982641459083816,0.196650439898266,0.08695109411079155,0.015235798739744297,852.9860860837166,0,3029.810461898305,1.131999999999998
1409250071134115846,CV,-7.81958,yes,6,15.79,21.057,20.65748333333333,20.74995,19.926,0.38303031429205114,0.458863187878806,0.4043044459120857,0.06448670001521564,1009.785556270893,0,2239.938744015897,1.1310000000000002
1002191260514135892,SN,27.65305,yes,11,19.86,20.9955,20.328599999999998,20.2279,19.8647,0.3667099589593939,0.453516821791469,0.3280160456994765,0.07315265512255313,219.18897723940205,1,752.8611269211033,1.1308000000000007
1210040071104182143,CV,-5.88787,yes,8,17.43,18.4052,17.8557375,17.84525,17.2847,0.508008680852434,0.131917059835834,0.11143905483369623,0.018785953741991584,3.7773354064965208,0,7.088876689798781,1.1204999999999998
1111241070264146997,SN,7.59911,no,12,18.81,18.83,18.195875,18.01465,17.7098,0.45235697312671386,0.139373780741121,0.11939984381346669,0.013642542167647844,16.713504766122053,1,36.96371733779961,1.120199999999997
1607041091204106148,AGN,8.81058,yes,12,19.67,21.1374,20.54948333333333,20.46005,20.0192,0.32593615056084846,0.532955476537639,0.40780511993334684,0.070849731288742,1230.4692443847148,0,2937.9734524884916,1.118199999999998
803010070794109462,SN,-7.99774,yes,12,19.44,20.1488,19.44955,19.33395,19.0325,0.3436051208741065,0.310557200748602,0.2120740202807518,0.05095034640892361,276.31293676585636,1,719.0464391318019,1.1163000000000025
812041350374140122,SN,36.20122,yes,5,20.01,20.9122,20.12904,19.9631,19.7963,0.4453939918768544,0.428846565275113,0.2935118695386584,0.07764530919721002,12.0410035457289,1,26.934551504498813,1.1159
1011131320804153167,HPM,33.74023,yes,190,18.57,19.1404,18.511695263157893,18.51585,18.0251,0.19118636307848708,0.316584916008224,0.1443023741432733,0.024609232826840494,553.9295947997874,0,1823.0226763659011,1.1153000000000013
1003120040654130928,SN,-3.62884,yes,8,19.98,20.3841,19.8009625,19.85585,19.2711,0.38848841842453924,0.3394460831320799,0.2530267516016019,0.050822843158585734,13.335725888790297,1,24.970825335498375,1.1129999999999995
1410261380444116289,SN,37.85319,yes,10,18.54,21.4689,20.86181,20.9327,20.3576,0.39615627514067336,0.599204677930739,0.44418519872995865,0.10530035342385133,616.9884075134443,1,1856.0899572686976,1.1113
1607061121124101906,HPM,11.33806,yes,31,18.18,19.2517,18.672103225806453,18.6526,18.1431,0.23942709744147042,0.193356892892473,0.15692019052474573,0.014209966603889228,238.74537068624522,0,763.9610694331059,1.1085999999999991
1506141230714128855,SN,24.36155,yes,10,19.53,21.227,20.68065,20.572049999999997,20.1214,0.41582482222418793,0.5561056669849089,0.41730334164561533,0.0846721352589071,1092.4968659613328,1,2882.0752101040052,1.105599999999999
1107030071174105491,SN,-8.26167,yes,6,18.94,20.4777,19.99045,20.01615,19.373,0.40951788605627376,0.431694084833304,0.29955399764938817,0.0847475116046077,128.03587600129617,1,343.0338635302978,1.1046999999999976
1511080041164145146,Flare,-3.48787,yes,9,17.92,21.0252,20.453644444444443,20.5531,19.9226,0.41475465974209136,0.503505720180345,0.37977285362702734,0.07891598895283043,740.7837692054499,0,2601.857212917006,1.1026000000000025
1404060230594136592,SN,-23.02121,no,28,18.03,19.8148,19.289432142857144,19.34165,18.7134,0.2911492248844118,0.261246982107932,0.2047253061553718,0.02922031724082809,615.3020921216411,1,1833.9706473378028,1.1014000000000017
1412231320394136108,SN,33.11253,yes,15,18.48,21.2692,20.82618666666667,20.8889,20.1693,0.3163271879075905,0.546636828866174,0.44315867849296714,0.06856522401280121,778.4500559221474,1,2567.960138495502,1.0999000000000017
1410261400394107381,SN,39.98165,yes,2,18.92,20.768,20.21855,20.21855,19.6691,0.7770396418458974,0.467392554778313,0.35061270318463,0.16515164993570378,250.9696186085487,1,354.92463837980904,1.0989000000000004
1505111400524111380,SN,40.25676,yes,4,19.7,21.3474,21.011225,21.22265,20.2522,0.5140350466326858,0.559263960232993,0.48670515589303626,0.12066023645557133,616.4580042882517,1,1418.1682497108995,1.095200000000002
1602271230374166444,SN,24.93546,yes,3,18.77,21.255,20.7052,20.6974,20.1632,0.5459417917690489,0.4726478671117029,0.37860437289970594,0.10908292750663288,1098.0971972743764,1,1901.963262360805,1.0917999999999992
1412231400334143673,SN,41.76553,yes,7,18.76,21.2941,20.9084,21.0776,20.2075,0.3955253763456064,0.546093165017365,0.46915212542087514,0.09356623446849474,1141.0682434351852,1,2647.7548255435977,1.0866000000000007
1602271290594104414,SN,28.63784,yes,9,17.92,18.9897,18.49417777777778,18.6388,17.9068,0.37283969671219824,0.16697951599116,0.13814367756150955,0.019342193556923723,740.2374110985343,1,1875.8646296988882,1.0828999999999986
1505190011184112353,CV,-2.13321,yes,8,18.52,18.2626,17.6622625,17.6362,17.182000000000002,0.46227066263793354,0.131543219308555,0.10769243240609316,0.016753026435474147,4.281148532709268,0,8.032874155302125,1.080599999999997
1510311120124112847,SN,12.23727,yes,302,15.46,18.4448,17.654327814569537,17.657850000000003,17.3685,0.10941504215460142,0.187541590059057,0.10544100564623804,0.0105447114759235,910.9961313250809,1,2975.875937372897,1.0762999999999998
1306031350724113310,SN,34.50839,yes,16,18.18,19.1505,18.65798125,18.675400000000003,18.0761,0.34889285120936525,0.184277251609001,0.15222950889977493,0.02168826663265765,10.990768841535928,1,28.974443333201634,1.0744000000000007
1504131380564121920,SN,38.15921,yes,8,19.35,21.3924,20.914875,20.9803,20.3198,0.3901896342988693,0.59747378284723,0.46521052358898635,0.10134331729385733,814.9061379453375,1,2220.033306134399,1.0725999999999978
804091210794129026,SN,21.44544,yes,12,19.72,20.6089,19.923358333333333,19.82365,19.5384,0.3371907834886613,0.395544964882529,0.2772568727614916,0.05427161285750745,9.462773253014548,1,29.055385161605955,1.0704999999999991
905260150844128133,SN,-16.14284,yes,14,18.05,18.6891,18.334307142857142,18.43485,17.6202,0.311909682352207,0.168827917699734,0.1445005052931305,0.018978887273766183,17.674263959391848,1,44.90204812490265,1.0688999999999993
905161090574137297,SN,10.95473,yes,13,18.45,19.2414,18.5591,18.4583,18.1747,0.2924461773842608,0.253772890201849,0.15749406241252498,0.041841432217044366,19.260165524881423,1,58.95441307889996,1.0666999999999973
1110041261074109922,CV,25.76412,yes,12,18.62,18.8055,18.366608333333332,18.62425,17.7424,0.4281440612655619,0.162501099758431,0.13711887188428815,0.01856745960379971,774.1294853291222,0,1802.087904224798,1.0630999999999986
1201231570324142982,HPM,59.0761,yes,68,17.53,17.8556,17.575480882352938,17.577849999999998,16.7943,0.15056477284906472,0.126235298400221,0.10007647959741162,0.009604809340703341,502.27041790894464,0,1594.7689461459013,1.0612999999999992
1511131041244117160,Flare,3.91947,yes,9,18.82,21.2062,20.566,20.3276,20.1456,0.40466219862991815,0.528927250951507,0.4224318343858739,0.08902228395710682,558.4497667123617,0,1844.9783680904948,1.0605999999999973
1409251040084105517,SN,3.19332,yes,3,19.81,20.8712,20.3611,20.3996,19.8125,0.5303990101800727,0.517316120134488,0.3821869623521779,0.11776986479522697,411.4691146409154,1,815.9331957524046,1.0587000000000018
1601181260644126337,SN,27.18763,yes,7,18.56,21.4606,20.944557142857143,20.9397,20.4041,0.39791289187937756,0.574868117625171,0.468880109022982,0.0771667793490861,1111.9207811131514,1,2653.774169375203,1.0564999999999998
1010311350044119900,Flare,35.14796,yes,5,18.26,21.4477,20.8969,21.0862,20.3928,0.4760897026821735,0.620683998131875,0.4611646124177236,0.12394038641763071,1184.6312025603488,0,2531.053618009697,1.0549
1604290120764109443,SN,-13.55702,no,2,18.54,21.4191,20.8918,20.8918,20.3645,0.7457148114393335,0.4518806292718669,0.40989447911124394,0.059377382988986295,1335.6421009131677,1,1888.8831735878994,1.0546000000000006
1603161460424106403,HPM,45.65126,yes,63,15.34,16.0599,15.335426984126984,15.3012,15.0058,0.22460478207527151,0.0669074714531117,0.0606592732661208,0.002016637640105557,630.0943014424265,0,2293.7739702662,1.0540999999999983
1205011180804142223,SN,19.46373,yes,12,19.99,20.3279,19.8236,19.82245,19.275,0.347569095812095,0.346244850291403,0.2576267732405304,0.04916631601876148,10.34759358373834,1,28.0438804978985,1.052900000000001
1309240151044109000,CV,-16.72028,no,8,18.21,19.2634,18.6577125,18.5026,18.2111,0.4088627448266027,0.215318323690957,0.1649898665722445,0.03218791793380441,3.1899820430620465,0,5.988062315198476,1.0523000000000025
1511081600284115570,Flare,60.29814,yes,140,17.92,19.2425,18.68163,18.67355,18.1929,0.15897981080817877,0.4820974427037679,0.1582066620355553,0.05115993054563892,781.7641638334571,0,2653.988779085201,1.049599999999998
1110281210094139926,SN,22.43226,yes,7,19.73,20.2565,19.632714285714286,19.5747,19.208,0.37799311911096745,0.321443246850266,0.23517679147597684,0.04765792781202185,5.856872189974236,1,10.98197128490574,1.0485000000000007
1002151260604112544,SN,26.1021,yes,5,19.52,20.5277,19.73272,19.5185,19.4806,0.4489583855993771,0.363555989903838,0.24536250163640355,0.06657064176687784,8.097616096520621,1,18.11725608769484,1.0471000000000004
1001061320334228647,HPM,31.95558,no,115,18.13,18.7008,18.04292782608696,18.0248,17.6595,0.16026582881445245,0.143215249041355,0.11394393343813225,0.007926312493543797,557.5032995163355,0,2064.280359791599,1.0412999999999997
1306120091104126082,SN,-10.45802,no,10,18.84,19.8664,19.29755,19.24925,18.8361,0.3490787916470691,0.2786549895692249,0.21520007190302146,0.03690541216092119,7.335017693902668,1,18.936367060501652,1.0303000000000004
1512031570294134673,CV,58.77056,yes,3,18.28,21.1028,20.473933333333335,20.2465,20.0725,0.5515196853543234,0.511534088491226,0.3528913856676863,0.1416028716252046,276.9600143632303,0,529.7659129975,1.0302999999999969
803071010324106660,CV,0.25384,yes,9,18.51,18.9681,18.619933333333332,18.5911,17.9393,0.3395944566685391,0.231307085164309,0.20230227971273368,0.025289916434394773,157.14559914880675,0,298.18318912020186,1.0288000000000004
810311320154134708,CV,32.71847,no,23,17.65,18.6403,18.139839130434783,18.2279,17.6125,0.32446882430314455,0.177826945978481,0.13362747706051592,0.02280763899066081,646.8368360328352,0,1779.0453602195994,1.0277999999999992
1009160150044112016,SN,-16.05655,no,188,16.05,17.0736,16.76708670212766,16.78,16.0483,0.13944935171551878,0.0882780930331772,0.07831572369462585,0.003160119911891102,911.6728442882827,1,2947.9398478936055,1.0252999999999979
1204011230584135800,HPM,25.09768,yes,394,15.19,15.673,15.283010913705583,15.2865,14.656,0.07954124385162055,0.0945512714143824,0.06053847147745833,0.0039181371797790115,918.7372002588094,0,2992.9203332870893,1.0169999999999995
1005070120884134627,CV,-13.25698,no,10,15.95,16.8864,16.37295,16.343249999999998,15.8696,0.4854870870236059,0.0802240602898672,0.07243345633582414,0.0071308513793525725,6.309677708799941,0,11.997322673392773,1.0167999999999981
1109211291054157070,CV,30.24328,yes,16,17.87,17.8939,17.36465625,17.29085,16.8822,0.33772596182654735,0.106803767503226,0.0933769364601866,0.009466111689581577,1117.518410195061,0,2949.0920561226085,1.0116999999999976
1109300011114151150,CV,-1.16791,yes,10,16.49,17.3617,16.81194,16.7386,16.3565,0.37958452491580486,0.0943295917850847,0.08032146706985166,0.00924342073702663,175.2780042017253,0,368.99450721030735,1.0051999999999985
1209190181234125108,SN,-18.45311,no,16,18.22,18.9697,18.3921625,18.35955,17.9654,0.22170394034988788,0.1773009769356799,0.13628552416439116,0.014386340274192728,20.36566730683067,1,52.88668352980312,1.0043000000000006
910241071244123295,SN,7.31079,yes,11,19.39,20.2317,19.79372727272727,19.8066,19.2294,0.35407180088482015,0.316645099848056,0.25777527254751037,0.04614135634431261,624.1241232266096,1,2545.0048051388003,1.0023000000000017
1408310011104136414,SN,-1.96703,no,147,15.72,17.111,16.38444693877551,16.3696,16.1099,0.10077632720101641,0.126656878617432,0.07570023746046828,0.006183075288982759,937.9432846895689,1,3045.7027482754056,1.001100000000001
1304151460544143236,HPM,47.70862,yes,176,13.75,14.4797,13.75266875,13.7383,13.4809,0.09660695207533287,0.0653010016159224,0.05368259327402005,0.001891323167286426,879.365427490986,0,2952.947421006902,0.9987999999999992
906141320804168891,HPM,33.73962,yes,141,18.62,19.0238,18.510505673758864,18.5158,18.0251,0.20305910320926407,0.219612126856601,0.1441735209710809,0.023252068935872304,426.69715745899566,0,1689.5974915738989,0.998700000000003
1306191350614114230,HPM,35.01583,yes,91,15.67,16.5982,15.687338461538461,15.6696,15.6037,0.10965584523025824,0.074939898713751,0.06389184906023385,0.001987686621326351,378.10601761720136,0,1417.0620655206003,0.9944999999999986
1504230070584101458,Flare,-8.37234,no,10,18.41,21.3227,20.71062,20.64995,20.3285,0.3496066958423109,0.5900124057604941,0.392755162384565,0.09611432644019141,559.0065954970023,0,1562.7040351158066,0.9942000000000029
1511091070554135380,SN,7.80837,yes,396,16.3,18.2289,17.712246717171716,17.7093,17.2409,0.10796222576312167,0.301295931018901,0.10553081700042295,0.026356267803771632,931.238935452654,1,3099.220905254595,0.9879999999999995
1002161380164181715,CV,39.21259,yes,17,17.54,18.1741,17.704029411764708,17.5911,17.1864,0.29664244631522585,0.122187069308738,0.1056832307278279,0.009450210296822014,958.7938245886454,0,2522.0049047799985,0.9877000000000002
1502071520434133788,HPM,53.54643,yes,50,12.96,13.675,12.975948,12.95035,12.6876,0.14860191890430155,0.0621032257622857,0.05182103203935469,0.0015441932831437193,283.41239293074426,0,819.8630303012033,0.9874000000000009
803051400444124747,CV,41.67956,yes,20,17.33,17.8234,17.24728,17.248199999999997,16.8421,0.3241384606679848,0.100950671311727,0.0894085846940237,0.007215840106568465,635.3232277592339,0,1536.9612778933006,0.981300000000001
1212211320424112761,SN,31.75134,yes,4,19.15,20.1328,19.669525,19.6967,19.1519,0.4044890223067449,0.291554384493728,0.24163530253267024,0.050517942342364106,103.92731454451956,1,219.3143489465001,0.9808999999999983
1403090090484116562,CV,-10.4441,no,9,18.67,21.2455,20.7235,20.6385,20.2648,0.32662320416651364,0.5636487791517819,0.40885750226356593,0.08692275055464191,860.8998764089001,0,2571.947709074302,0.9806999999999988
1510150121234115538,Flare,-13.08238,no,8,18.89,21.1132,20.64285,20.67685,20.1335,0.3754172878278243,0.54339643216192,0.41880537472972224,0.0975141108487576,997.153793538166,0,2234.9105546413994,0.9796999999999976
1106111260764139610,SN,27.57445,yes,5,18.93,21.2999,20.772280000000002,20.6284,20.3208,0.4346356255531748,0.581185002366204,0.4492085852997372,0.10888494995257195,766.7099934666878,1,1849.9138375814073,0.9791000000000025
1504291630374126225,HPM,64.14264,yes,77,17.49,18.1716,17.62623766233766,17.6214,17.1941,0.10416970344354551,0.253334658561285,0.10349114827553182,0.01960075532414102,734.8469888606213,0,2557.8686645721027,0.9775000000000027
1403300230584137397,SN,-23.11466,no,7,17.02,19.9089,19.56382857142857,19.6913,18.9317,0.3725031620191776,0.268153886966045,0.2348247793246281,0.038267553560815834,550.2082766218169,1,1464.9692655904073,0.9771999999999998
1501180090594116708,SN,-10.24931,no,39,16.62,19.9596,19.386615384615386,19.3768,18.9838,0.23895033566617924,0.268524837662611,0.2133647440022869,0.026039637173457874,780.0820687688988,1,2343.7244307408037,0.9757999999999996
1305121040794120539,SN,3.83075,yes,10,18.29,19.2693,18.637700000000002,18.55915,18.2938,0.3457613531517557,0.2085032141483049,0.15517267601516554,0.027657701607911766,10.278407949193026,1,26.00743901639362,0.9755000000000003
804121010804117759,SN,1.06163,yes,7,19.8,20.5834,19.907057142857145,19.7973,19.6127,0.32360878571274354,0.3928617546293039,0.2734044810890634,0.05623156608604016,3.1862285656072746,1,5.974867314507719,0.9707000000000008
1411171090504112201,SN,9.28271,yes,13,19.26,21.328000000000003,20.963823076923077,21.0537,20.3637,0.3575581331612295,0.591686438168588,0.46636714199262447,0.08801985896719704,679.5188241200339,1,2139.08710038189,0.9643000000000015
1401040040034119943,SN,-4.26839,no,5,19.37,20.8466,20.39666,20.4316,19.8853,0.36832471136213435,0.537586917083812,0.38945051672423137,0.10596948931843447,1033.0517487657598,1,2168.958183657298,0.9612999999999978
1009121011214116857,SN,1.08775,yes,5,18.07,19.0326,18.40318,18.1599,18.0724,0.41551276996020076,0.178224880501071,0.1411373124221666,0.023492034159478915,9.854291928043265,1,18.004848657197726,0.9602000000000004
1312241210134128201,SN,21.40786,yes,3,18.35,20.7152,20.194733333333332,20.1134,19.7556,0.4849426495301597,0.449456276985024,0.3360286561983226,0.11242285608301375,223.84564325790757,1,406.9693714353998,0.9595999999999982
1405060040754131386,SN,-3.55918,no,4,18.45,20.9132,20.3734,20.31305,19.9543,0.4259747019092404,0.4864203098251679,0.37235818955226774,0.08753936590697427,927.6984247579871,1,2241.92456107631,0.9588999999999999
1605141230764138402,HPM,24.93077,yes,100,18.47,19.1439,18.630141000000002,18.609949999999998,18.187,0.16771559385827034,0.4034324523640999,0.15056998379314235,0.02818918102149345,605.981385162736,0,2592.9634038079894,0.9568999999999974
908021290704111154,SN,29.41956,yes,4,19.04,19.9608,19.3396,19.195999999999998,19.0056,0.4415026764735764,0.349233585945409,0.25524787801627224,0.06634176270854221,15.576787190169656,1,26.99021583369904,0.9551999999999978
1310030120174141423,SN,-11.5921,no,10,18.89,19.2417,18.718709999999998,18.67175,18.2867,0.24969882948152652,0.194946639908237,0.1541613878311035,0.01766154590640567,8.884330466757644,1,23.027735092196963,0.9550000000000018
1511081091134116710,CV,9.05054,yes,7,18.9,19.0712,18.77702857142857,18.9717,18.117,0.37179019493206045,0.3671727754238049,0.22716888349501754,0.08045860270946639,46.790600909888305,0,125.72872037029447,0.9542000000000002
905181290594110425,SN,28.9504,yes,5,19.62,20.194000000000003,19.70136,19.6248,19.2414,0.36714202020471715,0.315865268882088,0.26216610593135015,0.03672356640265306,641.3014816768451,1,1434.002875162303,0.9526000000000039
1010131180114127827,HPM,18.60746,yes,83,17.43,19.029,18.556206024096383,18.5462,18.0787,0.1632046040041322,0.1944666237101619,0.1478193303970055,0.014767373707373941,284.27118267427704,0,1424.0362525695964,0.9502999999999986
1106091400584128136,SN,41.61521,yes,5,19.83,21.3812,20.84748,20.9232,20.4331,0.4034162453347657,0.5745570563192479,0.468040343650263,0.07878685911152813,1157.9917210388949,1,2893.0822567706928,0.9481000000000002
1211140260264156771,SN,-25.59633,no,8,16.29,17.1465,16.6801875,16.659599999999998,16.1994,0.4555043623360183,0.0866959432477279,0.07786880209806517,0.008347324193425853,12.79710126218994,1,23.963612638799532,0.9470999999999989
1406071320674112652,Blazar,31.96757,yes,2,19.73,20.8421,20.36995,20.36995,19.8978,0.6677209334744557,0.4233030918975829,0.3643196176565975,0.08341522922748572,15.65617721205305,0,22.141178148202016,0.9442999999999984
1605311460454131367,SN,47.55692,yes,2,19.12,21.4392,20.968249999999998,20.968249999999998,20.4973,0.6660238771996082,0.6150311474374,0.4921649277419544,0.17375907425081136,15.53852583970865,1,21.97479398179712,0.9419000000000004
1607031320834188377,CV,33.58282,no,10,18.97,19.8097,19.20505,19.1918,18.8721,0.2982843656274622,0.3116442113900819,0.21859398472608338,0.038916486107933586,784.6127151819583,0,1640.2349264816003,0.9375999999999998
1007060070824111635,CV,-7.94484,no,20,17.83,18.4454,17.853755,17.83345,17.5116,0.23325824738620538,0.143774878653746,0.11183699467171974,0.012644538642833545,704.3641244003286,0,1841.8995143750944,0.933799999999998
1501180090214122954,Flare,-9.58833,no,270,15.27,18.0984,17.67217185185185,17.6723,17.1681,0.09275125478512936,0.1456901698804389,0.10284999495659526,0.006607088604515368,922.401491824281,0,2969.9434175346905,0.9303000000000026
1310071010274132001,SN,1.5716,no,8,15.8,16.7219,16.225225000000002,16.1782,15.7961,0.41368485848874975,0.0891279132891944,0.07420102505671558,0.009532478511416722,10.610428640781455,1,19.86797928249871,0.9258000000000024
1310311090474134635,SN,10.4197,yes,4,19.58,20.3539,19.866425,19.841549999999998,19.4287,0.43305965235750254,0.34363128753784,0.26947068360443877,0.06188081485399794,264.1414733462475,1,528.2937731597922,0.9252000000000002
911200040324150271,HPM,-4.17498,no,39,14.13,14.7908,14.162379487179487,14.1913,13.8658,0.16852050973021102,0.057102610239322,0.054780753396013876,0.0006513376900002893,183.92867069386338,0,457.67640898139507,0.9250000000000007
1312041230164232583,HPM,24.41828,no,155,15.38,15.9215,15.476771612903226,15.4656,14.9988,0.14809253721423793,0.1158102775840969,0.06303301311533165,0.004730098877626848,502.48993214136067,0,2235.949779537099,0.9227000000000007
1505181090864106381,Blazar,8.7637,yes,5,18.9,21.0942,20.7102,20.7341,20.1731,0.3595573528659925,0.523277201210503,0.44748753088820636,0.05989810143482887,379.0122790460966,0,758.8739525810015,0.9210999999999991
1603110120534113893,CV,-13.32812,no,3,16.93,20.0511,19.545833333333334,19.4518,19.1346,0.465429654548713,0.304096906281046,0.236937837435246,0.060461018797631674,29.348207366345576,0,50.83627511560189,0.9165000000000028
1605101010584124257,SN,1.64201,yes,6,19.06,21.2763,20.8034,20.8279,20.3619,0.34468448180908795,0.573936262044777,0.44182226148618065,0.08345288330222164,961.183201322554,1,2171.0803444097983,0.9144000000000005
1011281400464120991,HPM,41.21728,yes,101,18.8,19.0634,18.671966336633663,18.6797,18.1494,0.19081046998381895,0.227660260651667,0.14771552046732175,0.01937828621102698,284.87653217146106,0,1113.9927664927964,0.9140000000000015
1204011400464123825,HPM,41.2164,yes,102,18.37,19.0634,18.667895098039214,18.677,18.1494,0.1942647735770975,0.227660260651667,0.14747447698110985,0.019435183993427824,285.70788880714605,0,1113.9927664927964,0.9140000000000015
1401231400464124147,HPM,41.21567,yes,82,18.63,19.0634,18.65411585365854,18.6613,18.1494,0.19473025310401432,0.227660260651667,0.14580324930084473,0.019205832443082098,196.82073439177316,0,765.9835093863003,0.9140000000000015
1003130090614136707,SN,-8.82816,yes,16,18.57,19.0855,18.65424375,18.6505,18.1726,0.20312455282002023,0.177837112205421,0.14668817956103752,0.012578846121411882,14.059381180811014,1,31.967953889201453,0.9129000000000005
1405261260424118499,HPM,26.7735,yes,131,12.57,13.1216,12.476990076335877,12.4723,12.2087,0.08921571425479918,0.052051056832649,0.050828254776154186,0.00021243554280466086,228.55536957077786,0,923.248065150292,0.9129000000000005
712141120514123588,Ast,12.80367,yes,3,19.96,20.8659,20.445400000000003,20.5136,19.9567,0.45842075651087105,0.422082762747294,0.34215914537212694,0.08280651962718936,0.005383946771030117,0,0.010767893400043249,0.9091999999999985
810010040074127984,Var,-3.24013,yes,3,19.25,20.1475,19.564000000000004,19.2983,19.2462,0.5059968280533004,0.315031605111661,0.23470194202603098,0.06959876666595444,0.014860680293919902,0,0.029186863401264418,0.9012999999999991
905241350454103288,SN,34.14972,yes,8,19.73,20.1507,19.7032625,19.683799999999998,19.2522,0.3249236566927246,0.303349691725099,0.26707906706568624,0.026736033142987524,61.65035122432869,1,145.28074336789723,0.8985000000000021
809281040874127913,SN,4.27408,yes,16,17.7,18.5988,18.034,17.9225,17.702,0.29016401568767897,0.175969333432371,0.1247665153667,0.017170718674645605,70.96061010184933,1,172.70285872719978,0.8967999999999989
1205151180714144181,SN,19.63489,yes,10,19.82,20.516,20.13974,20.2299,19.6198,0.3350216550214827,0.369485207656771,0.3021586479623557,0.05281075072855405,217.34522046329593,1,699.0668896180941,0.8961999999999968
1410011070104121118,Flare,7.0402,yes,313,16.98,17.9609,17.60652108626198,17.6178,17.0692,0.12783023147747938,0.187154693407426,0.10183811512973603,0.010843930529435634,947.5944418840677,0,2948.0438822916985,0.8917000000000002
1501231400524105153,SN,39.82282,yes,4,19.72,21.3707,21.031,21.13575,20.4818,0.39950323319509395,0.570553511498524,0.4930891038338525,0.10555377897155829,685.5933217992616,1,1450.1550871180953,0.8888999999999996
1512191380454128196,SN,39.01327,yes,2,18.48,20.7998,20.35725,20.35725,19.9147,0.6258602120282142,0.42772191933518,0.3736784743752519,0.07642897281969412,1207.108595860531,1,1707.10934752311,0.8851000000000013
1106281211124109922,CV,20.0777,yes,5,18.63,20.7894,20.30614,20.3632,19.9063,0.36195681095953935,0.432125703139561,0.34979042550659,0.06385954566835103,812.0916311939249,0,1927.7172863539017,0.8830999999999989
1301031150424151613,SN,16.47033,yes,2,18.92,19.4796,19.0383,19.0383,18.597,0.6240924450752481,0.179931541168636,0.15969777692596548,0.0286148638098444,6.331403502224094,1,8.95395670169819,0.8826
1304041290654130369,HPM,30.0246,yes,124,14.28,15.0551,14.285730645161289,14.2651,14.1793,0.115666656716632,0.0586071343874537,0.055015273425766294,0.0008140407883581677,374.32042202801944,0,1186.8064517242965,0.8757999999999999
811041150114118891,SN,15.57502,yes,4,20.03,20.6166,20.23585,20.2917,19.7434,0.42054929556473936,0.383647212102058,0.31416100357511273,0.07103244213427727,559.0191694079388,1,1118.049609005,0.8731999999999971
1109181070024115267,SN,6.93477,yes,5,18.61,19.1637,18.53432,18.4002,18.292,0.3557182129157844,0.183526777212328,0.1407665202016054,0.024054767934150848,31.187084784118003,1,69.74823539379577,0.871699999999997
905131210714108153,SN,20.29163,yes,6,18.98,19.8527,19.47505,19.4985,18.9826,0.288227165617676,0.251146805200451,0.21045116623233015,0.027524604769177567,9.758521836631397,1,18.916214166594727,0.8700999999999972
1204221570344112356,CV,57.21081,yes,5,15.59,19.7783,19.4978,19.6843,18.9087,0.35616285600831604,0.25878244463149,0.221675305679825,0.03839715001082144,447.0442070574095,0,1210.855678715292,0.8696000000000019
1102101210594143788,SN,22.36022,yes,5,20.08,20.944000000000003,20.45488,20.4692,20.0754,0.37083243115995357,0.345934445189571,0.2982110266929552,0.04700275471622079,10.198640518546897,1,22.81844675940374,0.8686000000000043
1312131120604119638,SN,12.49207,yes,3,18.75,21.4614,21.040533333333332,21.0631,20.5971,0.4325916819973927,0.507700273138726,0.46556047018088836,0.06593350811445757,590.3223581574264,1,1171.7778071412977,0.8643000000000001
1206141400594106740,SN,39.99039,yes,5,19.34,19.9647,19.48434,19.3439,19.1017,0.3376402345692832,0.348915539248997,0.2272076680483784,0.07089337448043267,203.90696975684983,1,455.9644109376968,0.8629999999999995
910160070054140630,SN,-5.8552,no,8,19.99,19.9924,19.487925,19.439,19.1327,0.24775283622421637,0.231000188167376,0.19464074347797633,0.02993630941925854,7.512645612344746,1,21.876884433098894,0.8597000000000001
1201041460454138916,HPM,47.76502,yes,191,13.22,13.9932,13.222819371727748,13.2159,13.135,0.0713524653181068,0.107502830147465,0.05262372685017454,0.004315109199747252,870.8395073590572,0,2888.079197488587,0.8582000000000001
1401260010654128388,SN,-1.02556,yes,5,18.77,21.0691,20.87014,21.0044,20.216,0.36689644724363246,0.51614566655391,0.471541857794964,0.06852464972574168,807.0761701635962,1,2221.965453912002,0.8530999999999977
1609221010114117243,Flare,1.49869,yes,299,13.66,15.05,14.89620635451505,14.8975,14.198,0.05622256819329466,0.109012255274421,0.05829592746349392,0.004383476706889139,964.9735199776246,0,2963.924247581097,0.8520000000000003
803031210404117636,SN,20.65234,yes,11,19.2,19.9999,19.412645454545455,19.2805,19.1512,0.31775743378758675,0.500904189772154,0.23261661259165767,0.10061581922306702,60.390253534774445,1,228.6473883216022,0.8487000000000009
1511090150184104648,SN,-16.59387,no,6,19.5,20.9816,20.663,20.82915,20.1343,0.36306148239657715,0.483853275278633,0.4126106260141555,0.07731545403399467,653.2860303323764,1,1740.1500560529967,0.8473000000000006
1210061040054136923,HPM,5.37891,yes,140,12.55,13.2037,12.545119285714286,12.52995,12.3567,0.1176877645006283,0.051784928506737,0.05085481870357301,0.0002872082028432621,328.11708219452464,0,1040.1671296530913,0.8469999999999995
1505271400564103869,SN,39.78661,yes,4,17.09,19.9971,19.56335,19.550449999999998,19.1554,0.3440050048085539,0.286790595768968,0.23256501391665896,0.036903884807223904,914.5128484924461,1,2070.228212337999,0.8416999999999994
1101130070264123135,SN,-7.34798,no,8,15.06,15.8968,15.4684125,15.455,15.0567,0.4176137225355506,0.0647154581392867,0.061236584970197135,0.0024126394206385807,13.356283646060026,1,25.008387580797717,0.8401000000000014
1611091010464105145,CV,0.22334,yes,2,16.48,21.2252,20.80575,20.80575,20.3863,0.5931918787373964,0.531687839816706,0.43804100355883746,0.13243662590921013,456.22144991082075,0,645.1945619093967,0.8389000000000024
1504211350674136634,HPM,36.0049,yes,31,18.96,19.4112,19.05611935483871,19.038,18.5739,0.17946320592135245,0.268710884331096,0.17756695519417615,0.023737183517691635,221.82738672792942,0,1130.988047106206,0.8373000000000026
1206121180764135782,Comet,19.20259,yes,4,18.87,19.6997,19.201050000000002,19.1166,18.8713,0.3607895554659712,0.2375159041385,0.188794981325282,0.034104297319191304,0.010163983841092813,0,0.02361873870540876,0.8283999999999985
1609220010064109727,SN,-1.98379,yes,3,18.09,21.1041,20.82283333333333,21.0825,20.2819,0.46858648436903594,0.522793518205487,0.45286588212362067,0.10222595134594206,922.7623626331474,1,1829.9846308451015,0.8221999999999987
1310131381024102178,SN,36.77022,no,7,18.38,19.0545,18.521285714285714,18.3777,18.2335,0.29283838220977587,0.186460097275479,0.1479515723410327,0.02022065534119802,6.440601546459851,1,12.07187658600742,0.8210000000000015
908171181104193480,CV,19.69909,yes,9,16.73,17.0255,16.638,16.7335,16.2163,0.3141604804872824,0.0824159180046756,0.07512173115417724,0.0057362021025417174,559.7539588320448,0,1062.0778736690918,0.8092000000000006
1401101520324141393,HPM,53.1596,yes,240,17.77,18.2876,17.74450375,17.74405,17.4826,0.0982738907387999,0.269609280899441,0.10529432777956654,0.02205484132634811,851.9372555020062,0,2875.1250821646026,0.8049999999999997
1201271040284172041,Flare,5.48883,no,347,15.36,17.4846,17.066571469740634,17.0701,16.6799,0.082365467249524,0.143068314218803,0.08591980276385941,0.007265846121536456,920.6226639523068,0,2948.8575263544917,0.8047000000000004
904170210694122994,SN,-21.4553,no,5,19.54,19.8445,19.49734,19.5386,19.04,0.2902332389648016,0.270251067705449,0.22923678549663853,0.031559663567480356,7.109537622570751,1,12.989556353997614,0.8045000000000009
1111181230384140281,SN,24.15011,yes,5,18.57,19.1912,18.65562,18.5744,18.3873,0.31897794124358997,0.1821107674042749,0.14257613159636498,0.022881770142712584,16.080352727310654,1,35.96672334479808,0.8038999999999987
1206141460544140072,HPM,47.78795,yes,116,15.49,16.1868,15.542174137931035,15.532350000000001,15.3838,0.10161202695050216,0.0754253217099375,0.06312549015917947,0.0025192937688161264,587.0934924280986,0,1599.8764814237002,0.8030000000000008
1402081520274133784,CV,53.09197,yes,2,15.72,21.1809,20.7795,20.7795,20.3781,0.56766532393656,0.545550965519109,0.440405851671719,0.14869764602024213,565.5563690821076,0,799.8174874424003,0.8028000000000013
1302051040264151137,CV,5.05572,no,3,15.93,20.8414,20.459233333333334,20.4972,20.0391,0.40249524634874084,0.489630867846904,0.3894739898146424,0.10860349929467224,557.8885916654552,0,1095.0117554515964,0.8022999999999989
1509201260044135327,SN,27.26382,no,3,18.0,19.6662,19.1619,18.9544,18.8651,0.4390130863653136,0.2316627656909439,0.18086224571848397,0.04409722536814978,207.87234976633033,1,360.05336799749784,0.8010999999999981
1201020070324109588,CV,-8.18196,no,7,17.38,17.3928,17.01075714285714,16.8312,16.5969,0.3221093543976583,0.0982546421367773,0.08770034557598293,0.008837435250859562,803.8558443614368,0,1503.8931064699063,0.7958999999999996
1309241040054136913,HPM,5.37809,yes,85,12.51,13.2037,12.569621176470587,12.5372,12.4088,0.12770649580200708,0.0512921992548224,0.05080732817700924,0.00026157002476796115,197.7909327705191,0,632.2223620833975,0.7949000000000002
1412121040054132778,HPM,5.37726,yes,30,12.77,13.2037,12.597916666666666,12.518699999999999,12.4088,0.20154055822388545,0.0512921992548224,0.05073626572103173,0.0003920876895107592,65.90176347244295,0,266.2533289931889,0.7949000000000002
1005161320714104287,SN,31.3253,yes,7,19.58,19.5913,19.1766,18.9787,18.7982,0.34459208735353597,0.222049556950279,0.18275318704560756,0.03073066340418285,3.21049806461467,1,6.025123217594228,0.793099999999999
1502201150294133973,Flare,15.05938,no,162,15.8,17.3275,16.79600864197531,16.77955,16.5354,0.14886122905214277,0.1165360358167739,0.08731164284285908,0.004090620624078035,833.1663428753429,0,2912.075140856701,0.7921000000000014
1503091230384129067,SN,23.75648,yes,12,18.88,20.9204,20.548108333333335,20.54105,20.1335,0.2906732575444723,0.452206579167077,0.3668369848193374,0.057333359406923246,986.8135171508068,1,2550.990091157604,0.7868999999999993
1503161210264180444,CV,22.28649,no,4,18.72,19.3671,19.052225,19.12895,18.5839,0.3700310200960635,0.232379217968093,0.20099590488289745,0.03553404318705201,0.008066944256909351,0,0.018748576294456143,0.7832000000000008
1305221490554110035,HPM,48.80034,yes,30,18.99,19.433,19.04399,19.052599999999998,18.6538,0.20555336642408753,0.20925955462189,0.17707671010503942,0.016718779394237982,114.29320329250226,0,497.7624596878886,0.7791999999999994
1005060010834124002,CV,-1.50586,yes,12,16.74,17.5076,17.069925,17.03365,16.7312,0.294304721875443,0.102152435935459,0.08969471627944615,0.008353874297271632,1156.353536896636,0,2701.764974907499,0.7763999999999989
1609020010114127735,SN,-0.8727,yes,291,16.08,18.4094,17.991482817869414,17.9877,17.6357,0.1175287570692358,0.346868026034586,0.1152836232967213,0.024804138004167517,922.8858609761867,1,2963.921911585596,0.7737000000000016
1502081460544131909,HPM,47.7874,yes,52,15.45,16.1868,15.56131923076923,15.5289,15.4152,0.1443512614484192,0.0754253217099375,0.0632894918337414,0.0031530070162383928,305.386560068251,0,826.8362049073039,0.7716000000000012
1301030010464118888,SN,-2.04277,yes,24,16.75,17.5195,17.20895416666667,17.21495,16.7504,0.23519590165603957,0.0954149131001328,0.08802579276730478,0.0055236363718784865,22.338979005663653,1,62.86731818269618,0.7691000000000017
1602121150694122759,SN,15.63605,yes,2,18.39,21.1639,20.7795,20.7795,20.3951,0.5436236933762206,0.5546857174043629,0.42064794263855143,0.18955803894412077,1025.3882764358789,1,1450.118007233992,0.7688000000000024
1504181290454131560,SN,30.24955,yes,2,19.92,20.8128,20.43005,20.43005,20.0473,0.5412902409983005,0.5135955270947791,0.4721435389869395,0.05862196376943498,1720.53978191695,1,2433.2106941893944,0.7654999999999994
1406290040914119592,CV,-5.16564,yes,8,18.99,19.2767,19.0020375,19.023699999999998,18.5169,0.2601834733825898,0.353939345466877,0.2645208968087879,0.07107618339285608,189.79149586958005,0,355.083615451309,0.759800000000002
1003121150504124943,SN,15.81911,yes,10,17.45,17.8369,17.48287,17.51175,17.0779,0.24423584253294536,0.122530725618888,0.10016240691940925,0.014225269238313647,9.960893226536756,1,25.872668657597387,0.7590000000000003
803111230424136723,Ast,24.51484,yes,5,20.25,20.2464,19.92052,19.9496,19.4879,0.27322502996614323,0.3042040875614,0.26453339443625434,0.03840179953198275,353.2064629247959,0,789.8036642941006,0.7585000000000015
810251071194131669,Ast,7.64059,yes,4,20.29,20.4189,20.0736,20.1072,19.6611,0.34634974616226627,0.402126969488455,0.300334704642005,0.07712840432656315,598.3471164455802,0,1196.7058979398062,0.7577999999999996
1601201070664105300,SN,6.03343,yes,3,19.01,21.2477,20.934966666666668,21.067,20.4902,0.39563387536121297,0.559843350348527,0.4711155201073976,0.10830008152675857,769.2467146828989,1,1484.930979918703,0.7574999999999967
1503091210244133268,HPM,21.25102,yes,12,18.94,18.9885,18.6676,18.69965,18.2311,0.22281407659138738,0.199565905950894,0.17523328755725623,0.01615297041686979,14.846134797792855,0,40.958434456006216,0.757399999999997
1203230070844128605,HPM,-7.48181,no,80,17.35,17.9834,17.51177375,17.47765,17.2288,0.16111123662872867,0.135872794452279,0.10030628732858934,0.009562696280620063,464.6014461738837,0,1939.7726720255014,0.7545999999999999
1504110120714124301,HPM,-12.64307,no,17,18.25,18.6636,18.120382352941174,18.104,17.9098,0.19191128560904816,0.14472581041164,0.1187347402745855,0.011258275452942413,463.5559958297835,0,1490.9542843516974,0.7537999999999982
1011070010184229345,HPM,-0.9891,yes,305,13.23,13.7992,13.21387573770492,13.2055,13.0461,0.05577967172568994,0.0532737959512458,0.05197292904877318,0.0002902493926809961,891.4289492116332,0,2963.9134526852868,0.7531000000000017
1401021320594123264,SN,32.51883,yes,6,19.3,21.3189,20.818233333333335,20.76665,20.5658,0.2790883277148415,0.6098762353609339,0.45635212104812645,0.10794388481416638,690.6904956649012,1,1912.8292448958964,0.7530999999999999
1204011460534140759,HPM,47.66534,yes,160,14.45,15.1764,14.490993125,14.47505,14.4236,0.09042503349181967,0.0749973954151729,0.056469474133984274,0.003206731319625495,878.119094331215,0,2952.9474318981956,0.7527999999999988
810101210894113941,CV,20.3023,yes,16,17.76,18.2791,17.8060875,17.725250000000003,17.5266,0.26780073655611975,0.128721905567419,0.11145489401458399,0.010933886813391611,806.7001612495802,0,2103.181421944886,0.7525000000000013
805121350784123411,CV,34.67309,no,9,18.73,18.7288,18.290966666666666,18.2086,17.98,0.24210120301229426,0.149903739075275,0.13725629756443977,0.010756292015697503,3.1397967325515324,0,5.973999525405816,0.7487999999999992
1512041400464122458,HPM,41.2148,yes,17,18.39,19.0047,18.636447058823528,18.6236,18.2567,0.20714760775123298,0.198054592163918,0.14784802126135016,0.021044334867868362,36.510555489299534,0,125.93478512699949,0.7480000000000011
711021260184122155,SN,26.55488,no,8,18.94,19.6857,19.3435125,19.4052,18.9411,0.3038640176954163,0.2462180137426979,0.21139919711082183,0.0290627581858532,6.441174017543976,1,12.076129699198646,0.7446000000000019
1112271010584136372,SN,2.30427,yes,8,18.95,19.6776,19.3186375,19.356650000000002,18.9496,0.24778596718885093,0.235090697950021,0.19716619622270135,0.023725044609397686,3.1680991051132397,1,5.952664201700827,0.7280000000000015
905251230574105503,SN,23.00575,yes,6,19.74,20.4679,20.061616666666666,19.970100000000002,19.7415,0.3220973853769473,0.375596126458798,0.2910745527512875,0.057382414821307584,672.0261397959226,1,2123.2051572104974,0.7264000000000017
1603270150644120769,HPM,-15.39531,no,17,18.62,19.1242,18.745288235294115,18.7208,18.3999,0.1907806229755558,0.181574060695997,0.15895065402241415,0.012544942664092618,377.1632527226641,0,1120.9454918172996,0.7242999999999995
1309010071244136626,HPM,-6.21987,yes,76,17.85,18.2368,17.811600000000002,17.82275,17.5145,0.11587353681204839,0.1261592445417799,0.10570560922120846,0.006586106427671973,236.2241814104252,0,747.9597687270143,0.722299999999997
902141180544115201,SN,17.97259,yes,6,19.49,19.8657,19.656383333333334,19.7405,19.1469,0.2688971953492021,0.282896559439434,0.23465309424556813,0.04196312975852144,447.8646859495604,1,1119.9710822221969,0.7188000000000017
1012111320494136424,SN,33.35958,yes,3,18.83,21.1917,20.8417,20.8566,20.4768,0.35768283436586534,0.499189846834871,0.4275574848360317,0.07711462094349919,508.485664370449,1,880.7309033799902,0.7149000000000001
1603021120804134905,HPM,13.35148,yes,35,18.12,18.6583,18.33854857142857,18.3302,17.9482,0.1264959482527791,0.151868189721727,0.13152686000172026,0.008108053717330614,29.97152872852891,0,100.86907967600564,0.7101000000000006
1510081150024124861,SN,15.61606,yes,3,18.64,20.8019,20.397733333333335,20.2957,20.0956,0.3640371180708544,0.463335722319851,0.3914614881212836,0.0640028058978598,1617.8743880094617,1,2806.2452735646,0.7062999999999988
1011300040294155925,CV,-3.04758,no,8,17.7,18.2173,17.892312500000003,17.9484,17.5183,0.26089422288681413,0.129766373286575,0.11520407956341809,0.010823722120499018,790.2249654728005,0,1791.0918518752078,0.6990000000000016
1104141320794138720,SN,32.7646,yes,7,19.06,20.0565,19.651142857142855,19.6242,19.3575,0.2570541373403841,0.3180384780292949,0.24011519567772524,0.040443466169625644,251.46207547119485,1,683.0554205670051,0.6989999999999981
1409251070074100812,SN,5.68492,yes,9,19.34,20.9857,20.675922222222223,20.6138,20.2885,0.23289591440049914,0.516612993202041,0.4152234755964537,0.07722238231551043,974.4258724788913,1,2781.2736882525933,0.6972000000000023
1505211260594119991,SN,26.81183,yes,6,19.3,21.5148,21.1302,21.060499999999998,20.819000000000003,0.28744462423221717,0.6272592811349279,0.49431705134636283,0.10415126998104637,784.2430324111551,1,1883.9410024187964,0.6957999999999984
1305101230864140095,SN,23.74759,yes,4,18.39,18.5761,18.317775,18.40625,17.8825,0.30136015413455086,0.146005008977575,0.13249637463436223,0.014865285303089445,0.007215595891628583,1,0.016767777495260816,0.6936
1304131290643133214,HPM,30.24344,yes,29,18.19,18.322,18.05925172413793,18.1025,17.6365,0.1444656499475855,0.143972908096994,0.11911768982970339,0.007408885933903189,46.436158292678236,0,162.7560049770982,0.6854999999999976
1405061121144108433,SN,11.60207,yes,4,17.88,19.8534,19.53555,19.55805,19.1727,0.34764967520000223,0.2626971932406139,0.21969980379076745,0.032868688596463,315.2731172210288,1,650.1337057060009,0.6807000000000016
804291210694115482,SN,20.93448,yes,7,19.34,20.0186,19.639000000000003,19.6329,19.3412,0.24151667989326714,0.280964458271438,0.2302442098262474,0.030393981895890754,3.7428241048774518,1,7.022010277993104,0.6773999999999987
1201041430514116028,HPM,43.33652,yes,236,14.99,15.5459,15.086078813559324,15.031,14.8751,0.1193121469100617,0.0925403625082025,0.06007776719132416,0.005664972237743256,802.9210315854401,0,2919.0110244215102,0.6707999999999998
1111031350994156252,SN,35.58038,no,4,16.24,16.2991,16.099275,16.2343,15.6294,0.314759287657515,0.0706668356010359,0.06830337893939027,0.0035006779054624223,0.008037979513308865,1,0.018665196301299147,0.6696999999999989
1405121380714142404,HPM,39.42331,yes,98,18.23,18.6842,18.322497959183675,18.33,18.0151,0.12257130639114235,0.168336019922605,0.12871971873974752,0.012312668437622428,327.7645302128634,0,1260.6547173032013,0.6691000000000003
1605131260834111193,CV,25.86482,yes,2,18.76,21.1062,20.7718,20.7718,20.4374,0.4729130152575649,0.513365380729822,0.44293547498219293,0.09960292790495577,1165.0433092490246,0,1647.620048692006,0.668800000000001
1205251430694120110,SN,43.27623,yes,12,18.85,19.2992,18.953916666666668,18.902949999999997,18.6348,0.1817134999404446,0.187541587147456,0.1618540166799494,0.012508557807987798,10.050323460264403,1,23.006131585694675,0.6644000000000005
805050070774131184,SN,-6.68062,no,9,19.01,19.4446,19.05786666666667,19.0549,18.7839,0.19361358423416491,0.222404708708343,0.18126646723887052,0.01974477813176736,27.02695885871132,1,58.84316631909314,0.6607000000000021
805041010654112553,Ast,0.96493,yes,4,19.63,19.8141,19.57625,19.6677,19.1555,0.29082684997549135,0.258582966833058,0.226143951008783,0.036093361154242394,119.63667875231792,0,239.28047322949715,0.6585999999999999
1607081400574107460,SN,40.09321,yes,2,19.67,21.1024,20.77335,20.77335,20.4443,0.4653469726988689,0.47191345306431,0.40038000107498195,0.10116357796667236,5.645743515071213,1,7.984287048697297,0.658100000000001
1211140230074119666,CV,-24.27347,no,13,17.16,17.1993,16.966746153846152,17.1155,16.5422,0.2752242195477009,0.0872719678291289,0.0818522589371023,0.0054314084665367055,968.5045088607513,0,2239.8933594329064,0.6570999999999998
1602051230764130518,SN,24.31702,yes,10,20.12,21.2526,20.822480000000002,20.78405,20.5998,0.19737556304894696,0.578003625950549,0.46535700288756454,0.06422114915792118,614.057654525317,1,1908.9364243983073,0.6528000000000027
1105271260674101879,SN,25.54803,yes,3,19.47,21.4163,21.004066666666667,20.8297,20.7662,0.35841359256218697,0.623369337615911,0.541987698511681,0.09294091605276718,742.0825541291993,1,1483.9686941550972,0.6500999999999983
1410181261094148627,SN,27.41755,yes,4,18.94,21.2135,20.974899999999998,21.06105,20.564,0.2946369630579297,0.542861355248913,0.49888869256531176,0.06767569956855353,1172.0332449673838,1,2484.1373877659935,0.6494999999999997
1110061400064119848,HPM,40.39894,yes,49,17.27,17.266,16.800669387755104,16.7746,16.6205,0.1337312700344778,0.0858932881223309,0.07921321003792972,0.002892406785917828,267.302172592161,0,763.9065315164844,0.6454999999999984
1511301260094129432,SN,27.56958,yes,2,17.6,19.4451,19.1226,19.1226,18.8001,0.45608387386532157,0.213213023885983,0.1864479564623845,0.03785152134828331,232.68577484253515,1,329.0673785536055,0.6449999999999996
806281121134118848,CV,12.06781,yes,4,18.82,19.1007,18.79045,18.800449999999998,18.4602,0.3511203829647791,0.188904324366198,0.168486242052927,0.0233349371985922,0.008271353827249972,0,0.01938968749891501,0.6404999999999994
1106231150914161482,CV,15.78567,no,185,14.25,17.5814,17.33988702702703,17.335,16.9425,0.10381983738734611,0.118167498823809,0.09574106962795349,0.006577514464239227,947.3479094516908,0,3072.6757294558993,0.6388999999999996
1410281520344107294,LHS_5157,51.25197,yes,212,12.61,12.8585,12.659890566037737,12.6708,12.2238,0.09322770475709105,0.0558384281709299,0.05109843177083222,0.0006853520987674819,889.2539886236352,0,2875.125376388911,0.6346999999999987
1104270090804120222,SN,-10.32681,yes,4,19.62,19.6179,19.169925,19.03705,18.9877,0.3007604182179994,0.1969201538107489,0.16156586126136718,0.023683486869534864,0.012520638731946991,1,0.029103714899974875,0.6301999999999985
1509241120054107813,SN,11.85077,no,3,18.54,19.595,19.29126666666667,19.3124,18.9664,0.31483242103273384,0.231094484099207,0.19789548702244497,0.032074574379644144,409.3380441045105,1,737.9201059951156,0.6285999999999987
1311021570504113741,HPM,57.17372,no,69,14.83,15.2304,14.823226086956522,14.8238,14.603,0.06672261644118144,0.0610244508462932,0.05784090837718902,0.0009821459754992684,231.20239255427163,0,927.671284629505,0.6273999999999997
1510131570504112908,HPM,57.17437,no,66,14.86,15.2304,14.821716666666667,14.82235,14.603,0.06779913678446,0.0610244508462932,0.05784573332685088,0.001000837701640767,214.33968530662116,0,719.0305543284048,0.6273999999999997
804260010884151576,CV,-0.43016,yes,9,18.43,18.6744,18.33053333333333,18.3813,18.047,0.21664499763437797,0.1643756573752409,0.14213828283833152,0.013492759180727317,588.0122838936765,0,1368.2169992477066,0.627399999999998
1305021290554127838,SN,30.02937,yes,8,17.11,17.5396,17.2484375,17.23655,16.9145,0.22546718441937455,0.0986377525779216,0.08973430422297565,0.006700199886040061,15.510583385947635,1,29.03697946760076,0.6250999999999998
711091210034126490,SN,21.69074,yes,8,18.81,19.1547,18.89395,18.929499999999997,18.5303,0.214305529560018,0.17924859353331,0.16032556465312672,0.014778215545736403,4.736438284076143,1,8.88126129610464,0.6243999999999978
1312111150464138744,SN,16.17724,yes,2,18.33,20.6656,20.35535,20.35535,20.0451,0.43875975772625264,0.4005991155742779,0.3385201465097495,0.08779291998919596,775.7251001484701,1,1097.0409573031939,0.6204999999999998
1606151290034128793,SN,29.82227,no,2,18.58,20.4064,20.09635,20.09635,19.7863,0.43847691501377867,0.3273136164601889,0.289658201836028,0.05325279805827061,1048.6192103729554,1,1482.9715090743994,0.6201000000000008
1406091210894124555,SN,20.60893,yes,5,17.59,20.7007,20.338240000000003,20.2146,20.0839,0.26935037219205843,0.418875329222346,0.34028149880725,0.05374702967626479,863.5319190861165,1,2337.7393180206054,0.6168000000000013
1303201090684101235,HPM,8.49395,yes,154,14.68,15.1183,14.667152597402598,14.6359,14.5015,0.10018207032913388,0.0607319944089306,0.056444845955771275,0.0011298722541023994,420.63799050933494,0,1589.7902509951964,0.6167999999999996
1304121260644109524,HPM,26.05414,yes,19,18.04,18.6563,18.392552631578948,18.4031,18.0413,0.1631715231433241,0.150668203227365,0.13511284430761417,0.009218818655942441,34.64696526309591,0,106.81438686329784,0.615000000000002
804081230504132259,Ast,24.96945,yes,4,19.15,19.7579,19.42135,19.39025,19.147,0.2697775935840482,0.241788221597267,0.20674597169355174,0.027586606345872497,0.008361576675163225,0,0.0194290974031901,0.6109000000000009
1005220181054122486,CV,-19.09274,no,8,17.65,18.0118,17.659975,17.6152,17.4036,0.2088077362414661,0.117904469289295,0.10555968134839037,0.008055950151633958,591.1701084154232,0,1105.9994986802994,0.6082000000000001
1106021230774137681,SN,24.87474,yes,7,19.09,20.7589,20.551557142857146,20.6035,20.1533,0.21528062195765701,0.4138036142979071,0.373917995657495,0.04011079311176856,651.4280643333126,1,1583.8542707986999,0.605599999999999
1209171151174127289,HPM,15.39912,yes,349,17.48,17.8164,17.45309169054441,17.4487,17.2148,0.09157744109829138,0.26049685676246,0.09876209598172264,0.019740444680369187,869.7176218543942,0,3032.8652444100007,0.6016000000000012
1201011660234106090,HPM,65.19289,yes,105,18.17,18.6231,18.318066666666667,18.3128,18.0263,0.12065573296547474,0.2220287182493389,0.13620072363367783,0.014891997918722507,670.6207094334625,0,2843.1698639700044,0.5968000000000018
805020120724141607,SN,-11.66813,no,9,19.39,19.8869,19.537077777777778,19.4467,19.2908,0.2279711318225305,0.283026760820403,0.2154678088616241,0.039246544765263104,6.5943226930050205,1,16.957320833600534,0.5960999999999999
909111430304113562,CV,42.9432,yes,2,15.56,20.807,20.50895,20.50895,20.2109,0.42150635226530087,0.468826413862317,0.393371513959265,0.10670934279040045,10.474857625280972,0,14.813685717599583,0.5960999999999999
1411160151154127662,SN,-15.23823,no,3,18.48,21.1913,20.91933333333333,20.9688,20.5979,0.29977675582562074,0.478827426740519,0.4598062864335213,0.022257600080891886,1231.284323531835,1,2278.831167210701,0.593399999999999
1511101011154159039,CV,2.53915,yes,8,17.56,18.21,17.8928625,17.88975,17.6171,0.2528001465726281,0.125127414558618,0.11193065794487086,0.00979209420444856,1.6147310526018313,0,3.0426295371944434,0.5929000000000002
1506191071154157771,CV,7.99811,yes,4,18.75,19.548,19.248224999999998,19.24315,18.9586,0.24096611622107006,0.225093404676545,0.19527142189896599,0.02294972757786891,0.008432581125626296,0,0.019638819190731738,0.5893999999999977
1310020070184210953,SN,-7.80232,yes,9,18.86,19.422,18.959844444444443,18.9285,18.8407,0.17905063607197227,0.213821124769847,0.17155493895043875,0.016437252601372864,8.079791326330525,1,23.985012488497887,0.5813000000000024
1012130210104111544,SN,-21.74218,no,6,18.16,18.7078,18.3972,18.4238,18.1407,0.21961898825010542,0.152323417653716,0.13142434688582363,0.01332244588200028,4.342577448062154,1,7.952024039404932,0.5670999999999999
1009101290064106299,HPM,28.49204,yes,86,13.0,13.4525,13.008537209302327,13.00345,12.8872,0.06837375493480753,0.174603870417096,0.05330628572911023,0.013315968777161426,322.70705815840154,0,881.8084370255092,0.5653000000000006
1210081290064104773,HPM,28.49189,yes,110,13.06,13.4525,13.018386363636363,13.016549999999999,12.8872,0.06471277326272494,0.174603870417096,0.05296627543499564,0.011776844899408822,391.2969821061548,0,1143.951926481699,0.5653000000000006
1210081210094133123,SN,21.65791,yes,2,17.0,19.4088,19.12725,19.12725,18.8457,0.3981718284861439,0.220320320046261,0.190513223742363,0.04215359984793353,764.4068653802813,1,1081.034556191902,0.5630999999999986
1407021290064105270,HPM,28.49184,yes,62,13.21,13.4525,13.031895161290322,13.03565,12.8925,0.07198985226170505,0.174603870417096,0.05382849344344364,0.015680616734271992,162.93779421928323,0,402.9948074886852,0.5600000000000005
1609041041214134611,CV,5.09127,yes,2,17.85,20.7227,20.44495,20.44495,20.1672,0.39279781694912486,0.4282832282185109,0.36058657953151946,0.09573751870035006,617.8677067571949,0,873.7968906483875,0.5554999999999986
1201291490454131189,HPM,49.84451,yes,201,13.48,13.9075,13.472652736318409,13.4626,13.3547,0.052450768392608337,0.0627891115543436,0.05308429750675657,0.002022869226735622,849.295261467349,0,2921.0307144789986,0.5528000000000013
1011141010084122106,Flare,1.57225,yes,282,15.9,16.9997,16.859212765957444,16.865299999999998,16.4474,0.05635507833588688,0.106220501793283,0.08031558801085076,0.005107549192749543,926.9299804952934,0,2964.0251825811065,0.5523000000000025
1601161010494101477,CV,0.07643,yes,2,15.97,20.7783,20.50345,20.50345,20.2286,0.38869659761824615,0.4120239257809389,0.36163319136663696,0.0712632600266465,487.9051030859559,0,690.0020139352055,0.5497000000000014
1406291150654107156,SN,14.63733,yes,5,19.74,21.2492,20.97184,21.0395,20.7007,0.24873226167909918,0.529926639538863,0.446313613487613,0.0543625069027887,626.1556480267783,1,1563.7876019212054,0.5484999999999971
1401021320604121883,SN,32.41822,yes,3,16.64,20.1058,19.90726666666667,20.0556,19.5604,0.30144215586631756,0.294243508781763,0.270157755881085,0.03913129429754364,157.96390767055425,1,306.9705045945011,0.5453999999999972
904181150704138196,SN,16.56819,yes,12,19.45,19.5257,19.294700000000002,19.2695,18.9814,0.15946482655774288,0.221675436604051,0.19211705476675675,0.016456038440025578,11.144112162344808,1,25.918781574284367,0.5442999999999998
809200091114101969,Ast,-11.2562,no,4,19.73,20.1712,19.8545,19.8094,19.628,0.23710889200252788,0.3060976644134439,0.2615736313824532,0.03267499441864007,0.008388789496556677,0,0.019492059895128477,0.5431999999999988
1303141150634143780,HPM,16.75942,yes,10,18.01,18.1198,17.88055,17.9052,17.5824,0.18103256459666323,0.205726120115431,0.1218685863544883,0.030232602991904604,41.69844291001289,0,98.87781652779813,0.5374000000000017
811211260424107470,Ast,25.81441,yes,4,19.44,19.6609,19.466175,19.53985,19.1241,0.24900451635797088,0.218950888006484,0.20092700075625025,0.02327346704633019,0.008645511385346015,0,0.02010736100783106,0.536800000000003
1310041210064115696,SN,20.55627,yes,20,17.54,17.7311,17.46615,17.49225,17.1993,0.18294160270425103,0.102060572934586,0.09378030731645773,0.0055154894545045826,9.518606570142811,1,23.990091134306567,0.5318000000000005
1606081040754126106,SN,4.40888,yes,5,19.09,20.7552,20.522479999999998,20.5614,20.2246,0.19891192020590354,0.448018607635244,0.39898521143683097,0.03531451009909255,1304.2386243417595,1,2893.9669879971916,0.5305999999999997
1502121630264101436,HPM,62.15576,yes,109,14.69,15.2534,14.7989623853211,14.7862,14.7269,0.06491742588201124,0.0821370219893897,0.05840151445165499,0.004761429671333492,785.3511259932485,0,2653.9854869097835,0.5264999999999986
1504011460514114807,SN,46.43432,yes,6,19.35,21.254,20.97491666666667,20.9673,20.7293,0.21508742796050878,0.5808647699906191,0.47290940257189296,0.06470438008496822,941.4968487996018,1,2652.9673215047005,0.5247000000000028
1209161210094128601,SN,21.18588,yes,4,19.27,19.3697,19.129925,19.149749999999997,18.8505,0.23377014886422062,0.179531225186263,0.16200151265336693,0.016512390604199543,0.009022004907934679,1,0.020964421310054604,0.5192000000000014
1402281260454115394,SN,26.39646,yes,3,19.83,21.3632,21.149966666666668,21.2416,20.8451,0.2709324700609602,0.5808647699906191,0.505933807155262,0.06489609407573661,1020.7785775863832,1,2018.2981141780983,0.5181000000000004
1309230011124158968,CV,-0.83232,yes,8,18.14,18.6539,18.4327,18.4577,18.1438,0.19320015527944207,0.1482107812154969,0.13784659671612898,0.009724170956432921,1621.6110524666294,0,3033.779044525196,0.5101000000000013
1410251430024122277,HPM,43.12268,no,11,18.31,18.4292,18.22548181818182,18.2921,17.9202,0.1485023556593076,0.141724823137048,0.12574567130311098,0.009348165521572091,113.29333632026848,0,393.08234136549436,0.5090000000000003
1305171210864128120,SN,20.89605,yes,12,17.79,18.2667,17.977883333333335,17.938650000000003,17.7587,0.17556516963190308,0.13452266342605,0.11867660529699015,0.009447638190770906,9.468052815380798,1,21.9513189811114,0.5079999999999991
1311090040164127564,HPM,-3.88719,yes,90,18.02,18.1337,17.895773333333334,17.89665,17.6309,0.09982827367393839,0.1210848635648489,0.10839467334600499,0.00615956468454556,291.2864189218423,0,1001.2058721530047,0.5028000000000006
1011160040164121254,HPM,-3.88563,yes,95,17.88,18.1337,17.885694736842105,17.8859,17.6309,0.09502593304318514,0.13416796345205,0.10853015067477444,0.007084641895866873,299.4023476142062,0,1110.9701384260043,0.5028000000000006
1209180040164133578,HPM,-3.8865,yes,117,17.93,18.1337,17.894264102564104,17.895,17.6309,0.09297352465337722,0.13416796345205,0.10926544008016385,0.006839436599394011,374.8211713271956,0,1110.9802004053054,0.5028000000000006
1102051090844106803,CV,8.77762,yes,13,18.71,18.9842,18.72743076923077,18.67,18.4828,0.19569280511648626,0.179815353325553,0.15740817311660235,0.014260006812821533,859.7042991631466,0,2211.0120493286013,0.5014000000000003
1107011150104107901,SN,14.58386,yes,2,18.28,21.1677,20.91705,20.91705,20.6664,0.35447262940881663,0.541529784358711,0.46631529709890446,0.1063693479697568,1024.6068236207616,1,1449.0128660644987,0.5013000000000005
1606161600354121247,HPM,61.11249,yes,91,14.04,14.4327,14.0507978021978,14.0382,13.934,0.07070455427421941,0.0698625523470147,0.05560308679665134,0.004305364287138422,880.6202288998114,0,2692.8652360416017,0.49870000000000125
1401231210554114641,SN,20.79758,yes,2,18.49,20.8569,20.608449999999998,20.608449999999998,20.36,0.3513613595715943,0.426883733532753,0.379705750206094,0.06671974386597299,439.1839646126565,1,621.0999191320079,0.4969000000000001
1201191211184129017,SN,21.41067,yes,4,19.15,19.149,18.898875,18.89715,18.6522,0.27884097469107,0.189995470854504,0.17089892777893048,0.02181328965513683,0.006607770649731035,1,0.015353692200733349,0.49680000000000035
1605030210794103494,CV,-22.49742,no,6,17.67,19.2219,18.945416666666667,18.89895,18.7295,0.2276414937278938,0.209104139268004,0.1784309903392626,0.024268509115356166,595.0865915956701,0,1454.0694967246018,0.49239999999999995
1609101690374137222,HPM,69.88847,no,100,14.88,15.3033,14.868032000000001,14.84755,14.8119,0.07917239070853535,0.0829348363626065,0.05892683407030939,0.004892823365133598,863.0514333522045,0,2706.804141412009,0.4914000000000005
1306080230694132538,CV,-23.74877,no,4,18.56,18.5553,18.386074999999998,18.4623,18.0644,0.22513174476292816,0.159193658948357,0.14849148703812626,0.01355010767895691,0.008696020690159505,0,0.02019817151449388,0.4908999999999999
805050090724128903,SN,-9.5222,no,4,18.85,19.2858,18.96035,18.87905,18.7975,0.22195288539087082,0.1908885732232439,0.16535784500437067,0.01731993027646291,0.011070520693553175,1,0.02572685159975663,0.48829999999999885
1301031350364121228,HPM,34.94302,yes,151,14.57,15.0203,14.613229139072848,14.6089,14.5381,0.055196695057348005,0.06107605653893,0.056198005895000035,0.0012205569117277185,317.7080213583989,0,1056.0533276619972,0.48220000000000063
1602041320674113252,SN,31.88831,yes,5,19.48,21.5594,21.30214,21.3139,21.0779,0.18057077005982905,0.64814250525271,0.5684784175168368,0.05667727889208499,902.0435298509879,1,2428.1452250117945,0.4815000000000005
1401281040454148127,SN,4.61528,yes,5,18.52,21.0499,20.79816,20.8665,20.5705,0.19951766337845922,0.484442412047511,0.4179786828559061,0.05018686455526885,870.6779661770139,1,2193.9220060184016,0.4794000000000018
1206121180764126679,HPM,18.6564,yes,46,16.55,16.9514,16.572263043478262,16.53465,16.4726,0.09045798130426376,0.0832114319450562,0.07559434055975904,0.002051968845518893,82.88545819512585,0,449.88383212970075,0.47879999999999967
1312240010124142629,SN,-0.12179,yes,3,18.6,21.3562,21.082633333333334,21.0136,20.8781,0.2464124658643182,0.608062722480777,0.5169746126515257,0.07962880605821536,781.2468829776758,1,1527.869387337887,0.4781000000000013
809210041154120160,Flare,-4.48814,yes,4,18.74,18.7447,18.572425000000003,18.63775,18.2695,0.20818580443120277,0.148884000721788,0.1397269454484385,0.011237374955933537,0.010295548450689643,0,0.02309119189158082,0.47520000000000095
1104281380304112024,HPM,37.10897,yes,62,12.94,12.9407,12.698340322580645,12.70355,12.4661,0.08131823230255496,0.0520335145380222,0.05109472510183612,0.00022369809484607022,262.4363128473863,0,991.1225138078007,0.4745999999999988
1002151180734122272,SN,18.19695,yes,4,20.32,20.5683,20.32805,20.32485,20.0942,0.19364470041805978,0.3727922872973259,0.32415790386919924,0.035907839042552014,0.009032028447252517,1,0.02097954830242088,0.47409999999999997
1602160090724131084,SN,-9.51979,no,3,18.71,21.1804,20.982466666666667,21.0573,20.7097,0.2441099001133153,0.533464798268041,0.482908921317293,0.060957982152694774,1303.8204593489177,1,2596.9361580904006,0.47069999999999723
1412151380384100960,SN,36.71587,yes,2,17.45,19.9939,19.76015,19.76015,19.5264,0.3305724202047118,0.270061834388921,0.24156413020009349,0.04030183976033641,7.772742482284403,1,10.992317835283757,0.46750000000000114
1209180040174139651,HPM,-3.517,no,49,18.31,18.5745,18.360195918367346,18.3669,18.1081,0.11816718375389408,0.154231778917021,0.13165498973671227,0.008870438742098025,169.65525952414873,0,402.9006130323032,0.46640000000000015
1305130090684108720,SN,-10.83564,yes,12,17.26,17.6031,17.341983333333335,17.26325,17.1369,0.1697958123122819,0.1052334185907859,0.09293787006901273,0.008750181849259948,14.672648082078652,1,32.01271990729583,0.4662000000000006
1601310040634120800,HPM,-4.13719,no,20,17.2,17.4102,17.24771,17.2292,16.9442,0.12161812927528967,0.0948438451905039,0.08919480202437335,0.003939593097116022,182.48814396792983,0,478.751968530305,0.4660000000000011
1605161490534127874,HPM,50.14056,yes,173,14.41,14.7483,14.397706936416185,14.3961,14.2881,0.0373242806809541,0.0736258572747231,0.056164517760293436,0.0027914649162340843,878.1577894289295,0,2939.9363303705977,0.4602000000000004
1404021490484118318,SN,49.12888,yes,3,18.64,21.0631,20.887133333333335,20.992,20.6063,0.24579325322988876,0.496858272678627,0.4455595784712327,0.047636207509295814,810.2516941650333,1,1561.883314478997,0.45679999999999765
1410311660234104285,HPM,65.19224,yes,45,18.26,18.5433,18.308642222222222,18.2994,18.0998,0.11843737027124358,0.1665302076916689,0.1338472696659628,0.010693448483052865,279.7171679145899,0,1012.2073312385983,0.4435000000000002
1403120210754128318,Flare,-21.43715,no,5,18.55,20.7222,20.532420000000002,20.5888,20.2814,0.19948128232994675,0.460569437165911,0.4077994802614434,0.07430220041182475,512.8204388010736,0,1205.7295506480004,0.4407999999999994
1305071400614115655,SN,40.23974,yes,8,16.17,16.579,16.293375,16.27405,16.1404,0.15621391697650713,0.0752868199890894,0.07080405789670563,0.00240860820093278,7.477086657358824,1,14.00717646999692,0.438600000000001
1103020040694108268,SN,-5.22021,yes,6,19.56,19.993,19.767566666666667,19.765,19.5583,0.21532662321846507,0.34516187030624,0.24507912980214516,0.05859915929219275,16.966829882180257,1,32.87307259280351,0.4346999999999994
1403281040574136540,SN,5.22537,yes,2,19.61,20.4528,20.238,20.238,20.0232,0.3037730731977413,0.3497121978102889,0.31574384034133846,0.048038511824127134,263.01245211363073,1,371.9557768520972,0.42960000000000065
904300210684132142,SN,-20.93679,no,7,16.75,16.8251,16.647085714285716,16.7155,16.3973,0.15515429340467665,0.0804230630854378,0.07733919597080818,0.002726363123720935,6.936842961516995,1,12.99499714099511,0.42779999999999774
903311010474101577,CV,0.08894,yes,4,18.84,18.8363,18.626649999999998,18.6306,18.4091,0.18722251467171405,0.154556142869111,0.141639690796034,0.011056830290819298,0.00948280341599916,0,0.02202739560743794,0.4272000000000027
1404251490534111884,Flare,48.70786,yes,173,15.13,16.3802,16.112223699421964,16.1086,15.9533,0.049430189957736854,0.124773162341048,0.07059908759051314,0.008302945355193896,878.1577894289295,0,2939.9363303705977,0.42689999999999806
1601141550254119623,SN,54.59568,no,2,18.04,20.0018,19.78895,19.78895,19.5761,0.30101535675111263,0.39088223186918,0.30800956699148896,0.11719964662003103,594.558527730614,1,840.8327335412105,0.4256999999999991
1201031091224104671,SN,8.80241,yes,4,18.06,18.3798,18.094175,18.0212,17.9545,0.19575279265781392,0.132425506900704,0.11905988522243148,0.009122615945370798,0.00590412972466052,1,0.013716134199057706,0.4253
1005051351044153553,CV,36.53212,no,4,17.66,17.9089,17.6958,17.6948,17.4847,0.17501089489895613,0.123747538980988,0.11459325529239,0.00727010523838437,0.007384828654808147,0,0.017158703900349792,0.424199999999999
1312241570324139981,HPM,59.07524,yes,31,17.66,17.8472,17.57273870967742,17.5356,17.4239,0.11069778280652126,0.121692733862783,0.10020878989559247,0.009866225006605384,238.32259584720683,0,820.9671994096061,0.4233000000000011
1312281040494120783,SN,3.82373,yes,2,19.04,21.1291,20.9178,20.9178,20.7065,0.29882332572943693,0.525468731037611,0.456290029567308,0.09783345784666211,1085.9994395450592,1,1535.8351361341993,0.42260000000000275
811191040074140243,Ast,5.25583,yes,4,20.05,20.053,19.795425,19.74675,19.6352,0.18723112944522183,0.2765222455795589,0.23989818116233197,0.025614136279931348,0.010160692364470083,0,0.02361773140000878,0.4177999999999997
805081040594121276,Comet,4.81581,yes,4,17.65,17.8237,17.621,17.6266,17.4071,0.17094221245789365,0.104453603249743,0.09798066044004022,0.0052828878014955305,0.008302151163661828,0,0.019294594902021345,0.41659999999999897
1201211210504102902,SN,19.84116,yes,2,18.07,19.864,19.6573,19.6573,19.4506,0.29231794334251954,0.265061280435405,0.243482556009185,0.030516924742271904,0.0043760908275631855,1,0.0061887269985163584,0.4133999999999993
1305160120784151500,CV,-11.59113,no,4,17.6,17.8295,17.627775,17.6324,17.4168,0.1703744772552518,0.113260298481036,0.10563780718634085,0.0061472686819402204,0.008043524081526013,0,0.018681643501622602,0.41270000000000095
1411260211134110150,CV,-21.92344,no,5,17.86,19.7282,19.567140000000002,19.6323,19.3166,0.1611528715226631,0.2098500074276489,0.19627300934287956,0.015589506525396205,138.25573527620884,0,309.1584240854936,0.41159999999999997
1503151570314128100,HPM,58.42613,yes,24,18.09,18.411,18.183375,18.16465,18.0011,0.1081742927348988,0.127365023530246,0.1159801148535848,0.007953820236759194,158.03476651195058,0,448.99164069451217,0.4099000000000004
1502201210674137261,HPM,22.49854,yes,30,13.35,12.3346,12.22036,12.238,11.9251,0.09084144049025612,0.0512820242520185,0.05071699471185131,0.00016787104885066464,31.08412219321502,0,93.93280986139871,0.40949999999999953
1401031150674125979,HPM,15.6906,yes,87,13.3,13.6066,13.301420689655172,13.299,13.1997,0.044323011341769296,0.0538035492873602,0.05211298749029459,0.00034492837668158863,203.37978487979754,0,560.7797062266909,0.40690000000000026
1304141350754151399,SN,36.01952,yes,3,18.46,21.0971,20.866200000000003,20.8092,20.6923,0.20833269066567603,0.44040605919064,0.42820084438793,0.01909097605870187,1121.6359558629445,1,1946.7205743401937,0.4048000000000016
1303150180604143454,SN,-17.23,no,4,17.79,18.0864,17.83265,17.7808,17.6826,0.1755995728924205,0.1186781501369719,0.10869513418241772,0.006860495746732089,0.007283908018250815,1,0.016923796392802615,0.4038000000000004
1402181120534116936,SN,12.55494,yes,2,18.44,20.5291,20.3286,20.3286,20.1281,0.2835498192558067,0.3714595312725349,0.3255576908227169,0.06491500530201848,33.011090053013966,1,46.68473126169556,0.4009999999999998
911101291124101354,SN,28.26506,yes,9,17.9,18.2173,18.02106666666667,18.0499,17.8179,0.15191743645809724,0.144274287364723,0.11931576572614255,0.011160847533238517,6.827213356223026,1,12.978980081199552,0.3994
1310041231154105769,SN,22.8256,yes,2,18.64,19.1964,18.9982,18.9982,18.8,0.28029712806234736,0.187833493535506,0.17419806450256348,0.01928340866716315,18.422578362205872,1,26.053460173709027,0.39639999999999986
1509180071244134922,HPM,-6.22074,yes,48,17.84,17.9993,17.8122,17.824849999999998,17.6031,0.0889953548871477,0.1261592445417799,0.10521001072575277,0.006592216550768826,161.0003803360539,0,406.904131469797,0.39620000000000033
1209220231174118379,HPM,-24.19578,no,35,12.52,12.8408,12.560745714285714,12.5356,12.4457,0.09760139928739316,0.0511674768999491,0.05101044478728066,7.801810859534235e-05,178.98519600169578,0,421.87078059019404,0.39509999999999934
1305151520354109090,HPM,51.28569,yes,2,12.5,12.5046,12.310500000000001,12.310500000000001,12.1164,0.274498852456618,0.0509791154493962,0.05094398922146575,4.967598793424921e-05,23.290856096817922,0,32.93824457139999,0.38819999999999943
1109221321074116304,HPM,31.67436,yes,88,13.86,14.0795,13.876404545454545,13.876149999999999,13.6939,0.0325531710378356,0.0568479195004976,0.053774000696673034,0.0004445760608494659,275.22673835234224,0,762.9407255788901,0.38560000000000016
1510011321074114528,HPM,31.6747,yes,62,13.97,14.0795,13.87853064516129,13.8772,13.6939,0.03705313238106977,0.0568479195004976,0.05390406434232397,0.00046643660295267485,173.8216097188951,0,493.7200079401955,0.38560000000000016
1605280150734147409,Flare,-14.2413,no,2,16.01,20.7182,20.526600000000002,20.526600000000002,20.335,0.2709633185506853,0.459714156998164,0.40770099161727846,0.07355772390360311,526.0552846196944,0,743.9545180672067,0.38319999999999865
1602031180674132422,HPM,19.20384,yes,40,17.27,17.5665,17.3853725,17.39515,17.1904,0.08174621448931697,0.114120423321409,0.09368024081741413,0.00551852486680726,45.39264923142582,0,162.78525689800153,0.376100000000001
1304101150764142626,HPM,16.89693,yes,94,13.83,14.1332,13.871580851063829,13.86005,13.759,0.06432565714401885,0.0543024107508469,0.053421192247255375,0.00039076188379957676,332.7993518429052,0,1072.1251096296983,0.3742000000000001
906011320444114505,SN,32.19963,yes,4,17.48,17.5716,17.41415,17.443550000000002,17.1979,0.1589663381558072,0.111402956977693,0.10557158842129243,0.005686856317625819,0.005690327523953773,1,0.01322555540536996,0.3736999999999995
1411201380194117780,HPM,37.15151,no,3,18.45,18.3004,18.0616,17.9516,17.9328,0.20702038546964455,0.19087571765113,0.16061363383268434,0.027186447376705142,1796.7909754950415,0,3112.136592488605,0.3675999999999995
1603311320534109674,SN,31.72984,yes,3,19.12,20.9525,20.76823333333333,20.7671,20.5851,0.1837026220099584,0.447383663557587,0.41271019716523466,0.03606371889746861,866.1990981949133,1,1582.909926666398,0.36739999999999995
1504271400714111420,SN,39.99064,yes,3,18.93,20.6345,20.497833333333332,20.5913,20.2677,0.2004683848723609,0.396905782273651,0.3656809657251406,0.04145333515814215,199.6875414973305,1,364.9392350581038,0.3667999999999978
1303021210274114807,HPM,20.17796,no,19,17.48,17.6968,17.4914,17.4825,17.3349,0.08632128616074045,0.1248319252916,0.11085977057436255,0.0044572294298235405,142.97572410494863,0,651.0813754857954,0.36189999999999856
1410050040144108922,CV,-4.90858,yes,293,14.5,16.5759,16.362856655290102,16.3602,16.2151,0.041831630046367564,0.172433043711153,0.07209045623408936,0.009962556003430118,915.5842823997957,0,2963.9587797452987,0.3608000000000011
1212101070614108872,HPM,6.13479,yes,143,12.58,12.8605,12.644843356643356,12.6305,12.4999,0.07969051276829187,0.0519865746235775,0.051061632938353974,0.00023288641884480201,333.55408948040855,0,939.6813999996011,0.3605999999999998
1109191040054134919,HPM,5.38016,yes,125,12.65,12.6841,12.5100232,12.5152,12.324000000000002,0.08333244840648434,0.051784928506737,0.05091071349437986,0.000244632977892492,337.8817844102602,0,1185.8362175807997,0.3600999999999992
1001121040054140508,HPM,5.381,yes,68,12.6,12.6841,12.481094117647059,12.46095,12.324000000000002,0.0944998726720341,0.051784928506737,0.05092895499494499,0.0003113674052293294,237.73447171878354,0,774.8865411919978,0.3600999999999992
1610231570224126275,HPM,58.01799,no,221,15.14,15.2826,15.069405429864254,15.0666,14.9232,0.029719474292132085,0.0646103836447836,0.05901182098879798,0.0015436034194163482,800.8348308776204,0,2820.3018878242,0.35940000000000083
1211241430354131229,HPM,44.54011,yes,291,12.91,12.9253,12.769319931271477,12.7663,12.5665,0.066050868703954,0.0529941351410634,0.05115575925675239,0.00025242372806596683,834.4509115741507,0,2879.1675586342026,0.35880000000000045
1511081570324139313,HPM,59.07445,yes,11,17.71,17.7808,17.55142727272727,17.5182,17.4239,0.11854392511562342,0.110880051769069,0.09693867831988455,0.0065816561077122766,161.59527970232617,0,359.0676037963058,0.35689999999999955
802181210714120650,Ast,21.328,yes,4,19.75,19.9467,19.762025,19.755699999999997,19.59,0.14604285615302734,0.268636419650179,0.24076238202266248,0.02076288381504128,0.007712999683440717,0,0.017920566693646833,0.3567
1311041121204140554,SN,13.47256,yes,2,18.8,19.5784,19.400199999999998,19.400199999999998,19.222,0.2520128568148823,0.228635102354655,0.2101370900521525,0.026160139875143405,0.008557907043135148,1,0.012102708205929957,0.35639999999999716
1304191660304112684,SN,65.78785,yes,4,18.96,18.9612,18.808425,18.833750000000002,18.605,0.16961305718212413,0.1695318436384159,0.1582760767595012,0.011866038528332954,0.005876669874833595,1,0.013656527706189081,0.3562000000000012
1511181290504123949,SN,30.0572,yes,2,19.84,21.2752,21.097450000000002,21.097450000000002,20.9197,0.2513764607118184,0.553275410401663,0.503231850518195,0.07077228109663056,524.7065302151553,1,742.0470912960009,0.3555000000000028
1511020121104101882,HPM,-14.06741,yes,85,13.03,13.2318,12.98709294117647,12.989,12.8767,0.06542917615587822,0.0620732924768609,0.051883201933504,0.001278148818122592,199.9267435636391,0,548.6237914930025,0.3551000000000002
1104300121104103880,HPM,-14.06689,yes,96,13.08,13.2318,12.985769791666668,12.983550000000001,12.8767,0.06705169744669025,0.0620732924768609,0.05190471839138583,0.0012224378930356507,258.7618024830903,0,911.6350293982978,0.3551000000000002
1010081290014121920,HPM,29.23899,no,58,13.19,13.2822,13.123837931034483,13.1202,12.928,0.07302683916033587,0.0534463941752448,0.05180491724843789,0.00034657897488294266,372.37456005486166,0,1115.9973801504893,0.35419999999999874
1411240011234121918,SN,-1.29719,yes,3,19.71,20.9485,20.784733333333335,20.808000000000003,20.5977,0.17655357071816286,0.552154037322911,0.46793655337480633,0.07972170236738974,1139.8557069720118,1,2276.824862002395,0.35079999999999956
1205191430324126387,SN,44.03471,yes,4,17.5,17.8491,17.685425,17.69675,17.4991,0.1660462460681766,0.10832589414116,0.10229566548024813,0.005722661290774206,0.0065399561097464936,1,0.015199780507828109,0.3500000000000014
1210090180064127981,HPM,-18.12297,no,32,12.96,13.1355,12.91410625,12.896049999999999,12.7915,0.07399318162789922,0.0538753885855723,0.051563649363703314,0.000451306078948566,181.10881653853502,0,400.0018224421874,0.3440000000000012
1603161490444134485,SN,50.47095,yes,2,19.59,21.0559,20.8842,20.8842,20.7125,0.24282046865946225,0.549376929058174,0.5016938838550525,0.06743400922150379,101.64737325095624,1,143.75109383110248,0.3434000000000026
1601301490384135528,HPM,50.45008,yes,13,12.55,12.4933,12.388846153846155,12.4196,12.1518,0.10432695093937948,0.0508769196851596,0.05077273153891496,0.0001126763411523081,125.97305858214338,0,353.0639759260084,0.3414999999999999
1504161260854172732,CV,27.90787,yes,3,14.4,20.7474,20.52123333333333,20.4096,20.4067,0.19587144593669975,0.415216915983931,0.34370797211526766,0.06854499188147282,374.338337854336,0,730.0556628011036,0.3406999999999982
1605271350814117609,CV,34.45669,no,4,17.43,18.735,18.541249999999998,18.51775,18.3945,0.16995306214756228,0.153547426454948,0.1418121679678132,0.010073220861925207,0.007317384248816449,0,0.01699947889574105,0.3404999999999987
809061260704105213,SN,25.9322,yes,4,18.4,18.6077,18.4298,18.421799999999998,18.2679,0.14049685642983814,0.142420919238635,0.13322837428990345,0.007290052107114372,0.006456351374039373,1,0.015052951406687498,0.3398000000000003
1310081321084123846,CV,32.06875,yes,12,17.57,17.6162,17.483808333333332,17.52235,17.278,0.1234409866979757,0.1033754272458579,0.09886125286862613,0.0036708367780889125,306.5900691078249,0,1079.2380884605955,0.3382000000000005
1607071290674126131,HPM,30.13205,yes,38,17.09,17.0294,16.959007894736843,16.9809,16.6935,0.0672233686104768,0.0846459714061553,0.0818228178002953,0.002382152252308176,65.42760263489373,0,367.98856171310035,0.33589999999999876
1606161630314107465,HPM,62.73839,yes,77,13.48,13.7746,13.511344155844155,13.5023,13.4401,0.0518146278205864,0.0636301502420122,0.05325919923789459,0.002430689097535318,760.276757799257,0,2558.9461640278023,0.33450000000000024
1105131071194105275,HPM,5.79893,yes,88,13.68,13.7842,13.503607954545457,13.48885,13.4517,0.0603404502468945,0.0581355434827182,0.05306345688908005,0.0011731326320843767,277.9674723424404,0,907.6762509953041,0.3324999999999996
1106131091164120795,CV,9.35535,yes,4,18.14,18.7514,18.62345,18.66055,18.4213,0.1421654552507985,0.15485141887916,0.14678163729178076,0.008673707904919798,0.011115594578328539,0,0.02583739579858957,0.3301000000000016
1212080070564106982,CV,-8.15225,no,2,17.85,19.7129,19.5487,19.5487,19.3845,0.23221386694166363,0.256873282113526,0.24857909868935701,0.01172974668726991,1790.4543262195089,0,2532.0847909492077,0.328400000000002
1301190040324141041,HPM,-4.17702,no,14,13.81,14.2492,14.187185714285715,14.207049999999999,13.9209,0.07914794187656864,0.0560886703414322,0.054996405341114045,0.0006989436677863378,29.74549225462383,0,71.80104795139778,0.3283000000000005
809221180044128009,SN,19.23218,yes,8,19.33,19.3648,19.207375,19.2178,19.0379,0.131480837821659,0.198959865912412,0.18478516770882736,0.012161357783801037,4.217479183071287,1,7.909156041605456,0.3268999999999984
1605061430534141311,HPM,45.08651,yes,3,14.06,14.1311,13.967466666666667,13.9664,13.8049,0.16310261596103645,0.0542612322423786,0.053724111278334506,0.0005258485797633083,125.38667274313416,0,217.18695350689813,0.32620000000000005
1509241040034112180,HPM,3.78407,yes,36,16.28,16.5757,16.421105555555556,16.433500000000002,16.2497,0.08848196569905256,0.0779893709594489,0.0723678765273362,0.0020394563801567115,237.79544520346104,0,1067.1939712268868,0.3260000000000005
904181230414133280,SN,24.3945,yes,5,19.29,19.488,19.27492,19.2169,19.1623,0.12753600276000557,0.2560633202398999,0.22060069908436258,0.03175059182437901,78.54574210795121,1,175.64167776628892,0.3257000000000012
1004051210244130526,SN,21.19375,yes,4,18.65,18.6499,18.484875,18.48105,18.3275,0.14891882296517478,0.183481619007153,0.16714279601143922,0.013074191746371032,0.00665997591755624,1,0.015474166793865152,0.32239999999999824
1405110090864121126,HPM,-10.44264,no,59,13.0,13.279000000000002,13.012689830508474,13.0051,12.9577,0.05008237591765221,0.0524266899571353,0.05204952418988384,0.0002618507543142844,186.7287623515483,0,491.7513039005062,0.3213000000000008
1512031430414122287,HPM,43.90399,yes,56,13.04,13.0687,12.8961375,12.89185,12.7482,0.07181968219088669,0.0515946317936078,0.051358906563742056,0.0001379325057972527,184.31211933648964,0,487.77437614549854,0.3204999999999991
1502091400664141554,HPM,42.14361,yes,38,16.84,16.9977,16.899302631578948,16.90965,16.6782,0.06030039436400976,0.0895362611639452,0.08226028605033456,0.0023199532160539903,119.28307114258531,0,495.73359590299515,0.3194999999999979
1605261070624105685,SN,6.04675,yes,2,19.43,20.912,20.75235,20.75235,20.5927,0.22577919523286347,0.464034370285644,0.429227579865216,0.049224235075247265,1797.4643867570114,1,2541.998513634404,0.31929999999999836
1001121150154120180,SN,15.3022,no,6,19.35,19.3494,19.20736666666667,19.2265,19.0304,0.11279041921487182,0.536289614041235,0.2489277115565256,0.14106202368102858,397.53460351527116,1,1179.832089826501,0.31899999999999906
1206191260544117222,SN,26.77845,yes,4,19.15,19.1477,18.9532,18.91655,18.832,0.13920280169594387,0.161973730898212,0.14957623528008496,0.00868769503556644,0.007855789415502915,1,0.018250717301270925,0.31569999999999965
1309161230864155882,SN,24.93094,yes,4,16.75,16.8853,16.733675,16.73985,16.5697,0.12955648382076423,0.0831031059573938,0.07999051881195735,0.0025796419762200277,0.006553262342786809,1,0.015223830996546894,0.3155999999999999
1104021550424114003,SN,54.56785,yes,4,18.31,18.5275,18.36795,18.36515,18.214,0.13544609013675243,0.1387018441229119,0.1301859201480322,0.007079793651041804,0.006783934203905434,1,0.015759166795760393,0.3135000000000012
1611071120084120846,HPM,12.8576,no,305,14.72,14.866,14.654533114754098,14.6317,14.5528,0.06039678602084716,0.0619755452587241,0.05666809984821119,0.0010601720416535568,962.7518523900764,0,2958.816301909297,0.31320000000000014
1401281210254108042,CV,20.02392,no,4,18.77,19.429,19.2743,19.2738,19.1206,0.13183967536367738,0.3129166789035481,0.2432358083538005,0.047296567414654614,887.1393904600704,0,1774.2857598612973,0.3083999999999989
1106101380624102629,HPM,36.95551,yes,79,14.41,14.5707,14.351401265822785,14.3491,14.2624,0.03796114914660784,0.0738170581046127,0.055922652348704256,0.002701332219679865,447.6163303390527,0,1166.9961582058968,0.3083000000000009
1611071230074109142,SN,23.18541,yes,2,19.75,21.2792,21.125349999999997,21.125349999999997,20.9715,0.2175767565711023,0.545821889393224,0.5216565647013814,0.0341749299183531,1834.1247752023073,1,2593.8441321756036,0.30770000000000053
1211061320024142735,HPM,33.08203,yes,44,13.91,13.9882,13.895806818181818,13.9028,13.6814,0.04068013284448886,0.0724552727701475,0.05410856754200317,0.00292167463704504,150.0855726437179,0,378.12356024330074,0.30680000000000085
1406251180794109133,HPM,17.46079,yes,65,12.77,12.6155,12.510144615384615,12.5151,12.312,0.052166344606608316,0.0511556506642894,0.05089587425282071,0.00015949395105929946,176.28032151416545,0,531.7681718520107,0.30350000000000144
1103090210754157685,HPM,-20.32983,no,49,16.65,16.6793,16.50661224489796,16.4778,16.3795,0.08576049895069562,0.0772716487933287,0.07412985642542153,0.0021784117791935178,394.446829490831,0,1147.8517980672914,0.2998000000000012
1203160210754158388,HPM,-20.33046,no,44,16.45,16.6793,16.502993181818184,16.47755,16.3795,0.08709260080639464,0.0790225826856067,0.07453915889003272,0.0026655408204491983,240.82516183325285,0,821.8178110760928,0.2998000000000012
1206181320644122933,SN,32.76675,yes,3,19.67,19.6734,19.5605,19.6339,19.3742,0.1625448553476873,0.235190234683251,0.22256423090311003,0.017580215979708352,0.01225789368186877,1,0.024175867896701675,0.2992000000000026
1404261150854122404,HPM,15.67684,yes,41,12.87,13.126,12.950504878048779,12.9521,12.8269,0.0499792704589587,0.0517066980895089,0.051548102966802484,9.487666882775761e-05,41.16065371767101,0,215.60190967549715,0.29909999999999926
1510030040164121451,HPM,-3.88816,yes,24,18.11,18.0755,17.934324999999998,17.9339,17.7768,0.07217533150780038,0.119803281508657,0.11236802427319119,0.004364612759507758,15.187658323858784,0,43.96131673640048,0.2987000000000002
1410261430094144519,HPM,43.79071,no,16,17.25,17.4102,17.2739,17.2681,17.1137,0.07245121577079637,0.104407857001157,0.09339641128624764,0.004274425576037461,21.368682267475833,0,50.85767354170093,0.2964999999999982
1202221290084142231,Nova,30.66962,yes,4,17.28,17.4204,17.311625,17.35095,17.1242,0.13997410177124564,0.0867574776890351,0.08452904123674723,0.002979768324095001,0.007912765533047787,0,0.018392708094324917,0.29620000000000246
804170010454142868,CV,-0.7024,yes,4,17.56,17.8587,17.765,17.818550000000002,17.5642,0.13553801434775894,0.10564583632633,0.10253458386030183,0.004414177761635963,0.00832679999460613,0,0.01933984969946323,0.2944999999999993
1511191290014117518,HPM,29.23742,no,34,13.07,13.2822,13.154758823529411,13.148900000000001,12.9877,0.0662908564363047,0.0534463941752448,0.051821530410036704,0.0003707258111535953,180.06621929721538,0,406.83122516208823,0.2944999999999993
1305150210754151386,HPM,-20.33099,no,36,16.45,16.6728,16.468619444444446,16.467100000000002,16.3795,0.050830434187428775,0.0790225826856067,0.07477208064294222,0.0026698253125439337,172.5170811154978,0,460.8063783795951,0.29329999999999856
1411221381014149577,HPM,38.57855,no,2,14.23,14.5055,14.36065,14.36065,14.2158,0.2048488345097427,0.0570661057790351,0.056053019348913546,0.0014327205693340404,26.107550683532764,0,36.92165225699864,0.28969999999999985
1502261070524137154,HPM,8.10885,yes,93,16.69,16.7279,16.597413978494625,16.6083,16.4387,0.06189085869039393,0.0852631123565111,0.07451689540240912,0.002889878607380596,180.3054139358463,0,673.0768069560945,0.289200000000001
1001161120034110404,SN,12.10724,no,4,18.77,19.053,18.92225,18.9351,18.7658,0.12487744658931461,0.17344150048859,0.1645850637588465,0.008564522816601182,0.009644840140084843,1,0.02241601840069052,0.2872000000000021
1201250150604137052,HPM,-14.9606,no,48,12.79,12.8491,12.747214583333333,12.755,12.5625,0.060837379990249754,0.0513671474559611,0.0512415167093499,8.337082665638986e-05,184.68733253976922,0,422.81881379618426,0.28659999999999997
1509130010094135118,SN,-0.29793,yes,2,18.82,21.1232,20.9801,20.9801,20.837,0.20237396077559053,0.434301691538003,0.405587002736276,0.04060870234272517,224.2720796981896,1,317.16861677080306,0.2862000000000009
1212131040594104095,HPM,3.00323,yes,48,12.97,13.0416,12.887495833333332,12.89085,12.7557,0.07474260785574721,0.0520917125219773,0.05147078630703905,0.00029092735726401125,99.13807186215763,0,356.00175519669574,0.2859000000000016
1305201400684109601,HPM,39.86291,yes,51,16.56,16.642,16.531645098039217,16.5367,16.3578,0.05271105505954295,0.0826108530503983,0.07467467608143959,0.002591695459896642,121.51511133615953,0,398.94022103009775,0.28419999999999845
1510121151134138332,CV,15.61174,yes,2,15.98,20.854,20.71195,20.71195,20.5699,0.2008890365350985,0.438145602343536,0.4200182331755355,0.025635971327530205,267.9695791085272,0,378.9662130786892,0.2840999999999987
1304220070904105036,HPM,-8.39796,yes,36,13.4,13.5162,13.363477777777778,13.3527,13.2322,0.061368647700880914,0.0543471458528882,0.05362970900945475,0.0003299418711447446,63.70443526388241,0,202.62318098399555,0.2839999999999989
1209190011264107526,HPM,-2.39214,yes,47,12.9,13.0734,12.894863829787234,12.8809,12.7905,0.07363884969914886,0.0517075571800751,0.05140633368833462,0.00015641507611028932,158.61033821946765,0,384.89225134249864,0.2828999999999997
1502121660244104917,HPM,65.19837,yes,92,15.5,15.758,15.54813804347826,15.54065,15.4753,0.04871790483051315,0.103650273663184,0.06475306698912124,0.008250507824872737,829.7039030640836,0,2654.0059827197983,0.2826999999999984
1303071520304144859,HPM,53.14913,yes,234,16.22,16.4204,16.240011538461538,16.234050000000003,16.1396,0.037735545727560736,0.10277853458089,0.06987086353196022,0.0036268573273180423,852.4275456146369,0,2874.1392806595977,0.2807999999999993
1504091040684126844,HPM,5.06406,yes,60,15.94,16.0274,15.854435,15.851099999999999,15.7475,0.03552357930221454,0.0761361867207696,0.06534598810823113,0.0017580286849009866,109.18516249020253,0,375.8882917822921,0.2798999999999996
809231210164105500,Ast,20.09979,yes,4,18.86,19.1056,18.962075,18.9585,18.8257,0.1384920063878521,0.1904913633593889,0.17760363245582222,0.011179156353373998,0.011116398566615296,0,0.025844108800811227,0.2798999999999978
1604061040774129136,HPM,4.65528,yes,41,12.77,12.8949,12.753070731707318,12.7616,12.6194,0.05182718516330257,0.0562803103078392,0.05175553529380661,0.0014930308754926,35.92405050753399,0,128.73955997690064,0.2754999999999992
803050180744116182,Flare,-18.96829,yes,4,17.8,18.0718,17.906174999999998,17.87825,17.7964,0.11761639270668743,0.11910073435086,0.11188537525585199,0.005088794306384713,0.009000413842027901,0,0.02091261559689883,0.2754000000000012
1312241180124103585,SN,17.13976,yes,2,19.12,20.7706,20.6334,20.6334,20.4962,0.19403010075758864,0.5480023007077349,0.447474228939591,0.14216816249372502,271.5148036837981,1,383.97991775469563,0.2744
1308281290064131091,HPM,29.82556,yes,34,17.54,17.5761,17.479432352941178,17.48485,17.302,0.06822277998914524,0.1020417769323129,0.09578555680237064,0.004121660012783021,154.71353272033886,0,397.07756693279225,0.2741000000000007
1005240011164146595,SN,-0.51328,yes,4,16.46,16.5459,16.388325000000002,16.367449999999998,16.2725,0.13484817079466374,0.0739983253970886,0.07168755008345908,0.0019169494831702267,0.0067043770615867835,1,0.015585752196784597,0.27339999999999876
904180210754153893,HPM,-20.32891,no,45,16.5,16.614,16.465224444444445,16.4702,16.3422,0.054604932992090925,0.0775341941347741,0.07402673436051681,0.0023930013511405486,268.14656533981264,0,710.010480173507,0.2718000000000025
1511091090014127873,SN,10.40078,no,2,18.8,21.4112,21.27545,21.27545,21.1397,0.19197949109214865,0.52182974232741,0.491888340882359,0.042343536000048476,772.802576311361,1,1092.9078844563992,0.27149999999999963
1012110040624125440,Flare,-3.90913,yes,3,19.61,19.6092,19.439733333333333,19.3694,19.3406,0.14746719409188536,0.6635767660396851,0.37074949830596804,0.2538601007176442,945.8838129407164,0,1638.3209903471943,0.26860000000000284
1509181120094101366,HPM,11.35424,no,76,15.35,15.4849,15.26503289473684,15.26345,15.2206,0.032384289969707415,0.0721363653564725,0.0601748859412562,0.0018196887749314064,148.48320904551545,0,444.8101492942951,0.2643000000000004
1107011120094102684,HPM,11.35593,no,91,15.25,15.4849,15.268859340659342,15.2662,15.2206,0.03310794794816198,0.0721363653564725,0.060491796565543855,0.002200275395582837,220.37866190514717,0,770.7936736689953,0.2643000000000004
1607101380694141644,SN,39.47018,yes,2,17.49,20.4567,20.3246,20.3246,20.1925,0.1868176115894876,0.3687407896663139,0.33507053347681637,0.04761693295176401,1048.628368755994,1,1482.9844609838983,0.26420000000000243
1206220230744119534,CV,-24.68311,no,4,17.63,17.6298,17.456675,17.41525,17.3664,0.11851203525380964,0.108711271540962,0.10234753719472528,0.00433829078814594,0.007291568493523427,0,0.01694121539912885,0.26340000000000074
1511221210264184833,CV,22.42513,no,3,15.81,15.7643,15.608533333333334,15.5589,15.5024,0.1378241754313571,0.0671724586527216,0.06536475740369396,0.0015870362819414595,0.006467279985601467,0,0.012934559905261267,0.2619000000000007
1410251490274105412,HPM,48.19438,no,57,12.49,12.5444,12.436956140350878,12.4407,12.2843,0.06246177407463988,0.051331379535369,0.05087348939688824,0.0001565116980963019,117.13375454097435,0,345.12029302069277,0.26009999999999955
1111031520324144272,HPM,53.41953,yes,184,13.8,13.9982,13.835149456521739,13.8328,13.7397,0.035519662833288945,0.0643398492363904,0.05349945341588369,0.0017369723050352198,560.3244743474852,0,1786.0483422109028,0.2585000000000015
1611091630244128695,HPM,64.38013,yes,116,13.83,14.0379,13.847798275862068,13.844750000000001,13.786,0.03079454774655001,0.0558128540393436,0.05370605899448613,0.0006624878263626541,795.8485437435961,0,2843.2406414584984,0.2519000000000009
1201260180744150980,SN,-17.51281,yes,4,18.69,18.8591,18.72115,18.70815,18.6092,0.10408818376741973,0.166570881925357,0.1570335927931152,0.007097771006299468,0.011201997157252255,1,0.026009687200712506,0.24990000000000023
1406221380564116390,HPM,37.99764,yes,5,14.28,14.3977,14.20896,14.1648,14.15,0.10576059285007815,0.0567748934835182,0.054933071776591756,0.001029742934690711,29.884135519416677,0,66.83050350660051,0.24770000000000003
912160070474149216,SN,-6.32648,no,4,18.46,18.4627,18.35335,18.3673,18.2161,0.10514860912061588,0.129396231649443,0.1238931778943787,0.004938738628171262,0.006721851939468033,1,0.015614467709383462,0.24660000000000082
1304141400544127648,CV,41.05027,yes,4,19.08,19.326,19.24,19.274949999999997,19.0841,0.10984567962980428,0.19795321755748,0.18990092355010046,0.009788326868455969,0.008090690889202397,0,0.018799582903739065,0.24190000000000111
1303241660214135267,HPM,67.56025,no,114,13.78,13.9355,13.799409649122808,13.7843,13.6974,0.053352035018205235,0.0600489249067306,0.053983748646776804,0.0013418001737030931,693.9827302002466,0,2519.1284688080923,0.2380999999999993
1510241350164103808,HPM,34.0121,no,48,12.53,12.3705,12.263560416666666,12.2649,12.1325,0.0601234677854337,0.0511102584593773,0.050809779562330265,0.00016303174617447193,160.45650869381026,0,383.115502754692,0.23799999999999955
1202251040734116583,HPM,3.67566,yes,127,14.37,14.5922,14.400090551181103,14.3966,14.3548,0.02918214673030498,0.0614720449575161,0.05507916589916079,0.0008559697857213252,302.18021852482394,0,901.7075724535898,0.23740000000000094
1511101520324139627,HPM,53.41833,yes,96,13.82,13.9764,13.828816666666667,13.8262,13.7399,0.03349762494853926,0.0643398492363904,0.053574514916253445,0.002280334844412511,200.95288925316112,0,721.004861609108,0.2364999999999995
1312241520324140084,HPM,53.41887,yes,147,13.98,13.9764,13.830727210884353,13.8275,13.7399,0.03235854264168311,0.0643398492363904,0.05347149714813508,0.0018627464541983315,425.3800140627985,0,1448.0285876273992,0.2364999999999995
1401091260494139472,SN,27.70585,yes,4,18.1,21.4554,21.3336,21.3295,21.22,0.12186733223742578,0.616900276587505,0.5676867263832017,0.04752843934506152,345.96840497299854,1,745.9216267125958,0.23540000000000205
1601281400514126550,HPM,41.8221,yes,11,17.5,17.6741,17.51848181818182,17.4982,17.4391,0.06591260605046398,0.134552697095413,0.10334728838608029,0.01373137445286621,181.0369660678684,0,415.8902360182037,0.23499999999999943
1104121040734115429,HPM,3.67593,yes,123,14.42,14.5922,14.40359430894309,14.399,14.3592,0.029713537514215196,0.0572350167963139,0.055030910750098784,0.0007261293395062467,306.68333004587697,0,887.7113192710021,0.23300000000000054
1601161290594108371,HPM,28.90503,yes,65,15.9,16.0966,15.932093846153846,15.9317,15.8651,0.03125616877575442,0.0984467799825631,0.06661688595907307,0.004515120682877344,138.44322035672243,0,445.9516241667079,0.2314999999999987
1511221380304114474,HPM,37.10705,yes,40,12.76,12.8011,12.704004999999999,12.7167,12.5707,0.05422450931319154,0.0520335145380222,0.05116881439495924,0.00023736379728602237,109.99570307447092,0,321.1183313079964,0.2303999999999995
1404091660294105776,HPM,65.36683,yes,84,16.69,16.8208,16.674736904761904,16.6741,16.5922,0.03705115896521328,0.165412998841934,0.08063648723374302,0.0184370736969343,908.1833806166876,0,2599.7786879859923,0.22860000000000014
1604051150914112284,HPM,14.48233,no,28,12.6,12.6809,12.591867857142857,12.6083,12.4566,0.06673612522504509,0.0521345589776687,0.05126106218410222,0.0003535302075268521,66.23759296769332,0,210.61360659710044,0.2242999999999995
1604040210544139228,CV,-20.36064,no,4,17.92,18.0301,17.9569,17.99485,17.8078,0.10320623366186088,0.118308931284532,0.11504547038069875,0.004172612296869073,0.010733864325330795,0,0.024952870306151453,0.2223000000000006
1602271600254113139,HPM,60.27495,yes,151,14.3,14.3821,14.264652317880795,14.2574,14.1608,0.03646360712534627,0.0617485821093852,0.05537014980900667,0.0014580472613085647,780.3448873287869,0,2843.2463681479057,0.22129999999999939
1411201070614108345,HPM,6.13396,yes,100,12.72,12.7209,12.615223,12.61425,12.4999,0.0525437611843112,0.0519865746235775,0.05110997310034171,0.0002368808410159473,172.88611621426074,0,563.7051673493988,0.22100000000000009
1604031350664126042,SN,35.45844,yes,2,19.98,21.3802,21.2697,21.2697,21.1592,0.1562705986422258,0.598857436176814,0.5697962300579196,0.04109875183226048,497.798206767505,1,703.9929753356118,0.22100000000000009
1506141260704124597,CV,26.95875,yes,2,17.92,21.1634,21.05415,21.05415,20.9449,0.1545028316892598,0.557248618266391,0.5433374619077616,0.01967334599066655,796.7479604805526,0,1126.7717715046965,0.2184999999999988
1201230150784136277,HPM,-15.56729,no,97,13.79,13.9619,13.804875257731958,13.7902,13.7456,0.05131308115977799,0.0661176632185303,0.05403838114244106,0.0025014068548389417,372.70993464853797,0,1182.854393576701,0.21630000000000038
1401200150784129813,HPM,-15.56819,no,80,13.78,13.9619,13.80647,13.7866,13.7456,0.0560272975963446,0.0661176632185303,0.054127897384902736,0.002748737320359436,273.5085736583316,0,884.7496787501004,0.21630000000000038
1401211010874151747,HPM,2.24454,yes,76,13.53,13.7215,13.557356578947367,13.5458,13.5076,0.04293851522204352,0.0533026345809192,0.05296547341896188,0.00017356017966606914,199.3823492722974,0,579.6202733684986,0.21390000000000065
1301130150634137478,SN,-14.93363,no,4,18.4,18.4991,18.410425,18.42775,18.2871,0.09108213783905898,0.139970774443661,0.13481108919634197,0.005114141035140737,0.00882286745716407,1,0.020503831110545434,0.21199999999999974
1205190090574131466,HPM,-9.21014,no,95,13.09,13.2758,13.149918947368421,13.1396,13.0641,0.04698553941133191,0.0524038879091335,0.0518205300686778,0.0002346967695948338,299.0423367743962,0,871.6630206713089,0.21170000000000044
1402270090574132639,HPM,-9.21001,no,56,13.12,13.2758,13.155407142857143,13.14705,13.0641,0.055159193932876806,0.0522451592105739,0.05186288715035527,0.0001591638929993949,186.51539813963421,0,485.7840823377046,0.21170000000000044
1501231520354128154,SN,52.79777,yes,2,18.61,21.3466,21.2412,21.2412,21.1358,0.1490581094741235,0.598164549362653,0.5576230040946235,0.05733440315761005,1025.2247029220603,1,1449.8866793523048,0.210799999999999
1601200090724142448,HPM,-8.57696,no,12,12.5,12.6848,12.565216666666666,12.533249999999999,12.4743,0.08725632910968106,0.0509937426756868,0.05086824750803338,8.904808361214121e-05,40.19112764679608,0,88.77080232649314,0.2104999999999997
902051120124117721,SN,12.73847,yes,4,17.47,17.6281,17.510550000000002,17.49765,17.4188,0.08950286773804085,0.13163974693963,0.12541095046076525,0.0045033659982998495,0.006481667660383666,1,0.015093229194462765,0.20929999999999893
1003201010274111459,SN,0.60498,yes,4,18.43,18.6111,18.47015,18.4331,18.4033,0.09503843082318479,0.146425260510607,0.13806297344159846,0.005651161863313861,0.006625376733848507,1,0.015382742996735033,0.20779999999999887
1610291630224109495,HPM,62.67612,yes,141,14.36,14.4433,14.305276595744681,14.3025,14.2371,0.04410650687062264,0.0965188800075973,0.05761296903351172,0.00773243849815035,751.5588216884576,0,2842.257647673592,0.20620000000000083
1306131151104173185,CV,16.19886,yes,4,17.34,17.5117,17.377225,17.34575,17.3057,0.09167607375973301,0.104426144483888,0.10044779993141068,0.0026939066633274284,0.008895190126146018,0,0.020659050904214382,0.20599999999999952
1606141570424135964,HPM,59.02286,yes,52,13.13,13.1598,13.053326923076924,13.0449,12.9541,0.042165649598140446,0.0527576379064539,0.051750567245318395,0.00030491846753707253,423.00426607471843,0,1159.890312037096,0.20570000000000022
1604290090724146073,HPM,-8.70925,no,12,12.77,12.9709,12.8498,12.8203,12.7662,0.07611695546388414,0.0514739355055538,0.05124790165052395,0.00011558766742497671,40.191127646794456,0,88.77080232649314,0.20470000000000077
1405250010874131351,HPM,-0.68648,yes,68,18.17,16.4408,16.331020588235294,16.32235,16.2364,0.039502648914856046,0.0774324366649267,0.07326004568985145,0.002188721743215402,179.11780802200101,0,467.8144449885003,0.2043999999999997
1112311040804104408,SN,2.96198,yes,4,16.85,17.0264,16.88255,16.83995,16.8239,0.09630854929167304,0.083465558048114,0.08050394838092664,0.001981482541484062,0.0044222719810145675,1,0.010261874602292664,0.20250000000000057
712141120484130471,Ast,13.22842,yes,3,20.23,20.2261,20.11153333333333,20.0821,20.0264,0.10305223594533652,0.297910562704948,0.2808059243772867,0.015350319849879949,0.005381227011458069,0,0.010762453995994292,0.1997
1305071430544135024,HPM,44.55134,yes,9,17.79,17.937,17.833244444444446,17.8163,17.7375,0.06254392678572246,0.110772662499041,0.10703423786392606,0.002340695585414731,42.185507241235186,0,147.86436937469261,0.19950000000000045
805110041154140462,CV,-3.40165,yes,4,17.78,17.7764,17.6466,17.61645,17.5771,0.09233356197324194,0.130084600904829,0.11046283846918148,0.013172451378511692,0.009197465156186066,0,0.021376990800490603,0.19929999999999737
1504291690214116397,HPM,69.24623,yes,48,12.98,13.1168,13.021577083333334,13.02545,12.9185,0.05095647804883859,0.0535679835001995,0.051889253424499716,0.0004114182356854366,499.7747723699592,0,1535.0625636455952,0.1982999999999997
1506141400674125377,HPM,40.90685,yes,55,14.89,14.8646,14.81817090909091,14.826,14.6676,0.040353794960037694,0.0602244404657042,0.05764855889490491,0.0007670773432939623,196.30238898703362,0,708.0515227895012,0.19699999999999918
1605301490454126531,HPM,49.84466,yes,38,13.42,13.5515,13.471502631578948,13.46705,13.3547,0.03201945765567089,0.0561126035240571,0.05248933902248868,0.0006209395516587315,246.87625847891127,0,1176.997247893596,0.19680000000000142
1504181230684113949,HPM,23.58022,yes,91,15.31,15.4451,15.293041758241758,15.2919,15.249,0.022452280586632987,0.0642938136635098,0.06049245650746577,0.0011444647036376182,194.69974372099134,0,523.7242692014988,0.1960999999999995
1509181180174134302,HPM,18.8225,yes,110,13.52,13.5514,13.430746363636365,13.42585,13.3558,0.028430477499960013,0.0532293054108156,0.05249180174262489,0.00023906834389295423,233.88945396677167,0,714.9723114004009,0.19559999999999889
1111151180174127137,HPM,18.82361,yes,112,13.43,13.5514,13.430864285714284,13.42615,13.3558,0.02821133519916088,0.0532293054108156,0.05249298216271001,0.00023706878175355645,236.6320889879331,0,714.9723114004009,0.19559999999999889
1110150071224124349,HPM,-6.78403,yes,92,15.4,15.4865,15.39798804347826,15.4007,15.2923,0.027302054193100368,0.0780552236173711,0.06174558979212002,0.002284811036905709,362.5243621253277,0,1164.962778066787,0.19420000000000037
1306090010624110234,SN,-1.87249,yes,4,17.17,17.1709,17.07405,17.073999999999998,16.9773,0.07903693229539431,0.0912703758806094,0.08841919369485116,0.002094501611596569,0.006504098082019602,1,0.015108067091205157,0.1936
1504011460534132127,HPM,47.69551,yes,41,12.52,12.4573,12.393478048780489,12.4003,12.2639,0.04228710508059843,0.0509122901458512,0.05072787003231474,7.433314109052894e-05,271.0433890930143,0,784.0288482173928,0.19340000000000046
1201091210644109910,HPM,20.61387,yes,89,16.65,16.6615,16.58513146067416,16.5862,16.4687,0.03628053446128734,0.0906795057603443,0.07499183192114318,0.003387254132237339,188.7401771516499,0,528.7175079866065,0.19280000000000186
1604161010874153388,HPM,2.24427,yes,37,13.73,13.7075,13.54137027027027,13.5351,13.5154,0.029796549621883318,0.0532324078212782,0.05304692507214248,0.00014036887118854243,64.29445194444358,0,369.00347884299845,0.19209999999999994
1011151380994140667,SN,38.17884,no,6,18.12,18.1184,17.9811,17.95805,17.9266,0.07187466869488943,0.126979004788531,0.1206721386865735,0.005312221930659945,15.28292342786719,1,27.91834691009717,0.19180000000000064
1512021520374108315,HPM,51.45671,yes,187,13.73,13.8651,13.781408556149731,13.7833,13.6733,0.02428926997824641,0.0709572793022147,0.05361406649395836,0.002410000835282677,862.9453761609235,0,2737.816986099395,0.19180000000000064
1511020211034182700,SN,-20.03502,no,2,18.74,19.5273,19.431800000000003,19.431800000000003,19.3363,0.1350573952066311,0.254942174345091,0.24527844469362392,0.013666577536211725,671.9610877402206,1,950.2964836691972,0.19099999999999895
1606161320804161901,HPM,33.74087,yes,8,18.38,18.6687,18.5695875,18.56325,18.4779,0.06859442787657312,0.156052916582838,0.14420881662853186,0.008112197984847375,45.196584447709334,0,115.77100378509931,0.19079999999999941
1105021550224130765,SN,55.07689,no,4,18.94,19.1273,19.00255,18.972450000000002,18.938,0.08722868412015361,0.18090245291871,0.17088512535342873,0.0069756226250470635,0.007567238979840554,1,0.01754361110215541,0.1893000000000029
1306110071224127052,HPM,-6.78433,yes,79,15.4,15.4329,15.387681012658227,15.39,15.2464,0.027739798660599738,0.0655338040662866,0.06132167961435031,0.0011796441869489933,271.1452042016372,0,743.9031719444902,0.18650000000000055
1406210071224121725,HPM,-6.78459,yes,49,15.56,15.4329,15.387616326530612,15.3933,15.2464,0.03284904455065863,0.0655338040662866,0.061443176100409336,0.0013313429709020301,154.8238316095485,0,402.8837200459966,0.18650000000000055
1502140070764121999,HPM,-7.30654,no,39,12.68,12.7035,12.627161538461538,12.6368,12.5173,0.04921673129816841,0.0513186141706014,0.05109163760810055,0.00014505174413769658,129.06283290612996,0,417.8617669558007,0.18619999999999948
1410170210084104025,CV,-22.2933,no,3,17.5,21.0221,20.948633333333333,20.9864,20.8374,0.09797072692051076,0.499403274401882,0.47136128279852335,0.03819333725456303,960.5093379319704,0,1822.081030647707,0.18469999999999942
1305291600484123094,HPM,60.78988,yes,153,15.08,15.165,15.083203921568627,15.0843,14.981,0.02493837373447009,0.0876867646486238,0.05990486722396706,0.004700800934954986,856.0996398044119,0,2716.7389163659027,0.18399999999999928
1502201230684114159,HPM,23.61403,yes,91,13.55,13.6089,13.462505494505494,13.4566,13.4254,0.02780584815640809,0.0535797095062831,0.05252663817158523,0.0003297802740930805,194.6997437209989,0,523.7242692014988,0.18350000000000044
1410291350414137097,SN,36.65456,yes,2,17.48,20.1189,20.028750000000002,20.028750000000002,19.9386,0.1274913526479351,0.283811688038091,0.2753213486298649,0.012007153140264017,1229.1518422629194,1,1738.2832055440958,0.18029999999999902
1501181350134110006,HPM,34.31435,yes,2,18.69,18.8338,18.74455,18.74455,18.6553,0.1262185604417985,0.1601277396807,0.1570867426980295,0.004300619176028268,20.455194918266468,0,28.92801407440129,0.17849999999999966
910161351014115073,CV,34.38475,yes,4,18.93,19.1034,19.019475,19.0238,18.9269,0.08539755558562613,0.177634157699528,0.17105579831339351,0.006321262399083106,0.008628482651645671,0,0.020074074105650652,0.17650000000000077
1511031600254127101,HPM,61.14982,yes,154,13.63,13.6886,13.58981038961039,13.58385,13.5124,0.03039331103060043,0.0570695265221427,0.05311023204079997,0.0009017115561333449,805.1437154367505,0,2843.2463681479057,0.1761999999999997
1309021380084117815,HPM,37.38732,no,20,13.16,13.239,13.173695,13.182400000000001,13.0638,0.04231518919775884,0.0582673187992182,0.05231604453915013,0.0014206619559654799,22.18343932188651,0,55.89492724560114,0.17520000000000024
1410211010174137315,SN,2.50709,yes,3,18.9,20.867,20.7822,20.786,20.6936,0.08676243426737042,0.455169274559224,0.4398562579201946,0.013285135213208184,913.7316082090202,1,1710.0948881246004,0.1734000000000009
1610241600204126524,HPM,60.89423,no,188,15.02,15.0161,14.909726595744681,14.90785,14.8445,0.022866857952660177,0.0635849339727832,0.05835131353299694,0.0015872641518580872,762.599876630312,0,2820.2801053240037,0.17159999999999975
1601201040524122807,SN,4.34193,yes,2,20.01,20.919,20.833550000000002,20.833550000000002,20.7481,0.12084454890477944,0.4195380035315999,0.38644994673241545,0.04679357867797798,830.7918859958872,1,1174.9171526849022,0.1708999999999996
1410131520604113686,HPM,51.45706,yes,32,17.02,17.0738,17.00753125,17.01145,16.9034,0.03792646056897897,0.0905253525600544,0.0853749682385218,0.00225109534981266,134.2388300444705,0,355.0323041781812,0.17039999999999722
1607071380774156515,HPM,38.70012,yes,57,14.15,14.2339,14.108270175438596,14.1077,14.0643,0.021188246109175246,0.0574767711338256,0.05445135830341274,0.0005241478580887439,147.3645967384475,0,419.9470084025961,0.16960000000000086
1306151380744153796,HPM,39.05512,yes,8,17.21,17.2811,17.1858125,17.18375,17.1146,0.05775844867079678,0.0952265635631746,0.09010926357944532,0.004618217533988965,133.4717194133123,0,411.9400357406994,0.1664999999999992
809241120174124977,Ast,13.02429,no,4,19.25,19.3495,19.255274999999997,19.244,19.1836,0.06952981974184473,0.270973763711782,0.26052938176556323,0.01717036514881376,0.008805692938627005,0,0.02044129610294476,0.1659000000000006
1604300010874152122,HPM,-0.68729,yes,32,16.67,16.4408,16.3510375,16.3447,16.2764,0.04127321829451944,0.0774180085990412,0.07465707568224733,0.0011965637519176103,32.5676621868405,0,103.85556819480553,0.16440000000000055
1412231150564209168,SN,14.75465,yes,2,19.3,21.2629,21.18105,21.18105,21.0992,0.11575338008023685,0.5995524536497989,0.5458145852532944,0.07599682229935721,1295.9922271076064,1,1832.8097843056894,0.16369999999999862
1111191230074124966,HPM,24.32189,yes,60,13.5,13.5878,13.510721666666665,13.51175,13.4246,0.0344690531389217,0.0541635269184306,0.052650117023614044,0.00040830436123441517,184.0461255965858,0,710.988786562295,0.1631999999999998
802021010474127132,CV,1.29525,yes,4,18.02,18.1841,18.107525000000003,18.11185,18.0223,0.06640925512808209,0.115744490915059,0.11275336853793724,0.002590693427078158,0.006915940860698588,0,0.016078113614639733,0.1617999999999995
1402111150154136448,HPM,16.86618,no,39,12.49,12.3984,12.333976923076923,12.333,12.2369,0.04163611452079413,0.0509085932332791,0.050715626067583515,0.00013438560503888132,124.39127727922495,0,300.173369236305,0.1615000000000002
1202180120574141811,HPM,-11.34122,no,49,12.78,12.9184,12.840955102040818,12.8401,12.7571,0.044137408836989384,0.0515410730100225,0.05134362704184227,0.00013054547699442912,180.60472036939038,0,439.80883180529054,0.16130000000000067
1303071520314141379,HPM,52.91421,yes,53,16.5,16.5185,16.447535849056603,16.4501,16.3584,0.03223216319108569,0.0758442997917275,0.07063256009413343,0.0025573452394009456,139.737851959676,0,644.0737189236024,0.1600999999999999
1211030011184117219,HPM,-1.90048,yes,27,12.99,13.0342,12.936803703703704,12.927,12.8752,0.05091083065579118,0.0518871176475487,0.051746653035936556,0.00010941410807148608,90.08225349930193,0,333.133990509501,0.1590000000000007
1306161011264117300,HPM,1.16408,yes,32,12.58,12.6042,12.538371875,12.5477,12.4457,0.036778651191523376,0.0511324612034546,0.050962862634695044,0.00010035143532538238,47.02665880203241,0,133.7365543052074,0.15850000000000009
911211261084134848,SN,26.65153,yes,4,18.33,18.4126,18.332325,18.330750000000002,18.2552,0.06430797643631361,0.132137043008503,0.12772298506840046,0.0033838863750147294,0.009420549818924892,1,0.021879687497857958,0.15740000000000265
1604171380614134615,HPM,39.397,yes,58,14.6,14.5559,14.515453448275862,14.52195,14.4003,0.029182331926572973,0.0636156030866947,0.05640379129283939,0.001844223952317227,291.38975149110496,0,848.7777673958044,0.15559999999999974
1311021400104112568,HPM,39.92074,no,43,14.44,14.5508,14.45043488372093,14.4474,14.3977,0.028463626611293355,0.0574529071433421,0.055739259715941646,0.0005311657162742312,265.13230283911787,0,723.0417079511099,0.15310000000000024
1002141230224152602,Var,24.81787,yes,4,18.17,18.3269,18.250925,18.25145,18.1739,0.07787213344108743,0.145508499278913,0.14135838757986724,0.004711794155178318,0.008941151774001716,0,0.020782140993105713,0.1529999999999987
1306141011114135865,CV,0.97767,yes,4,16.66,16.8072,16.7452,16.759300000000003,16.655,0.06907020582952764,0.0828766932920684,0.08153493090636775,0.0014379941054034101,0.010290705800981513,0,0.023914328805403784,0.15220000000000056
1503141460484104225,HPM,45.41835,yes,44,16.41,16.4564,16.406745454545455,16.4104,16.3043,0.031137642324941924,0.0730341226656455,0.07131682680102082,0.001060461081553057,212.80004771978693,0,774.0860812730025,0.15209999999999724
1406061180704130379,HPM,19.15423,yes,49,13.33,13.3188,13.233071428571428,13.2238,13.1668,0.03261125828094765,0.0522618207724967,0.05201313978580095,0.00010990851664852567,140.29804372548548,0,425.86922395830334,0.15199999999999925
1602150120574143556,HPM,-11.34294,no,24,12.91,12.9069,12.8304375,12.838799999999999,12.7571,0.04397879738652713,0.0515410730100225,0.05129216710909163,0.00015814315832366068,37.41227291628019,0,110.72316829859483,0.14980000000000082
1010101430054165221,HPM,44.47941,yes,130,15.59,15.6437,15.582746923076924,15.58525,15.4951,0.03039598654775151,0.0659687407554748,0.062462745649013496,0.0010424296492234039,973.0433900053299,0,2933.060006273525,0.14860000000000007
809290181124120724,Ast,-18.67351,no,4,18.2,18.3475,18.254125000000002,18.2344,18.2002,0.06904642761697889,0.125462851108122,0.12212090406978295,0.0029494099470856443,0.009470640728738444,0,0.02198453710298054,0.14730000000000132
1504131090894153902,HPM,10.42807,yes,46,14.23,14.2453,14.133308695652174,14.1296,14.0986,0.02706554863115303,0.0584219413289672,0.05484826072449654,0.0009817951736115845,123.13362756022799,0,406.88862276599684,0.14670000000000094
906011040884130016,CV,3.87959,yes,4,15.61,15.7527,15.6708,15.6618,15.6069,0.06398984294401791,0.0639497183130517,0.06323312714645395,0.0005413037242408171,0.009680821179361344,0,0.022492002593935467,0.14580000000000126
1405121380624103332,HPM,36.95569,yes,67,14.35,14.4049,14.345405970149253,14.3478,14.2624,0.025035573966204108,0.0738170581046127,0.05590178528637582,0.002742618675961741,399.0295806288081,0,1142.893068946396,0.14250000000000007
1007060071224126730,HPM,-6.78378,yes,52,15.4,15.4865,15.405017307692306,15.40475,15.3456,0.025579669632185314,0.0780552236173711,0.061979281071750186,0.002770121260735878,194.0172378299812,0,543.7065881365052,0.14090000000000025
1011131400724139601,SN,41.68263,yes,3,17.2,17.2002,17.1186,17.095,17.0606,0.07273073628115992,0.0891846111457509,0.08686745858865941,0.002091496476690942,0.008691841865037681,1,0.017074699004297145,0.13959999999999795
1602051070734101526,HPM,5.71183,yes,40,14.54,14.5776,14.53643,14.540849999999999,14.4397,0.02672420587196546,0.0589524687359122,0.05608072985167266,0.0006074248338006516,38.129723650106605,0,144.7428223839961,0.13790000000000013
1207180151114104447,CV,-16.79779,yes,4,16.97,17.0007,16.95505,16.9782,16.8631,0.062300856066884236,0.0785379004195453,0.07783096615520473,0.0010214046668119523,0.010566587336609081,0,0.024533981493732426,0.13759999999999906
1510031040184124629,HPM,4.77511,yes,20,12.51,12.3099,12.25236,12.25245,12.1736,0.03992341879675453,0.0509318603558235,0.05072957937196874,0.00010590684542867722,14.86217816396708,0,43.883845647804264,0.1363000000000003
1301171040504112807,HPM,3.36424,yes,36,12.55,12.6068,12.537788888888889,12.53575,12.4705,0.03677626391168053,0.0512540910274321,0.05089459965791059,0.00010921532367260358,51.698638290999504,0,199.7124019098046,0.1363000000000003
1104061260754113690,CV,26.20644,yes,4,16.21,16.3302,16.249075,16.235500000000002,16.1951,0.0603609904380871,0.0708312054800688,0.0697328359681914,0.0008128693394245576,0.006678058751137887,0,0.015518391104706097,0.13510000000000133
1405060210784146015,SN,-20.90793,no,2,18.58,20.0764,20.009900000000002,20.009900000000002,19.9434,0.09404520189781146,0.304043356691921,0.28796912779412454,0.022732392511953355,1293.2971077716672,1,1828.998309988594,0.13299999999999912
1301221040864152906,HPM,5.11232,yes,40,12.58,12.5899,12.5429525,12.5517,12.4585,0.031903741340766435,0.0512731194743343,0.0511364123054532,7.011886048547631e-05,58.13172861447809,0,221.64402126189816,0.1313999999999993
1411301430054161130,HPM,44.47924,yes,59,15.47,15.6429,15.583003389830509,15.5886,15.518,0.03081884200929179,0.0650559189281461,0.06258635764186858,0.00119563854691364,405.383718640004,0,1111.0202530325114,0.12489999999999846
1105201290594110800,SN,29.13082,yes,4,17.07,16.5905,16.5273,16.52585,16.467,0.05047699145815463,0.074811146117962,0.0737929593941254,0.0008061871079689188,0.01119852374068353,1,0.02601362260611495,0.12349999999999994
907111290844128304,CV,29.38722,yes,2,17.23,18.911,18.849899999999998,18.849899999999998,18.7888,0.08640844866099946,0.166101155162139,0.16167133837708295,0.006264706976254249,0.010411549847950095,0,0.014724155000294559,0.12220000000000297
1209260210054119103,HPM,-21.2193,no,28,14.77,14.8942,14.860303571428572,14.86805,14.7721,0.031005202456444243,0.0585368488635049,0.057956573128230104,0.0002918496351650633,182.7215647787519,0,392.9596433103943,0.12209999999999965
904241490344134701,SN,50.4031,yes,4,18.03,18.0544,17.993225000000002,17.991300000000003,17.9359,0.057252270697326954,0.111180753151577,0.10885137597958268,0.002139723072863452,0.01013496455900758,1,0.023564397895825095,0.11850000000000094
1511191290514126351,HPM,30.18388,yes,67,15.39,15.4577,15.411607462686568,15.4161,15.3408,0.026313697973493845,0.0626162133787685,0.06075785934868323,0.001124194025084477,166.93643067729025,0,472.92499112289806,0.11690000000000111
1305101380784129660,HPM,37.51321,no,24,13.2,13.2568,13.193366666666668,13.18795,13.14,0.03138771106336216,0.0525185958758622,0.05212355583130496,0.00018290183086278733,153.87561630422897,0,395.96972879619716,0.11679999999999957
1603100150784129490,HPM,-15.56903,no,24,14.0,13.861,13.779425000000002,13.774899999999999,13.7456,0.024232375935476065,0.0560906138636683,0.05340209201871144,0.0008327546607834752,52.03840825328866,0,146.78355490749527,0.11540000000000106
1602141040304104382,HPM,2.96573,yes,12,12.01,12.0217,11.965508333333332,11.968,11.9072,0.03435656502920652,0.0505231704550466,0.050431967656134856,5.4349523729277656e-05,126.47506336588826,0,293.0789478933948,0.1144999999999996
1303311570484131030,HPM,58.31718,yes,136,14.18,14.2675,14.18938161764706,14.18835,14.1541,0.017832376722861365,0.0705396391335193,0.05512076915314484,0.0027216313359764055,859.2461553717663,0,2712.7346826387,0.11340000000000039
1202241490394103458,HPM,48.21285,yes,87,14.76,14.7658,14.723288505747126,14.7254,14.6537,0.02349528614418313,0.0591433124087284,0.056545447473107045,0.0008210957396571648,293.32564926410475,0,1125.0246807638978,0.11209999999999987
1105130260734133788,CV,-26.97631,no,4,17.61,17.1952,17.142225,17.14515,17.0834,0.04740916753821587,0.0854907267054325,0.08479977290252003,0.0008465729735077063,0.010361062365215183,0,0.024175914499210194,0.11179999999999879
1603020180764137922,HPM,-17.70596,no,12,16.2,16.0807,16.026608333333332,16.0246,15.9696,0.030532500071335154,0.0716223402959968,0.0686814715920298,0.002502625145143957,20.012354618245805,0,46.95198614580295,0.11110000000000042
1501191350364120603,HPM,34.94222,yes,100,14.56,14.6473,14.593074999999999,14.59235,14.5381,0.023448513876795214,0.06107605653893,0.056113835360788726,0.0010452544635780909,210.788557619113,0,724.0464941320024,0.10919999999999952
1308280041244110839,HPM,-5.04335,yes,28,15.64,15.6703,15.613260714285714,15.607099999999999,15.5612,0.03244416673342758,0.0647043616033998,0.06351602707918888,0.0008351640781069879,35.203343457571144,0,111.78596754650061,0.10909999999999975
1309231230394117279,SN,23.37125,yes,3,18.51,18.5704,18.513666666666666,18.5071,18.4635,0.05375168214421995,0.144627210754371,0.1408662474885033,0.003472390715037455,0.00520653368987981,1,0.01022903950070031,0.10689999999999955
1510011490274103763,HPM,48.16851,no,37,14.41,14.4047,14.321394594594596,14.317,14.2979,0.019627318630842615,0.0576865234362694,0.05552073605910114,0.0005681735930450822,113.88819825198513,0,277.2418508677947,0.10679999999999978
1509241230074129421,HPM,24.32118,yes,31,13.69,13.5546,13.50902258064516,13.5146,13.4482,0.030730459478910514,0.0532873469960163,0.052745265534869225,0.00030485352275692727,150.63560066565543,0,369.97369155069464,0.10640000000000072
1306181320584102524,SN,31.22721,yes,4,14.26,14.2633,14.23,14.249500000000001,14.1577,0.049251666638467195,0.0550145526632408,0.054892928553053874,0.00017777141172322058,0.006498522494336358,1,0.01511004659550963,0.10559999999999903
1504140210754152478,HPM,-20.33218,no,7,16.63,16.511,16.457357142857145,16.453,16.4064,0.04485316254709573,0.0790225826856067,0.07767607643263372,0.0007887667208371844,12.788888346844375,0,23.941006481196382,0.1045999999999978
1403230210754151474,HPM,-20.33161,no,15,16.46,16.511,16.466253333333334,16.4695,16.4064,0.03325599552103728,0.0790225826856067,0.07629530743994713,0.0016116325948127206,186.11559415194523,0,389.95342192099633,0.1045999999999978
1309231430934112700,HPM,42.71312,no,20,12.88,12.925999999999998,12.867515000000001,12.863900000000001,12.8231,0.02846481253462866,0.051914429842157,0.051735100711826174,0.0001495161577102869,179.28657749422035,0,385.96818594870274,0.10289999999999822
904300090534130480,CV,-9.60415,no,4,16.32,16.324,16.29325,16.31355,16.2219,0.04787765658425622,0.0705705433456373,0.0701527582338176,0.0006651719815519531,0.010110284325452008,0,0.0234988773954683,0.10210000000000008
1601121260564107405,HPM,25.89214,yes,82,13.54,13.5698,13.521434146341463,13.5211,13.4687,0.01816580847114782,0.054798153841527,0.052544546468275014,0.00039571469674770524,157.87672790689106,0,487.72043700231006,0.10110000000000063
1206161291084136687,HPM,29.66281,yes,64,15.32,15.4094,15.3434140625,15.34105,15.3084,0.01817564974221226,0.0706288300089539,0.06150255046012367,0.0019071422425615432,210.60223707175544,0,666.1631737499993,0.10099999999999909
1603271150674120069,HPM,15.68983,yes,47,13.44,13.3356,13.288957446808512,13.2896,13.2362,0.02246166535969293,0.0528538147868428,0.05210451896185276,0.00029291268997178044,54.49102875180684,0,189.76458446730976,0.09939999999999927
1602171490334121172,HPM,49.65527,yes,83,15.33,15.4046,15.352926506024096,15.354,15.3057,0.020326854065000805,0.0645634870962131,0.05996437769703719,0.0014077862322304595,184.7612576397101,0,666.0386509491,0.09890000000000043
1404271181154147689,SN,19.4793,yes,2,18.11,20.4639,20.414749999999998,20.414749999999998,20.3656,0.06950859659063514,0.427162627047036,0.37220569087235295,0.07772084448470934,123.98559216867282,1,175.34210598379286,0.09829999999999828
1110241350454116949,SN,34.78424,yes,4,15.71,15.7053,15.66555,15.67455,15.6078,0.04122398169350775,0.0635155026987332,0.06328185292944252,0.00030998365735901645,0.005171975649054124,1,0.012023761395539623,0.09750000000000014
1209190070174113766,HPM,-7.68135,yes,40,13.77,13.8316,13.76832,13.765649999999999,13.7345,0.01830389057704461,0.0535350312168597,0.05322692397905086,0.0002547566809964604,164.64897086638308,0,401.9288465395002,0.0970999999999993
1607061380624103568,HPM,36.95582,yes,28,14.41,14.3919,14.341460714285715,14.34345,14.295,0.02300963307585998,0.0619910470224468,0.05612180076769739,0.002257706730390085,33.717651578863816,0,92.8681726618961,0.09689999999999976
1503280180504138766,HPM,-17.78427,no,20,12.56,12.5189,12.484005,12.48735,12.4244,0.027543964378502567,0.0509153178665815,0.050866645192246575,4.217297975270455e-05,139.19104520764768,0,382.9259601271988,0.09450000000000003
1411231350454114598,HPM,35.24317,yes,61,14.32,14.3426,14.297719672131148,14.2983,14.2483,0.018570728038790493,0.0583694009792699,0.054950783476338805,0.0009524297547355179,150.9288500874652,0,503.74552834479255,0.09429999999999872
1401031040734115569,HPM,3.67509,yes,44,14.39,14.4482,14.395724999999999,14.3965,14.3548,0.016322592774547697,0.0614720449575161,0.05541703738079675,0.0009737869809087003,45.037492317623254,0,144.75125032379583,0.09340000000000082
1304011040734113603,HPM,3.67533,yes,88,14.39,14.4482,14.393538636363637,14.395900000000001,14.3548,0.01512841911059395,0.0614720449575161,0.055241937636934815,0.000796153475067018,178.72816738286983,0,516.7656831940985,0.09340000000000082
1110221071114172099,CV,7.88469,yes,4,17.48,17.5724,17.508875,17.4914,17.4803,0.04325924756627058,0.1005887114199169,0.0984962087055458,0.001796478866610943,0.01040956654388667,0,0.024230798699136358,0.09209999999999852
1502091400284150550,CV,41.34992,no,4,16.21,16.4985,16.44095,16.4292,16.4069,0.03980221936860581,0.0719021697426437,0.0712570675258055,0.0004662840379183944,0.007027659713454201,0,0.016338784706022125,0.09159999999999968
1307070011154113370,CV,-2.24644,yes,4,18.78,17.7768,17.71855,17.705849999999998,17.6857,0.04065533995266489,0.105194199094975,0.10327987284955076,0.0013507194442938543,0.009927191987310076,0,0.02304350680060452,0.09110000000000085
1010110071174108849,SN,-7.97812,yes,3,17.88,17.9438,17.892733333333336,17.8805,17.8539,0.04618163415615891,0.110416269493675,0.10843727722070566,0.0017246393226588485,0.010566638635736305,1,0.020748865797941107,0.08990000000000009
1310050040154108638,HPM,-4.99628,yes,99,14.33,14.3555,14.307222222222222,14.3057,14.2663,0.019275492293963074,0.0569922113885415,0.054862779167476734,0.0005628996223204702,331.09641890858575,0,1060.0833463427043,0.08919999999999995
1110010040154108586,HPM,-4.99524,yes,128,14.35,14.3555,14.305753125,14.30565,14.2663,0.01928391658808897,0.0569922113885415,0.05486594518035958,0.0005004670000006036,420.42907160717533,0,1439.067088634205,0.08919999999999995
1610291660214144382,HPM,67.55935,no,21,13.84,13.7857,13.759666666666666,13.7642,13.6974,0.02101707242537224,0.0535377342907168,0.05324617712386924,0.00040516926712469886,103.06218646481575,0,289.07133775439434,0.08830000000000027
912150040154110919,HPM,-4.99438,yes,77,14.29,14.3555,14.304758441558441,14.3047,14.2682,0.02142063903077323,0.0569922113885415,0.05487505705787028,0.0005192667168240298,259.3600680746717,0,1036.1865035067021,0.08729999999999905
1512051260464106558,HPM,25.96802,yes,48,14.46,14.4283,14.3796125,14.37695,14.3454,0.02163393340259929,0.0576667655664307,0.055180475069374846,0.0008720248641134657,38.99050034322428,0,142.66917871530313,0.08290000000000042
1603010150504117042,HPM,-16.05381,no,8,16.45,16.4028,16.3613,16.369500000000002,16.3209,0.03276348141278173,0.0750861037360604,0.0724040584929167,0.0011814231396111124,22.439760830053363,0,42.00214662030339,0.08189999999999742
1605061350614117502,HPM,35.0156,yes,56,15.68,15.6968,15.662964285714285,15.665849999999999,15.6173,0.01851392035073241,0.0642731699176829,0.06308805387731926,0.0008934082357102593,192.6241646452529,0,506.8168932519984,0.07949999999999946
1206091490384128250,HPM,49.74537,yes,66,15.41,15.4236,15.38098181818182,15.38165,15.3445,0.016622967513385045,0.0657213626389317,0.06077798315424146,0.001105513420295359,182.53994451120408,0,527.8702173150014,0.07910000000000039
1311111320044149893,HPM,33.83609,yes,2,15.82,15.874,15.83515,15.83515,15.7963,0.054942196898194816,0.066553537446421,0.06581983729753355,0.0010376087012717878,5.733529987005726,0,8.10843586789997,0.0777000000000001
1310041400054104521,HPM,39.63821,no,16,12.88,12.9546,12.90185,12.8983,12.8787,0.020720006435005097,0.0515232520299638,0.05137136056966364,8.006761589575056e-05,14.790727840531112,0,38.97787232650444,0.07589999999999897
1603021150764141416,HPM,16.89666,yes,52,13.87,13.8782,13.851621153846155,13.85515,13.8051,0.014887872897994578,0.054285483496357,0.05347571583866861,0.00019789778097813128,144.5235698886945,0,392.9791270368951,0.07310000000000016
1505191290654130752,HPM,30.02467,yes,82,14.28,14.2936,14.26365,14.26525,14.2205,0.014423371380343051,0.0566177461391009,0.05481925037509165,0.0005260381296035982,188.58876921478853,0,505.8327800462939,0.07310000000000016
1204191260584120421,HPM,26.66148,yes,100,14.76,14.7655,14.73898,14.74235,14.693,0.015214440243373964,0.058403471871459,0.056580182030045494,0.0006599380968765654,187.8334873871335,0,510.7561058680949,0.07249999999999979
1309051180764103420,HPM,17.11017,yes,13,14.96,14.9984,14.968776923076923,14.9735,14.9268,0.019942089235506874,0.0596613417706216,0.05893365505135658,0.0004624189232236616,49.99973030312511,0,124.7799728471,0.07160000000000011
1401101290534111700,HPM,28.9455,yes,6,12.54,12.6887,12.664483333333335,12.67075,12.6173,0.02651380143749045,0.0510319230360332,0.050891436323188155,0.00011272537402888066,46.589034761789954,0,115.74014042829367,0.07140000000000057
1604051660324123180,HPM,66.81594,yes,24,13.89,13.9049,13.869066666666667,13.868950000000002,13.8339,0.01794914716798458,0.0574771936516662,0.053876636169758164,0.0007871019785453467,175.4919703129886,0,395.8811762266996,0.07099999999999973
1504230010894142407,HPM,-1.5371,yes,44,13.62,13.4057,13.370204545454545,13.3687,13.3349,0.016899799841190517,0.0552462334343151,0.05303010433696321,0.000721871822204391,122.79875753114814,0,418.89779133120464,0.0708000000000002
803070090494148429,CV,-8.86126,no,4,16.62,16.6936,16.652324999999998,16.64605,16.6236,0.03396246702856988,0.0758427306141402,0.07518319911955171,0.0005517389406852562,0.007586825539531905,0,0.017630613401706796,0.07000000000000028
1303241460544112317,HPM,46.04204,yes,36,13.61,13.6631,13.620458333333334,13.617999999999999,13.5939,0.01562765634563095,0.0550853500212052,0.05301757535327405,0.000555618309665459,166.80806124244182,0,396.9608363192965,0.06920000000000037
1303011180144110751,HPM,17.76041,no,38,13.87,13.8946,13.871147368421054,13.87245,13.8255,0.016128114395945595,0.0542220784967434,0.053715104049918555,0.00036337131126934133,119.37431535826566,0,295.2084989585055,0.0691000000000006
1305211400604125044,HPM,41.43869,yes,9,14.72,14.7395,14.712455555555557,14.7159,14.6728,0.02187042015549285,0.0602727599333101,0.05802418860827972,0.001320674651476862,12.156829821789513,0,31.01982840290293,0.0666999999999991
1201251010764111828,SN,0.6275,yes,2,17.91,21.071,21.038,21.038,21.005,0.04666904755831391,0.497491240009539,0.4942724239956795,0.004552093261583784,1035.8425299926057,1,1464.9025543984026,0.0660000000000025
1602071600404106933,HPM,59.72428,yes,20,14.87,14.8919,14.851925,14.848849999999999,14.8259,0.0187623047344225,0.0582680464983163,0.057694585509968255,0.00039658138445586565,189.3599114586836,0,415.9015368866094,0.06599999999999895
1210131010164129332,HPM,1.92886,yes,60,13.84,13.8625,13.837636666666667,13.84065,13.798,0.014297053941718207,0.054422687841769,0.053568365743295925,0.00038954378989216595,155.2418626942607,0,377.9353469331036,0.06450000000000067
1301100070484108784,HPM,-8.0865,no,15,15.03,15.0531,15.018460000000001,15.0201,14.9887,0.019140786668413786,0.0606266586588621,0.05886209985000362,0.0009157412495626326,22.538551257409736,0,55.89852519700071,0.0644000000000009
1401070090794151988,HPM,-8.64971,yes,68,14.16,14.1916,14.167655882352943,14.170549999999999,14.1272,0.015520601449656616,0.0561282445111599,0.05472093320483775,0.00043596616176148055,184.93385230182068,0,464.7688681137006,0.06439999999999912
1309011180214134165,HPM,18.72357,yes,24,14.31,14.3201,14.281254166666665,14.27875,14.255999999999998,0.014625736077104668,0.0567026950412854,0.05602726136893064,0.0002928856610494343,17.52730746643448,0,53.914759988401784,0.0641000000000016
1301181430464127521,HPM,43.99102,yes,18,14.45,14.4834,14.445316666666665,14.443999999999999,14.4196,0.019062166101221946,0.0557451810158644,0.05539155463875328,0.000357761937769512,42.52012909987182,0,147.7723448842953,0.06379999999999875
1310161380114105554,HPM,36.88246,no,3,12.47,12.4699,12.440166666666668,12.4436,12.407,0.031590241109136406,0.0507746055205071,0.05073188473210647,4.155701314472639e-05,6.989404587347556,0,12.10908917850611,0.06290000000000084
802130070154109278,SN,-7.64272,yes,4,17.26,17.3157,17.290575,17.29615,17.2543,0.027029043021658428,0.0883859105801692,0.08769958570600463,0.0006534027603616485,0.007605986161295807,1,0.01767020810075337,0.06139999999999901
1603310090794153071,HPM,-8.65054,yes,32,14.34,14.186,14.160125,14.1617,14.1272,0.015639156812515584,0.0561282445111599,0.054599650028661684,0.0005910525045201852,44.886519666906445,0,138.74162342630734,0.05879999999999974
1608310181104112828,HPM,-19.06487,yes,20,14.74,14.611,14.59233,14.5932,14.5525,0.013004375781777412,0.0571448824124202,0.05620769144898492,0.0006745256773694694,14.934887395913595,0,43.94179769651237,0.05850000000000044
1111280090254147222,HPM,-8.82478,no,53,13.54,13.5876,13.554477358490566,13.5537,13.5303,0.012726949624100117,0.0534730758808205,0.052643622184249644,0.0004017078962109699,202.61788135131064,0,697.0590489352908,0.057299999999999685
1506180040674111242,HPM,-4.72962,no,43,14.3,14.2125,14.178293023255815,14.1784,14.1562,0.014397741148045297,0.0571117470681812,0.05474425412408835,0.0006473373290721095,67.65946660271415,0,184.68745502319507,0.05630000000000024
905260150844165166,CV,-15.16072,yes,4,15.88,15.8832,15.862,15.8688,15.8272,0.026335274190080214,0.0691180524691616,0.06881650236682665,0.0003878647062755562,0.010062281044265145,0,0.023384039304801263,0.05600000000000094
1606151210784125497,SN,21.57821,yes,2,18.91,21.216,21.18895,21.18895,21.1619,0.03825447686219225,0.5639443661355009,0.5426470030974104,0.030119019651250915,289.1372314208732,1,408.9017940624108,0.05410000000000181
1511190090254143397,HPM,-8.82649,no,32,13.67,13.5876,13.555525,13.553999999999998,13.5337,0.013627865191489867,0.0534730758808205,0.052672317838125884,0.00047650351912898576,109.9513594254378,0,359.07048144669534,0.0539000000000005
1504291690384116269,HPM,68.54855,no,27,13.86,13.8682,13.836907407407407,13.8333,13.8155,0.012683421217840603,0.0539366516127338,0.053584320406471535,0.00022180791915122277,200.30296394070564,0,524.724929410113,0.05269999999999975
1411240011194124956,SN,-1.26762,yes,2,18.67,21.0257,20.999850000000002,20.999850000000002,20.974,0.03655742058734598,0.513135504631079,0.49550627477173304,0.024931495961279793,248.19964572613694,1,351.00730516210024,0.0517000000000003
1604181570484127970,HPM,58.31649,yes,39,14.21,14.2101,14.189089743589744,14.1905,14.1587,0.010600441770134611,0.0555678948296376,0.05466871644933486,0.00033456719176789575,186.18112156980027,0,496.7360831825936,0.051400000000001
1301221040864152365,HPM,5.09489,yes,28,14.09,14.1111,14.086510714285714,14.08735,14.0647,0.010084801152512196,0.0551109267588987,0.054802299851432944,0.00021874817316541945,64.17540030855476,0,221.63431357639638,0.04640000000000022
1503251010844136382,HPM,2.27923,yes,62,14.4,14.3797,14.358803225806453,14.36025,14.3342,0.010042074890784621,0.0565816111683691,0.05561252844073733,0.0005079497611918484,176.41601170034556,0,483.7737234836022,0.04550000000000054
1509250040154107945,HPM,-4.99732,yes,23,14.36,14.3356,14.313995652173913,14.3173,14.2906,0.01378063457639216,0.0554968835931744,0.05500454178665781,0.0002712322989380176,17.199770085634995,0,50.89644737260096,0.04499999999999993
1002160070474106060,CV,-8.29153,no,2,17.47,17.51,17.487900000000003,17.487900000000003,17.4658,0.03125411972844667,0.0932155193267978,0.0926579756618402,0.0007884858125982339,0.0074021967254952,0,0.010468287000549026,0.04420000000000002
1602031460354120252,SN,46.59496,yes,2,19.07,21.1662,21.14435,21.14435,21.1225,0.03090056633785296,0.503505720180345,0.47022933464783895,0.04705991572682591,745.4089283971197,1,1054.1674160532057,0.04370000000000118
1309231430944150537,HPM,43.96323,yes,20,14.07,14.094,14.066835000000001,14.0657,14.0509,0.010212132876864045,0.0552997544630085,0.054719122731489364,0.0004248293774427361,176.2015733299511,0,365.12488195601327,0.04309999999999903
1310120180014101233,HPM,-19.70678,no,15,13.89,13.9147,13.899740000000001,13.9051,13.8718,0.012894561422775315,0.0538731870448554,0.05367455650619382,9.532355446957341e-05,14.973476542101125,0,36.98154219940625,0.042899999999999494
1304181430364118904,HPM,43.59957,yes,24,13.97,13.9978,13.977937500000001,13.9773,13.9562,0.01254535467466117,0.0547794353698739,0.05377023236408741,0.0004696581601392564,134.72972714683192,0,366.1091457524017,0.04159999999999897
1111281380784154913,CV,38.77144,no,4,14.19,14.1893,14.1769,14.185,14.1483,0.019213189913875484,0.0546001280663252,0.05452752228456953,8.745208794392885e-05,0.0067122498099538245,0,0.015571238509437535,0.04099999999999859
1406041380484110466,HPM,37.47967,yes,5,13.99,13.9148,13.89686,13.8966,13.8742,0.016727462449516527,0.0535079479302425,0.05313645636764186,0.00021291402572874634,22.302238552834567,0,49.87849182851642,0.040599999999999525
906170090904114438,CV,-10.95582,no,4,18.49,18.5266,18.500375,18.494149999999998,18.4866,0.018241413505171174,0.13864709823351,0.137153498606983,0.0010384410541638598,0.009158673120593994,0,0.021317407503374852,0.03999999999999915
1309241090044129182,HPM,10.47503,no,13,13.41,13.4429,13.423646153846153,13.422,13.4035,0.011996570022623023,0.0536088608811202,0.05270611781997016,0.0002804581798914093,13.951899934122926,0,38.955763078796735,0.039400000000000546
1309011180204130069,HPM,18.43176,no,20,14.8,14.8209,14.80289,14.801449999999999,14.7837,0.009033906889281755,0.0594616749962286,0.058781902513165965,0.00033290638306934437,21.989770759578835,0,58.92027802069788,0.037200000000000344
1310070070244123463,HPM,-6.88071,no,8,13.16,13.1983,13.1808,13.1811,13.1617,0.011226753760549005,0.0524541150913199,0.052049585778864635,0.00020366467376686646,12.752373245559319,0,23.881365879402438,0.036599999999999966
1310030040224109339,HPM,-5.13917,yes,12,13.89,13.9048,13.89,13.892600000000002,13.8689,0.011199350630525799,0.0538593420985029,0.05377372069221938,5.290425373189135e-05,10.706862874668325,0,25.122760277699854,0.03589999999999982
806111041214137212,CV,5.08794,yes,4,17.64,17.6423,17.627925,17.63095,17.6075,0.015521678388626966,0.103118709066613,0.10272152893402575,0.0004414201744044689,0.009168948234787555,0,0.021296655300830025,0.034799999999997056
1407021320674127597,SN,32.96005,yes,2,19.11,21.2221,21.208849999999998,21.208849999999998,21.1956,0.0187383297014438,0.556390811938019,0.5505655788144099,0.008238123687392792,1123.4485025672125,1,1588.7961089582968,0.02650000000000219
1411280150194118558,SN,-15.58928,no,2,19.19,20.9329,20.9244,20.9244,20.9159,0.012020815280169671,0.474869855661007,0.463783282293596,0.01567878241643696,540.8999412081025,1,764.9480327433048,0.01699999999999946
1512101460364121059,HPM,46.74261,yes,4,14.91,14.9624,14.95355,14.9527,14.9464,0.007073660061571016,0.0585663479027755,0.05847793837219367,6.606942049126935e-05,0.007244216846831709,0,0.01683153959311312,0.016000000000000014
1406221320594109378,HPM,31.8031,yes,2,16.4,16.2887,16.2851,16.2851,16.2815,0.005091168824541325,0.0808620685776698,0.0793212443671717,0.0021790544957192314,0.007721605906941713,0,0.010919999796897173,0.007199999999997431
1401021460464138233,HPM,47.60035,yes,2,13.43,13.4485,13.445699999999999,13.445699999999999,13.4429,0.003959797974643602,0.0517816949538934,0.05178165367527285,5.83767850171254e-08,0.005343083751077903,0,0.0075562615020317025,0.005599999999999383
1502201230664120626,HPM,24.46401,yes,2,13.04,12.1403,12.1378,12.1378,12.1353,0.0035355339059320342,0.0505307397977635,0.050525752461405546,7.053158717526694e-06,0.0071279474806377925,0,0.0100804399990011,0.004999999999999005
1512081430094139827,CV,43.69243,no,1,15.17,17.6851,17.6851,17.6851,17.6851,,0.109817958533883,0.109817958533883,,,0,0.0,0.0
1506141350644109392,SN,34.47315,yes,1,19.49,19.8826,19.8826,19.8826,19.8826,,0.259484270270861,0.259484270270861,,,1,0.0,0.0
1105251230744110738,SN,23.26475,yes,1,19.67,20.6397,20.6397,20.6397,20.6397,,0.3972480301305529,0.3972480301305529,,,1,0.0,0.0
1505241181204125963,SN,18.47587,yes,1,18.1,17.4848,17.4848,17.4848,17.4848,,0.127002995508349,0.127002995508349,,,1,0.0,0.0
1404221040604134063,SN,5.34225,yes,1,19.12,20.4902,20.4902,20.4902,20.4902,,0.368185229578279,0.368185229578279,,,1,0.0,0.0
1512101180614122594,SN,18.6173,yes,1,20.29,20.3815,20.3815,20.3815,20.3815,,0.403313286885646,0.403313286885646,,,1,0.0,0.0
1506121290744104741,SN,28.51249,yes,1,18.38,19.3261,19.3261,19.3261,19.3261,,0.204093079536102,0.204093079536102,,,1,0.0,0.0
1503251040824135639,SN,5.01044,yes,1,18.69,18.887,18.887,18.887,18.887,,0.25580575037786,0.25580575037786,,,1,0.0,0.0
1510031150094132222,SN,16.42788,yes,1,18.79,20.1405,20.1405,20.1405,20.1405,,0.317977529253436,0.317977529253436,,,1,0.0,0.0
1503281040644128673,SN,4.79794,yes,1,17.91,19.8412,19.8412,19.8412,19.8412,,0.257526826519154,0.257526826519154,,,1,0.0,0.0
1311100090154141987,SN,-8.52341,yes,1,18.46,20.8025,20.8025,20.8025,20.8025,,0.43255850762145,0.43255850762145,,,1,0.0,0.0
1611091120214135441,SN,13.91412,no,1,17.51,19.7938,19.7938,19.7938,19.7938,,0.2691589655922159,0.2691589655922159,,,1,0.0,0.0
1404231090724108342,SN,9.04244,yes,1,19.34,20.9391,20.9391,20.9391,20.9391,,0.492899362928457,0.492899362928457,,,1,0.0,0.0
1403131630304119059,SN,63.60532,yes,1,17.84,20.582,20.582,20.582,20.582,,0.360472179407161,0.360472179407161,,,1,0.0,0.0
1106051150794129411,SN,15.68387,yes,1,20.35,19.7127,19.7127,19.7127,19.7127,,0.241059838662946,0.241059838662946,,,1,0.0,0.0
1312081350044124158,CV,35.26099,yes,1,16.53,20.1038,20.1038,20.1038,20.1038,,0.300413264372401,0.300413264372401,,,0,0.0,0.0
909191290194136275,CV,29.36397,no,1,16.09,18.2986,18.2986,18.2986,18.2986,,0.135431131361264,0.135431131361264,,,0,0.0,0.0
1502091350624122194,SN,35.49846,yes,1,18.78,20.7689,20.7689,20.7689,20.7689,,0.429411942174377,0.429411942174377,,,1,0.0,0.0
1406271320804103621,SN,31.15701,yes,1,18.97,21.2053,21.2053,21.2053,21.2053,,0.546909191442649,0.546909191442649,,,1,0.0,0.0
1104261121164126921,SN,12.77029,yes,1,18.09,19.3741,19.3741,19.3741,19.3741,,0.205660648993093,0.205660648993093,,,1,0.0,0.0
1605271380674109645,SN,37.41322,yes,1,16.19,18.2248,18.2248,18.2248,18.2248,,0.162725737126238,0.162725737126238,,,1,0.0,0.0
1502071400394138931,HPM,42.18977,yes,1,12.98,13.1359,13.1359,13.1359,13.1359,,0.0686670464672815,0.0686670464672815,,,0,0.0,0.0
1312231290214103191,HPM,28.3297,yes,1,15.27,15.2908,15.2908,15.2908,15.2908,,0.0626335125367259,0.0626335125367259,,,0,0.0,0.0
1611051120134110028,SN,11.9657,yes,1,19.67,19.9991,19.9991,19.9991,19.9991,,0.31550720720187,0.31550720720187,,,1,0.0,0.0
1512161320334177372,SN,33.68597,no,1,18.89,20.1182,20.1182,20.1182,20.1182,,0.259049134756506,0.259049134756506,,,1,0.0,0.0
1005071070854230456,CV,7.09529,yes,1,18.59,21.0082,21.0082,21.0082,21.0082,,0.5370669885832811,0.5370669885832811,,,0,0.0,0.0
907291040044110908,SN,3.54143,no,1,15.84,17.3507,17.3507,17.3507,17.3507,,0.1037502526182539,0.1037502526182539,,,1,0.0,0.0
907281070804135706,Comet,8.15277,yes,1,16.65,21.1526,21.1526,21.1526,21.1526,,0.528927235998336,0.528927235998336,,,0,0.0,0.0
1603161630334112814,HPM,62.94302,yes,1,18.91,20.182,20.182,20.182,20.182,,0.333781216706562,0.333781216706562,,,0,0.0,0.0
1605301550324118990,SN,55.08835,yes,1,18.75,20.5728,20.5728,20.5728,20.5728,,0.404149498199206,0.404149498199206,,,1,0.0,0.0
1605290070704139171,SN,-5.76106,no,1,18.77,20.2157,20.2157,20.2157,20.2157,,0.3985099548383279,0.3985099548383279,,,1,0.0,0.0
1609260091164137445,HPM,-9.00869,yes,1,19.29,20.1725,20.1725,20.1725,20.1725,,0.309932862670328,0.309932862670328,,,0,0.0,0.0
1404231320784116639,SN,31.72842,yes,1,18.94,18.1207,18.1207,18.1207,18.1207,,0.116058389073348,0.116058389073348,,,1,0.0,0.0
1111300010444152229,CV,-1.18979,yes,1,17.3,19.4501,19.4501,19.4501,19.4501,,0.204429209830601,0.204429209830601,,,0,0.0,0.0
1411261090534103420,SN,8.68918,yes,1,18.53,20.4246,20.4246,20.4246,20.4246,,0.297306852627094,0.297306852627094,,,1,0.0,0.0
1403250150684110750,SN,-16.30584,no,1,18.97,19.8591,19.8591,19.8591,19.8591,,0.274437051044351,0.274437051044351,,,1,0.0,0.0
1401110150284112444,CV,-16.17232,no,1,13.98,20.684,20.684,20.684,20.684,,0.4243960155795999,0.4243960155795999,,,0,0.0,0.0
1609030041244102873,AGN,-5.47395,yes,1,19.75,19.9385,19.9385,19.9385,19.9385,,0.2678213406356839,0.2678213406356839,,,0,0.0,0.0
1403261380614127858,HPM,38.61157,yes,1,13.72,13.7022,13.7022,13.7022,13.7022,,0.0541855594364121,0.0541855594364121,,,0,0.0,0.0
711091151214121650,SN,15.55083,yes,1,18.5,21.1366,21.1366,21.1366,21.1366,,0.444556547786022,0.444556547786022,,,1,0.0,0.0
1602131260664141720,SN,28.16902,yes,1,19.71,20.4346,20.4346,20.4346,20.4346,,0.370421683617657,0.370421683617657,,,1,0.0,0.0
1505101150814113637,SN,15.00373,yes,1,18.99,21.1742,21.1742,21.1742,21.1742,,0.545821889393224,0.545821889393224,,,1,0.0,0.0
1603031400324131366,SN,41.04912,yes,1,18.26,20.0668,20.0668,20.0668,20.0668,,0.286026069734249,0.286026069734249,,,1,0.0,0.0
1604131320764126745,CV,32.31199,yes,1,16.81,21.2959,21.2959,21.2959,21.2959,,0.5687306058331589,0.5687306058331589,,,0,0.0,0.0
1504231380594131958,SN,38.66024,yes,1,18.6,20.8045,20.8045,20.8045,20.8045,,0.501983748397272,0.501983748397272,,,1,0.0,0.0
1511111121164114326,SN,12.06204,yes,1,18.44,21.1919,21.1919,21.1919,21.1919,,0.583116293959572,0.583116293959572,,,1,0.0,0.0
1402261230764117771,SN,23.60636,yes,1,18.83,21.066,21.066,21.066,21.066,,0.527685060838485,0.527685060838485,,,1,0.0,0.0
1006010010894143612,CV,-1.19212,yes,1,17.83,17.8264,17.8264,17.8264,17.8264,,0.112401908399191,0.112401908399191,,,0,0.0,0.0
1201270070044115659,SN,-7.27096,yes,1,17.35,20.614,20.614,20.614,20.614,,0.385001518316412,0.385001518316412,,,1,0.0,0.0
1503130120754134584,SN,-12.11271,yes,1,18.45,19.3059,19.3059,19.3059,19.3059,,0.233466819024987,0.233466819024987,,,1,0.0,0.0
1401091320234202101,HPM,33.81427,no,1,13.23,13.2366,13.2366,13.2366,13.2366,,0.0533690202212845,0.0533690202212845,,,0,0.0,0.0
1605271430534116270,SN,43.52963,yes,1,17.38,18.9097,18.9097,18.9097,18.9097,,0.183719111874656,0.183719111874656,,,1,0.0,0.0
1401021230674124157,SN,24.12063,yes,1,18.2,20.4833,20.4833,20.4833,20.4833,,0.395094227933211,0.395094227933211,,,1,0.0,0.0
1604161460564112459,SN,46.05615,yes,1,18.33,19.9027,19.9027,19.9027,19.9027,,0.285579133707916,0.285579133707916,,,1,0.0,0.0
1504101260574130192,SN,27.41593,yes,1,18.99,20.7522,20.7522,20.7522,20.7522,,0.409145504889027,0.409145504889027,,,1,0.0,0.0
1404271570514119935,SN,57.50879,no,1,18.31,20.1552,20.1552,20.1552,20.1552,,0.293082186175406,0.293082186175406,,,1,0.0,0.0
1401021460464138395,HPM,47.59192,yes,1,14.31,14.2768,14.2768,14.2768,14.2768,,0.0537696530475106,0.0537696530475106,,,0,0.0,0.0
1602071460534108796,HPM,45.7515,yes,1,18.72,18.3657,18.3657,18.3657,18.3657,,0.131736549588613,0.131736549588613,,,0,0.0,0.0
1406061120894129739,CV,12.35569,yes,1,18.32,19.4128,19.4128,19.4128,19.4128,,0.6481425180793989,0.6481425180793989,,,0,0.0,0.0
1603151210684110893,CV,20.55464,yes,1,19.13,20.003,20.003,20.003,20.003,,0.324501738700864,0.324501738700864,,,0,0.0,0.0
1107031070764142675,SN,8.37568,yes,1,18.17,20.712,20.712,20.712,20.712,,0.4144443764675989,0.4144443764675989,,,1,0.0,0.0
1502201430364130531,SN,44.56456,yes,1,19.74,20.5503,20.5503,20.5503,20.5503,,0.3865808576023599,0.3865808576023599,,,1,0.0,0.0
1310231380714111848,HPM,37.34875,yes,1,17.6,17.5975,17.5975,17.5975,17.5975,,0.0918862384937916,0.0918862384937916,,,0,0.0,0.0
1311021260494123855,SN,26.99779,yes,1,19.75,21.0602,21.0602,21.0602,21.0602,,0.528180991412215,0.528180991412215,,,1,0.0,0.0
1412291380204110930,CV,37.04963,no,1,16.89,18.5941,18.5941,18.5941,18.5941,,0.194795362324851,0.194795362324851,,,0,0.0,0.0
1511071400024170741,SN,42.28227,no,1,18.77,20.0412,20.0412,20.0412,20.0412,,0.284118670838963,0.284118670838963,,,1,0.0,0.0
1501231010164113549,SN,1.00301,yes,1,18.33,17.6706,17.6706,17.6706,17.6706,,0.1155868353477719,0.1155868353477719,,,1,0.0,0.0
1511071010304145004,CV,1.53334,yes,1,18.7,20.9079,20.9079,20.9079,20.9079,,0.458016495381972,0.458016495381972,,,0,0.0,0.0
1406221230554103879,SN,22.87136,yes,1,19.23,20.7003,20.7003,20.7003,20.7003,,0.397934975850558,0.397934975850558,,,1,0.0,0.0
1412231180504139152,SN,19.59287,yes,1,19.43,20.9083,20.9083,20.9083,20.9083,,0.4369529491153329,0.4369529491153329,,,1,0.0,0.0
1406081290484122107,SN,30.32548,yes,1,19.29,20.9255,20.9255,20.9255,20.9255,,0.465263946884441,0.465263946884441,,,1,0.0,0.0
1604290040744122717,SN,-4.20019,yes,1,19.43,20.9892,20.9892,20.9892,20.9892,,0.4908496752475929,0.4908496752475929,,,1,0.0,0.0
1411290010684114831,SN,-1.85284,yes,1,17.33,20.4062,20.4062,20.4062,20.4062,,0.341072933526285,0.341072933526285,,,1,0.0,0.0
1511200180254111081,SN,-19.03264,no,1,18.16,19.7043,19.7043,19.7043,19.7043,,0.241328828579447,0.241328828579447,,,1,0.0,0.0
1311260120204125478,SN,-12.28617,yes,1,19.88,20.1593,20.1593,20.1593,20.1593,,0.31532861416988,0.31532861416988,,,1,0.0,0.0
1610131570194117494,CV,57.27874,no,1,18.53,20.4368,20.4368,20.4368,20.4368,,0.364450790705378,0.364450790705378,,,0,0.0,0.0
1312241010194128336,SN,1.7204,no,1,18.37,19.7124,19.7124,19.7124,19.7124,,0.31743049779049,0.31743049779049,,,1,0.0,0.0
1306101290754141977,SN,30.3531,yes,1,18.82,18.7734,18.7734,18.7734,18.7734,,0.498126388083647,0.498126388083647,,,1,0.0,0.0
1511191320014127170,SN,32.54794,yes,1,18.8,20.3393,20.3393,20.3393,20.3393,,0.427862057049497,0.427862057049497,,,1,0.0,0.0
1306101180524115812,SN,17.86661,yes,1,18.14,18.4255,18.4255,18.4255,18.4255,,0.2129749638682589,0.2129749638682589,,,1,0.0,0.0
1601311040054132036,HPM,5.37645,yes,1,12.6,14.7432,14.7432,14.7432,14.7432,,0.0521994418986651,0.0521994418986651,,,0,0.0,0.0
1602041120714113494,SN,12.24615,yes,1,19.34,20.9279,20.9279,20.9279,20.9279,,0.484442412047511,0.484442412047511,,,1,0.0,0.0
1002191010194118882,CV,1.25368,yes,1,17.8,20.2675,20.2675,20.2675,20.2675,,0.361170556613954,0.361170556613954,,,0,0.0,0.0
1511221430704132498,SN,43.89278,yes,1,17.54,19.6811,19.6811,19.6811,19.6811,,0.249431087750639,0.249431087750639,,,1,0.0,0.0
1512020090094130838,SN,-9.23782,yes,1,17.89,21.2014,21.2014,21.2014,21.2014,,0.542861355248913,0.542861355248913,,,1,0.0,0.0
1512021520354114602,SN,51.84458,yes,1,14.04,18.2364,18.2364,18.2364,18.2364,,0.131917059835834,0.131917059835834,,,1,0.0,0.0
1509201291104113383,SN,28.84942,yes,1,18.4,20.8024,20.8024,20.8024,20.8024,,0.5334648135674871,0.5334648135674871,,,1,0.0,0.0
1601131070204113092,CV,6.56037,yes,1,17.2,19.9529,19.9529,19.9529,19.9529,,0.299333212841311,0.299333212841311,,,0,0.0,0.0
1601121320514112308,SN,32.01799,yes,1,19.37,19.4471,19.4471,19.4471,19.4471,,0.3640921280992379,0.3640921280992379,,,1,0.0,0.0
1607081040824147654,SN,5.40528,yes,1,17.37,20.4303,20.4303,20.4303,20.4303,,0.362755929082112,0.362755929082112,,,1,0.0,0.0
1607060071214122888,HPM,-6.65965,yes,1,14.16,10.161,10.161,10.161,10.161,,0.054716398669488,0.054716398669488,,,0,0.0,0.0
1503201290744101883,SN,28.31947,yes,1,19.81,20.782,20.782,20.782,20.782,,0.495598832841616,0.495598832841616,,,1,0.0,0.0
1503201120634113836,SN,12.19415,yes,1,17.68,21.0758,21.0758,21.0758,21.0758,,0.516847083366738,0.516847083366738,,,1,0.0,0.0
1511031321044123586,CV,31.88274,yes,1,16.83,21.0878,21.0878,21.0878,21.0878,,0.51451892949752,0.51451892949752,,,0,0.0,0.0
1409140090064112622,SN,-10.31111,no,1,18.57,20.4421,20.4421,20.4421,20.4421,,0.3480451205753869,0.3480451205753869,,,1,0.0,0.0
1511020070124103073,SN,-8.25143,yes,1,19.03,20.351,20.351,20.351,20.351,,0.336830925243019,0.336830925243019,,,1,0.0,0.0
1206111400624102259,SN,39.68432,yes,1,19.08,19.0926,19.0926,19.0926,19.0926,,0.193801007958286,0.193801007958286,,,1,0.0,0.0
1409250071204135513,SN,-6.36892,yes,1,17.72,18.3882,18.3882,18.3882,18.3882,,0.556390811938019,0.556390811938019,,,1,0.0,0.0
1602051180794141598,HPM,19.18911,yes,1,19.82,19.2745,19.2745,19.2745,19.2745,,0.2038858832109669,0.2038858832109669,,,0,0.0,0.0
1404060150664105346,SN,-16.61671,yes,1,19.26,20.4746,20.4746,20.4746,20.4746,,0.367908328950621,0.367908328950621,,,1,0.0,0.0
1504211400474130711,SN,41.85396,yes,1,18.86,20.804,20.804,20.804,20.804,,0.441319229603377,0.441319229603377,,,1,0.0,0.0
1602081350174106153,CV,34.11791,no,1,16.35,16.5828,16.5828,16.5828,16.5828,,0.0834458152685983,0.0834458152685983,,,0,0.0,0.0
1404021550524144159,SN,55.94352,yes,1,18.77,19.5737,19.5737,19.5737,19.5737,,0.27479462091735,0.27479462091735,,,1,0.0,0.0
1312241120094114656,SN,12.21187,no,1,19.34,21.2517,21.2517,21.2517,21.2517,,0.5678249495622459,0.5678249495622459,,,1,0.0,0.0
1001061210214137885,CV,21.56355,no,1,17.68,20.0815,20.0815,20.0815,20.0815,,0.3149722999487629,0.3149722999487629,,,0,0.0,0.0
1312070010464142576,CV,-1.03373,yes,1,15.62,19.9581,19.9581,19.9581,19.9581,,0.2753135542382119,0.2753135542382119,,,0,0.0,0.0
1105060040854123997,CV,-4.43062,no,1,17.84,17.2411,17.2411,17.2411,17.2411,,0.0993877997400009,0.0993877997400009,,,0,0.0,0.0
1411201210554123334,SN,21.36244,yes,1,18.29,21.5381,21.5381,21.5381,21.5381,,0.477120410657911,0.477120410657911,,,1,0.0,0.0
1312240040204116444,SN,-4.72182,no,1,14.55,17.7078,17.7078,17.7078,17.7078,,0.1189783734547819,0.1189783734547819,,,1,0.0,0.0
1611091600294129774,CV,61.47645,yes,1,17.11,19.26,19.26,19.26,19.26,,0.20762046462896,0.20762046462896,,,0,0.0,0.0
1411180010094115839,SN,-1.62426,yes,1,18.24,19.3325,19.3325,19.3325,19.3325,,0.193209589562447,0.193209589562447,,,1,0.0,0.0
711011210104109439,SN,20.56764,yes,1,18.69,19.3156,19.3156,19.3156,19.3156,,0.195264185059881,0.195264185059881,,,1,0.0,0.0
1405091010874165161,SN,2.59288,no,1,18.62,20.7428,20.7428,20.7428,20.7428,,0.483461593257266,0.483461593257266,,,1,0.0,0.0
1601161320594123820,SN,32.80844,yes,1,19.38,20.1361,20.1361,20.1361,20.1361,,0.345624827470241,0.345624827470241,,,1,0.0,0.0
1605081630324133512,SN,64.47695,yes,1,18.53,19.677,19.677,19.677,19.677,,0.228817898842454,0.228817898842454,,,1,0.0,0.0
1512171260054118102,SN,26.50275,yes,1,18.55,19.8528,19.8528,19.8528,19.8528,,0.255837903985832,0.255837903985832,,,1,0.0,0.0
1601021150494122058,SN,15.5606,yes,1,17.62,20.6556,20.6556,20.6556,20.6556,,0.400833123047517,0.400833123047517,,,1,0.0,0.0
1407021230084121841,SN,23.99824,yes,1,18.99,20.256,20.256,20.256,20.256,,0.31385157923075,0.31385157923075,,,1,0.0,0.0
1407021260054115784,SN,26.31103,yes,1,17.68,19.7175,19.7175,19.7175,19.7175,,0.229993954941973,0.229993954941973,,,1,0.0,0.0
1503291290214141843,SN,29.98831,yes,1,16.62,19.3034,19.3034,19.3034,19.3034,,0.217217645425281,0.217217645425281,,,1,0.0,0.0
1311101260454111640,SN,26.09808,yes,1,19.05,17.8165,17.8165,17.8165,17.8165,,0.1108390880650309,0.1108390880650309,,,1,0.0,0.0
1002061210274147147,Comet,21.05947,no,1,17.91,17.7765,17.7765,17.7765,17.7765,,0.122094719019028,0.122094719019028,,,0,0.0,0.0
1409251150024128539,CV,15.75567,yes,1,18.04,21.0122,21.0122,21.0122,21.0122,,0.625695632020283,0.625695632020283,,,0,0.0,0.0
1409261321014150408,CV,32.24622,no,1,16.34,20.7727,20.7727,20.7727,20.7727,,0.4347405009534529,0.4347405009534529,,,0,0.0,0.0
1302141230594128405,HPM,24.0649,yes,1,19.21,19.3318,19.3318,19.3318,19.3318,,0.2045095023012489,0.2045095023012489,,,0,0.0,0.0
1509130040094113753,SN,-4.67984,yes,1,17.2,19.8327,19.8327,19.8327,19.8327,,0.247429953601447,0.247429953601447,,,1,0.0,0.0
904031010684129833,SN,1.87017,yes,1,18.28,20.9681,20.9681,20.9681,20.9681,,0.402126969488455,0.402126969488455,,,1,0.0,0.0
