#CRTS ID,RA (J2000),Dec (J2000),UT Date,Mag,CSS images,SDSS,Others,Followed,Last,LC,FC,Classification
CSS120828:000010-215515,0.04323,-21.92087,20120828.38,17.02,1208280210014111715,no,11171,no,2016-10-22,11171,yes,Var
CSS100910:000025+332543,0.1028,33.42861,20100910.42,15.85,1009101320014148188,yes,14818,no,2016-11-05,14818,yes,"CV SDSS mag 20,5"
CSS101127:000130+050624,0.37695,5.10657,20101127.21,15.68,1011271040014129121,no,12912,yes,2016-11-06,12912,yes,"CV mag 20,0"
CSS160709:000132+211336,0.38474,21.2268,20160709.45,17.21,1607091210014124380,yes,12438,no,2016-11-05,12438,yes,Blazar CRATES_J0001+2113
CSS110926:000156+065236,0.48205,6.87665,20110926.3,19.35,1109261070014122864,no,12286,yes,2016-11-06,12286,yes,"SN 2011hl SDSS mag 15,7 2MASX_00015920"
CSS151109:000251+102403,0.71102,10.40078,20151109.23,18.8,1511091090014127873,no,12787,no,2016-11-06,12787,yes,SN SDSS mag >22
CSS151119:000257+323253,0.73631,32.54794,20151119.13,18.8,1511191320014127170,yes,12717,no,2016-11-05,12717,yes,"SN SDSS mag 22,2"
CSS111006:000521+264916,1.33747,26.82104,20111006.18,17.75,1110061260014124074,yes,12407,yes,2016-10-29,12407,yes,"AGN SDSS mag 19,3"
CSS130915:000549+095109,1.45449,9.85241,20130915.34,19.44,1309151090014120286,no,12028,no,2016-11-06,12028,yes,"SN SDSS mag 16,7"
CSS160922:000554+082548,1.47332,8.4301,20160922.32,17.71,1609221070014133607,no,13360,no,2016-11-06,13360,yes,"SN SDSS mag 21,1"
CSS100602:000700+192818,1.7483,19.4716,20100602.45,17.74,1006021180014134943,yes,13494,yes,2016-11-05,13494,yes,"CV mag 20,5"
CSS131012:000714-161753,1.80709,-16.29795,20131012.21,19.44,1310120150014110189,no,11018,no,2016-11-04,11018,yes,SN mag >21
CSS141025:000720+315242,1.83133,31.8784,20141025.29,18.27,1410251320014115813,no,11581,no,2016-11-05,11581,yes,"SN SDSS mag 20,3"
CSS110921:000721+200722,1.83643,20.12269,20110921.27,17.07,1109211210014107917,yes,10791,yes,2016-11-05,10791,yes,"CV SDSS mag 21,1"
CSS101008:000728+291420,1.86647,29.23899,20101008.29,13.19,1010081290014121920,no,12192,no,2016-11-05,12192,yes,HPM LHS 103
CSS151119:000729+291415,1.86891,29.23742,20151119.13,13.07,1511191290014117518,no,11751,no,2016-11-05,11751,yes,HPM LHS_103
CSS151203:000742+122809,1.92595,12.46907,20151203.07,19.41,1512031120014116775,no,11677,no,2016-11-06,11677,yes,"AGN SDSS 20,5"
CSS131025:000816-033618,2.06714,-3.60505,20131025.21,17.18,1310250040014131234,no,13123,no,2016-11-06,13123,yes,"SN (spec) SDSS mag 19,5"
CSS121021:000904+062821,2.26632,6.47258,20121021.4,17.39,1210211070014111403,yes,11140,no,2016-11-06,11140,yes,"blazar SDSS mag 18,9"
CSS151130:000911+300308,2.2956,30.0523,20151130.21,17.5,1511301290014130643,no,13064,no,2016-11-05,13064,yes,"CV SDSS mag 19,9"
CSS131012:000918-194224,2.3262,-19.70678,20131012.22,13.89,1310120180014101233,no,10123,no,2016-10-22,10123,yes,HPM LHS_105
CSS101007:000938-121017,2.40936,-12.1713,20101007.24,14.61,1010070120014131116,no,13111,yes,2016-11-04,13111,yes,CV mag 20
CSS091120:000945+402928,2.43941,40.49111,20091120.23,17.85,911201400014122995,no,22995,yes,2016-11-05,22995,yes,CV mag 21 DSS
CSS091120:001019+410455,2.58044,41.08191,20091120.23,16.69,911201400014137919,no,37919,yes,2016-11-05,37919,yes,"CV mag 20,0"
CSS140831:001029+204750,2.61974,20.7972,20140831.39,17.6,1408311210014119351,yes,11935,no,2016-11-05,11935,yes,"Blazar SDSS mag 19,3"
CSS101008:001049+141039,2.70517,14.17756,20101008.29,19.41,1010081150014101355,yes,10135,yes,2016-11-06,10135,yes,"SN SDSS mag 17,7"
CSS101104:001051+214127,2.71127,21.69082,20101104.22,19.67,1011041210014132134,yes,13213,no,2016-11-05,13213,yes,"SN SDSS mag 21,3"
CSS120118:001111+313030,2.79376,31.50829,20120118.14,18.97,1201181320014109239,no,10923,yes,2016-11-05,10923,yes,"AGN SDSS mag 19,9"
CSS090919:001141-070346,2.92108,-7.06275,20090919.29,18.25,909190070024118250,yes,18250,yes,2016-11-06,18250,yes,SN SDSS mag 21 gal
CSS101111:001158+315544,2.99282,31.9289,20101111.19,18.13,1011111320014118756,no,11875,yes,2016-11-05,11875,yes,"CV mag 20,5"
CSS121006:001234+375013,3.14012,37.83702,20121006.32,16.94,1210061380014126444,no,12644,no,2016-11-05,12644,yes,"CV mag 19,5"
CSS090925:001259+144121,3.24775,14.68924,20090925.21,18.69,909251150024109266,yes,9266,yes,2016-11-06,9266,yes,SN 2009lz SDSS mag >22
CSS101201:001311+212108,3.29428,21.35224,20101201.18,17.92,1012011210024127861,yes,12786,no,2016-11-05,12786,yes,CV mag 21
CSS101111:001340+332124,3.41491,33.35653,20101111.19,18.34,1011111320024146366,yes,14636,yes,2016-11-05,14636,yes,"CV mag 20,5"
CSS121213:001450-083824,3.70999,-8.63994,20121213.1,18.04,1212130090024144127,yes,14412,no,2016-11-04,14412,yes,"HPM mag 18,0"
CSS150920:001451-083824,3.71108,-8.63998,20150920.33,18.0,1509200090024140166,yes,14016,no,2016-11-04,14016,yes,"HPM SDSS mag 20,1"
CSS090918:001538+263657,3.90943,26.61578,20090918.24,13.34,909181260024124094,no,24094,no,2016-10-29,24094,yes,CV 1RXS_J001538+263656 mag 18
CSS100910:001539+271250,3.91308,27.21389,20100910.43,18.13,1009101260024128411,no,12841,yes,2016-10-29,12841,yes,"SN 2MASX_J00153655+2714265 mag 16,5 z=0,024"
CSS151008:001611+153658,4.04583,15.61606,20151008.34,18.64,1510081150024124861,yes,12486,no,2016-11-06,12486,yes,"SN (PS15bui) SDSS mag 20,4"
CSS151118:001625+113202,4.10446,11.53402,20151118.14,18.59,1511181120024103505,no,10350,no,2016-11-06,10350,yes,"Flare SDSS mag 20,6"
CSS091119:001627+222610,4.1107,22.43613,20091119.2,17.48,911191210024141794,yes,41794,yes,2016-11-05,41794,yes,"SN 2009lv SDSS mag 18,8"
CSS080202:001637+185615,4.15368,18.93756,20080202.08,19.13,802021180024125831,yes,25831,no,2016-11-05,25831,no,CV SDSS mag > 22
CSS081028:001654+351902,4.2246,35.31716,20081028.26,20.16,810281350024129850,yes,29850,no,2016-11-05,29850,no,Var red SDSS mag 24
CSS150918:001715+063615,4.31363,6.60405,20150918.3,18.73,1509181070024115810,yes,11581,no,2016-11-06,11581,yes,"AGN SDSS mag 20,1"
CSS111127:001754+134739,4.47312,13.79419,20111127.19,18.54,1111271120024141105,yes,14110,no,2016-11-06,14110,yes,"SN SDSS mag 20,8"
CSS130627:001809+274920,4.5389,27.82209,20130627.43,17.61,1306271260024129130,no,12913,no,2016-10-29,12913,yes,"AGN SDSS mag 18,2"
CSS101107:001828+215519,4.61816,21.92205,20101107.25,19.37,1011071210024138139,yes,13813,yes,2016-11-05,13813,yes,CV mag 21
CSS160102:001836+144801,4.64869,14.80021,20160102.15,19.16,1601021150024109668,yes,10966,no,2016-11-06,10966,yes,"AGN SDSS mag 20,0"
CSS160714:001857+032007,4.73896,3.3353,20160714.46,18.56,1607141040024107869,no,10786,no,2016-11-06,10786,yes,"SN SDSS mag 21,2"
CSS160112:001859+303200,4.74455,30.53346,20160112.1,16.59,1601121290024142419,yes,14241,no,2016-11-05,14241,yes,SN SDSS mag >22
CSS140925:001916+154520,4.81591,15.75567,20140925.22,18.04,1409251150024128539,yes,12853,no,2016-11-06,12853,yes,"CV (spec) SDSS mag 22,1"
CSS120131:001952+433901,4.96768,43.65038,20120131.09,15.58,1201311430024134321,no,13432,no,2016-10-23,13432,yes,"CV DSS mag 21,5"
CSS121106:002030+330455,5.12703,33.08203,20121106.27,13.91,1211061320024142735,yes,14273,yes,2016-11-05,14273,yes,HPM LHS_112
CSS071204:002043+102044,5.17794,10.34559,20071204.13,18.15,712041090024121895,no,21895,no,2016-11-06,21895,no,SN no PQ source mag >22
CSS110918:002046+065605,5.1916,6.93477,20110918.44,18.61,1109181070024115267,yes,11526,no,2016-11-06,11526,yes,"SN 2011gr 2MASX_J002044 SDSS mag 16,2"
CSS101105:002052+333935,5.21755,33.65985,20101105.18,18.16,1011051320024147567,yes,14756,yes,2016-11-05,14756,yes,"SN 2010le SDSS mag 19,9"
CSS081009:002151-163204,5.46414,-16.53438,20081009.21,18.96,810090150024205441,yes,5441,yes,2016-11-04,5441,no,"SN SDSS mag 20,7 gal"
CSS080906:002155-085858,5.47897,-8.98287,20080906.31,17.88,809060090024127492,no,27492,no,2016-11-04,27492,no,"Flare mag 19,9 star"
CSS100611:002232+060805,5.63521,6.13467,20100611.45,17.35,1006111070024108613,yes,10861,yes,2016-11-06,10861,yes,"Blazar B0019+058 mag 18,4"
CSS111119:002254+135222,5.72614,13.87289,20111119.16,18.28,1111191120034144818,yes,14481,yes,2016-11-06,14481,yes,"SN 2011jd SDSS mag 20,0"
CSS151107:002332+421656,5.88189,42.28227,20151107.16,18.77,1511071400024170741,no,17074,no,2016-11-05,17074,yes,SN mag 21
CSS071204:002439+055455,6.16236,5.91524,20071204.12,19.03,712041070034104055,yes,4055,no,2016-11-06,4055,no,SN (MLS) SDSS mag >22
CSS081123:002500+073350,6.25075,7.5638,20081123.14,16.86,811231070034125394,yes,25394,yes,2016-11-06,25394,no,"CV PQ blue obj mag 19,2"
CSS141025:002555+430722,6.47723,43.12268,20141025.29,18.31,1410251430024122277,no,12227,no,2016-10-23,12227,yes,HPM
CSS080110:002612+084011,6.55019,8.66979,20080110.12,17.46,801101090034102239,yes,2239,yes,2016-11-06,2239,no,"Flare SDSS mag >22,5"
CSS121112:002624+163027,6.5994,16.5076,20121112.14,17.45,1211121150034142136,no,14213,yes,2016-11-06,14213,yes,"SN SDSS mag 19,3"
CSS091026:002637+242916,6.6544,24.48776,20091026.25,17.68,910261230034129795,yes,29795,yes,2016-11-05,29795,yes,"Var SDSS mag 18,4"
CSS121113:002650+323709,6.70638,32.61928,20121113.21,17.61,1211131320034233281,yes,23328,yes,2016-11-05,23328,yes,"Flare SDSS mag 20,2"
CSS071218:002655+361959,6.7282,36.33299,20071218.14,19.71,712181350024142260,yes,42260,no,2016-11-05,42260,no,"SN SDSS mag 21,0 gal"
CSS101212:002657+284933,6.73562,28.82583,20101212.07,18.52,1012121290034112135,no,11213,yes,2016-11-05,11213,yes,"CV SDSS mag 21,5"
CSS110701:002733+045913,6.88844,4.98707,20110701.44,19.27,1107011040034131568,yes,13156,no,2016-11-06,13156,yes,"Blazar SDSS mag 20,1"
CSS120103:002748-055559,6.95168,-5.93305,20120103.12,17.18,1201030070034134767,no,13476,yes,2016-11-06,13476,yes,"Blazar SDSS mag 18,7"
CSS151001:002755+145222,6.97981,14.87278,20151001.34,19.21,1510011150034109982,yes,10998,no,2016-11-06,10998,yes,"SN SDSS mag 21,5"
CSS140104:002811-041606,7.04543,-4.26839,20140104.1,19.37,1401040040034119943,no,11994,no,2016-11-06,11994,yes,"SN (spec) SDSS mag 21,9"
CSS140925:002812+070944,7.04984,7.16218,20140925.36,17.02,1409251070034124903,yes,12490,no,2016-11-06,12490,yes,"SN (spec) SDSS mag 20,3"
CSS100116:002819+120626,7.07742,12.10724,20100116.15,18.77,1001161120034110404,no,11040,no,2016-11-06,11040,yes,SN mag 17 gal
CSS160615:002833+294920,7.13772,29.82227,20160615.43,18.58,1606151290034128793,no,12879,no,2016-11-05,12879,yes,"SN SDSS mag 21,6"
CSS140906:002852+275552,7.21828,27.93102,20140906.32,18.12,1409061260034240176,no,24017,no,2016-11-05,24017,yes,SN SDSS mag 21
CSS131009:002924+203052,7.34974,20.51454,20131009.31,20.04,1310091210034112233,no,11223,no,2016-11-05,11223,yes,"AGN SDSS mag 21,2"
CSS101111:002928+151707,7.36668,15.2853,20101111.16,19.75,1011111150034118129,yes,11812,yes,2016-11-06,11812,yes,"SN SDSS mag 21,1"
CSS090919:002956-043451,7.48351,-4.58075,20090919.3,18.38,909190040034115578,no,15578,yes,2016-11-06,15578,yes,"SN 2009jd mag 16,5 2MASXi_J0029552-043511"
CSS111224:003027+180841,7.61147,18.14474,20111224.09,17.83,1112241180034118508,no,11850,yes,2016-11-05,11850,yes,"Flare SDSS mag 21,7"
CSS131208:003036+254419,7.6516,25.7386,20131208.11,19.17,1312081260034105949,yes,10594,no,2016-11-05,10594,yes,"SN SDSS mag 20,7"
CSS120925:003040+123156,7.66862,12.53233,20120925.37,18.94,1209251120034120839,no,12083,yes,2016-11-06,12083,yes,"SN SDSS mag 20,3"
CSS150924:003048+034703,7.69966,3.78407,20150924.28,16.28,1509241040034112180,yes,11218,no,2016-11-06,11218,yes,HPM
CSS130904:003056+231746,7.73256,23.2961,20130904.35,17.77,1309041230034113932,yes,11393,no,2016-11-05,11393,yes,"CV SDSS mag 22,3"
CSS121019:003101+200544,7.75577,20.09561,20121019.26,19.25,1210191210034106470,no,10647,no,2016-11-05,10647,yes,"AGN SDSS mag 21,0"
CSS130902:003132+102809,7.88518,10.46904,20130902.4,19.28,1309021090034133655,no,13365,no,2016-11-06,13365,yes,"AGN SDSS mag 20,4"
CSS091220:003204+314510,8.01515,31.7529,20091220.13,16.0,912201320034112505,no,12505,yes,2016-11-05,12505,yes,"CV mag 18,8"
CSS131025:003216-074653,8.06874,-7.78149,20131025.21,18.2,1310250070034110542,yes,11054,no,2016-11-06,11054,yes,"SN (spec) SDSS mag 19,9"
CSS090916:003227-132011,8.11166,-13.33644,20090916.29,18.59,909160120034110694,no,10694,no,2016-11-04,10694,yes,"SN mag 20,0"
CSS120915:003303-064006,8.26125,-6.6684,20120915.33,19.07,1209150070034133708,yes,13370,no,2016-11-06,13370,yes,"SN SDSS mag 20,2"
CSS121106:003304+312335,8.26584,31.39314,20121106.3,18.94,1211061320034107388,no,10738,yes,2016-11-05,10738,yes,"SN SDSS mag 21,5"
CSS110115:003304+380106,8.26665,38.01821,20110115.21,15.97,1101151380034121388,yes,12138,no,2016-11-05,12138,yes,"CV SDSS mag 20,7"
CSS120104:003320+034817,8.33141,3.80483,20120104.1,17.82,1201041040034112466,yes,11246,yes,2016-11-06,11246,yes,"SN 2012F SDSS mag 20,1"
CSS071109:003334+214127,8.39316,21.69074,20071109.27,18.81,711091210034126490,yes,26490,no,2016-11-05,26490,no,"SN SDSS mag 16,4 2MASX_J00333356"
CSS120126:003431+302406,8.62847,30.40173,20120126.12,17.07,1201261290034138053,no,13805,no,2016-11-05,13805,yes,SN 2012K (Master) mag 14
CSS081031:003500+273620,8.74985,27.60554,20081031.26,18.22,810311260034134479,no,34479,yes,2016-11-05,34479,no,CV DSS mag 21 blue obj
CSS080608:003511+231515,8.79715,23.25419,20080608.43,16.77,806081230034109966,yes,9966,yes,2016-11-05,9966,no,"SN 2008dh 2MASX_J00351050 SDSS mag 15,9"
CSS131022:003514+264453,8.80762,26.74813,20131022.36,18.24,1310221260034120370,no,12037,yes,2016-11-05,12037,yes,"Flare SDSS mag 19,9"
CSS120921:003544-013749,8.9314,-1.63015,20120921.34,18.82,1209210010044118805,yes,11880,yes,2016-11-06,11880,yes,"Flare SDSS mag 22,6"
CSS100916:003551-160324,8.96428,-16.05655,20100916.35,16.05,1009160150044112016,no,11201,yes,2016-11-04,11201,yes,"SN mag 17,8"
CSS130924:003557+102830,8.98556,10.47503,20130924.42,13.41,1309241090044129182,no,12918,no,2016-11-06,12918,yes,HPM LHS_117
CSS101108:003641-033660,9.16973,-3.61663,20101108.2,18.91,1011080040044131101,yes,13110,yes,2016-11-06,13110,yes,"SN SDSS mag 20,6"
CSS131108:003704+141210,9.26659,14.20279,20131108.23,16.9,1311081150044101824,yes,10182,no,2016-11-06,10182,yes,"CV SDSS mag 20,1"
CSS081001:003705-060939,9.26988,-6.16089,20081001.29,19.74,810010070044133087,yes,33087,yes,2016-11-06,33087,no,"SN 2008ix SDSS mag 21,3"
CSS130906:003712+403905,9.30057,40.65136,20130906.4,17.96,1309061400034134866,yes,13486,no,2016-11-05,13486,yes,Nova (Master) M31 2013-08f
CSS160708:003724+062943,9.34863,6.49538,20160708.45,19.15,1607081070044111695,yes,11169,no,2016-11-06,11169,yes,"SN SDSS mag 21,5"
CSS150918:003742+014547,9.42449,1.76305,20150918.28,18.16,1509181010044129523,yes,12952,no,2016-11-06,12952,yes,"SN (PS15bzz) SDSS mag 16,3"
CSS090731:003801-001425,9.5043,-0.24037,20090731.4,18.76,907310010044133633,yes,33633,yes,2016-11-06,33633,yes,"SN SDSS mag 21,6 gal"
CSS130113:003802-135140,9.50722,-13.86102,20130113.09,16.37,1301130120044104936,no,10493,no,2016-11-04,10493,yes,SN 2012gx (SSS) mag 17
CSS091106:003846+190648,9.69252,19.11324,20091106.13,19.03,911061180044136018,yes,36018,no,2016-11-05,36018,yes,"CV SDSS mag >21,5"
CSS090922:003855+185627,9.7285,18.94078,20090922.33,18.83,909221180044138430,yes,38430,no,2016-11-05,38430,yes,"SN SDSS mag 20,9"
CSS080922:003900+191356,9.75122,19.23218,20080922.4,19.33,809221180044128009,yes,28009,yes,2016-11-05,28009,no,SN SDSS mag 22
CSS120127:003939-071615,9.91338,-7.27096,20120127.1,17.35,1201270070044115659,yes,11565,yes,2016-11-06,11565,yes,SN SDSS mag >22
CSS101012:004005-063616,10.02069,-6.60458,20101012.28,19.8,1010120070044125126,yes,12512,yes,2016-11-06,12512,yes,"SN 2010ky SDSS mag 19,3"
CSS130923:004015+430549,10.06251,43.09701,20130923.39,17.57,1309231430034119891,no,11989,yes,2016-10-23,11989,yes,Var LU_And
CSS090729:004034+033229,10.1422,3.54143,20090729.42,15.84,907291040044110908,no,10908,yes,2016-11-06,10908,yes,"SN 2009hr CFHT gal mag 17,9"
CSS150920:004125+271550,10.35356,27.26382,20150920.31,18.0,1509201260044135327,no,13532,no,2016-11-05,13532,yes,SN SDSS mag >22
CSS161106:004134+202046,10.39148,20.34622,20161106.22,19.58,1611061210044109538,yes,10953,no,2016-11-06,10953,yes,"SN (MLS161020) SDSS mag 21,4"
CSS151012:004154+413141,10.47525,41.52798,20151012.33,18.71,1510121400034160762,yes,16076,no,2016-11-05,16076,yes,LPV M31
CSS121112:004232+021732,10.63192,2.29211,20121112.19,19.25,1211121010044139995,yes,13999,yes,2016-11-06,13999,yes,"SN SDSS 22,2"
CSS130924:004234+151746,10.64093,15.29605,20130924.45,19.17,1309241150044116061,yes,11606,no,2016-11-06,11606,yes,"SN (spec) SDSS mag 19,0"
CSS121015:004244+132827,10.68478,13.47403,20121015.25,18.29,1210151120044133047,no,13304,yes,2016-11-06,13304,yes,SN SDSS mag >22
CSS151112:004306+100423,10.7732,10.07293,20151112.23,19.55,1511121090044121320,no,12132,no,2016-11-06,12132,yes,"Flare SDSS mag 21,2"
CSS131028:004306+370332,10.77337,37.05902,20131028.31,15.52,1310281380044109757,yes,10975,no,2016-11-05,10975,yes,"CV SDSS mag 19,2"
CSS141026:004350+411405,10.95785,41.23468,20141026.16,17.7,1410261400044145332,yes,14533,no,2016-11-05,14533,yes,Nova (LOSS) mag >21
CSS100112:004355+052118,10.97909,5.35505,20100112.09,18.58,1001121040044140174,yes,14017,no,2016-11-06,14017,yes,"SN (spec) CFHT mag 22,5 gal"
CSS091220:004412+234425,11.04864,23.74039,20091220.1,19.13,912201230044119403,yes,19403,yes,2016-11-05,19403,yes,"SN 2009nx SDSS mag 21,3 gal"
CSS091120:004417+411854,11.07004,41.31494,20091120.28,17.0,911201400044145995,yes,45995,no,2016-11-05,45995,yes,Nova M31 2009-11d
CSS131014:004421+405522,11.08883,40.92277,20131014.17,17.33,1310141400044135276,yes,13527,no,2016-11-05,13527,yes,Nova M31
CSS081102:004500+222708,11.25127,22.45222,20081102.15,17.85,811021210044141173,yes,41173,yes,2016-11-05,41173,no,CV mag 20 obj
CSS081024:004518+185349,11.32644,18.89707,20081024.28,16.82,810241180044126382,yes,26382,no,2016-11-05,26382,no,CV mag 20
CSS100911:004607+052100,11.52775,5.34999,20100911.38,19.27,1009111040054133182,yes,13318,no,2016-11-06,13318,yes,SN (spec) CSS mag 21
CSS131208:004610+351540,11.54089,35.26099,20131208.11,16.53,1312081350044124158,yes,12415,no,2016-11-05,12415,yes,"CV SDSS mag 22,4"
CSS131111:004614+335010,11.55877,33.83609,20131111.3,15.82,1311111320044149893,yes,14989,no,2016-11-05,14989,yes,HPM LHS_1145
CSS110920:004621-090928,11.58785,-9.15769,20110920.32,17.58,1109200090054128813,no,12881,no,2016-11-04,12881,yes,"SN 2011gg SDSS mag 20,7"
CSS091220:004626+382024,11.6072,38.34009,20091220.15,19.31,912201380044131500,yes,31500,yes,2016-11-05,31500,yes,"CV SDSS mag 22,2"
CSS101031:004714+350853,11.80677,35.14796,20101031.31,18.26,1010311350044119900,yes,11990,yes,2016-11-05,11990,yes,"Flare SDSS mag 22,6"
CSS090925:004807+264621,12.03004,26.77259,20090925.25,18.58,909251260044125490,yes,25490,no,2016-11-05,25490,yes,CV mag 21
CSS081202:004819+210116,12.07922,21.02099,20081202.17,18.84,812021210054119455,yes,19455,yes,2016-11-06,19455,no,Ast
CSS091016:004842-055119,12.1739,-5.8552,20091016.23,19.99,910160070054140630,no,40630,no,2016-11-06,40630,yes,"SN DSS mag 18,7 gal"
CSS120914:004850+074554,12.20743,7.76512,20120914.36,18.45,1209141070054135993,yes,13599,no,2016-10-11,13599,yes,"SN SDSS mag 22,5"
CSS091220:004855+412035,12.22882,41.34316,20091220.16,17.82,912201400044136465,yes,36465,yes,2016-11-05,36465,yes,SN (p60) SDSS mag 22
CSS090204:004902+074726,12.25832,7.79058,20090204.08,18.74,902041070054129652,yes,29652,no,2016-10-11,29652,no,"CV SDSS mag 21,5 blue star"
CSS100112:004911+052252,12.29467,5.381,20100112.09,12.6,1001121040054140508,yes,14050,no,2016-11-06,14050,yes,HPM WD VAN_MAANENS_STAR
CSS110919:004911+052249,12.29551,5.38016,20110919.42,12.65,1109191040054134919,yes,13491,no,2016-11-06,13491,yes,HPM
CSS121006:004911+052244,12.29567,5.37891,20121006.36,12.55,1210061040054136923,yes,13692,no,2016-11-06,13692,yes,HPM VAN_MA
CSS130924:004911+052241,12.29607,5.37809,20130924.42,12.51,1309241040054136913,yes,13691,no,2016-11-06,13691,yes,HPM Van_Maanen
CSS141212:004911+052238,12.29636,5.37726,20141212.14,12.77,1412121040054132778,yes,13277,no,2016-11-06,13277,yes,HPM Wolf_28
CSS160131:004911+052235,12.2967,5.37645,20160131.09,12.6,1601311040054132036,yes,13203,no,2016-11-06,13203,yes,HPM Wolf_28
CSS120212:004943+023704,12.43017,2.61774,20120212.1,17.05,1202121010054134906,no,13490,yes,2016-10-11,13490,yes,Blazar PKS_0047+023
CSS120126:005021+331918,12.58574,33.32159,20120126.11,17.11,1201261320044143471,yes,14347,no,2016-11-05,14347,yes,CV mag 21
CSS130906:005022-045220,12.58972,-4.87228,20130906.36,16.15,1309060040054111996,no,11199,yes,2016-11-06,11199,yes,"Blazar PKS_0047-051 SDSS mag 19,3"
CSS080909:005031+270600,12.62839,27.09995,20080909.33,18.69,809091260054126896,yes,26896,no,2016-10-28,26896,no,"Flare mag 20,1 star"
CSS130208:005037+293016,12.65442,29.50445,20130208.13,17.61,1302081290044124939,yes,12493,no,2016-11-05,12493,yes,"SN SDSS mag 16,9"
CSS151217:005123+263010,12.84667,26.50275,20151217.17,18.55,1512171260054118102,yes,11810,no,2016-10-28,11810,yes,"SN SDSS mag 21,6"
CSS100916:005129-173828,12.86966,-17.64101,20100916.35,18.63,1009160180054126884,no,12688,yes,2016-11-07,12688,yes,"SN mag >21,5"
CSS090213:005152+204134,12.96778,20.69279,20090213.09,18.8,902131210054114598,yes,14598,yes,2016-11-06,14598,no,"SN SDSS mag 20,9 gal"
CSS091026:005153+204017,12.97035,20.67151,20091026.22,15.4,910261210054114797,yes,14797,yes,2016-11-06,14797,yes,"CV mag 18,2"
CSS130114:005219+013635,13.08117,1.60972,20130114.09,18.02,1301141010054127807,no,12780,no,2016-10-11,12780,yes,"Flare SDSS mag 20,1"
CSS140903:005344-045906,13.4348,-4.98494,20140903.45,18.88,1409030040054108840,no,10884,no,2016-11-06,10884,yes,"SN SDSS mag 20,7"
CSS131014:005347+405549,13.44725,40.93014,20131014.17,17.21,1310141400044134796,yes,13479,no,2016-11-05,13479,yes,"CV SDSS mag 18,1"
CSS141120:005348-102720,13.44911,-10.45566,20141120.17,18.96,1411200090054111124,no,11112,no,2016-11-04,11112,yes,"SN SDSS mag 20,8"
CSS090817:005505-024535,13.77131,-2.75985,20090817.39,19.48,908170010054101101,yes,1101,yes,2016-11-06,1101,yes,"AGN SDSS mag 19,9"
CSS130912:005510-101859,13.7918,-10.31634,20130912.34,18.25,1309120090054115627,no,11562,no,2016-11-04,11562,yes,SN (spec) SDSS mag 20
CSS130912:005531-095326,13.87819,-9.89061,20130912.34,18.78,1309120090054121750,no,12175,no,2016-11-04,12175,yes,"Flare SDSS mag 20,1"
CSS120926:005545-211309,13.93749,-21.2193,20120926.33,14.77,1209260210054119103,no,11910,no,2016-11-07,11910,yes,HPM LHS_127
CSS140702:005606+261840,14.02431,26.31103,20140702.42,17.68,1407021260054115784,yes,11578,no,2016-10-28,11578,yes,"SN CGCG_480-022 SDSS mag 14,2"
CSS150924:005628+115103,14.11806,11.85077,20150924.23,18.54,1509241120054107813,no,10781,no,2016-11-06,10781,yes,"SN (UGC 581) SDSS mag 15,1"
CSS101114:005725-005752,14.35281,-0.96434,20101114.24,17.88,1011140010064126302,yes,12630,yes,2016-11-06,12630,yes,"SN 2010ke SDSS mag 19,7"
CSS160903:005811-010751,14.54622,-1.13078,20160903.37,16.0,1609030010064123344,yes,12334,no,2016-11-06,12334,yes,"CV SDSS mag 21,8"
CSS101009:005825+283304,14.60248,28.55118,20101009.29,14.06,1010091290054106863,yes,10686,yes,2016-10-28,10686,yes,"CV mag 19,5"
CSS080923:005911+270037,14.79455,27.01021,20080923.22,18.88,809231260054127186,yes,27186,yes,2016-10-28,27186,no,"SN SDSS mag 20,5 red (p60)"
CSS080920:005959-090032,14.99532,-9.00894,20080920.44,18.24,809200090064119159,no,19159,yes,2016-11-04,19159,no,SN mag >23 SNF20080918-004 No SDSS
CSS140914:010107-101840,15.27934,-10.31111,20140914.35,18.57,1409140090064112622,no,11262,no,2016-11-04,11262,yes,SN (spec) SDSS mag >22
CSS131226:010129+265503,15.36965,26.91752,20131226.19,19.39,1312261260054126854,yes,12685,no,2016-10-28,12685,yes,"AGN mag 20,5"
CSS160829:010136+170605,15.39821,17.10129,20160829.4,16.38,1608291180064102809,yes,10280,no,2016-11-06,10280,yes,"SN (2016fbo) SDSS mag 18,6"
CSS151205:010142+001952,15.42387,0.33114,20151205.13,18.91,1512051010064104562,yes,10456,no,2016-10-29,10456,yes,"SN SDSS mag 21,1"
CSS130930:010157-190652,15.4895,-19.11451,20130930.38,19.12,1309300180064109444,no,10944,no,2016-11-07,10944,yes,SN mag >21
CSS131004:010223+203323,15.59692,20.55627,20131004.27,17.54,1310041210064115696,yes,11569,no,2016-11-06,11569,yes,"SN (spec) SDSS mag 16,8"
CSS131012:010242-215224,15.67475,-21.8733,20131012.3,17.22,1310120210064111333,no,11133,no,2016-11-07,11133,yes,SN (LSQ13cmt) mag 13
CSS090917:010244-192745,15.68179,-19.4626,20090917.34,18.0,909170180064103946,no,3946,yes,2016-11-07,3946,yes,SN 2009jc mag 21 obj
CSS130925:010249-004431,15.70449,-0.74182,20130925.29,18.11,1309250010064131012,yes,13101,no,2016-11-06,13101,yes,"SN (spec) SDSS mag 20,0"
CSS130930:010305-143448,15.77167,-14.58,20130930.38,17.57,1309300150064136355,no,13635,no,2016-11-04,13635,yes,SN mag 21
CSS151205:010307-011522,15.78078,-1.25622,20151205.13,19.36,1512050010064119041,yes,11904,no,2016-11-06,11904,yes,"SN SDSS mag 20,4"
CSS110116:010329+331822,15.87079,33.30612,20110116.23,18.02,1101161320054126530,yes,12653,no,2016-10-27,12653,yes,CV mag 21
CSS131004:010407+393818,16.02728,39.63821,20131004.24,12.88,1310041400054104521,no,10452,no,2016-10-30,10452,yes,HPM LHS_1185
CSS091009:010412-031341,16.04836,-3.22818,20091009.29,17.18,910090040064127915,yes,27915,yes,2016-11-06,27915,yes,"CV (spec) mag 18,8 eclipsing?"
CSS091109:010427+021023,16.11182,2.17305,20091109.21,18.19,911091010064138611,no,38611,no,2016-10-29,38611,yes,"Var M31 mag 20,0"
CSS160922:010433-015902,16.1394,-1.98379,20160922.39,18.09,1609220010064109727,yes,10972,no,2016-11-06,10972,yes,"SN (spec) SDSS mag 22,3"
CSS121009:010455-180723,16.22899,-18.12297,20121009.32,12.96,1210090180064127981,no,12798,no,2016-11-07,12798,yes,HPM LHS_134
CSS131110:010513+143025,16.30487,14.50683,20131110.12,18.33,1311101150064106486,yes,10648,no,2016-11-06,10648,yes,"Flare SDSS mag 20,4"
CSS080921:010522+110253,16.34257,11.04802,20080921.38,16.45,809211090064126748,yes,26748,yes,2016-11-06,26748,no,CV past_outburst mag ~20 GALEX
CSS120914:010533+084631,16.38889,8.77522,20120914.39,20.11,1209141090064105618,yes,10561,no,2016-11-06,10561,yes,"SN SDSS mag 21,4"
CSS130902:010533+065505,16.38904,6.918,20130902.34,19.53,1309021070064121638,yes,12163,no,2016-10-29,12163,yes,"SN SDSS mag 20,7"
CSS111116:010537-023351,16.40219,-2.56422,20111116.18,19.82,1111160010064104203,yes,10420,yes,2016-11-06,10420,yes,"SN SDSS mag 21,3"
CSS100910:010539+282931,16.41327,28.49204,20100910.35,13.0,1009101290064106299,yes,10629,no,2016-10-27,10629,yes,HPM LHS_135
CSS121008:010539+282931,16.41443,28.49189,20121008.42,13.06,1210081290064104773,yes,10477,no,2016-10-27,10477,yes,HPM LHS_135
CSS140702:010540+282931,16.41572,28.49184,20140702.42,13.21,1407021290064105270,yes,10527,no,2016-10-27,10527,yes,HPM mag 13
CSS091016:010550+190317,16.45873,19.05477,20091016.3,16.31,910161180064133334,yes,33334,yes,2016-11-06,33334,yes,"CV mag 19,6"
CSS111117:010555-122049,16.47769,-12.34684,20111117.2,16.93,1111170120064131084,no,13108,yes,2016-11-04,13108,yes,"SN 2011ig mag 17,6"
CSS120104:010558-085437,16.49312,-8.91033,20120104.12,17.42,1201040090064129965,no,12996,yes,2016-11-04,12996,yes,"CV (spec) SDSS mag 20,5"
CSS131111:010704+424312,16.76624,42.72006,20131111.3,15.72,1311111430054111140,yes,11114,no,2016-10-30,11114,yes,"CV IZ_And SDSS 19,3"
CSS151002:010709-095131,16.78955,-9.85855,20151002.34,17.92,1510020090064116298,yes,11629,no,2016-11-04,11629,yes,"CV SDSS mag 21,3"
CSS151130:010720+322359,16.83467,32.39971,20151130.18,15.43,1511301320064125325,yes,12532,no,2016-10-27,12532,yes,"SN (2015ar) mag 13,4"
CSS131028:010735+141009,16.89532,14.16917,20131028.24,18.73,1310281150064101162,yes,10116,no,2016-11-06,10116,yes,"SN SDSS mag 21,4"
CSS101031:010749+341236,16.95427,34.20991,20101031.33,12.65,1010311350054106115,yes,10611,no,2016-10-27,10611,yes,HPM LHS 137
CSS150925:010750+341238,16.95664,34.21059,20150925.19,12.8,1509251350054106180,yes,10618,no,2016-10-27,10618,yes,HPM LHS_137
CSS090911:010801+215208,17.00321,21.86896,20090911.4,19.42,909111210064128226,yes,28226,yes,2016-11-06,28226,yes,"CV SDSS mag >21,5"
CSS161001:010918+174749,17.32634,17.79707,20161001.34,17.86,1610011180064110646,yes,11064,no,2016-11-06,11064,yes,"SN SDSS mag 19,9"
CSS130828:010923+294932,17.34556,29.82556,20130828.46,17.54,1308281290064131091,yes,13109,no,2016-10-27,13109,yes,HPM 2MASS_J010921
CSS101206:010931-101305,17.38065,-10.21814,20101206.21,18.2,1012060090074115654,yes,11565,no,2016-11-04,11565,yes,"SN SDSS mag 15,9"
CSS130915:010942+062429,17.42629,6.408,20130915.39,19.9,1309151070074113180,yes,11318,no,2016-11-06,11318,yes,"AGN SDSS mag 21,6"
CSS131015:010946-274524,17.44248,-27.75663,20131015.31,16.81,1310150260064106672,no,10667,no,2016-10-12,10667,yes,"CV mag 19,0 2QZ_J0109"
CSS151008:010947+131829,17.44477,13.30804,20151008.37,16.72,1510081120074130987,yes,13098,no,2016-11-06,13098,yes,SN (Liao et al) UGC_722
CSS080930:010947+221513,17.44751,22.25355,20080930.29,19.41,809301210064140058,yes,40058,no,2016-11-06,40058,no,Comet C/2007 W1
CSS081119:010959+051521,17.49521,5.25583,20081119.12,20.05,811191040074140243,yes,40243,yes,2016-11-06,40243,no,Ast
CSS121009:011101-172841,17.7543,-17.47819,20121009.39,17.26,1210090180074131839,no,13183,no,2016-11-07,13183,yes,"SN 2MASX_J011059 mag 15,3"
CSS081024:011134+275922,17.89353,27.98938,20081024.33,19.66,810241260064139598,yes,39598,no,2016-10-27,39598,no,"CV SDSS mag 19,8"
CSS080923:011149+143826,17.95513,14.64064,20080923.25,16.8,809231150074107756,yes,7756,yes,2016-11-06,7756,no,"SN 2008fr SDSS mag 19,2"
CSS080924:011158+351724,17.99,35.29008,20080924.26,14.41,809241350064130912,yes,30912,yes,2016-10-27,30912,no,CV V* FN And mag 18
CSS081222:011250+320818,18.20977,32.1382,20081222.17,15.81,812221320064119991,yes,19991,yes,2016-10-27,19991,no,"Blazar 4C 31,03"
CSS080922:011307+215250,18.27812,21.88067,20080922.46,15.13,809221210074124820,yes,24820,yes,2016-11-06,24820,no,"CV mag 20,2 (SU_UMa p=0,0989d_Maehara)_DSS,PQ"
CSS151102:011316-063052,18.31757,-6.51454,20151102.22,18.55,1511020070074126189,yes,12618,no,2016-11-06,12618,yes,"Blazar SDSS mag 20,4"
CSS081030:011341+044718,18.42286,4.78832,20081030.19,17.78,810301040074123661,yes,23661,yes,2016-11-06,23661,no,"SN 2008gu SDSS mag 16,1 in_SDSS_DR8"
CSS130828:011353+290215,18.47194,29.03744,20130828.46,18.7,1308281290064116109,yes,11610,no,2016-10-27,11610,yes,"SN SDSS 2MASS_J011352 mag 15,3"
CSS130902:011357+063604,18.48552,6.60114,20130902.37,19.29,1309021070074116316,yes,11631,no,2016-11-06,11631,yes,"AGN SDSS mag 21,3"
CSS110921:011408+122256,18.53521,12.38222,20110921.37,17.79,1109211120074116827,yes,11682,no,2016-11-06,11682,yes,"Blazar SDSS mag 18,8"
CSS101030:011411+054225,18.54487,5.70691,20101030.25,17.9,1010301070074100959,yes,10095,yes,2016-11-06,10095,yes,Blazar mag 21
CSS101010:011441+442846,18.67241,44.47941,20101010.29,15.59,1010101430054165221,yes,16522,no,2016-10-30,16522,yes,HPM LHS_1218 mag 15
CSS141130:011442+442845,18.67382,44.47924,20141130.15,15.47,1411301430054161130,yes,16113,no,2016-10-30,16113,yes,HPM LHS_1218
CSS111019:011445-203211,18.68565,-20.5365,20111019.32,17.37,1110190210074126561,no,12656,no,2016-11-07,12656,yes,"CV mag 20,0"
CSS120917:011451+262322,18.71427,26.38937,20120917.35,17.62,1209171260074119171,yes,11917,yes,2016-10-27,11917,yes,"Blazar SDSS mag 19,3"
CSS121015:011507-143613,18.77724,-14.60368,20121015.36,18.58,1210150150074131189,no,13118,no,2016-11-04,13118,yes,"AGN mag 20,0"
CSS101008:011517+245530,18.81888,24.92506,20101008.33,18.56,1010081230074139999,yes,13999,yes,2016-11-06,13999,yes,"CV SDSS mag 21,2"
CSS080624:011532+373736,18.88405,37.62656,20080624.43,15.02,806241380064116866,no,16866,no,2016-10-27,16866,no,"CV FO And Mag 17,2"
CSS081205:011543+333724,18.93017,33.62338,20081205.14,16.59,812051320064148648,yes,48648,yes,2016-10-27,48648,no,"CV burst DSS2-B SDSS mag 21,3"
CSS151023:011613+323839,19.05219,32.64427,20151023.27,17.13,1510231320064127935,yes,12793,no,2016-10-27,12793,yes,"CV SDSS mag 20,3"
CSS081220:011614+092216,19.05736,9.37115,20081220.13,16.12,812201090074110332,yes,10332,yes,2016-11-06,10332,no,"CV mag 19,2"
CSS111119:011631+241919,19.12771,24.32189,20111119.21,13.5,1111191230074124966,yes,12496,no,2016-11-06,12496,yes,HPM LHS_139
CSS150924:011631+241916,19.12962,24.32118,20150924.43,13.69,1509241230074129421,yes,12942,no,2016-11-06,12942,yes,"HPM SDSS mag 14,4"
CSS140925:011655+063150,19.23009,6.53069,20140925.42,18.98,1409251070074113529,yes,11352,no,2016-11-06,11352,yes,"AGN SDSS mag 19,8"
CSS161011:011715+065753,19.31415,6.96459,20161011.33,17.14,1610111070074115832,yes,11583,no,2016-11-06,11583,yes,"SN (AT2016gta) SDSS mag 18,6"
CSS111225:011729+085854,19.37169,8.98169,20111225.18,19.38,1112251090074105873,yes,10587,yes,2016-11-06,10587,yes,"AGN SDSS mag 20,1"
CSS140925:011731+054106,19.37757,5.68492,20140925.42,19.34,1409251070074100812,yes,10081,no,2016-11-06,10081,yes,"SN (spec) SDSS mag 20,8"
CSS081001:011734-031424,19.39286,-3.24013,20081001.29,19.25,810010040074127984,yes,27984,no,2016-11-06,27984,no,Var SDSS mag >22
CSS090916:011748+011303,19.45113,1.21744,20090916.32,19.44,909161010074118793,yes,18793,yes,2016-11-06,18793,yes,"SN SDSS mag 21,8"
CSS101014:011749-211106,19.4531,-21.18512,20101014.3,17.65,1010140210074119678,yes,11967,yes,2016-11-07,11967,yes,"Blazar PKS_0115-214 z=1,49"
CSS110130:011755+211320,19.47764,21.22232,20110130.14,19.55,1101301210074122822,yes,12282,yes,2016-11-06,12282,yes,"SN SDSS mag 17,7"
CSS130916:011806+271126,19.52332,27.19048,20130916.31,17.58,1309161260074128615,yes,12861,no,2016-10-27,12861,yes,"SN (spec) SDSS mag 22,5"
CSS101113:011857-214130,19.73858,-21.69168,20101113.24,16.85,1011130210074111848,yes,11184,yes,2016-11-07,11184,yes,"Blazar HB89_0116-219 z=1,16"
CSS101028:011942+302449,19.92593,30.41368,20101028.18,19.29,1010281290074137474,yes,13747,yes,2016-10-27,13747,yes,SN 2010jx mag >22
CSS121114:011948-241624,19.94974,-24.27347,20121114.22,17.16,1211140230074119666,no,11966,no,2016-11-07,11966,yes,"CV mag 20,5"
CSS101204:012100+325545,20.24844,32.92911,20101204.17,13.2,1012041320074131511,yes,13151,no,2016-10-27,13151,yes,"CV (Itagaki) SDSS mag 20,2"
CSS151106:012102+142733,20.2584,14.4593,20151106.15,19.32,1511061150074105038,yes,10503,no,2016-11-06,10503,yes,"SN SDSS mag 21,8"
CSS101114:012130+013420,20.37707,1.57225,20101114.24,15.9,1011141010084122106,yes,12210,yes,2016-11-06,12210,yes,Flare mag 16
CSS080923:012133+294114,20.38666,29.68731,20080923.22,18.82,809231290074123293,yes,23293,yes,2016-10-27,23293,no,"SN SDSS mag 21,7 gal (p60)"
CSS121009:012201-083350,20.50225,-8.56376,20121009.34,17.3,1210090090084147600,yes,14760,no,2016-11-04,14760,yes,"CV SDSS mag 21,6"
CSS130903:012242+181655,20.67294,18.28188,20130903.45,19.11,1309031180084122459,yes,12245,no,2016-11-06,12245,yes,SN (spec) SDSS mag >22
CSS071112:012312+120818,20.80111,12.13833,20071112.17,18.93,711121120084111043,no,11043,no,2016-11-06,11043,no,SN PQ source mag ~22
CSS131126:012352+025459,20.96842,2.9164,20131126.27,19.68,1311261040084101817,yes,10181,no,2016-11-06,10181,yes,"AGN SDSS mag 20,5"
CSS151009:012353-045558,20.96983,-4.93278,20151009.26,18.96,1510090040084109400,yes,10940,no,2016-11-06,10940,yes,"AGN SDSS mag 20,8"
CSS161107:012407+231107,21.02794,23.18541,20161107.28,19.75,1611071230074109142,yes,10914,no,2016-11-07,10914,yes,SN SDSS mag >22
CSS140925:012410+031136,21.04282,3.19332,20140925.43,19.81,1409251040084105517,yes,10551,no,2016-11-06,10551,yes,SN SDSS mag 22
CSS111006:012422+402356,21.09311,40.39894,20111006.36,17.27,1110061400064119848,yes,11984,no,2016-10-30,11984,yes,"HPM EGGR_517 SDSS mag 16,9"
CSS081009:012523-181020,21.34599,-18.17228,20081009.28,16.32,810090180084119813,no,19813,no,2016-11-07,19813,no,"SN 2008gg NGC 539 mag 14,0"
CSS151009:012523-091741,21.34755,-9.29484,20151009.34,19.09,1510090090084228144,yes,22814,no,2016-11-04,22814,yes,"AGN SDSS mag 20,4"
CSS121112:012539+322308,21.41404,32.38569,20121112.22,15.03,1211121320074127003,yes,12700,no,2016-10-27,12700,yes,CV TY_Psc
CSS120121:012552+043046,21.46631,4.51283,20120121.14,18.52,1201211040084125122,yes,12512,no,2016-11-06,12512,yes,"AGN SDSS mag 18,7"
CSS091110:012612+113016,21.55154,11.50432,20091110.26,18.84,911101120084103272,no,3272,yes,2016-11-06,3272,yes,Blazar (spec) NVSS_J012612+113009
CSS111016:012615+174808,21.56367,17.80215,20111016.38,18.13,1110161180084108543,yes,10854,yes,2016-11-06,10854,yes,"SN SDSS mag 22,8"
CSS101011:012655-022053,21.73038,-2.34794,20101011.3,19.79,1010110010084107400,yes,10740,yes,2016-11-06,10740,yes,"AGN SDSS mag 20,0"
CSS080921:012706+031306,21.77409,3.21826,20080921.38,17.63,809211040084103568,yes,3568,yes,2016-11-06,3568,no,"SN 2008gs SDSS mag 21,6"
CSS161107:012706+125127,21.77577,12.8576,20161107.25,14.72,1611071120084120846,no,12084,no,2016-11-07,12084,yes,HPM LP_467-68
CSS121013:012715+005224,21.81079,0.87337,20121013.33,19.08,1210131010084212549,yes,21254,no,2016-11-06,21254,yes,"SN SDSS mag 22,9"
CSS140702:012819+235954,22.0807,23.99824,20140702.45,18.99,1407021230084121841,yes,12184,no,2016-11-06,12184,yes,"SN SDSS mag >22,5"
CSS130905:012822-075122,22.09132,-7.85612,20130905.44,17.0,1309050070084111234,yes,11123,no,2016-11-06,11123,yes,"SN (anon/spec) SDSS mag 19,2"
CSS161107:012833+003808,22.13552,0.63542,20161107.22,19.88,1611071010084108990,yes,10899,no,2016-11-07,10899,yes,"AGN SDSS mag 22,0"
CSS100114:012838+184536,22.15971,18.75991,20100114.11,17.75,1001141180084126439,yes,12643,no,2016-11-06,12643,yes,CV (spec) PQ mag 21
CSS141018:012842+113051,22.17551,11.51414,20141018.33,15.52,1410181120084103311,no,10331,no,2016-11-06,10331,yes,"CV SDSS mag 20,8"
CSS130905:012848-003631,22.19842,-0.60855,20130905.38,18.63,1309050010084135719,yes,13571,no,2016-11-06,13571,yes,SN (unknown) SDSS mag >22
CSS121010:012853-233944,22.21922,-23.66231,20121010.27,16.66,1210100230084125630,no,12563,no,2016-11-07,12563,yes,CV EQ_Cet
CSS150122:012856-041129,22.2319,-4.19128,20150122.09,19.1,1501220040084117093,yes,11709,no,2016-11-06,11709,yes,"SN SDSS mag 21,5"
CSS140924:012857-164444,22.23919,-16.74544,20140924.33,18.3,1409240150084102889,no,10288,no,2016-11-04,10288,yes,"CV mag 20,5"
CSS090817:012950-065225,22.45832,-6.87366,20090817.44,19.8,908170070084124888,yes,24888,yes,2016-11-06,24888,yes,"AGN SDSS mag 20,2"
CSS121212:012957+080022,22.48784,8.006,20121212.1,18.86,1212121070084233940,yes,23394,no,2016-11-06,23394,yes,"Blazar SDSS mag 21,0"
CSS120915:013021-035412,22.58748,-3.90335,20120915.42,19.68,1209150040094134613,yes,13461,no,2016-11-02,13461,yes,"AGN SDSS mag 20,1"
CSS081119:013055-014208,22.72839,-1.70227,20081119.18,19.04,811190010094117739,yes,17739,yes,2016-11-02,17739,no,"SN SDSS mag 21,7"
CSS090818:013119+204008,22.8272,20.66887,20090818.45,19.76,908181210084113907,yes,13907,yes,2016-11-06,13907,yes,"SN SDSS mag 21,5 obj"
CSS151114:013141-003907,22.9188,-0.65181,20151114.25,18.21,1511140010094131284,yes,13128,no,2016-11-02,13128,yes,"Flare SDSS mag 21,3"
CSS141017:013150-221736,22.95965,-22.2933,20141017.2,17.5,1410170210084104025,no,10402,no,2016-11-07,10402,yes,CV mag >21
CSS141118:013203-104357,23.01164,-10.73257,20141118.26,15.87,1411180090094108372,yes,10837,no,2016-11-06,10837,yes,"CV (ASASSN-14kd?) SDSS mag 20,4"
CSS080930:013239+302922,23.16395,30.48945,20080930.4,19.7,809301290084140240,yes,40240,no,2016-10-27,40240,no,var MESSIER 033:[SC83] J002
CSS080703:013244+302302,23.18354,30.38389,20080703.41,19.78,807031290084137489,yes,37489,yes,2016-10-27,37489,no,Mira in M33
CSS141118:013255-013727,23.2284,-1.62426,20141118.16,18.24,1411180010094115839,yes,11583,no,2016-11-02,11583,yes,"SN (Master) mag 15,1"
CSS121008:013257+302425,23.23871,30.40685,20121008.43,16.77,1210081290084139283,yes,13928,no,2016-10-27,13928,yes,Nova (Nishiyama)
CSS121016:013308+302259,23.28538,30.38311,20121016.4,18.98,1210161290084140460,yes,14046,no,2016-10-27,14046,yes,LPV M31 mag >21
CSS091027:013309+383217,23.28632,38.5381,20091027.22,15.89,910271380074143391,no,43391,yes,2016-10-27,43391,yes,"CV CSS mag 18,5"
CSS120222:013311+304011,23.29669,30.66962,20120222.14,17.28,1202221290084142231,yes,14223,yes,2016-10-27,14223,yes,Nova (Itagaki) M31_2012-02a
CSS071119:013327+304127,23.36379,30.6909,20071119.13,17.72,711191290084136060,yes,36060,no,2016-10-27,36060,no,"Var SR M33 P19844 (mag -7,2)"
CSS120125:013339+305758,23.41373,30.96617,20120125.14,18.43,1201251290084153337,yes,15333,yes,2016-10-27,15333,yes,Var M33
CSS110924:013343+344837,23.42892,34.81032,20110924.29,15.88,1109241350074121359,yes,12135,yes,2016-10-27,12135,yes,"SN 2011gb SDSS mag 17,3"
CSS150913:013409-001753,23.53697,-0.29793,20150913.45,18.82,1509130010094135118,yes,13511,no,2016-11-02,13511,yes,SN SDSS mag 22
CSS141117:013438+310507,23.65959,31.0853,20141117.18,18.24,1411171320084101121,yes,10112,no,2016-10-27,10112,yes,Nova M33
CSS111017:013448+161423,23.6982,16.23967,20111017.21,19.25,1110171150094126930,yes,12693,yes,2016-11-05,12693,yes,SN SDSS mag >22
CSS090817:013456-095626,23.73271,-9.94046,20090817.44,20.34,908170090094126293,yes,26293,no,2016-11-06,26293,yes,"SN SDSS mag 21,2 gal"
CSS120218:013618+114123,24.07414,11.68959,20120218.11,18.89,1202181120094104611,no,10461,yes,2016-11-05,10461,yes,"SN SDSS mag 20,3"
CSS081031:013628+311031,24.11572,31.17523,20081031.28,19.71,810311320084103560,yes,3560,yes,2016-10-27,3560,no,"AGN red SDSS mag 22,8"
CSS161107:013635+193432,24.14416,19.57569,20161107.43,18.46,1611071180094132061,yes,13206,no,2016-11-07,13206,yes,"AGN SDSS mag 21,3"
CSS101210:013637+320040,24.15423,32.01113,20101210.16,13.87,1012101320084121519,yes,12151,no,2016-10-27,12151,yes,CV TW_Tri
CSS121008:013641+290320,24.17281,29.05543,20121008.43,16.91,1210081290084113755,yes,11375,no,2016-10-27,11375,yes,"Flare SDSS mag 20,1"
CSS130106:013658+093347,24.24024,9.56306,20130106.15,19.57,1301061090094117234,yes,11723,no,2016-11-05,11723,yes,HPM 2MASS_J013656
CSS111228:013701-091235,24.25438,-9.20979,20111228.14,12.68,1112280090094129502,yes,12950,no,2016-11-06,12950,yes,"CV GZ_Cet SDSS mag 18,6"
CSS151202:013716-091416,24.31847,-9.23782,20151202.22,17.89,1512020090094130838,yes,13083,no,2016-11-06,13083,yes,SN SDSS mag >22
CSS091121:013728+253450,24.36768,25.58061,20091121.14,17.78,911211260084103595,yes,3595,yes,2016-10-27,3595,yes,"SN 2009ng SDSS mag 21,9"
CSS100916:013737+300249,24.4051,30.04685,20100916.45,14.67,1009161290084131880,yes,13188,no,2016-10-27,13188,yes,CV TX_Tri
CSS131224:013745+121243,24.4366,12.21187,20131224.14,19.34,1312241120094114656,no,11465,no,2016-11-05,11465,yes,"SN SDSS mag 21,8"
CSS120916:013813+211109,24.55447,21.18588,20120916.32,19.27,1209161210094128601,yes,12860,no,2016-11-07,12860,yes,"SN SDSS mag >22,5"
CSS111028:013833+222556,24.63774,22.43226,20111028.3,19.73,1110281210094139926,yes,13992,no,2016-11-07,13992,yes,"SN SDSS mag 22,9"
CSS150913:013836-044047,24.65048,-4.67984,20150913.45,17.2,1509130040094113753,yes,11375,no,2016-11-02,11375,yes,"SN (ASASSN-15pm) SDSS mag 14,8"
CSS130930:013836-192936,24.65208,-19.49326,20130930.4,18.66,1309300180094104003,yes,10400,no,2016-10-10,10400,yes,"SN (spec) SDSS mag 20,6"
CSS110701:013850+112121,24.70731,11.35593,20110701.45,15.25,1107011120094102684,no,10268,no,2016-11-05,10268,yes,HPM LHS_144
CSS150918:013850+112115,24.7083,11.35424,20150918.4,15.35,1509181120094101366,no,10136,no,2016-11-05,10136,yes,HPM LHS_144
CSS100116:013904-003712,24.76868,-0.62005,20100116.11,18.22,1001160010094128466,yes,12846,no,2016-11-02,12846,yes,"SN 2010S SDSS mag 22,3"
CSS111127:013905+193002,24.76942,19.50065,20111127.27,19.05,1111271180094145781,yes,14578,yes,2016-11-07,14578,yes,"AGN SDSS mag 20,7"
CSS130913:013913-025241,24.80422,-2.87795,20130913.38,18.95,1309130040094143775,yes,14377,no,2016-11-02,14377,yes,SN (spec) SDSS mag >22
CSS131030:013919+171418,24.82868,17.23837,20131030.27,18.99,1310301180094105274,yes,10527,no,2016-11-07,10527,yes,"SN SDSS mag 21,3"
CSS071215:013944+055947,24.93541,5.9964,20071215.13,19.06,712151070094103915,yes,3915,no,2016-11-07,3915,no,Ast no SDSS
CSS130113:014024-113511,25.09964,-11.58628,20130113.12,19.03,1301130120094138246,no,13824,yes,2016-11-06,13824,yes,"Blazar mag 20,2"
CSS151108:014041-082311,25.17008,-8.38629,20151108.22,18.23,1511080070094101285,yes,10128,no,2016-11-02,10128,yes,"CV SDSS mag 19,3"
CSS151003:014052+162540,25.21675,16.42788,20151003.37,18.79,1510031150094132222,yes,13222,no,2016-11-05,13222,yes,"SN SDSS mag 20,7"
CSS121009:014120-093343,25.33279,-9.56205,20121009.34,18.9,1210090090094131313,yes,13131,no,2016-11-06,13131,yes,SN SDSS mag 20
CSS140209:014137+114030,25.40524,11.67512,20140209.12,18.36,1402091120094104587,no,10458,no,2016-11-05,10458,yes,"Flare SDSS mag 21,3"
CSS101127:014150+090822,25.46001,9.13933,20101127.24,14.69,1011271090094109951,yes,10995,yes,2016-11-05,10995,yes,"CV mag 20,0"
CSS130902:014207+372314,25.53089,37.38732,20130902.46,13.16,1309021380084117815,no,11781,no,2016-10-27,11781,yes,HPM LHS_1285
CSS121008:014245+213928,25.68653,21.65791,20121008.36,17.0,1210081210094133123,yes,13312,no,2016-11-07,13312,yes,"SN SDSS mag 20,4"
CSS151130:014258+273410,25.74351,27.56958,20151130.26,17.6,1511301260094129432,yes,12943,no,2016-11-06,12943,yes,"SN SDSS mag 18,1"
CSS110702:014348+181252,25.94926,18.21434,20110702.45,18.6,1107021180094118167,yes,11816,no,2016-11-07,11816,yes,"SN SDSS mag 21,2"
CSS110701:014408+124812,26.03328,12.80337,20110701.45,17.87,1107011120104119909,yes,11990,no,2016-11-05,11990,yes,SN (spec) SDSS mag 21
CSS081031:014503+375633,26.26372,37.94255,20081031.39,13.09,810311380084125884,no,25884,no,2016-10-27,25884,no,"CV AR And mag 16,5"
CSS150924:014517+151600,26.32102,15.26653,20150924.41,18.84,1509241150104120201,yes,12020,no,2016-11-05,12020,yes,"SN SDSS mag 20,7"
CSS101017:014532+253215,26.38296,25.53758,20101017.33,17.53,1010171260094102098,yes,10209,no,2016-11-06,10209,yes,"SN 2010ji UGC_1230 z=0,0128 mag 16,0"
CSS110924:014538+282141,26.40939,28.36127,20110924.45,18.65,1109241290094101455,yes,10145,yes,2016-11-06,10145,yes,"CV SDSS mag 20,3"
CSS121113:014550+171800,26.4577,17.29994,20121113.34,17.94,1211131180104107175,yes,10717,yes,2016-11-07,10717,yes,"Flare SDSS mag 20,0"
CSS110701:014551+143502,26.4605,14.58386,20110701.45,18.28,1107011150104107901,yes,10790,no,2016-11-05,10790,yes,"SN SDSS mag 21,8"
CSS091016:014614+272653,26.55812,27.4481,20091016.34,19.58,910161260094136561,yes,36561,yes,2016-11-06,36561,yes,"Flare SDSS mag 21,9"
CSS130930:014706-111135,26.77559,-11.19302,20130930.44,18.96,1309300090104101264,no,10126,no,2016-11-06,10126,yes,"SN mag 21,5"
CSS091213:014710+171520,26.79053,17.25556,20091213.15,16.04,912131180104106336,yes,6336,yes,2016-11-07,6336,yes,"CV mag 19,5"
CSS121008:014717+321033,26.82052,32.17588,20121008.45,18.31,1210081320094121285,yes,12128,no,2016-11-06,12128,yes,"AGN SDSS mag 18,9"
CSS131108:014747+151721,26.94553,15.28929,20131108.29,19.51,1311081150104119089,yes,11908,no,2016-11-05,11908,yes,"AGN SDSS mag 20,9"
CSS100116:014748-031602,26.94834,-3.26732,20100116.11,18.81,1001160040104131814,yes,13181,no,2016-11-02,13181,yes,"SN SDSS mag 22,2"
CSS130902:014808+373329,27.03499,37.55798,20130902.46,18.69,1309021380084121592,no,12159,no,2016-10-27,12159,yes,SN mag 21
CSS150920:014830+174447,27.12467,17.74644,20150920.37,18.67,1509201180104113904,yes,11390,no,2016-11-07,11390,yes,"SN SDSS mag 20,6"
CSS141001:014927+070225,27.36128,7.0402,20141001.37,16.98,1410011070104121118,yes,12111,no,2016-11-07,12111,yes,"Flare SDSS mag 19,0"
CSS141224:014941+135416,27.41903,13.90438,20141224.15,18.63,1412241120104139934,yes,13993,no,2016-11-05,13993,yes,"SN SDSS mag 20,0"
CSS120126:014948+314450,27.44875,31.74712,20120126.16,17.13,1201261320094110231,yes,11023,yes,2016-11-06,11023,yes,SN 2012S SDSS mag 19
CSS091029:015021-124425,27.58823,-12.74036,20091029.25,16.29,910290120104118343,no,18343,no,2016-11-06,18343,yes,"CV mag 19,1"
CSS101213:015021-214432,27.58885,-21.74218,20101213.13,18.16,1012130210104111544,no,11154,yes,2016-10-11,11154,yes,"SN 2010lz mag >21,5"
CSS081024:015033+214733,27.63897,21.79246,20081024.29,19.4,810241210104130119,yes,30119,no,2016-11-07,30119,no,Comet C/2007 U1
CSS111006:015052+332622,27.71469,33.43934,20111006.31,15.32,1110061320094139400,yes,13940,no,2016-11-06,13940,yes,"CV SDSS mag 18,1"
CSS111230:015105+050335,27.77177,5.05977,20111230.13,18.43,1112301040104138020,yes,13802,no,2016-11-07,13802,yes,"SN SDSS mag 21,6"
CSS161005:015134+290523,27.89224,29.08975,20161005.23,18.46,1610051290094112842,yes,11284,no,2016-11-06,11284,yes,"SN SDSS mag 21,2"
CSS121120:015148+211622,27.9488,21.27265,20121120.16,18.46,1211201210104124196,yes,12419,no,2016-11-07,12419,yes,"SN 2012gd (Master) SDSS mag 15,6"
CSS090828:015152+140048,27.96621,14.01333,20090828.38,17.78,908281120104139170,yes,39170,no,2016-11-05,39170,yes,CV mag 20 SDSS_J0151+1400
CSS141118:015217-162442,28.07078,-16.41154,20141118.26,18.57,1411180150104107054,yes,10705,no,2016-11-06,10705,yes,"AGN SDSS mag 19,8"
CSS161021:015224+253647,28.09867,25.61313,20161021.31,17.21,1610211260104103466,yes,10346,no,2016-11-06,10346,yes,"Flare SDSS mag 21,0"
CSS081031:015232+332752,28.13212,33.46444,20081031.28,19.57,810311320094143660,yes,43660,yes,2016-11-06,43660,no,SN 2008gv mag >21 in SDSS_DR8
CSS150924:015235+191102,28.14753,19.18389,20150924.41,18.85,1509241180104136945,yes,13694,no,2016-11-07,13694,yes,"AGN SDSS mag 21,3"
CSS160209:015241+164429,28.17231,16.74137,20160209.13,19.54,1602091150104242288,yes,24228,no,2016-11-05,24228,yes,SN SDSS mag >22
CSS111118:015302+183230,28.25858,18.5418,20111118.15,19.81,1111181180104130016,yes,13001,no,2016-11-07,13001,yes,"Blazar SDSS mag 20,4"
CSS161013:015319+171853,28.33068,17.31481,20161013.25,17.75,1610131180104104884,yes,10488,no,2016-11-07,10488,yes,"SN SDSS mag 21,2"
CSS081026:015321+340857,28.33955,34.14903,20081026.34,16.35,810261350094107353,no,7353,yes,2016-11-06,7353,no,"CV mag 21,5"
CSS081001:015422-061627,28.59176,-6.27407,20081001.34,18.34,810010070114130714,yes,30714,no,2016-11-07,30714,no,"SN SDSS mag 19,5"
CSS081231:015453+015311,28.72024,1.88635,20081231.15,18.62,812311010114128410,yes,28410,yes,2016-11-07,28410,no,SN SDSS mag 19
CSS091123:015543+002807,28.93092,0.46871,20091123.19,17.18,911231010114107310,yes,7310,no,2016-11-07,7310,yes,"CV FL_Cet eclipsing SDSS mag 19,0"
CSS071101:015607+203404,29.02748,20.56764,20071101.26,18.69,711011210104109439,yes,9439,no,2016-11-07,9439,no,"SN SDSS mag 21,4 offset"
CSS121114:015625-242003,29.10222,-24.3343,20121114.22,17.76,1211140230104117851,no,11785,no,2016-10-11,11785,yes,"AGN mag 19,3"
CSS151114:015636+014817,29.14858,1.80468,20151114.29,18.43,1511141010114127759,yes,12775,no,2016-11-07,12775,yes,"AGN SDSS mag 19,4"
CSS131026:015653+015058,29.21961,1.84931,20131026.3,17.7,1310261010114127520,yes,12752,no,2016-11-07,12752,yes,"SN SDSS mag 18,8"
CSS160903:015653+320940,29.22245,32.16115,20160903.43,18.23,1609031320094120160,yes,12016,no,2016-11-06,12016,yes,"SDSS mag 20,2"
CSS121112:015704+264724,29.26688,26.79012,20121112.26,19.19,1211121260104125682,yes,12568,yes,2016-11-06,12568,yes,"AGN mag 20,1"
CSS130916:015712+224402,29.30083,22.73397,20130916.38,18.7,1309161230104102910,yes,10291,no,2016-11-07,10291,yes,"CV SDSS mag 21,8"
CSS080110:015730+082514,29.37618,8.42057,20080110.16,19.92,801101070114130042,yes,30042,no,2016-11-07,30042,no,"Flare SDSS mag 22,1"
CSS160902:015805-005222,29.5198,-0.8727,20160902.44,16.08,1609020010114127735,yes,12773,no,2016-11-02,12773,yes,"SN (2016ezh) SDSS mag 18,1"
CSS081220:015808+093640,29.53266,9.6112,20081220.13,19.9,812201090114114629,yes,14629,yes,2016-11-09,14629,no,"SN SDSS mag 19,8"
CSS130905:015812-041446,29.55149,-4.24615,20130905.44,19.82,1309050040114124314,yes,12431,no,2016-11-02,12431,yes,"SN (spec) SDSS mag 21,0"
CSS111030:015814-154404,29.55703,-15.73449,20111030.34,18.84,1110300150114120497,yes,12049,yes,2016-11-06,12049,yes,"Flare SDSS mag 21,4"
CSS151002:015838-073150,29.65959,-7.5305,20151002.41,18.79,1510020070114111453,yes,11145,no,2016-11-07,11145,yes,"SN SDSS mag 20,8"
CSS110924:015848-105610,29.69909,-10.93608,20110924.37,19.14,1109240090114106079,no,10607,yes,2016-11-06,10607,yes,AGN mag 20
CSS091111:015857-071658,29.73737,-7.28285,20091111.22,19.64,911110070114116490,yes,16490,yes,2016-11-07,16490,yes,SN 2009nf SDSS mag >22
CSS110930:015903+172311,29.76053,17.38626,20110930.39,18.78,1109301180114106824,yes,10682,yes,2016-11-07,10682,yes,"AGN SDSS mag 19,4"
CSS160922:015916+012955,29.81748,1.49869,20160922.45,13.66,1609221010114117243,yes,11724,no,2016-11-07,11724,yes,"Flare SDSS mag 15,5"
CSS121006:015926+014412,29.85829,1.73662,20121006.41,17.54,1210061010114123149,yes,12314,no,2016-11-07,12314,yes,"SN mag 19,0"
CSS081119:015930-012621,29.87601,-1.43924,20081119.18,18.24,811190010114124197,yes,24197,yes,2016-11-02,24197,no,SN SDSS mag 23
CSS151010:015940+045401,29.91753,4.90026,20151010.33,19.48,1510101040114130731,yes,13073,no,2016-11-07,13073,yes,"SN SDSS mag 20,7"
CSS151201:020004+134248,30.01511,13.7132,20151201.2,19.22,1512011120114134829,yes,13482,no,2016-11-05,13482,yes,"SN SDSS mag 20,1"
CSS080922:020008-112029,30.03375,-11.34146,20080922.43,19.19,809220120114125641,no,25641,yes,2016-11-06,25641,no,SN mag 18 PQ gal (p60)
CSS091109:020054+135215,30.22475,13.87093,20091109.24,19.12,911091120114144525,yes,44525,no,2016-11-05,44525,yes,"SN 2009nd SDSS mag 21,7"
CSS090117:020056+195727,30.23343,19.95745,20090117.17,19.28,901171210114102448,yes,2448,yes,2016-11-07,2448,no,CV PQ mag 21 obj
CSS130115:020106+115502,30.27614,11.91733,20130115.1,18.44,1301151120114110654,yes,11065,no,2016-11-05,11065,yes,"SN SDSS mag 23,0"
CSS121112:020130+261539,30.37368,26.26081,20121112.26,19.8,1211121260104115636,yes,11563,yes,2016-11-06,11563,yes,"SN (Master) SDSS mag 21,6"
CSS161013:020130+141534,30.37688,14.25937,20161013.3,17.42,1610131150114102277,yes,10227,no,2016-11-09,10227,yes,"SN SDSS mag 19,8"
CSS091106:020140+151958,30.41506,15.33282,20091106.25,18.19,911061150114118845,yes,18845,yes,2016-11-09,18845,yes,"SN 2009lf (P60) SDSS mag 15,0"
CSS140926:020145+003739,30.4371,0.62737,20140926.36,19.66,1409261010114109165,yes,10916,no,2016-11-07,10916,yes,"AGN SDSS mag 20,8"
CSS121016:020207+143447,30.52862,14.57973,20121016.31,17.94,1210161150114109011,yes,10901,no,2016-11-09,10901,yes,"AGN SDSS mag 18,4"
CSS160904:020208-094229,30.53147,-9.70794,20160904.47,18.85,1609040090114121233,yes,12123,no,2016-11-06,12123,yes,"AGN SDSS mag 20,4"
CSS140104:020225+144325,30.60214,14.72357,20140104.13,19.89,1401041150114109714,yes,10971,no,2016-11-09,10971,yes,"AGN SDSS mag 21,9"
CSS151101:020238+293141,30.65821,29.52818,20151101.22,18.57,1511011290104121578,yes,12157,no,2016-11-06,12157,yes,"SN SDSS mag 20,8"
CSS130917:020255+403704,30.72853,40.61777,20130917.24,17.97,1309171400094125147,no,12514,no,2016-11-06,12514,yes,CV mag 21
CSS091215:020320-074422,30.83298,-7.7394,20091215.21,19.42,912150070114111339,yes,11339,yes,2016-11-07,11339,yes,"SN CFHT SDSS mag 21,4"
CSS101214:020324-040046,30.85049,-4.01284,20101214.09,19.34,1012140040114122621,yes,12262,yes,2016-11-02,12262,yes,"Var SDSS mag 21,0"
CSS131030:020332+291655,30.88281,29.28199,20131030.25,18.9,1310301290104120647,yes,12064,no,2016-11-06,12064,yes,"AGN mag 19,3"
CSS151208:020401+434133,31.00445,43.69243,20151208.1,15.17,1512081430094139827,no,13982,no,2016-10-12,13982,yes,"CV mag 17,5"
CSS131224:020446-000718,31.19338,-0.12179,20131224.11,18.6,1312240010124142629,yes,14262,no,2016-11-07,14262,yes,"SN mag >22,5"
CSS150913:020513+060609,31.30548,6.10249,20150913.47,15.47,1509131070124107077,yes,10707,no,2016-11-07,10707,yes,"SN (LOSS) mag 13,9"
CSS130930:020518+000556,31.32461,0.09878,20130930.47,19.04,1309301010124101541,yes,10154,no,2016-11-07,10154,yes,"SN (spec) SDSS mag 21,5"
CSS150210:020538+264304,31.40666,26.71786,20150210.1,15.76,1502101260114122698,yes,12269,no,2016-11-06,12269,yes,"CV SDSS mag 19,6"
CSS120125:020603+253733,31.51378,25.62575,20120125.18,17.06,1201251260114103174,yes,10317,yes,2016-11-06,10317,yes,"Flare mag 18,6"
CSS101013:020615+183627,31.5641,18.60746,20101013.27,17.43,1010131180114127827,yes,12782,no,2016-11-07,12782,yes,HPM LHS_1341
CSS101007:020626-115040,31.60858,-11.84435,20101007.4,17.86,1010070120124133169,yes,13316,yes,2016-11-06,13316,yes,Blazar CGRaBS_J0206-1150 z=1
CSS101013:020630-080945,31.62379,-8.16244,20101013.4,20.01,1010130070124104320,yes,10432,yes,2016-11-07,10432,yes,"SN SDSS mag 21,4"
CSS121120:020633+205707,31.6394,20.95205,20121120.18,14.53,1211201210114118379,yes,11837,no,2016-11-07,11837,yes,"CV SDSS mag 15,5"
CSS081104:020655+153430,31.72743,15.57502,20081104.16,20.03,811041150114118891,yes,18891,yes,2016-11-09,18891,no,SN (MLS) SDSS mag >22
CSS101105:020703+205114,31.76049,20.85394,20101105.27,18.73,1011051210114114362,yes,11436,yes,2016-11-07,11436,yes,SN 2010li SDSS mag >22
CSS091215:020739-104749,31.91189,-10.79694,20091215.21,19.01,912150090124107296,no,7296,yes,2016-11-06,7296,yes,Blazar mag 21 CRATES_J020736-104729
CSS101207:020804+373217,32.01762,37.53794,20101207.23,15.48,1012071380104223832,no,22383,yes,2016-11-06,22383,yes,"CV mag 17,9"
CSS090205:020830+124418,32.12546,12.73847,20090205.11,17.47,902051120124117721,yes,17721,yes,2016-11-09,17721,no,"SN 2009ac SDSS mag 15,3 z=0,035"
CSS111018:020830-101704,32.12702,-10.28453,20111018.33,18.36,1110180090124117413,no,11741,yes,2016-11-06,11741,yes,Var
CSS081025:020848+284946,32.19968,28.8295,20081025.35,19.95,810251290114110356,yes,10356,yes,2016-11-06,10356,no,"SN SDSS mag 21,6"
CSS130905:020924-031050,32.35079,-3.18043,20130905.46,19.72,1309050040124139902,yes,13990,no,2016-11-07,13990,yes,"AGN SDSS mag 21,0"
CSS151208:020955+314538,32.47918,31.76066,20151208.16,17.95,1512081320104112890,yes,11289,no,2016-11-06,11289,yes,"Flare SDSS mag 22,3"
CSS101102:020958-195345,32.48986,-19.89597,20101102.31,18.68,1011020210114134767,no,13476,no,2016-10-11,13476,yes,SN mag >21
CSS161005:021041-011000,32.6699,-1.16676,20161005.3,19.08,1610050010124122001,yes,12200,no,2016-11-07,12200,yes,"SN SDSS mag 20,8"
CSS080130:021110+171624,32.79259,17.27342,20080130.13,14.38,801301180124103586,yes,3586,yes,2016-11-07,3586,no,"CV SDSS mag 19,2"
CSS131102:021122+395515,32.84209,39.92074,20131102.23,14.44,1311021400104112568,no,11256,no,2016-11-06,11256,yes,HPM GJ_1042
CSS080923:021134+235250,32.8916,23.88045,20080923.32,17.99,809231230114122872,yes,22872,yes,2016-11-07,22872,no,"SN 2008fx mag 20,5 2MASX_J02113233"
CSS131224:021207+170823,33.02907,17.13976,20131224.15,19.12,1312241180124103585,yes,10358,no,2016-11-07,10358,yes,"SN SDSS mag 22,3"
CSS111027:021241-055634,33.17246,-5.94282,20111027.37,19.23,1110270070124134909,yes,13490,no,2016-11-07,13490,yes,"SN SDSS mag 21,8"
CSS101214:021308+184416,33.28321,18.73771,20101214.26,15.86,1012141180124125553,yes,12555,yes,2016-11-07,12555,yes,"CV SDSS mag 20,0"
CSS140914:021317-071932,33.31973,-7.32559,20140914.46,18.45,1409140070124113149,yes,11314,no,2016-11-07,11314,yes,"Blazar SDSS mag 20,2"
CSS111227:021338-110933,33.40748,-11.15906,20111227.17,18.18,1112270090124101221,yes,10122,no,2016-11-06,10122,yes,"SN SDSS mag 21,0"
CSS121212:021426+052309,33.60746,5.38577,20121212.21,17.54,1212121040124143985,yes,14398,no,2016-11-07,14398,yes,"SN SDSS mag 17,9"
CSS151102:021432-081505,33.63206,-8.25143,20151102.24,19.03,1511020070124103073,yes,10307,no,2016-11-07,10307,yes,"SN SDSS mag 22,5"
CSS130913:021432-130724,33.63361,-13.12347,20130913.41,19.0,1309130120124115946,no,11594,no,2016-11-06,11594,yes,SN mag 21
CSS100213:021444+161055,33.68385,16.18206,20100213.16,18.85,1002131150124125627,yes,12562,yes,2016-11-09,12562,yes,"SN SDSS mag 20,8"
CSS130904:021454+195134,33.72375,19.85943,20130904.39,17.37,1309041210124102821,yes,10282,no,2016-11-07,10282,yes,"SN (spec) SDSS mag 15,4 2MASSX_21454"
CSS141026:021516+434727,33.81816,43.79071,20141026.17,17.25,1410261430094144519,no,14451,no,2016-10-12,14451,yes,HPM 2MASS_J0215
CSS130115:021518+105645,33.82697,10.94597,20130115.1,18.99,1301151090124141829,no,14182,no,2016-11-09,14182,yes,AGN mag 21
CSS091015:021538-032541,33.90667,-3.42807,20091015.31,16.71,910150040134134343,yes,34343,no,2016-10-30,34343,yes,"SN 2009ns SDSS mag 19,7"
CSS151031:021558+121414,33.99354,12.23727,20151031.27,15.46,1510311120124112847,yes,11284,no,2016-11-09,11284,yes,"SN (ASASSN-15rw) SDSS mag 18,0"
CSS091215:021639-101704,34.16183,-10.28434,20091215.21,18.86,912150090134115027,yes,15027,yes,2016-11-08,15027,yes,"Blazar mag 20,3 obj PMN_J0216-1017"
CSS081220:021652+135501,34.21861,13.91685,20081220.14,17.86,812201120124131860,yes,31860,yes,2016-11-09,31860,no,SN (Ia_P60_phot) SDSS mag >22
CSS120927:021714+404130,34.30786,40.69156,20120927.34,15.33,1209271400104123217,no,12321,no,2016-11-06,12321,yes,CV KV_And
CSS101209:021755-012151,34.47912,-1.36412,20101209.23,19.37,1012090010134125895,yes,12589,no,2016-11-07,12589,yes,"Blazar SDSS mag 21,9"
CSS121213:021824+163359,34.59985,16.56628,20121213.15,18.84,1212131150124142506,yes,14250,no,2016-11-09,14250,yes,"SN 2MASS_021823 mag 16,5"
CSS111103:021902-110027,34.7577,-11.00749,20111103.27,19.07,1111030090134103780,yes,10378,no,2016-11-08,10378,yes,"SN SDSS mag 21,3"
CSS091117:021921-184239,34.83822,-18.71077,20091117.27,17.97,911170180124117023,yes,17023,yes,2016-10-11,17023,yes,"Blazar PKS_0217-189 mag 18,6"
CSS080909:021927+355059,34.86228,35.84971,20080909.36,13.77,809091350114140756,no,40756,no,2016-11-06,40756,no,"Carb star mag 14,5"
CSS091215:022038+022415,35.15704,2.40408,20091215.14,18.63,912151010134138355,yes,38355,yes,2016-11-07,38355,yes,"SN 2009nu SDSS mag 18,0"
CSS090917:022047-144823,35.19696,-14.80649,20090917.37,15.46,909170150134129127,no,29127,yes,2016-11-08,29127,yes,"CV mag 19,5"
CSS131016:022105+365257,35.27061,36.88246,20131016.23,12.47,1310161380114105554,no,10555,no,2016-11-06,10555,yes,HPM CCDM_J02211
CSS090828:022154+102940,35.47357,10.49436,20090828.38,18.06,908281090134126513,no,26513,yes,2016-11-05,26513,yes,"Flare mag 19,6"
CSS091021:022212+124023,35.54821,12.67313,20091021.26,18.9,910211120134119519,yes,19519,no,2016-11-05,19519,yes,SN PQ mag 20 gal
CSS081102:022237-090760,35.65277,-9.1333,20081102.3,19.39,811020090134124727,yes,24727,yes,2016-11-08,24727,no,"SN SDSS mag 21,8 gal"
CSS130904:022242+281601,35.67532,28.26692,20130904.46,15.57,1309041290124101511,yes,10151,no,2016-11-06,10151,yes,"SN 2013fb (Tsuboi) IC_221 mag 13,7"
CSS161105:022310+115757,35.79305,11.9657,20161105.31,19.67,1611051120134110028,yes,11002,no,2016-11-05,11002,yes,SN SDSS mag >22
CSS141005:022316-070520,35.8152,-7.08902,20141005.36,17.41,1410050070134116305,yes,11630,no,2016-11-07,11630,yes,"SN (spec) SDSS mag 19,6"
CSS100112:022329+053531,35.86993,5.59182,20100112.11,18.65,1001121040134141846,yes,14184,yes,2016-11-07,14184,yes,"SN 2010L SDSS mag 20,0"
CSS080210:022401+015043,36.00274,1.84514,20080210.11,19.14,802101010134121620,yes,21620,no,2016-11-07,21620,no,"SN SDSS mag 22,2"
CSS080930:022409+264010,36.0369,26.66952,20080930.38,18.63,809301260124122345,yes,22345,no,2016-11-06,22345,no,"SN 2008fy mag 18 J022408,9+263952"
CSS081031:022411+355919,36.0477,35.98851,20081031.38,16.17,810311350114142207,no,42207,yes,2016-11-06,42207,no,CV mag 19 blue obj
CSS101019:022415-155112,36.06403,-15.85323,20101019.4,18.66,1010190150134113452,no,11345,yes,2016-11-08,11345,yes,SN 2010la mag 22
CSS150311:022422+211328,36.09366,21.22439,20150311.11,15.87,1503111210134119243,yes,11924,no,2016-11-05,11924,yes,"CV SDSS mag 19,9"
CSS101108:022436+372021,36.15181,37.33928,20101108.35,16.58,1011081380114117622,no,11762,yes,2016-11-06,11762,yes,"CV mag 20,5"
CSS071102:022517-071212,36.32211,-7.20344,20071102.26,19.09,711020070134114830,yes,14830,no,2016-11-07,14830,no,"Flare SDSS mag 21,7"
CSS121115:022555+373405,36.47923,37.5681,20121115.26,17.51,1211151380114123352,no,12335,no,2016-11-06,12335,yes,CV FS_And
CSS141117:022623+273934,36.59699,27.65955,20141117.22,16.94,1411171260124140249,no,14024,no,2016-11-06,14024,yes,"SN (PSN_J022623) UGC_1899 mag 14,8"
CSS090920:022632+210654,36.6347,21.11495,20090920.48,17.88,909201210134121543,yes,21543,yes,2016-11-05,21543,yes,CV SDSS mag >22
CSS100915:022634+093844,36.64269,9.64566,20100915.44,17.41,1009151090134116882,no,11688,yes,2016-11-05,11688,yes,Blazar
CSS100911:022648+152539,36.6982,15.42746,20100911.42,18.87,1009111150134118640,no,11864,yes,2016-11-05,11864,yes,CV (spec)
CSS111128:022717+020200,36.81909,2.03338,20111128.21,17.42,1111281010144134599,yes,13459,yes,2016-11-07,13459,yes,"AGN SDSS mag 19,1"
CSS101011:022913+032340,37.30476,3.39431,20101011.35,19.27,1010111040144109294,yes,10929,yes,2016-11-07,10929,yes,"AGN SDSS mag 19,7"
CSS150120:022923-073432,37.34459,-7.57561,20150120.11,17.96,1501200070144111400,yes,11140,no,2016-11-07,11140,yes,"SN SDSS mag 21,0"
CSS130930:022940-030620,37.41801,-3.10567,20130930.49,16.21,1309300040144138533,yes,13853,no,2016-11-07,13853,yes,"CV SDSS mag 20,5"
CSS121107:023126+073032,37.85946,7.50887,20121107.32,18.92,1211071070144131502,yes,13150,no,2016-11-07,13150,yes,"SN SDSS mag 20,7"
CSS101029:023212+303636,38.04864,30.61,20101029.22,18.42,1010291290124145820,yes,14582,yes,2016-11-06,14582,yes,"CV mag 20,1"
CSS131224:023218+212428,38.07691,21.40786,20131224.15,18.35,1312241210134128201,yes,12820,no,2016-11-05,12820,yes,"SN (spec) sSDSS mag 20,7"
CSS081031:023228+300051,38.11492,30.01413,20081031.3,19.44,810311290124131194,yes,31194,yes,2016-11-06,31194,no,SN SDSS mag >20 in SDSS_DR8
CSS110921:023256+080508,38.23516,8.08562,20110921.41,18.48,1109211070144138167,no,13816,no,2016-11-07,13816,yes,"Flare mag 19,3"
CSS090920:023303+184822,38.26099,18.80611,20090920.48,18.88,909201180144126942,no,26942,yes,2016-11-09,26942,yes,CV mag >21
CSS150920:023316+191525,38.31778,19.25694,20150920.39,16.65,1509201180144139355,no,13935,no,2016-11-09,13935,yes,"SN (Gagliano) mag 18,5"
CSS151013:023337-271008,38.40218,-27.1688,20151013.38,17.71,1510130260134113719,no,11371,no,2015-10-13,11371,yes,"CV mag 19,5"
CSS131026:023346-022524,38.44089,-2.42322,20131026.34,18.98,1310260010144106354,yes,10635,no,2016-11-07,10635,yes,"AGN SDSS mag 19,9"
CSS121014:023348+034116,38.4517,3.6877,20121014.35,18.18,1210141040144113641,yes,11364,no,2016-11-07,11364,yes,"AGN SDSS mag 19,1"
CSS141012:023353+114303,38.4689,11.71745,20141012.44,19.17,1410121120144105711,no,10571,no,2016-11-05,10571,yes,AGN mag 21
CSS130301:023413+174537,38.55433,17.76041,20130301.11,13.87,1303011180144110751,no,11075,no,2016-11-09,11075,yes,HPM LHS_156
CSS141005:023428-045431,38.61586,-4.90858,20141005.32,14.5,1410050040144108922,yes,10892,no,2016-11-07,10892,yes,"CV (ASASSN-14dx) SDSS mag 16,4"
CSS080909:023504+324038,38.76669,32.67715,20080909.36,17.71,809091320124130639,no,30639,no,2016-11-06,30639,no,"CV mag 20,5"
CSS131026:023505+030301,38.77102,3.05017,20131026.27,19.29,1310261040144104091,yes,10409,no,2016-11-07,10409,yes,"AGN SDSS mag 20,2"
CSS091014:023534+155153,38.89028,15.86463,20091014.29,16.98,910141150144125644,no,25644,yes,2016-11-09,25644,yes,"CV (spec) PQ mag 22,5"
CSS120919:023534-103320,38.89179,-10.55561,20120919.43,17.91,1209190090144112412,no,11241,no,2016-11-08,11241,yes,"AGN mag 18,9"
CSS100115:023538-004327,38.90649,-0.72404,20100115.18,18.81,1001150010144126826,yes,12682,no,2016-11-07,12682,yes,Blazar (spec)
CSS111030:023613+085848,39.0559,8.97996,20111030.31,19.26,1110301090144110100,no,11010,yes,2016-11-05,11010,yes,"SN mag 21,5"
CSS091106:023638+111157,39.15835,11.19919,20091106.37,16.23,911061090144134618,no,34618,no,2016-11-05,34618,yes,"CV mag 19,5"
CSS130904:023722+233146,39.3436,23.52933,20130904.4,19.42,1309041230134116994,no,11699,no,2016-11-05,11699,yes,"AGN mag 20,0"
CSS100930:023742+150347,39.42535,15.06296,20100930.41,19.38,1009301150144112871,no,11287,yes,2016-11-09,11287,yes,"SN mag 20,5"
CSS130314:023752+290424,39.46494,29.07344,20130314.12,16.34,1303141290134114251,yes,11425,no,2016-11-06,11425,yes,"Flare SDSS mag 18,2"
CSS111018:023752+284809,39.46828,28.80241,20111018.49,16.15,1110181290134107909,yes,10790,yes,2016-11-06,10790,yes,Blazar HB89_0234+285
CSS081201:023759+013029,39.49713,1.50813,20081201.25,18.35,812011010154118536,yes,18536,yes,2016-11-07,18536,no,"SN SDSS mag 21,7"
CSS090729:023820+153323,39.58281,15.55644,20090729.45,18.74,907291150144119737,no,19737,yes,2016-11-09,19737,yes,Blazar PQ mag 21
CSS081104:023839+163700,39.66221,16.61665,20081104.19,15.47,811041150144132384,no,32384,yes,2016-11-09,32384,no,Blazar AO 0235+16 Mag 18
CSS081026:023839+355648,39.66294,35.94676,20081026.35,14.14,810261350124145648,no,45648,yes,2016-11-06,45648,no,"CV mag >20,5"
CSS131030:023903+172353,39.76431,17.39797,20131030.29,19.68,1310301180144107762,no,10776,no,2016-11-09,10776,yes,"AGN mag 20,0"
CSS091021:023908+113905,39.78148,11.65127,20091021.25,19.78,910211120144106110,no,6110,yes,2016-11-05,6110,yes,Blazar mag 21
CSS101003:023945-023441,39.93947,-2.57795,20101003.42,18.08,1010030010154103863,yes,10386,yes,2016-11-07,10386,yes,"Blazar 0237-027 z=1,116"
CSS131110:023957-083124,39.98899,-8.52341,20131110.3,18.46,1311100090154141987,yes,14198,no,2016-11-08,14198,yes,"SN (spec) SDSS mag 20,9"
CSS120918:024002-024322,40.0078,-2.72267,20120918.46,17.64,1209180010154103293,yes,10329,no,2016-11-07,10329,yes,"AGN SDSS mag 18,4"
CSS090117:024006+235657,40.02516,23.94911,20090117.19,19.98,901171230144121971,no,21971,yes,2016-11-05,21971,no,Flare PQ 22 mag obj
CSS071102:024106-033814,40.27381,-3.63711,20071102.26,19.66,711020040154124879,yes,24879,no,2016-11-07,24879,no,"SN 2007no (PQ) SDSS mag >22,5"
CSS131110:024110-210129,40.29168,-21.02479,20131110.28,17.49,1311100210144121990,no,12199,no,2016-10-11,12199,yes,"SN (2013gj) mag 19,5"
CSS111024:024216+354047,40.56719,35.67976,20111024.4,15.39,1110241350124145757,no,14575,no,2016-11-06,14575,yes,CV PU_Per
CSS120127:024237-144610,40.6521,-14.76943,20120127.14,18.92,1201270150154131595,no,13159,yes,2016-11-08,13159,yes,SN DSS mag 21
CSS111118:024253+380403,40.72253,38.0676,20111118.31,17.4,1111181380124132585,no,13258,no,2016-11-06,13258,yes,CV PV_Per
CSS101009:024314+195727,40.80857,19.95751,20101009.4,19.35,1010091210144103864,yes,10386,yes,2016-11-05,10386,yes,"AGN SDSS mag 21,2"
CSS131026:024354-160314,40.97542,-16.05383,20131026.38,14.3,1310260150154113290,yes,11329,no,2016-11-08,11329,yes,"CV mag 20,2"
CSS121121:024415+413415,41.06112,41.57071,20121121.18,18.02,1211211400124152237,no,15223,no,2016-11-06,15223,yes,CV (Master) DSS mag 21
CSS150118:024435+195222,41.14446,19.87282,20150118.15,19.42,1501181210144102039,yes,10203,no,2016-11-05,10203,yes,"SN SDSS mag 20,8"
CSS121112:024457+353043,41.23707,35.51196,20121112.33,17.4,1211121350134141376,no,14137,yes,2016-10-29,14137,yes,"SN mag 19,4"
CSS071102:024457-044918,41.23843,-4.82158,20071102.26,18.75,711020040154110403,yes,10403,no,2016-11-07,10403,no,"SN SDSS mag 21,8 gal"
CSS071112:024457+352249,41.23924,35.38036,20071112.2,18.31,711121350134134677,no,34677,no,2016-10-29,34677,no,CV DSS mag 21
CSS121120:024458+273109,41.2408,27.51922,20121120.25,14.32,1211201260144138885,no,13888,no,2016-11-06,13888,yes,CV BB_Ari
CSS081031:024517+333126,41.32185,33.52381,20081031.31,15.2,810311320134149051,no,49051,no,2016-11-06,49051,no,"CV UW Tri mag 21,5"
CSS081030:024520-025628,41.33199,-2.94107,20081030.26,16.73,810300040154130307,yes,30307,yes,2016-11-07,30307,no,"Blazar mag 18,6 red radio PMN"
CSS101013:024537-111239,41.40497,-11.21095,20101013.4,17.16,1010130090154101363,no,10136,yes,2016-11-08,10136,yes,SN 2010kz mag 19
CSS080211:024602+345508,41.50993,34.91894,20080211.11,14.89,802111350134121217,no,21217,no,2016-10-29,21217,no,CV CSS mag 19 Antipin V80
CSS080213:024607-073834,41.53011,-7.64272,20080213.09,17.26,802130070154109278,yes,9278,no,2016-11-07,9278,no,"SN 2008al z=0,03 SDSS mag 14"
CSS091215:024616-045940,41.56687,-4.99438,20091215.17,14.29,912150040154110919,yes,10919,no,2016-11-07,10919,yes,HPM star LHS_17
CSS111001:024616-045943,41.56774,-4.99524,20111001.37,14.35,1110010040154108586,yes,10858,no,2016-11-07,10858,yes,HPM LHS_17
CSS131005:024616-045947,41.56868,-4.99628,20131005.39,14.33,1310050040154108638,yes,10863,no,2016-11-07,10863,yes,HPM LHS_17
CSS150925:024617-045950,41.56962,-4.99732,20150925.36,14.36,1509250040154107945,yes,10794,no,2016-11-07,10794,yes,HPM LHS_17
CSS121202:024733+345828,41.88598,34.97443,20121202.32,15.48,1212021350134123988,no,12398,no,2016-10-29,12398,yes,CV V368_Per
CSS090830:024752-012051,41.96646,-1.34761,20090830.41,19.06,908300010154119826,yes,19826,yes,2016-11-07,19826,yes,"SN SDSS mag 20,4"
CSS081220:024813+211047,42.05533,21.17979,20081220.2,19.26,812201210154117782,yes,17782,yes,2016-10-28,17782,no,"SN (MLS) SDSS mag 21,6"
CSS160112:024814+293830,42.05755,29.64155,20160112.25,17.18,1601121290144125481,yes,12548,no,2016-11-06,12548,yes,"SN SDSS mag 19,3"
CSS101110:024837+072412,42.15479,7.40328,20101110.29,18.05,1011101070154125768,no,12576,yes,2016-11-07,12576,yes,SN 2010kj MLS101102 mag 21
CSS101029:024845+320639,42.18743,32.11092,20101029.22,18.21,1010291320134122717,yes,12271,yes,2016-11-06,12271,yes,"CV SDSS mag >22,0"
CSS111030:024850-080430,42.20706,-8.07505,20111030.38,18.74,1110300070154106463,yes,10646,no,2016-11-07,10646,yes,"SN (Master) SDSS mag 21,0"
CSS131102:024850+401448,42.20941,40.24677,20131102.23,16.56,1311021400124123088,no,12308,no,2016-11-06,12308,yes,CV mag 21
CSS080923:024916+233638,42.31609,23.61044,20080923.31,19.7,809231230144114335,no,14335,no,2016-11-05,14335,no,Ast
CSS101010:025000+373922,42.50058,37.65616,20101010.27,14.59,1010101380134129854,no,12985,no,2016-11-06,12985,yes,CV PY_Per
CSS121120:025018+322440,42.57339,32.41108,20121120.25,17.03,1211201320134127533,yes,12753,no,2016-11-06,12753,yes,"SN 2012gz SDSS mag 20,2"
CSS120924:025113+202319,42.80435,20.38864,20120924.48,19.49,1209241210154109886,yes,10988,yes,2016-10-28,10988,yes,"SN SDSS mag 22,1"
CSS101116:025116-035308,42.81571,-3.88563,20101116.26,17.88,1011160040164121254,yes,12125,no,2016-11-07,12125,yes,HPM mag 18
CSS120918:025116-035311,42.81638,-3.8865,20120918.46,17.93,1209180040164133578,yes,13357,no,2016-11-07,13357,yes,HPM 2MASS_J02511490
CSS131109:025116-035314,42.81687,-3.88719,20131109.29,18.02,1311090040164127564,yes,12756,no,2016-11-07,12756,yes,HPM 2MASS_J025114
CSS151003:025116-035317,42.81709,-3.88816,20151003.5,18.11,1510030040164121451,yes,12145,no,2016-11-07,12145,yes,HPM
CSS111122:025206+071046,43.02493,7.17931,20111122.23,18.78,1111221070164127486,no,12748,no,2016-11-07,12748,yes,SN SDSS mag >22
CSS121013:025247+015544,43.19461,1.92886,20121013.36,13.84,1210131010164129332,yes,12933,no,2016-11-07,12933,yes,HPM LHS_161
CSS140211:025304+165158,43.26758,16.86618,20140211.15,12.49,1402111150154136448,no,13644,no,2016-11-09,13644,yes,HPM GAT_1370
CSS150207:025304+165155,43.26858,16.86533,20150207.12,12.52,1502071150154145908,no,14590,no,2016-11-09,14590,yes,HPM GAT_1370
CSS100112:025314+151808,43.3092,15.3022,20100112.14,19.35,1001121150154120180,no,12018,yes,2016-11-09,12018,yes,SN (spec) mag 23 NOAO
CSS081118:025315+200613,43.31195,20.10368,20081118.15,18.97,811181210154107320,yes,7320,yes,2016-10-28,7320,no,"SN SDSS mag 21,3 gal"
CSS111103:025321-021157,43.33746,-2.19916,20111103.31,19.83,1111030010164113022,yes,11302,yes,2016-11-07,11302,yes,"AGN SDSS mag 21,1"
CSS101128:025330+094536,43.37624,9.76,20101128.3,18.94,1011281090164116065,no,11606,no,2016-11-09,11606,yes,SN mag 21
CSS090918:025334+321721,43.39006,32.28918,20090918.38,17.38,909181320144128368,yes,28368,yes,2016-11-06,28368,yes,"Blazar CRATES_J025333+321726 SDSS mag 20,7"
CSS141124:025356+341459,43.48441,34.24962,20141124.22,18.05,1411241350134109175,yes,10917,no,2016-10-29,10917,yes,"AGN SDSS mag 19,3"
CSS150118:025445+341852,43.68826,34.31435,20150118.21,18.69,1501181350134110006,yes,11000,no,2016-10-29,11000,yes,HPM LSPM_J0254+3419
CSS141227:025531+231336,43.87833,23.22679,20141227.13,18.91,1412271230154110166,no,11016,no,2016-10-28,11016,yes,"SN mag 20,5"
CSS121020:025543-230831,43.93023,-23.14185,20121020.32,18.19,1210200230154132703,no,13270,no,2016-10-11,13270,yes,"AGN mag 19,8"
CSS150123:025554+010011,43.97459,1.00301,20150123.15,18.33,1501231010164113549,yes,11354,no,2016-11-07,11354,yes,SN (spec) SDSS mag 22
CSS121013:025604+005601,44.01826,0.93362,20121013.36,19.24,1210131010164113786,yes,11378,no,2016-11-07,11378,yes,"SN (PS1-12bwa) SDSS mag 21,0"
CSS161007:025606+274205,44.0261,27.70148,20161007.4,17.08,1610071260154236648,yes,23664,no,2016-11-06,23664,yes,"SN (MASTER) mag 16,2"
CSS091021:025613-103359,44.05362,-10.5664,20091021.35,15.07,910210090164109136,no,9136,no,2016-11-08,9136,yes,"CV mag 19,2"
CSS090128:025615+191611,44.06248,19.26978,20090128.08,18.31,901281180164132364,yes,32364,yes,2016-11-09,32364,no,"CV SDSS mag 22,5 object"
CSS080927:025621-121855,44.08858,-12.31528,20080927.41,19.44,809270120164124439,no,24439,no,2016-11-08,24439,no,CV mag 21
CSS130912:025702-001844,44.26039,-0.31226,20130912.4,19.47,1309120010164143104,yes,14310,no,2016-11-07,14310,yes,SN SDSS mag >22
CSS090730:025707+180109,44.27979,18.01923,20090730.42,16.49,907301180164117377,no,17377,yes,2016-11-09,17377,yes,SN 2009is CSS mag 19 gal
CSS121122:025711+112343,44.29668,11.3953,20121122.23,18.69,1211221120164101986,no,10198,no,2016-11-09,10198,yes,"SN mag >21,5"
CSS151016:025802+153230,44.50894,15.54176,20151016.4,18.59,1510161150164123038,no,12303,no,2016-11-09,12303,yes,"SN mag 19,6"
CSS111026:025825+351907,44.60245,35.31864,20111026.26,18.55,1110261350144140084,yes,14008,no,2016-11-06,14008,yes,SN SDSS mag 21
CSS151023:025826+180348,44.60848,18.0634,20151023.35,19.12,1510231180164117087,no,11708,no,2016-11-09,11708,yes,"AGN mag > 21,5"
CSS121009:025917-141610,44.82264,-14.26955,20121009.47,19.16,1210090150164136276,no,13627,no,2016-10-20,13627,yes,"SN (spec) mag >21,5"
CSS131230:025919-092722,44.83111,-9.45623,20131230.18,14.66,1312300090164126800,no,12680,no,2016-11-08,12680,yes,"CV mag 20,2"
CSS130917:025927+074740,44.86276,7.79438,20130917.42,17.39,1309171070164130218,no,13021,yes,2016-11-07,13021,yes,"Blazar mag 19,5"
CSS090916:025939-091158,44.91344,-9.19953,20090916.43,19.2,909160090164129042,no,29042,no,2016-11-08,29042,yes,SN mag 21 source
CSS131101:025939+015357,44.91391,1.89923,20131101.35,19.62,1311011010164128734,yes,12873,yes,2016-11-07,12873,yes,"Flare mag 22,5"
CSS141021:030020+023026,45.08274,2.50709,20141021.37,18.9,1410211010174137315,yes,13731,no,2016-11-09,13731,yes,"SN SDSS mag 21,5"
CSS090730:030050+163123,45.20713,16.523,20090730.42,16.38,907301150164137251,no,37251,yes,2016-11-09,37251,yes,Flare star
CSS091117:030116-033429,45.31612,-3.57461,20091117.3,19.34,911170040174132508,yes,32508,yes,2016-11-07,32508,yes,Blazar mag 21 CRATES_J030114-033423
CSS090928:030141+241541,45.41915,24.2615,20090928.34,19.29,909281230154128739,no,28739,no,2016-10-28,28739,yes,"CV mag 20,5 DSS outburst"
CSS071107:030208+142620,45.534,14.43885,20071107.32,19.57,711071150164104384,no,4384,no,2016-11-09,4384,no,SN (MLS) mag 22
CSS110310:030301-012439,45.75382,-1.41078,20110310.11,18.56,1103100010174116151,yes,11615,no,2016-11-07,11615,yes,"SN SDSS mag 20,0"
CSS141021:030330-053334,45.87681,-5.55944,20141021.4,18.18,1410210040174101556,yes,10155,no,2016-11-07,10155,yes,SN (spec) SDSS mag 21
CSS131126:030355+175540,45.98059,17.9279,20131126.2,18.91,1311261180164118625,no,11862,no,2016-11-09,11862,yes,AGN mag 20
CSS131108:030400+253131,45.99827,25.52539,20131108.34,18.97,1311081260154102489,no,10248,no,2016-11-06,10248,yes,"AGN mag 20,2"
CSS080924:030409+130127,46.03746,13.02429,20080924.39,19.25,809241120174124977,no,24977,no,2016-11-09,24977,no,Ast
CSS101113:030504-194039,46.26484,-19.67744,20101113.31,17.79,1011130180164101206,no,10120,no,2016-10-11,10120,yes,SN 2010ly mag >21
CSS080923:030532+200559,46.38421,20.09979,20080923.31,18.86,809231210164105500,yes,5500,no,2016-11-09,5500,no,Ast No SDSS
CSS101014:030535-092005,46.39705,-9.33468,20101014.37,18.25,1010140090174125659,no,12565,no,2016-10-21,12565,yes,CV 1WGA_J0305
CSS150208:030550+205517,46.45648,20.92127,20150208.12,17.9,1502081210164117530,no,11753,no,2016-11-09,11753,yes,"AGN SDSS mag 18,0"
CSS120918:030602-033101,46.50707,-3.517,20120918.46,18.31,1209180040174139651,no,13965,no,2016-11-07,13965,yes,HPM
CSS120919:030630-074053,46.62384,-7.68135,20120919.43,13.77,1209190070174113766,yes,11376,no,2016-11-02,11376,yes,HPM LHS_156
CSS100214:030635+230620,46.64744,23.10565,20100214.15,19.01,1002141230164108008,no,10800,no,2016-11-09,10800,yes,SN mag 21 NOAO gal
CSS080906:030704+161952,46.76802,16.33124,20080906.47,18.9,809061150174130714,no,30714,no,2016-11-09,30714,no,SN no DSS or PQ mag
CSS081031:030729+324306,46.87011,32.71847,20081031.36,17.65,810311320154134708,no,34708,yes,2016-11-06,34708,no,CV no DSS mag >21
CSS151211:030840+355914,47.1662,35.98713,20151211.18,17.73,1512111350144153125,no,15312,no,2016-11-06,15312,yes,SN mag 21
CSS071216:030849+264833,47.20288,26.80914,20071216.25,19.67,712161260164123286,yes,23286,no,2016-11-06,23286,no,Variable flare star?
CSS120313:030852+171803,47.21706,17.30089,20120313.12,17.39,1203131180174105289,no,10528,no,2016-11-09,10528,yes,SN 2012az mag 16 2MASX_J030851
CSS100108:030904+102917,47.26511,10.48795,20100108.13,17.39,1001081090174129448,yes,12944,yes,2016-11-09,12944,yes,"Blazar HB89_0306+102 z=0,863"
CSS131003:030909-113532,47.28791,-11.5921,20131003.37,18.89,1310030120174141423,no,14142,no,2016-10-21,14142,yes,SN (spec) mag 17
CSS140901:030912+200948,47.30023,20.16336,20140901.45,18.2,1409011210164107559,yes,10755,no,2016-11-09,10755,yes,"AGN SDSS mag 19,9"
CSS131204:030914+242506,47.30687,24.41828,20131204.18,15.38,1312041230164232583,no,23258,no,2016-11-09,23258,yes,HPM 2MASS_J030913
CSS090213:030920+160505,47.33244,16.08481,20090213.14,16.83,902131150174130910,no,30910,yes,2016-11-09,30910,no,SN 2009aq NOAO_DeepEcl mag 23
CSS141117:030930+263804,47.37417,26.63455,20141117.22,13.38,1411171260164123577,yes,12357,no,2016-11-06,12357,yes,"CV (PNV_J030930) SDSS mag 18,9"
CSS071108:030945+295251,47.43831,29.8808,20071108.31,15.53,711081290154130838,no,30838,no,2016-11-06,30838,no,CV mag 19
CSS110204:031013+065516,47.55284,6.92125,20110204.18,18.37,1102041070174118422,no,11842,yes,2016-11-09,11842,yes,"SN mag 19,5"
CSS121114:031022-261804,47.59109,-26.30118,20121114.34,18.32,1211140260164132316,no,13231,no,2015-10-13,13231,yes,"SN mag 17,8"
CSS081010:031028-205922,47.61465,-20.98954,20081010.33,18.44,810100210174114826,no,14826,yes,2016-10-11,14826,no,"SN (SSS) mag 20,5"
CSS090925:031033-094506,47.63657,-9.75163,20090925.44,16.2,909250090174119865,no,19865,no,2016-10-21,19865,yes,CV CP_Eri mag 20
CSS090202:031050+381454,47.70764,38.24825,20090202.1,17.0,902021380144141949,yes,41949,yes,2016-11-06,41949,no,Blazar B3 0307+380
CSS121015:031052-075460,47.71529,-7.91665,20121015.39,16.05,1210150070174107414,yes,10741,no,2016-11-02,10741,yes,CV SDSS_031051
CSS160102:031116+370504,47.81788,37.08434,20160102.26,18.21,1601021380144110066,no,11006,no,2016-11-06,11006,yes,"CV mag >21,5"
CSS090928:031201+313315,48.00215,31.55424,20090928.31,16.64,909281320154111937,no,11937,no,2016-11-06,11937,yes,"Flare mag 17,2"
CSS090828:031224+130219,48.10205,13.03861,20090828.43,19.95,908281120174126442,no,26442,yes,2016-11-09,26442,yes,AGN
CSS110225:031227+191506,48.11062,19.25177,20110225.15,17.62,1102251180174134438,yes,13443,no,2016-11-09,13443,yes,"SN 2011ag ARK_098 z=0,032 mag 15,1"
CSS151003:031325+044630,48.35331,4.77511,20151003.35,12.51,1510031040184124629,yes,12462,no,2016-11-09,12462,yes,HPM CD_Cet
CSS111115:031325+184925,48.35543,18.82361,20111115.36,13.43,1111151180174127137,yes,12713,no,2016-11-09,12713,yes,HPM LHS_169
CSS150918:031326+184921,48.35691,18.8225,20150918.44,13.52,1509181180174134302,yes,13430,no,2016-11-09,13430,yes,HPM Wolf_134
CSS141022:031420+262913,48.58495,26.48697,20141022.41,18.34,1410221260164120719,yes,12071,no,2016-11-06,12071,yes,"Flare mag 20,1"
CSS131003:031434-162126,48.6425,-16.35722,20131003.37,19.16,1310030150174109582,no,10958,no,2016-10-21,10958,yes,"AGN mag 20,3"
CSS101207:031441+271229,48.67079,27.2081,20101207.29,17.36,1012071260164133182,yes,13318,yes,2016-11-06,13318,yes,CV mag 21
CSS130206:031504+175224,48.76771,17.87336,20130206.15,18.91,1302061180174118628,yes,11862,no,2016-11-09,11862,yes,"Blazar SDSS mag 20,3"
CSS071206:031525-014051,48.8521,-1.68097,20071206.18,20.05,712060010184115479,no,15479,no,2016-11-07,15479,no,Var blue in PQ
CSS111231:031745-001651,49.43767,-0.28079,20111231.23,18.26,1112310010184138365,yes,13836,yes,2016-11-07,13836,yes,"Flare SDSS mag 20,1"
CSS120225:031846+213437,49.69031,21.57683,20120225.13,17.47,1202251210174133400,no,13340,no,2016-11-09,13340,yes,Blazar
CSS100216:031850+330937,49.7093,33.16015,20100216.16,14.67,1002161320164145926,no,14592,yes,2016-11-06,14592,yes,Carbon star IRAS_03157+3258
CSS081107:031931+190319,49.8809,19.05529,20081107.3,19.71,811071180184131656,yes,31656,yes,2016-11-09,31656,no,"SN SDSS 21,9 gal"
CSS131002:031955-074808,49.97794,-7.80232,20131002.38,18.86,1310020070184210953,yes,21095,no,2016-11-02,21095,yes,SN (spec) SDSS mag 22
CSS101028:031958-144708,49.9896,-14.78553,20101028.39,18.62,1010280150184125549,yes,12554,yes,2016-10-21,12554,yes,"SN 2010lb SDSS mag 21,6"
CSS131126:032030+211829,50.12408,21.30801,20131126.2,19.69,1311261210174128813,no,12881,no,2016-11-09,12881,yes,SN mag 18
CSS081222:032033+064305,50.13834,6.7181,20081222.19,17.01,812221070184114632,no,14632,yes,2016-11-09,14632,no,"CV PQ blue obj mag 19,5"
CSS080924:032101+152210,50.25253,15.36951,20080924.4,20.25,809241150184119649,no,19649,no,2016-11-09,19649,no,Ast
CSS131007:032109+063057,50.28583,6.51592,20131007.43,19.75,1310071070184110974,yes,11097,no,2016-11-09,11097,yes,"AGN SDSS mag 21,8"
CSS131106:032129+180827,50.36905,18.14086,20131106.33,18.09,1311061180184119159,yes,11915,no,2016-11-09,11915,yes,"CV SDSS mag 21,5"
CSS100113:032138+263650,50.40662,26.61396,20100113.14,18.64,1001131260174125958,no,12595,yes,2016-11-06,12595,yes,"SN 2010M mag 20,5"
CSS101107:032156-005921,50.48275,-0.9891,20101107.34,13.23,1011070010184229345,yes,22934,no,2016-11-07,22934,yes,HPM LHS_1539
CSS111230:032201+084357,50.50294,8.7325,20111230.19,18.21,1112301090184104199,no,10419,yes,2016-11-09,10419,yes,"Flare mag 19,5"
CSS130302:032223+303429,50.59532,30.57484,20130302.16,18.63,1303021290164141488,no,14148,no,2016-11-06,14148,yes,Flare mag 21
CSS121023:032457-203456,51.23879,-20.58227,20121023.4,18.23,1210230210184130483,no,13048,yes,2016-10-11,13048,yes,"Flare mag 18,9"
CSS091211:032537+222400,51.40327,22.40007,20091211.28,17.72,912111210184153058,no,53058,yes,2016-11-05,53058,yes,"Blazar CGRaBS_J0325+2224 z=2,0"
CSS101107:032602-004948,51.50831,-0.82999,20101107.34,19.45,1011070010194233970,yes,23397,yes,2016-11-08,23397,yes,"SN 2010ka SDSS mag 20,4"
CSS080110:032627+070744,51.61357,7.129,20080110.19,17.66,801101070194114719,no,14719,no,2016-11-09,14719,no,CV PQ mag 21 burst DSS
CSS151109:032647-163538,51.69714,-16.59387,20151109.34,19.5,1511090150184104648,no,10464,no,2016-10-21,10464,yes,SN mag 21
CSS100219:032652+011513,51.7154,1.25368,20100219.11,17.8,1002191010194118882,yes,11888,no,2016-11-09,11888,yes,"CV SDSS mag 21,2"
CSS140930:032700+143957,51.74966,14.6658,20140930.49,13.35,1409301150184108915,yes,10891,no,2016-11-09,10891,yes,Var IRAS_03242+1429
CSS090928:032812+280631,52.04938,28.1087,20090928.4,16.22,909281260174155619,no,55619,no,2016-11-06,55619,yes,"CV mag 18,2"
CSS101116:032840-010240,52.16604,-1.04452,20101116.29,15.8,1011160010193123255,yes,12325,yes,2016-11-08,12325,yes,"CV SDSS mag 21,4"
CSS120118:032851+064518,52.21412,6.75503,20120118.2,19.11,1201181070194115579,yes,11557,no,2016-11-09,11557,yes,"AGN SDSS mag 20,8"
CSS111122:032855+052254,52.22918,5.38163,20111122.23,17.3,1111221040194145937,yes,14593,no,2016-11-09,14593,yes,CV SDSS_032855
CSS101202:032902+060047,52.25848,6.01296,20101202.33,17.95,1012021070194105972,yes,10597,no,2016-11-09,10597,yes,"CV SDSS mag 21,0"
CSS081025:032912+125018,52.30106,12.83824,20081025.3,16.9,810251120194119274,yes,19274,yes,2016-11-09,19274,no,CV mag 21 VS_0329+1250
CSS110124:032934+182530,52.39128,18.42499,20110124.24,17.47,1101241180184124491,yes,12449,yes,2016-11-09,12449,yes,"CV SDSS mag 20,4"
CSS101003:032949+063255,52.4521,6.54869,20101003.48,17.86,1010031070194113030,yes,11303,yes,2016-11-09,11303,yes,"SN 2010ip 2MASX_J03294965 SDSS mag 15,6"
CSS141014:033006+181233,52.52611,18.20918,20141014.4,16.8,1410141180184121565,yes,12156,no,2016-11-09,12156,yes,"CV SDSS mag 20,5"
CSS090213:033031+201402,52.63095,20.23376,20090213.14,16.31,902131210184107976,no,7976,no,2016-11-05,7976,no,"CV CSS mag 18,7"
CSS151024:033045+340044,52.68946,34.0121,20151024.26,12.53,1510241350164103808,no,10380,no,2016-11-06,10380,yes,HPM G37-40
CSS080130:033056+251255,52.73192,25.21534,20080130.15,16.69,801301230184144420,no,44420,yes,2016-11-05,44420,no,CV DSS mag 21
CSS081107:033104+172540,52.76843,17.4278,20081107.3,15.58,811071180194106816,yes,6816,yes,2016-11-09,6816,no,"CV (Rodriguez) SDSS mag 19,3 red"
CSS141005:033214-040621,53.05734,-4.10584,20141005.39,18.03,1410050040194121353,no,12135,no,2016-11-07,12135,yes,SN mag >21
CSS091121:033232+020439,53.13295,2.07747,20091121.36,16.93,911211010194134434,no,34434,no,2016-11-09,34434,yes,CV mag 20
CSS131224:033239+014313,53.16323,1.7204,20131224.21,18.37,1312241010194128336,no,12833,no,2016-11-09,12833,yes,SN (spec) mag 17
CSS160226:033239+193215,53.16327,19.53748,20160226.11,18.7,1602261180194144796,no,14479,no,2016-11-09,14479,yes,"CV mag >21,5"
CSS100216:033242+311046,53.1738,31.17956,20100216.16,16.69,1002161320174102834,no,10283,no,2016-11-06,10283,yes,Var TTau cand
CSS081025:033248+323057,53.20031,32.51584,20081025.37,18.87,810251320174125751,no,25751,yes,2016-11-06,25751,no,CV mag >21
CSS090826:033311-070433,53.29695,-7.07578,20090826.45,19.18,908260070194123158,yes,23158,yes,2016-11-02,23158,yes,"AGN SDSS mag 20,2"
CSS111018:033313+312124,53.30332,31.35658,20111018.49,17.63,1110181320174103285,no,10328,yes,2016-11-06,10328,yes,YSO IRAS_F03300+3111
CSS151208:033353+332044,53.47015,33.34562,20151208.18,14.44,1512081320174144890,no,14489,no,2016-11-06,14489,yes,CV PM_J03338+3320
CSS111127:033357+332152,53.48697,33.36442,20111127.36,17.67,1111271320174145528,no,14552,no,2016-11-06,14552,yes,"CV mag 20,5"
CSS141128:033429-153521,53.61966,-15.58928,20141128.33,19.19,1411280150194118558,no,11855,no,2016-10-21,11855,yes,"SN mag >21,5"
CSS120211:033433+180440,53.63924,18.07786,20120211.16,18.48,1202111180194119491,yes,11949,yes,2016-11-09,11949,yes,"SN 2012ac SDSS mag 22,0"
CSS091027:033450-071048,53.70755,-7.1799,20091027.38,15.38,910270070194120405,yes,20405,yes,2016-11-02,20405,yes,"CV SDSS_033449 CSS mag 18,2"
CSS101029:033458+025814,53.74001,2.97054,20101029.44,17.8,1010291040204101820,no,10182,yes,2016-11-09,10182,yes,"Flare DSS mag 17,8"
CSS081107:033556+191119,53.98247,19.18863,20081107.3,16.25,811071180194133574,no,33574,yes,2016-11-09,33574,no,CV mag 20
CSS101128:033604+010604,54.0147,1.1011,20101128.33,17.78,1011281010204114579,yes,11457,no,2016-11-09,11457,yes,"SN 2010kf CGCG_391-014 z=0,041 mag 14,3"
CSS141125:033610+144219,54.04014,14.70533,20141125.31,18.22,1411251150194108707,yes,10870,no,2016-11-09,10870,yes,"AGN SDSS mag 19,1"
CSS111225:033626+320814,54.10705,32.13713,20111225.29,16.26,1112251320174117100,no,11710,no,2016-11-06,11710,yes,"CV mag 20,0"
CSS110923:033711-065059,54.29562,-6.84977,20110923.5,17.44,1109230070203125535,yes,12553,yes,2016-11-07,12553,yes,"CV SDSS mag 19,7"
CSS160113:033840+063337,54.66468,6.56037,20160113.15,17.2,1601131070204113092,yes,11309,no,2016-11-09,11309,yes,CV (ASASSN-15ur) SDSS mag >22
CSS130215:033841+101827,54.67098,10.30756,20130215.1,17.5,1302151090204131476,no,13147,yes,2016-11-09,13147,yes,SN mag 16
CSS100113:033842+323519,54.67371,32.58849,20100113.14,16.85,1001131320174130050,no,13005,yes,2016-11-06,13005,yes,"Var mag 17,3"
CSS130116:033901+234725,54.7536,23.79015,20130116.14,18.23,1301161230184124892,no,12489,no,2016-11-05,12489,yes,"SN mag 19,0"
CSS071102:033917+263318,54.82136,26.55488,20071102.45,18.94,711021260184122155,no,22155,no,2016-11-06,22155,no,SN (MLS) mag >22
CSS091023:033948-111325,54.94909,-11.22362,20091023.37,18.61,910230090204201714,no,1714,yes,2016-11-07,1714,yes,SN 2009nl mag 21
CSS100216:034010+391245,55.04233,39.21259,20100216.15,17.54,1002161380164181715,yes,18171,yes,2016-11-06,18171,yes,"CV SDSS mag 20,7"
CSS091015:034033-025454,55.13569,-2.91487,20091015.38,17.36,910150040204143496,no,43496,no,2016-11-08,43496,yes,"Blazar mag 19,5 CRATES_J034033-025453"
CSS101029:034043+010333,55.18106,1.05928,20101029.44,17.34,1010291010204113719,yes,11371,yes,2016-11-09,11371,yes,SN 2010jf (La Sagra) SDSS mag
CSS131231:034049-220256,55.20421,-22.04879,20131231.2,18.34,1312310210194108321,no,10832,no,2016-10-11,10832,yes,"AGN mag 18,9"
CSS100108:034102+093524,55.25858,9.58993,20100108.15,19.8,1001081090204115993,yes,11599,yes,2016-11-09,11599,yes,"AGN 1RXS_J034102,8+093523"
CSS090929:034111-093547,55.29445,-9.59635,20090929.36,18.49,909290090204123331,no,23331,no,2016-11-07,23331,yes,SN 2009jt PQ mag 21
CSS131126:034200-121710,55.50107,-12.28617,20131126.31,19.88,1311260120204125478,yes,12547,no,2016-11-07,12547,yes,"SN mag >21,5"
CSS081025:034206+323707,55.52655,32.61874,20081025.37,17.66,810251320174127987,no,27987,yes,2016-11-06,27987,no,CV No DSS mag 21
CSS091027:034216+385907,55.56781,38.98514,20091027.33,17.38,910271380164178051,yes,78051,yes,2016-11-06,78051,yes,Blazar mag 21 Class radio obj
CSS131224:034217-044319,55.57035,-4.72182,20131224.21,14.55,1312240040204116444,no,11644,no,2016-11-08,11644,yes,"SN (LOSS) 2013gy mag 14,2"
CSS110129:034225-043530,55.6025,-4.59155,20110129.17,18.81,1101290040204119818,no,11981,yes,2016-11-08,11981,yes,"SN mag 20,3"
CSS120315:034314+320045,55.80688,32.01257,20120315.15,18.12,1203151320184121250,no,12125,no,2016-11-06,12125,yes,YSO 2MASS_J034313
CSS090329:034345+320359,55.93817,32.06633,20090329.11,17.62,903291320184120513,no,20513,yes,2016-11-06,20513,no,Var near cluster
CSS090927:034402+215707,56.00828,21.95206,20090927.36,18.5,909271210194141689,no,41689,no,2016-11-05,41689,yes,CV mag 20 V701_Tau
CSS120914:034406+102042,56.02397,10.34491,20120914.47,18.97,1209141090204129093,yes,12909,no,2016-11-09,12909,yes,"SN SDSS mag 21,0"
CSS130901:034435+182554,56.14694,18.43176,20130901.44,14.8,1309011180204130069,no,13006,no,2016-10-29,13006,yes,HPM GJ_151
CSS160208:034439+340704,56.16137,34.11791,20160208.12,16.35,1602081350174106153,no,10615,no,2016-11-06,10615,yes,CV mag 21
CSS090219:034515-015216,56.31429,-1.87116,20090219.17,16.83,902190010214113713,no,13713,yes,2016-11-07,13713,no,"CV mag 19,0 DSS outburst"
CSS121016:034557+353017,56.48942,35.50481,20121016.46,17.33,1210161350174146514,yes,14651,no,2016-11-06,14651,yes,"YSO SDSS mag 18,7"
CSS141104:034607+084831,56.53001,8.80858,20141104.22,18.1,1411041090204104071,yes,10407,no,2016-11-09,10407,yes,"SN SDSS mag 20,0"
CSS090919:034617+293540,56.57195,29.59458,20090919.42,13.18,909191290184139269,no,39269,yes,2016-11-06,39269,yes,Var RCorB? mag 15
CSS081220:034643+142027,56.67876,14.34093,20081220.23,19.68,812201150204103395,no,3395,yes,2016-11-09,3395,no,AGN DSS source
CSS091015:034700-030536,56.75205,-3.09341,20091015.38,17.21,910150040214139850,no,39850,yes,2016-11-07,39850,yes,"Flare mag 20,0"
CSS140104:034718+014254,56.82594,1.71497,20140104.21,19.42,1401041010214127020,no,12702,no,2016-11-09,12702,yes,SN mag 16
CSS130928:034720+143637,56.83525,14.61041,20130928.41,17.15,1309281150204108337,no,10833,no,2016-11-09,10833,yes,"AGN mag 18,3"
CSS081006:034804+262333,57.01614,26.39255,20081006.44,19.87,810061260194125870,no,25870,no,2016-11-06,25870,no,Ast
CSS131225:034905-163748,57.26931,-16.63006,20131225.23,19.26,1312250150204104874,no,10487,no,2016-11-07,10487,yes,"AGN mag 20,5"
CSS150124:034915+352836,57.31392,35.4766,20150124.1,18.1,1501241350174146999,yes,14699,no,2016-11-06,14699,yes,"Flare SDSS mag 19,5"
CSS150118:034924-093518,57.35162,-9.58833,20150118.19,15.27,1501180090214122954,no,12295,no,2016-11-08,12295,yes,"Flare mag 17,8"
CSS090928:034931+162743,57.37833,16.46182,20090928.37,19.4,909281150204138107,yes,38107,no,2016-11-09,38107,yes,"Var SDSS mag 21,2"
CSS091015:034944-031552,57.43448,-3.26442,20091015.38,15.5,910150040214136986,no,36986,no,2016-11-07,36986,yes,SN 2009kk mag 16 gal 2MFGC_3182
CSS100113:035003+370052,57.51434,37.01441,20100113.19,18.22,1001131380174108966,yes,10896,yes,2016-11-06,10896,yes,"CV mag 21,5"
CSS091218:035011+323230,57.54464,32.54156,20091218.26,17.07,912181320184134780,no,34780,yes,2016-11-06,34780,yes,CV mag 18
CSS081030:035035+353247,57.6453,35.54637,20081030.36,16.48,810301350174147763,yes,47763,yes,2016-11-06,47763,no,"Var red SDSS mag 19,2 obj"
CSS161109:035036+135451,57.65194,13.91412,20161109.24,17.51,1611091120214135441,no,13544,no,2016-11-09,13544,yes,SN (ATLAS16dsr) SDSS mag
CSS080101:035151-062700,57.96099,-6.45013,20080101.25,18.7,801010070214125371,yes,25371,no,2016-11-07,25371,no,SN SDSS mag >22
CSS090917:035155-082319,57.97854,-8.38858,20090917.44,19.63,909170070214101363,no,1363,no,2016-11-07,1363,yes,AGN
CSS100209:035248+212505,58.20023,21.41818,20100209.16,18.92,1002091210204133830,no,13383,no,2016-11-05,13383,yes,SN mag 21 ABEL 468
CSS111231:035318-034847,58.32582,-3.8131,20111231.27,15.24,1112310040214127410,no,12741,yes,2016-11-07,12741,yes,"CV mag 18,1"
CSS151130:035320+310808,58.33504,31.13554,20151130.37,18.28,1511301320184101718,no,10171,no,2016-11-06,10171,yes,"CV mag >21,5"
CSS081010:035324-164250,58.34945,-16.71395,20081010.37,18.23,810100150214102987,no,2987,no,2016-11-07,2987,no,"CV no DSS mag > 20,5"
CSS121209:035417+363039,58.57219,36.51075,20121209.21,16.05,1212091350184194219,yes,19421,no,2016-11-06,19421,yes,SN 2012hp UGC_2893
CSS091023:035420-175524,58.58454,-17.92347,20091023.4,19.14,910230180214124000,no,24000,yes,2016-10-11,24000,yes,Blazar CRATES_J035420-175502
CSS111224:035521+081626,58.83812,8.27376,20111224.17,19.83,1112241070214144460,no,14446,yes,2016-11-09,14446,yes,Flare PQ mag 21
CSS090919:035534+292150,58.89135,29.36397,20090919.42,16.09,909191290194136275,no,36275,yes,2016-11-06,36275,yes,CV mag 21
CSS110929:035641+103653,59.16908,10.61466,20110929.39,18.06,1109291090214135845,yes,13584,yes,2016-11-08,13584,yes,"Flare SDSS mag 19,6"
CSS100916:035656+083045,59.23416,8.51253,20100916.42,17.36,1009161090214101803,no,10180,yes,2016-11-08,10180,yes,"SN 2010ia mag 14,9 CGCG_418-002 z=0,018"
CSS091109:035759+102943,59.49444,10.49524,20091109.4,17.2,911091090214133107,no,33107,no,2016-11-08,33107,yes,"CV mag >20,5 XMM_J035758,6+102938"
CSS151118:035816+214119,59.56533,21.68851,20151118.26,16.77,1511181210214142399,no,14239,no,2016-10-29,14239,yes,CV mag >21
CSS151204:035824+395528,59.59954,39.92433,20151204.3,17.77,1512041400174114620,no,11462,no,2016-11-06,11462,yes,"CV mag >21,5"
CSS101114:035827+062919,59.61297,6.48875,20101114.38,18.34,1011141070224114414,no,11441,yes,2016-11-08,11441,yes,"Blazar mag 20,5"
CSS111217:035831+183251,59.62879,18.54743,20111217.23,18.2,1112171180214124889,yes,12488,no,2016-10-29,12488,yes,CV mag >20
CSS101201:035859-201430,59.74713,-20.24172,20101201.32,18.23,1012010210214132696,no,13269,no,2016-10-11,13269,yes,CV mag 21
CSS131202:035949+170322,59.95364,17.05601,20131202.21,16.31,1312021180214101950,yes,10195,yes,2016-10-29,10195,yes,"Flare SDSS mag 20,5"
CSS071204:035956+233018,59.98477,23.50505,20071204.21,18.62,712041230204120774,no,20774,no,2016-10-21,20774,no,SN mag >22 Faint PQ source
CSS090922:040120+041335,60.33283,4.2263,20090922.45,17.99,909221040224123096,yes,23096,yes,2016-11-09,23096,yes,"Blazar CGRaBS_J0401+0413 z=0,3"
CSS130901:040137+184325,60.4038,18.72357,20130901.44,14.31,1309011180214134165,yes,13416,no,2016-10-29,13416,yes,HPM LHS_185
CSS081024:040141+080008,60.42056,8.00216,20081024.43,15.41,810241070224132530,no,32530,no,2016-11-08,32530,no,"CV mag 18,7"
CSS141124:040153-203510,60.46952,-20.58602,20141124.24,17.26,1411240210214124838,no,12483,no,2016-10-11,12483,yes,"Blazar mag 20,5"
CSS121211:040157+035721,60.48894,3.95574,20121211.23,18.85,1212111040224118793,no,11879,no,2016-11-09,11879,yes,"SN (spec) mag 19,7"
CSS101010:040230+404242,60.62432,40.71161,20101010.35,13.31,1010101400174141876,no,14187,yes,2016-11-06,14187,yes,YSO IRAS_03591+4034
CSS091125:040258+175627,60.74032,17.94076,20091125.35,17.12,911251180214117977,yes,17977,yes,2016-10-29,17977,yes,"SN 2009mt SDSS mag 20,9 gal"
CSS121203:040307+044415,60.77731,4.7374,20121203.23,15.28,1212031040224128186,no,12818,no,2016-11-09,12818,yes,CV RX_J0403
CSS120926:040338-104946,60.90987,-10.82931,20120926.43,17.48,1209260090224105038,yes,10503,yes,2016-11-07,10503,yes,"SN mag 19,5"
CSS131003:040339-050821,60.91111,-5.13917,20131003.36,13.89,1310030040224109339,yes,10933,no,2016-10-21,10933,yes,HPM LHS_186
CSS100106:040347+213349,60.94692,21.56355,20100106.2,17.68,1001061210214137885,no,13788,yes,2016-10-29,13788,yes,CV mag 21 CFHT
CSS151118:040429+200301,61.12081,20.05015,20151118.26,17.73,1511181210214106367,yes,10636,no,2016-10-29,10636,yes,"CV SDSS mag 17,8"
CSS130914:040553+274718,61.46911,27.78828,20130914.43,16.47,1309141260204167133,no,16713,no,2016-11-06,16713,yes,CV (Master) mag > 21
CSS120130:040629+181909,61.62131,18.3191,20120130.19,15.05,1201301180224121978,yes,12197,no,2016-11-08,12197,yes,"Flare mag 16,5"
CSS080924:040630+145214,61.62297,14.87052,20080924.4,17.74,809241150224113744,yes,13744,yes,2016-11-02,13744,no,"SN 2008gn SDSS mag >21,5"
CSS151013:040638-245450,61.65666,-24.91401,20151013.43,17.94,1510130230214106853,no,10685,no,2016-10-11,10685,yes,CV mag 21
CSS100219:040700+005244,61.74923,0.87886,20100219.11,13.83,1002191010224113664,yes,11366,no,2016-11-09,11366,yes,"CV mag 18,0 J0406+0052"
CSS091124:040814-062045,62.06037,-6.34579,20091124.34,17.94,911240070224131563,yes,31563,yes,2016-10-10,31563,yes,"Flare SDSS mag 20,9"
CSS120113:040822+141516,62.09121,14.25436,20120113.21,17.01,1201131150224104750,yes,10475,yes,2016-11-02,10475,yes,"CV (spec) SDSS mag 21,5"
CSS101206:040853+001814,62.22214,0.30375,20101206.31,18.66,1012061010234104635,yes,10463,no,2016-11-07,10463,yes,"Flare SDSS mag 21,7"
CSS110926:040947-040003,62.44411,-4.00095,20110926.48,15.83,1109260040234128189,no,12818,yes,2016-10-10,12818,yes,Blazar mag 18
CSS101113:041028-180936,62.61727,-18.15995,20101113.35,19.03,1011130180224123656,no,12365,no,2016-10-11,12365,yes,AGN
CSS151217:041100+421609,62.74929,42.26923,20151217.3,18.08,1512171400184214266,no,21426,no,2016-11-06,21426,yes,"CV mag 21,5"
CSS101214:041126-152324,62.8573,-15.38993,20101214.29,15.66,1012140150224122033,no,12203,yes,2016-11-07,12203,yes,"CV XZ_Eri mag 19,4"
CSS091215:041134-090729,62.89009,-9.12484,20091215.23,16.13,912150090234136333,no,36333,yes,2016-11-07,36333,yes,"CV mag 19,4"
CSS081118:041139+232220,62.91078,23.37229,20081118.36,15.5,811181230214118218,no,18218,yes,2016-11-08,18218,no,"CV mag 18,3 not blue"
CSS141211:041155+410855,62.98045,41.1486,20141211.31,18.4,1412111400184161153,no,16115,no,2016-11-06,16115,yes,CV mag >21
CSS120118:041229+024038,63.11967,2.67724,20120118.2,18.01,1201181010234147842,no,14784,yes,2016-11-07,14784,yes,Blazar PKS_0409+025
CSS131001:041313+062916,63.30546,6.48788,20131001.49,18.05,1310011070234114365,yes,11436,yes,2016-11-07,11436,yes,"Flare SDSS mag 22,3"
CSS141120:041346+370905,63.44358,37.15151,20141120.27,18.45,1411201380194117780,no,11778,no,2016-11-06,11778,yes,HPM 2MASS_J041345
CSS110125:041350+094515,63.45826,9.75425,20110125.16,16.28,1101251090234223206,no,22320,yes,2016-11-08,22320,yes,CV MLS mag 22
CSS071215:041456+215643,63.73213,21.9453,20071215.23,17.0,712151210224139942,no,39942,yes,2016-11-08,39942,no,CV (MLS) mag 20
CSS071215:041533+212743,63.88762,21.46207,20071215.23,18.47,712151210224130852,yes,30852,no,2016-11-08,30852,no,Flare
CSS110926:041543-073819,63.92851,-7.63867,20110926.48,16.17,1109260070234114098,no,11409,yes,2016-10-10,11409,yes,"Flare mag 18,3"
CSS150329:041605+295918,64.01962,29.98831,20150329.14,16.62,1503291290214141843,yes,14184,no,2016-11-06,14184,yes,"SN SDSS mag 21,6"
CSS100317:041637+292806,64.15361,29.46837,20100317.15,16.13,1003171290214127638,yes,12763,yes,2016-11-06,12763,yes,CV CSS mag 21
CSS130324:041707+122349,64.27779,12.39684,20130324.13,18.03,1303241120234114292,no,11429,no,2016-11-08,11429,yes,"AGN SDSS mag 19,5"
CSS131223:041727+281947,64.36352,28.3297,20131223.16,15.27,1312231290214103191,yes,10319,no,2016-11-06,10319,yes,HPM LHS_1652
CSS081202:041735-061357,64.39407,-6.23257,20081202.31,18.87,812020070234135113,yes,35113,yes,2016-10-10,35113,no,"CV (p60) red SDSS mag 23,0"
CSS091024:041919+142714,64.82963,14.45379,20091024.43,12.23,910241150234105998,no,5998,no,2016-11-08,5998,yes,"Mira mag 12,5 CGCS 664"
CSS101207:041948+352749,64.94857,35.46366,20101207.39,16.59,1012071350204145375,yes,14537,yes,2016-11-06,14537,yes,Flare
CSS100214:042006+244904,65.02367,24.81787,20100214.15,18.17,1002141230224152602,yes,15260,yes,2016-11-08,15260,yes,Var SDSS mag 21 LDN_1511
CSS110923:042108+270220,65.28315,27.03884,20110923.5,16.64,1109231260224137668,yes,13766,yes,2016-11-06,13766,yes,YSO
CSS110923:042110+132804,65.29162,13.4679,20110923.45,17.45,1109231120234136074,no,13607,yes,2016-11-08,13607,yes,"SN 2011gs mag 18,5"
CSS110208:042127+012913,65.36359,1.48691,20110208.19,12.44,1102081010244125249,no,12524,no,2016-11-07,12524,yes,Var
CSS090403:042142+340328,65.42558,34.05791,20090403.11,17.96,904031350204105547,yes,5547,yes,2016-11-06,5547,no,CV DSS blue mag 21
CSS111225:042151+304139,65.46418,30.6942,20111225.27,17.39,1112251290214173345,yes,17334,no,2016-11-06,17334,yes,CV mag 20
CSS121209:042218+334215,65.57448,33.70419,20121209.21,15.74,1212091320214200033,yes,20003,no,2016-11-06,20003,yes,"CV SDSS mag 18,8"
CSS091024:042229+161430,65.62201,16.24169,20091024.43,15.9,910241150234136893,yes,36893,yes,2016-11-08,36893,yes,"CV (spec) SDSS mag 21,3 PQ"
CSS090920:042238-132130,65.65874,-13.35846,20090920.43,14.2,909200120234112238,no,12238,no,2016-11-07,12238,yes,"CV mag 17,8 AH_Eri"
CSS151130:042406+280108,66.0243,28.01902,20151130.4,17.48,1511301260224152188,yes,15218,no,2016-11-06,15218,yes,"SN SDSS mag 19,3"
CSS081030:042434+001419,66.14233,0.23857,20081030.33,16.5,810301010244104094,yes,4094,yes,2016-11-07,4094,no,"CV mag 18,3"
CSS101013:042534-073153,66.39366,-7.53132,20101013.43,18.96,1010130070244116923,yes,11692,yes,2016-10-21,11692,yes,AGN
CSS131007:042539-065251,66.41217,-6.88071,20131007.48,13.16,1310070070244123463,no,12346,no,2016-10-21,12346,yes,HPM LHS_189
CSS101107:042602-073617,66.50693,-7.60462,20101107.45,19.45,1011070070244114576,yes,11457,yes,2016-10-21,11457,yes,"AGN SDSS mag 19,8"
CSS161021:042621+043221,66.58938,4.53918,20161021.49,16.71,1610211040244121915,no,12191,no,2016-11-07,12191,yes,HPM EGGR_482
CSS091215:042652+001219,66.71874,0.20515,20091215.24,19.48,912151010244104656,yes,4656,yes,2016-11-07,4656,yes,"SN SDSS mag 20,8"
CSS161010:042703-061023,66.76374,-6.17312,20161010.45,16.67,1610100070244133288,no,13328,no,2016-10-21,13328,yes,"SN (2016ghu) mag 14,6"
CSS150316:042732+185023,66.88205,18.83964,20150316.13,14.85,1503161180234136965,yes,13696,no,2016-11-08,13696,yes,"YSO (MLS131224) SDSS mag 21,4"
CSS121104:042748+045709,66.94822,4.9524,20121104.36,17.14,1211041040244133578,no,13357,yes,2016-11-07,13357,yes,"Blazar PKS_0425 z=0,517"
CSS090928:042750+263002,66.9567,26.50063,20090928.41,15.18,909281260224128967,yes,28967,no,2016-11-06,28967,yes,HPM binary LHS5096
CSS080212:042934+312928,67.39032,31.49115,20080212.12,16.88,802121320214113551,no,13551,no,2016-11-06,13551,no,Var IR source
CSS151106:042953+351549,67.47272,35.26351,20151106.3,18.63,1511061350204155762,no,15576,no,2016-11-06,15576,yes,YSO
CSS080929:043020+095318,67.58311,9.88828,20080929.44,15.44,809291090244127420,yes,27420,yes,2016-11-08,27420,no,"CV SDSS not blue mag 19,6"
CSS121011:043024+352112,67.59915,35.35331,20121011.28,17.6,1210111350204155747,no,15574,no,2016-11-06,15574,yes,YSO
CSS140401:043050+314111,67.7093,31.68638,20140401.13,17.64,1404011320214120612,no,12061,no,2016-11-06,12061,yes,"CV mag >21,5"
CSS110113:043112-031452,67.80186,-3.24766,20110113.16,15.22,1101130040254141317,no,14131,no,2016-10-22,14131,yes,"CV mag 19,5"
CSS110125:043139+112541,67.913,11.42805,20110125.16,18.96,1101251120244103162,no,10316,yes,2016-11-08,10316,yes,SN mag >22
CSS090226:043157+034823,67.98724,3.80645,20090226.12,19.02,902261040254117476,no,17476,yes,2016-11-07,17476,no,SN (P60) PQ mag 21 object
CSS111123:043253+294805,68.22158,29.80137,20111123.32,15.02,1111231290224144399,no,14439,yes,2016-11-06,14439,yes,Mira
CSS081202:043346-073232,68.44339,-7.54235,20081202.34,17.12,812020070254115621,yes,15621,yes,2016-10-22,15621,no,"Flare SDSS mag 20,3"
CSS141015:043440+210740,68.66658,21.12768,20141015.4,17.73,1410151210244136890,yes,13689,no,2016-11-10,13689,yes,"Flare SDSS mag 21,4"
CSS081009:043444+030616,68.68516,3.10445,20081009.48,18.77,810091040254104995,no,4995,yes,2016-11-07,4995,no,Var
CSS090219:043518+002941,68.82405,0.49468,20090219.16,17.62,902191010254109338,yes,9338,yes,2016-11-07,9338,no,"CV SDSS mag 22,0 blue star"
CSS150309:043536+211504,68.9002,21.25102,20150309.21,18.94,1503091210244133268,yes,13326,no,2016-11-10,13326,yes,"HPM SDSS mag 20,7"
CSS091123:043547+090837,68.94525,9.14356,20091123.29,16.41,911231090254113714,yes,13714,no,2016-11-08,13714,yes,"CV SDSS mag 21,4"
CSS121027:043611-050453,69.04604,-5.08143,20121027.38,17.52,1210270040254109015,yes,10901,yes,2016-10-22,10901,yes,SN 2012gg mag 20
CSS110301:043641+212136,69.17285,21.36002,20110301.18,18.63,1103011210244144773,yes,14477,no,2016-11-10,14477,yes,"SN SDSS mag 22,1"
CSS081030:043655-002136,69.22998,-0.3599,20081030.33,18.04,810300010254139634,yes,39634,yes,2016-10-22,39634,no,SN 2008iu SDSS mag 21
CSS081203:043742+003048,69.42534,0.51329,20081203.35,17.57,812031010254110041,yes,10041,yes,2016-11-07,10041,no,CV not blue mag 20
CSS100405:043746+211138,69.44008,21.19375,20100405.15,18.65,1004051210244130526,yes,13052,no,2016-11-10,13052,yes,"SN SDSS mag 14,6"
CSS110207:043746-190553,69.44352,-19.09799,20110207.17,18.39,1102070180244109718,no,10971,no,2016-10-11,10971,yes,"SN mag 19,9"
CSS111128:043748-084929,69.44828,-8.82478,20111128.35,13.54,1111280090254147222,no,14722,no,2016-10-22,14722,yes,HPM GJ_3306
CSS151119:043748-084935,69.44857,-8.82649,20151119.33,13.67,1511190090254143397,no,14339,no,2016-10-22,14339,yes,HPM GJ_3306
CSS141229:043759+370259,69.49501,37.04963,20141229.27,16.89,1412291380204110930,no,11093,no,2016-11-06,11093,yes,"CV mag 19,2"
CSS100218:043829+004016,69.62126,0.67108,20100218.15,16.7,1002181010254112737,yes,11273,no,2016-11-07,11273,yes,"CV mag 19,3"
CSS081103:043926+090832,69.8592,9.1421,20081103.38,18.82,811031090254112665,yes,12665,yes,2016-11-08,12665,no,"SN 2008gw SDSS mag 16,5 2MASX_J04392713"
CSS121125:043930-043600,69.87491,-4.60007,20121125.31,12.86,1211250040254118613,yes,11861,no,2016-10-22,11861,yes,CV BF_Eri
CSS151230:044008+123051,70.03231,12.51425,20151230.34,16.84,1512301120254121839,no,12183,no,2016-11-08,12183,yes,SN UGC3123 mag 16
CSS151108:044021+143757,70.08797,14.63244,20151108.36,17.57,1511081150254112077,no,11207,no,2016-11-08,11207,yes,"Blazar mag 19,5"
CSS090219:044027+023301,70.1131,2.55029,20090219.16,16.18,902191010254145868,no,45868,yes,2016-11-07,45868,no,"CV 1RXS_J044027,0+023300 mag 18,5"
CSS111123:044042+304025,70.17706,30.67355,20111123.32,16.12,1111231290234184573,no,18457,no,2016-11-06,18457,yes,CV DSS mag 21
CSS111116:044049+074519,70.20338,7.75522,20111116.45,16.93,1111161070254130896,no,13089,yes,2016-11-07,13089,yes,"CV mag 19,3"
CSS111231:044049+063112,70.2043,6.51988,20111231.32,18.79,1112311070254117349,no,11734,yes,2016-11-07,11734,yes,"SN mag 20,0"
CSS150329:044139+255625,70.41173,25.94038,20150329.14,15.0,1503291260234109459,yes,10945,no,2016-11-06,10945,yes,YSO HH408
CSS071115:044216-002334,70.56681,-0.39275,20071115.28,17.05,711150010264146078,yes,46078,no,2016-10-22,46078,no,CV DSS mag 22 burst PQ
CSS130107:044258-033524,70.74074,-3.58989,20130107.22,17.93,1301070040264138462,no,13846,no,2016-10-22,13846,yes,"Flare mag 19,7"
CSS090316:044340+191420,70.91856,19.23886,20090316.12,18.36,903161180254156549,no,56549,yes,2016-11-10,56549,no,CV mag >21
CSS080228:044416+054730,71.06688,5.79173,20080228.14,18.02,802281070264102094,no,2094,no,2016-11-07,2094,no,Flare star PQ red source
CSS101103:044445-221219,71.1857,-22.20532,20101103.35,18.59,1011030210244105562,no,10556,no,2016-10-11,10556,yes,SN 2010lx PQ mag 21
CSS090403:044446+352744,71.19042,35.46236,20090403.11,17.01,904031350214144684,no,44684,yes,2016-11-06,44684,no,CV DSS mag 21
CSS080924:044524+182425,71.34998,18.40696,20080924.44,17.87,809241180254136296,no,36296,yes,2016-11-10,36296,no,"SN 2008ga LCSB_L0250N mag 13 z=0,015"
CSS151120:044526-190158,71.35712,-19.03264,20151120.34,18.16,1511200180254111081,no,11108,no,2016-10-11,11108,yes,"SN mag 20,5"
CSS140903:044529+173745,71.37171,17.62905,20140903.48,17.06,1409031180254116915,no,11691,no,2016-11-10,11691,yes,CV mag 20
CSS110113:044530-072053,71.37657,-7.34798,20110113.18,15.06,1101130070264123135,no,12313,yes,2016-10-22,12313,yes,SN 2011K mag 18
CSS111020:044543+110900,71.42965,11.14992,20111020.43,17.49,1110201090264162525,yes,16252,no,2016-11-08,16252,yes,"CV SDSS mag 21,2"
CSS160114:044636+225732,71.6492,22.95888,20160114.21,18.71,1601141230244111973,yes,11197,no,2016-11-10,11197,yes,"Flare SDSS mag 21,3"
CSS130201:044637+083033,71.65401,8.50928,20130201.19,17.7,1302011090264101772,no,10177,no,2016-11-08,10177,yes,CV SDS mag 21
CSS111124:044711+073557,71.7939,7.59911,20111124.38,18.81,1111241070264146997,no,14699,no,2016-11-07,14699,yes,"SN DSS mag 20,5"
CSS110328:044721+342833,71.83562,34.4758,20110328.17,17.99,1103281350224120296,no,12029,yes,2016-11-06,12029,yes,"Flare CSS mag 20,3"
CSS081201:044725+092439,71.85582,9.41097,20081201.35,15.36,812011090264120935,no,20935,yes,2016-11-08,20935,no,"CV mag 18,0"
CSS131025:044730+235856,71.87423,23.98215,20131025.37,15.85,1310251230244142725,yes,14272,no,2016-11-10,14272,yes,SN (SNhunt151) mag 13
CSS111227:044803-040823,72.01064,-4.1396,20111227.26,18.83,1112270040264130157,yes,13015,no,2016-10-22,13015,yes,"SN 2011jv SDSS mag 22,1"
CSS151119:044804-092304,72.01563,-9.38454,20151119.33,19.0,1511190090264135161,no,13516,no,2016-10-22,13516,yes,"AGN mag 20,5"
CSS091023:044806-104134,72.02425,-10.69291,20091023.46,17.68,910230090264109736,no,9736,yes,2016-10-22,9736,yes,CV mag 21
CSS110114:044903-184129,72.26116,-18.69136,20110114.22,15.61,1101140180254114459,no,11445,no,2016-10-11,11445,yes,"CV mag 17,7"
CSS101103:044904-132304,72.26534,-13.38445,20101103.36,15.37,1011030120264112859,no,11285,no,2016-10-22,11285,yes,Flare 0449-1323
CSS130205:044904+050321,72.26697,5.05572,20130205.22,15.93,1302051040264151137,no,15113,no,2016-11-07,15113,yes,CV mag 21
CSS151216:044922+183333,72.34222,18.55922,20151216.41,18.11,1512161180254136858,no,13685,no,2016-11-10,13685,yes,"AGN SDSS mag 19,5"
CSS161005:044930+025154,72.37533,2.86507,20161005.5,16.84,1610051040264100999,no,10099,no,2016-11-07,10099,yes,"CV mag 20,5"
CSS141024:044958+312802,72.49215,31.46732,20141024.33,17.08,1410241320234117615,no,11761,no,2016-11-06,11761,yes,"CV mag 18,3"
CSS121123:045020-093113,72.58259,-9.52022,20121123.32,14.78,1211230090264132139,no,13213,no,2016-10-22,13213,yes,"CV mag 20,5"
CSS101210:045030-104417,72.62422,-10.73806,20101210.32,17.96,1012100090264109952,no,10995,no,2016-10-22,10995,yes,SN 2010ll DSS mag 17
CSS140128:045040+200126,72.66469,20.02392,20140128.17,18.77,1401281210254108042,no,10804,no,2016-11-09,10804,yes,CV (spec) mag 21
CSS111116:045303+115800,73.26087,11.9668,20111116.43,17.05,1111161120264111887,yes,11188,yes,2016-11-08,11188,yes,"CV mag 21,0"
CSS081119:045323+130105,73.3461,13.01801,20081119.3,18.25,811191120264138954,yes,38954,yes,2016-11-08,38954,no,SN SDSS mag 23 obj
CSS100320:045348+003618,73.4508,0.60498,20100320.12,18.43,1003201010274111459,yes,11145,no,2016-11-08,11145,yes,"SN SDSS mag 21,9"
CSS100219:045646+060456,74.1934,6.08221,20100219.16,15.44,1002191070274109660,no,10966,no,2016-11-08,10966,yes,"CV mag 20,5"
CSS121203:045703+035733,74.26369,3.95909,20121203.37,16.92,1212031040274125613,no,12561,yes,2016-11-08,12561,yes,"Flare mag 18,2"
CSS111130:045751+094123,74.46063,9.6898,20111130.31,18.96,1111301090274136153,no,13615,yes,2016-11-08,13615,yes,"AGN mag 20,5"
CSS100406:045803+105357,74.51336,10.89909,20100406.13,18.02,1004061090274153419,no,15341,no,2016-11-08,15341,yes,CV mag 21
CSS121106:045816-161758,74.56617,-16.29948,20121106.44,15.71,1211060150264111449,no,11144,yes,2016-10-22,11144,yes,"SN (LSQ12fuk) mag 17,5"
CSS161010:045834-081803,74.64337,-8.30096,20161010.48,16.29,1610100070274103261,no,10326,no,2016-10-22,10326,yes,SN mag 21
CSS111128:045837-054847,74.65226,-5.81313,20111128.37,18.55,1111280070274158322,no,15832,no,2016-10-22,15832,yes,SN mag 21
CSS101029:045944+192623,74.93347,19.43961,20101029.4,14.9,1010291180264169858,no,16985,no,2016-11-10,16985,yes,CV V1208_Tau
CSS140121:050003+300106,75.01307,30.01828,20140121.22,12.14,1401211290244171563,no,17156,no,2016-11-06,17156,yes,Var GZ_Aur
CSS080324:050025+125606,75.10247,12.93508,20080324.15,12.95,803241120274139158,yes,39158,no,2016-11-08,39158,no,"OH-IR star IRAS source mag 20,7"
CSS151201:050027+133420,75.11366,13.57226,20151201.45,14.31,1512011120274154794,yes,15479,no,2016-11-08,15479,yes,"CV (1RXS_J050027) SDSS mag 17,6"
CSS140109:050041+334851,75.17285,33.81427,20140109.1,13.23,1401091320234202101,no,20210,no,2016-11-06,20210,yes,HPM LHS_1722
CSS091024:050124+203818,75.35056,20.6383,20091024.46,16.44,910241210264127621,no,27621,yes,2016-11-09,27621,yes,"CV mag 17,8"
CSS121204:050130-134346,75.37448,-13.72956,20121204.36,16.38,1212040120274106666,no,10666,no,2016-10-22,10666,yes,"SN 2012hx mag 19,0"
CSS160302:050141+072039,75.41953,7.34419,20160302.13,17.25,1603021070274145695,no,14569,no,2016-11-08,14569,yes,"SN mag 19,5"
CSS131223:050156+134958,75.48273,13.83266,20131223.24,17.76,1312231120274170394,yes,17039,no,2016-11-08,17039,yes,CV SDSS mag 23
CSS100108:050319+084350,75.82719,8.73068,20100108.26,17.7,1001081090274108146,no,10814,yes,2016-11-08,10814,yes,CV mag 21
CSS100304:050330+200848,75.87561,20.14671,20100304.18,15.04,1003041210264112851,no,11285,yes,2016-11-09,11285,yes,Var
CSS131007:050335+013418,75.8964,1.5716,20131007.47,15.8,1310071010274132001,no,13200,no,2016-11-08,13200,yes,"SN (PTF) NGC_1762 mag 13,4"
CSS091024:050452+221034,76.21761,22.17613,20091024.46,13.88,910241210264181733,no,81733,no,2016-11-09,81733,yes,Mira mag 15
CSS151122:050503+222530,76.26284,22.42513,20151122.28,15.81,1511221210264184833,no,18483,no,2016-11-09,18483,yes,"CV mag 20,5"
CSS150316:050525+221711,76.35599,22.28649,20150316.15,18.72,1503161210264180444,no,18044,no,2016-11-09,18044,yes,CV mag 21
CSS100321:050527+083415,76.36184,8.5707,20100321.12,16.15,1003211090274101591,no,10159,yes,2016-11-08,10159,yes,CV mag 18
CSS090220:050659-165932,76.74684,-16.99221,20090220.19,14.52,902200180274145987,no,45987,yes,2016-10-11,45987,no,"CV mag 19,0"
CSS081221:050716+125314,76.81762,12.88729,20081221.27,17.0,812211120274147621,no,47621,yes,2016-11-08,47621,no,"CV blue obj mag 20,5"
CSS110125:050738+071525,76.90783,7.25683,20110125.22,17.64,1101251070284140740,no,14074,yes,2016-11-08,14074,yes,"SN 2MASX_J05073767+0714592 mag 14,3"
CSS121123:050745-085157,76.93625,-8.8657,20121123.36,17.12,1211230090284149514,no,14951,no,2016-10-22,14951,yes,CV mag 21
CSS101211:050848-093447,77.19815,-9.57972,20101211.34,16.79,1012110090284133663,no,13366,yes,2016-10-22,13366,yes,CV mag 21
CSS120127:050938+052920,77.40843,5.48883,20120127.26,15.36,1201271040284172041,no,17204,yes,2016-11-08,17204,yes,"Flare mag 17,1"
CSS121208:051002+180042,77.50975,18.01164,20121208.37,15.43,1212081180274143485,no,14348,yes,2016-11-09,14348,yes,"Blazar mag 16,5"
CSS131007:051011-032826,77.54586,-3.47402,20131007.47,13.99,1310070040284141639,yes,14163,yes,2016-10-22,14163,yes,YSO (ASASSN-13db)
CSS121123:051056-102401,77.73225,-10.40033,20121123.36,16.75,1211230090284118680,no,11868,no,2016-10-22,11868,yes,"CV mag 19,5"
CSS111118:051121+113443,77.83725,11.5787,20111118.43,17.33,1111181120284107174,no,10717,yes,2016-11-08,10717,yes,CV mag >21
CSS151230:051354+061325,78.47417,6.22365,20151230.36,18.73,1512301070284113825,no,11382,no,2016-11-08,11382,yes,Flare mag 21
CSS111102:051400+300657,78.49845,30.11582,20111102.3,12.19,1111021290254190624,no,19062,yes,2016-11-10,19062,yes,YSO (spec)
CSS091109:051420+011121,78.5828,1.18913,20091109.43,15.43,911091010284127183,yes,27183,yes,2016-11-08,27183,yes,"CV SDSS mag 19,3"
CSS101128:051458+083503,78.7406,8.58415,20101128.4,14.33,1011281090284102188,no,10218,yes,2016-11-07,10218,yes,"CV mag 18,5"
CSS100206:051539+210334,78.91157,21.05947,20100206.2,17.91,1002061210274147147,no,14714,no,2016-11-10,14714,yes,Comet 31P
CSS101208:051640+064754,79.16874,6.79824,20101208.37,17.81,1012081070284131034,no,13103,yes,2016-11-08,13103,yes,SN mag 17
CSS100108:051750+005415,79.45914,0.90423,20100108.29,16.16,1001081010294126339,yes,12633,yes,2016-11-08,12633,yes,"Flare SDSS mag 18,0"
CSS090219:051815-024503,79.56056,-2.75077,20090219.19,15.62,902190010294102478,no,2478,yes,2016-11-08,2478,no,"CV mag 17,5"
CSS150124:051904+004610,79.76749,0.76946,20150124.15,17.9,1501241010294121745,yes,12174,no,2016-11-08,12174,yes,CV SDSS mag >22
CSS111118:051923+155435,79.84544,15.90972,20111118.43,14.5,1111181150284160207,yes,16020,yes,2016-11-07,16020,yes,"CV SDSS mag 17,7"
CSS130302:051957+201041,79.98797,20.17796,20130302.21,17.48,1303021210274114807,no,11480,no,2016-11-10,11480,yes,HPM LHS_205a
CSS080207:052034-000530,80.14105,-0.09169,20080207.2,16.78,802070010294165621,yes,65621,no,2016-11-08,65621,no,"CV CSS mag 19,7"
CSS081027:052035-085814,80.14586,-8.97069,20081027.38,17.82,810270090294145633,no,45633,yes,2016-11-08,45633,no,CV mag 21 obj
CSS121212:052038+021910,80.1588,2.31931,20121212.43,18.43,1212121010294164062,no,16406,no,2016-11-08,16406,yes,Flare SDSS mag 21
CSS121125:052126-165258,80.35868,-16.88288,20121125.37,16.29,1211250150284101590,no,10159,no,2016-10-22,10159,yes,SN 2012fi (Howerton) mag 17
CSS121125:052142-041110,80.42338,-4.18617,20121125.34,17.22,1211250040294129168,no,12916,no,2016-11-08,12916,yes,CV (Master) mag 21
CSS121015:052201-162503,80.50303,-16.41756,20121015.43,17.13,1210150150284109826,no,10982,no,2016-10-22,10982,yes,"CV mag 20,5"
CSS131223:052216+083739,80.56645,8.62752,20131223.25,12.56,1312231090294105831,no,10583,no,2016-11-08,10583,yes,LPV mag 14
CSS121114:052217-253547,80.57121,-25.59633,20121114.39,16.29,1211140260264156771,no,15677,no,2015-11-22,15677,yes,"SN ESO_487-G004 (LSQ12fxd) mag 15,7"
CSS131225:052305-080228,80.77061,-8.04104,20131225.3,18.27,1312250070294109754,no,10975,no,2016-11-08,10975,yes,"SN (spec) mag 20,5"
CSS140111:052330-161020,80.87345,-16.17232,20140111.27,13.98,1401110150284112444,no,11244,no,2016-10-22,11244,yes,"CV mag 21,5"
CSS100108:052352+010031,80.96569,1.0085,20100108.29,15.59,1001081010294129406,yes,12940,no,2016-11-08,12940,yes,"CV BI_Ori mag 16,7"
CSS131106:052412+004148,81.05061,0.69669,20131106.44,15.46,1311061010294118517,yes,11851,no,2016-11-08,11851,yes,"CV SDSS mag 17,8"
CSS101108:052433-070528,81.13946,-7.09103,20101108.39,17.33,1011080070294133784,no,13378,yes,2016-11-08,13378,yes,CV mag 21
CSS081027:052455-084726,81.22962,-8.79055,20081027.38,18.61,810270090294148659,no,48659,yes,2016-11-08,48659,no,SN DSS mag 21
CSS101130:052520-030251,81.33391,-3.04758,20101130.37,17.7,1011300040294155925,no,15592,yes,2016-11-08,15592,yes,"CV mag >21,5"
CSS081207:052522-105015,81.34144,-10.83744,20081207.36,16.3,812070090294109283,no,9283,yes,2016-11-08,9283,no,"CV burst DSS2-B? mag > 20,5"
CSS150316:052650+244517,81.71009,24.75461,20150316.18,14.63,1503161230274181022,no,18102,no,2016-10-24,18102,yes,LPV mag 15
CSS090922:052746-135256,81.94339,-13.88222,20090922.47,17.98,909220120294106712,no,6712,yes,2016-10-22,6712,yes,CV no DSS mag >21
CSS160214:052814+025757,82.05935,2.96573,20160214.17,12.01,1602141040304104382,yes,10438,no,2016-11-08,10438,yes,HPM LHS_206
CSS151107:052831+013200,82.12907,1.53334,20151107.45,18.7,1511071010304145004,yes,14500,no,2016-11-08,14500,yes,CV SDSS mag >22
CSS150120:053013-165338,82.55449,-16.89388,20150120.25,17.04,1501200150294101341,no,10134,no,2016-10-22,10134,yes,"SN mag 17,8"
CSS150220:053030+150334,82.62362,15.05938,20150220.17,15.8,1502201150294133973,no,13397,no,2016-11-07,13397,yes,"Flare 16,7"
CSS111023:053042+141826,82.67483,14.30724,20111023.36,17.02,1110231150294110535,no,11053,no,2016-11-07,11053,yes,CV PQ mag 21
CSS111130:053259+114619,83.24569,11.77195,20111130.37,13.3,1111301120304120184,no,12018,yes,2015-12-05,12018,yes,YSO 2MASS_J053258
CSS080207:053333-053156,83.38558,-5.53231,20080207.2,19.5,802070040304101822,yes,1822,no,2016-11-08,1822,no,Variable in Orion?
CSS101214:053356-204720,83.48201,-20.78879,20101214.31,17.48,1012140210294136929,no,13692,yes,2016-11-08,13692,yes,"CV DSS mag 21,5"
CSS141117:053435+175952,83.64462,17.99791,20141117.48,12.78,1411171180294146420,yes,14642,no,2015-12-05,14642,yes,"Mira mag 14,5"
CSS091118:053542-113717,83.92422,-11.62134,20091118.46,15.99,911180120304152609,no,52609,no,2016-11-08,52609,yes,"CV mag 19,6"
CSS141120:053852-080127,84.71464,-8.0243,20141120.33,15.92,1411200070304110092,yes,11009,no,2016-11-08,11009,yes,YSO mag 18 2MASS_J053851
CSS101031:054059-074802,85.24514,-7.80057,20101031.44,18.42,1010310070314111174,no,11117,yes,2016-11-08,11117,yes,Var
CSS091118:054301-164011,85.75538,-16.66983,20091118.46,15.06,911180150304104379,no,4379,no,2016-11-08,4379,yes,"CV mag 18,8"
CSS161102:054510+064644,86.29073,6.77902,20161102.44,16.72,1611021070314137583,no,13758,no,2016-11-08,13758,yes,"YSO mag 18,0"
CSS111003:054558+022106,86.49273,2.35178,20111003.44,14.48,1110031010314155163,yes,15516,no,2016-11-08,15516,yes,"CV SDSS mag 18,7"
CSS121204:054618+001212,86.57505,0.20332,20121204.41,15.74,1212041010314105958,yes,10595,yes,2016-11-08,10595,yes,"YSO mag 17,0"
CSS101115:054645+001133,86.68751,0.19239,20101115.36,17.55,1011151010314107453,yes,10745,no,2016-11-08,10745,yes,YSO T_TAU L1630N
CSS101214:054712-174223,86.80062,-17.70649,20101214.31,18.47,1012140180304146295,no,14629,yes,2016-11-08,14629,yes,CV mag 21
CSS141120:054743+004059,86.92926,0.68298,20141120.31,18.48,1411201010314119347,yes,11934,no,2016-11-08,11934,yes,"YSO 2MASS_J054742 SDSS mag 20,7"
CSS141130:054812-181450,87.04889,-18.24715,20141130.35,16.09,1411300180304136080,no,13608,no,2016-11-08,13608,yes,"CV mag 19,5"
CSS111130:054824-060938,87.09995,-6.16045,20111130.38,16.28,1111300070314154439,no,15443,yes,2016-11-08,15443,yes,"Flare mag 17,7"
CSS131230:054932-215529,87.38394,-21.92476,20131230.27,17.49,1312300210304116174,no,11617,no,2016-11-08,11617,yes,CV (SSS110324) mag 21
CSS111102:055221-223529,88.08953,-22.59132,20111102.41,18.29,1111020230294162846,no,16284,yes,2016-11-08,16284,yes,Var
CSS131207:055242-124859,88.17345,-12.81642,20131207.37,18.08,1312070120314133166,no,13316,no,2016-11-08,13316,yes,"Flare mag 20,5"
CSS101108:055325-102730,88.35434,-10.45838,20101108.44,17.06,1011080090324123107,no,12310,yes,2016-11-08,12310,yes,YSO
CSS091120:055510-041030,88.79123,-4.17498,20091120.4,14.13,911200040324150271,no,50271,no,2016-11-08,50271,yes,"HPM HL_4 mag 13,9"
CSS130119:055510-041037,88.7916,-4.17702,20130119.16,13.81,1301190040324141041,no,14104,no,2016-11-08,14104,yes,HPM HL_4
CSS141120:055510-041042,88.79196,-4.17823,20141120.33,14.16,1411200040324146816,no,14681,no,2016-11-08,14681,yes,HPM HL_4
CSS120222:055729-134305,89.36926,-13.71798,20120222.17,16.68,1202220120324111615,no,11161,yes,2016-11-08,11161,yes,CV mag 21
CSS080307:055730+001514,89.37526,0.25384,20080307.14,18.51,803071010324106660,yes,6660,no,2016-11-08,6660,no,"CV SDSS mag 22,1"
CSS100114:055813+024057,89.55235,2.68257,20100114.22,14.19,1001141010324182496,yes,18249,no,2016-11-08,18249,yes,"Mira mag 15,0"
CSS100114:055843+000626,89.67826,0.10721,20100114.22,15.65,1001141010324104119,yes,10411,no,2016-11-08,10411,yes,"CV SDSS (red) mag 19,0"
CSS120102:055935-081055,89.89754,-8.18196,20120102.25,17.38,1201020070324109588,no,10958,yes,2016-11-08,10958,yes,CV DSS mag 21
CSS110111:055946-181747,89.94333,-18.29639,20110111.26,18.64,1101110180314143037,no,14303,yes,2016-11-08,14303,yes,Blazar
CSS071206:060031-105208,90.12906,-10.8689,20071206.27,19.01,712060090324111121,no,11121,no,2016-11-08,11121,no,"CV (SSS) no PQ mag >21,5"
CSS080207:060038-080945,90.15661,-8.16243,20080207.2,16.35,802070070324109056,no,9056,no,2016-11-08,9056,no,"CV CSS mag 19,8"
CSS121204:060243-104736,90.67776,-10.79332,20121204.4,12.79,1212040090324112508,no,11250,no,2016-11-08,11250,yes,Mira mag 14
CSS140111:060437-123740,91.15336,-12.62771,20140111.27,14.93,1401110120324135424,no,13542,no,2016-11-08,13542,yes,"SN (SNhunt223) mag 12,5"
CSS091215:060708-060335,91.78363,-6.05978,20091215.39,17.96,912150070334159641,no,59641,yes,2016-10-22,59641,yes,YSO mag 21
CSS160103:060825-091830,92.10356,-9.30843,20160103.29,18.54,1601030090334163193,no,16319,no,2016-10-22,16319,yes,"CV mag 21,5"
CSS091110:060919-064155,92.33048,-6.69871,20091110.5,12.74,911100070334153394,no,53394,yes,2016-10-22,53394,yes,FU Ori mag 14
CSS110207:061026-162859,92.60646,-16.48305,20110207.2,16.83,1102070150324113956,no,11395,yes,2016-11-08,11395,yes,"CV mag 19,5"
CSS161013:061443+571643,93.68036,57.27874,20161013.35,18.53,1610131570194117494,no,11749,no,2016-11-10,11749,yes,CV (PS1_15aaf) mag 21
CSS111230:061645+495133,94.1874,49.85903,20111230.38,18.89,1112301490234160140,no,16014,yes,2016-11-10,16014,yes,Flare mag 21
CSS131223:062450+503111,96.20833,50.51973,20131223.38,14.76,1312231490234178647,no,17864,no,2016-11-10,17864,yes,CV mag 18
CSS131223:062651+520745,96.71451,52.12912,20131223.35,18.09,1312231520224138706,no,13870,no,2016-11-10,13870,yes,CV mag 21
CSS130208:063425+434514,98.60403,43.75387,20130208.23,18.36,1302081430274150136,no,15013,no,2016-11-09,15013,yes,"CV mag >21,5"
CSS091026:063438+412047,98.65801,41.34627,20091026.4,16.94,910261400284160650,no,60650,yes,2016-11-09,60650,yes,CV mag 21
CSS140310:063539+454050,98.91423,45.68065,20140310.17,15.48,1403101460254114460,yes,11446,no,2016-11-10,11446,yes,"CV SDSS mag 19,5"
CSS140402:063817+424931,99.57278,42.82516,20140402.18,17.02,1404021430274113807,no,11380,no,2016-11-09,11380,yes,CV mag 20
CSS120126:063845+672022,99.68781,67.33957,20120126.3,17.84,1201261660164154694,no,15469,yes,2016-11-10,15469,yes,"SN 2012ad DSS mag 20,5"
CSS161023:063918+572311,99.8235,57.38627,20161023.43,15.93,1610231570204118948,no,11894,no,2016-11-10,11894,yes,CV mag 21
CSS121210:064002+355045,100.00659,35.84581,20121210.27,13.97,1212101350304169390,yes,16939,no,2016-11-09,16939,yes,"Var mag 14,7"
CSS110502:064306+550437,100.77381,55.07689,20110502.15,18.94,1105021550224130765,no,13076,no,2016-11-10,13076,yes,SN DSS mag 20
CSS121210:064342+521234,100.92453,52.20935,20121210.2,17.7,1212101520234135082,no,13508,no,2016-11-10,13508,yes,SN 2012hz mag 14 2MASX_J064342
CSS080512:064608+403305,101.5343,40.55142,20080512.14,16.16,805121400284123122,no,23122,yes,2016-11-09,23122,no,CV base mag ~21 burst DSS
CSS150209:064643+412100,101.67892,41.34992,20150209.27,16.21,1502091400284150550,no,15055,no,2016-11-09,15055,yes,CV mag >21
CSS090426:064659+483051,101.74447,48.5142,20090426.13,17.0,904261490254112539,no,12539,yes,2016-11-10,12539,no,"CV mag 19,8"
CSS130906:064726+491542,101.85692,49.26167,20130906.47,13.92,1309061490254137729,no,13772,no,2016-11-10,13772,yes,CV (Master) 1RXS_J064725
CSS091029:064729+495027,101.87205,49.84091,20091029.4,13.33,910291490254147891,no,47891,no,2016-11-10,47891,yes,"CV mag 16,3"
CSS091026:064805+414702,102.01879,41.78382,20091026.4,15.73,910261400294164657,no,64657,yes,2016-11-09,64657,yes,"CV mag 20,5"
CSS110428:064906+370632,102.27342,37.10897,20110428.14,12.94,1104281380304112024,yes,11202,no,2016-11-09,11202,yes,HPM LHS 220
CSS151122:064906+370625,102.27395,37.10705,20151122.43,12.76,1511221380304114474,yes,11447,no,2016-11-09,11447,yes,HPM LHS_220
CSS110413:065037+413053,102.65253,41.51476,20110413.13,16.66,1104131400294149908,no,14990,no,2016-11-09,14990,yes,CV 1AXG_J065037+4130
CSS151112:065857+504936,104.73561,50.82654,20151112.4,17.28,1511121520244101103,no,10110,no,2016-11-10,10110,yes,"CV (Master) mag >21,5"
CSS100106:070037+315720,105.15279,31.95558,20100106.26,18.13,1001061320334228647,no,22864,no,2016-10-31,22864,yes,HPM BD 2MASS_J07003664+3157266
CSS110429:070149+395951,105.45382,39.99755,20110429.14,13.57,1104291400294112297,yes,11229,no,2016-11-09,11229,yes,Mira
CSS130121:070249+361448,105.70299,36.24675,20130121.25,18.85,1301211350324164342,no,16434,yes,2016-11-09,16434,yes,SN mag 21
CSS080309:070501+372505,106.25441,37.41811,20080309.18,19.04,803091380314119072,no,19072,yes,2016-11-09,19072,no,CV DSS mag >22
CSS131027:070518+420549,106.32319,42.09687,20131027.4,15.91,1310271400304156612,no,15661,no,2016-10-29,15661,yes,"CV mag 20,2"
CSS110128:070709+335300,106.78842,33.88345,20110128.34,17.92,1101281350324101650,no,10165,yes,2016-11-09,10165,yes,SN DSS mag 20
CSS161024:070822+605339,107.09369,60.89423,20161024.42,15.02,1610241600204126524,no,12652,no,2016-11-10,12652,yes,HPM LHS_1897
CSS151216:070856+334109,107.23184,33.68597,20151216.48,18.89,1512161320334177372,no,17737,no,2016-10-31,17737,yes,"SN mag >21,5"
CSS130207:071118+362711,107.82539,36.45302,20130207.18,16.48,1302071350324174129,no,17412,no,2016-11-09,17412,yes,"CV mag 20,0"
CSS081231:071126+440405,107.85828,44.06806,20081231.4,15.72,812311430294141229,no,41229,yes,2016-10-27,41229,no,"CV polar eclipsing mag 18,0"
CSS121013:071305+573810,108.26889,57.63603,20121013.41,18.32,1210131570224128099,no,12809,no,2016-11-10,12809,yes,"Blazar mag 19,5"
CSS110930:071342+402826,108.42621,40.474,20110930.42,18.45,1109301400304127819,yes,12781,yes,2016-10-29,12781,yes,"SN SDSS mag 20,6"
CSS091216:071540+351428,108.91558,35.24124,20091216.32,17.45,912161350334131339,no,31339,no,2016-10-29,31339,yes,"SN 2009mv DSS mag 18,8"
CSS161023:071553+580105,108.97044,58.01799,20161023.43,15.14,1610231570224126275,no,12627,no,2016-11-10,12627,yes,HPM NLTT_17575
CSS081002:071648+354316,109.19858,35.72104,20081002.44,16.95,810021350334149473,no,49473,yes,2016-10-29,49473,no,CV mag 21 DSS blue obj
CSS101102:071716+452304,109.3156,45.38435,20101102.39,17.87,1011021460284108638,no,10863,no,2016-10-27,10863,yes,"SN 2010jz mag 19,5"
CSS100115:071919+330709,109.83089,33.11925,20100115.24,16.02,1001151320344156239,no,15623,no,2016-10-31,15623,yes,"Blazar z=0,779 QSO_B0716+332"
CSS091111:071921+352111,109.83574,35.35319,20091111.42,17.78,911111350334136722,no,36722,no,2016-10-29,36722,yes,"CV mag 20,5"
CSS090128:071924+292343,109.85029,29.39517,20090128.13,18.73,901281290354135798,no,35798,yes,2016-11-07,35798,no,CV DSS mag 21 obj (P60)
CSS130121:071946+324534,109.94211,32.75933,20130121.25,18.49,1301211320344144585,no,14458,no,2016-10-31,14458,yes,CV mag >21
CSS091116:072002+523421,110.00676,52.57255,20091116.27,18.3,911161520254139263,no,39263,no,2016-11-10,39263,yes,CV mag 21
CSS111124:072144+663838,110.43529,66.64391,20111124.35,16.59,1111241660174140627,yes,14062,no,2016-11-10,14062,yes,"CV SDSS mag 19,5"
CSS090128:072211+260255,110.54438,26.0485,20090128.13,17.01,901281260364122178,yes,22178,yes,2016-11-10,22178,no,CV blue mag 20 obj (P60)
CSS090401:072241+283017,110.67014,28.50465,20090401.17,13.31,904011290354105973,yes,5973,no,2016-11-07,5973,no,CV AW Gem mag 18
CSS121210:072257+360621,110.73905,36.10572,20121210.27,18.1,1212101350334155040,yes,15504,yes,2016-10-29,15504,yes,"Blazar SDSS mag 20,2"
CSS151106:072313+505008,110.8029,50.83559,20151106.37,15.51,1511061520254101604,no,10160,no,2016-11-10,10160,yes,"CV mag 20,3"
CSS160131:072318+454821,110.82306,45.8058,20160131.19,18.17,1601311460284115377,no,11537,no,2016-10-27,11537,yes,"Flare mag 18,7"
CSS140205:072343+220006,110.92739,22.00176,20140205.17,17.06,1402051210384165015,yes,16501,no,2016-11-10,16501,yes,"CV (MLS120328) mag 20,5"
CSS160227:072522+245608,111.34129,24.93546,20160227.12,18.77,1602271230374166444,yes,16644,no,2016-11-10,16644,yes,"SN SDSS mag 21,7"
CSS151103:072540+543117,111.41484,54.52146,20151103.46,18.82,1511031550244117096,no,11709,no,2016-11-10,11709,yes,Blazar 87GB_07213
CSS141005:072557+222302,111.48844,22.38383,20141005.49,18.27,1410051210384177751,yes,17775,no,2016-11-10,17775,yes,"Flare mag 19,7"
CSS110209:072612+462604,111.55083,46.43451,20110209.33,17.29,1102091460284125765,no,12576,yes,2016-10-27,12576,yes,"CV mag 20,5"
CSS130114:072652+612514,111.71504,61.42064,20130114.23,18.33,1301141600214150936,no,15093,yes,2016-11-10,15093,yes,Blazar
CSS121220:072654+182521,111.72695,18.42242,20121220.29,18.8,1212201180394146401,no,14640,no,2016-10-30,14640,yes,"Flare mag 19,6"
CSS140326:072825+384157,112.10353,38.6991,20140326.14,16.63,1403261380334142423,yes,14242,no,2016-11-06,14242,yes,"CV SDSS mag 20,5"
CSS131102:072952+315851,112.46646,31.9807,20131102.42,18.87,1311021320354124799,yes,12479,no,2016-11-07,12479,yes,"AGN SDSS mag 19,9"
CSS141025:073042+481140,112.67707,48.19438,20141025.37,12.49,1410251490274105412,no,10541,no,2016-11-06,10541,yes,HPM LHS_229
CSS151001:073047+481007,112.69569,48.16851,20151001.49,14.41,1510011490274103763,no,10376,no,2016-11-06,10376,yes,HPM EGGR_52
CSS090911:073056+425636,112.73136,42.9432,20090911.46,15.56,909111430304113562,yes,13562,yes,2016-11-06,13562,yes,CV SDSS mag 23 star?
CSS160303:073127+410257,112.86293,41.04912,20160303.21,18.26,1603031400324131366,yes,13136,no,2016-11-06,13136,yes,SN SDSS mag >22
CSS120301:073208+413009,113.03389,41.50258,20120301.1,18.89,1203011400324135123,yes,13512,no,2016-11-06,13512,yes,"CV SDSS_073208 mag 20,5"
CSS100408:073324+365005,113.35135,36.83463,20100408.13,17.74,1004081380334102480,yes,10248,yes,2016-11-06,10248,yes,"Blazar SDSS mag >22,5"
CSS160226:073325+373745,113.35608,37.62914,20160226.24,15.4,1602261380334117968,yes,11796,no,2016-11-06,11796,yes,"CV SDSS mag 22,1"
CSS091111:073339+212201,113.41366,21.36699,20091111.48,16.94,911111210394140913,yes,40913,no,2016-11-10,40913,yes,"CV mag 19,5"
CSS130131:073348+443305,113.45157,44.55143,20130131.32,18.54,1301311430304145952,yes,14595,no,2016-11-06,14595,yes,"SN SDSS 19,0"
CSS130214:073358+303038,113.49062,30.51046,20130214.18,12.52,1302141290364160994,yes,16099,no,2016-11-07,16099,yes,LPV
CSS130302:073419+271309,113.57772,27.21929,20130302.25,16.17,1303021260374143723,yes,14372,no,2016-11-10,14372,yes,"CV SDSS mag 20,0"
CSS150207:073443+504229,113.67811,50.708,20150207.33,14.56,1502071490284143743,no,14374,no,2016-11-06,14374,yes,"CV mag 19,7"
CSS120210:073508+394354,113.7851,39.73173,20120210.29,18.93,1202101400324103979,yes,10397,yes,2016-11-06,10397,yes,SN mag 21
CSS110310:073609+472716,114.03756,47.45431,20110310.22,18.47,1103101460294148007,yes,14800,no,2016-10-27,14800,yes,"SN 2011ax SDSS mag 21,0"
CSS150309:073731+234523,114.38083,23.75648,20150309.23,18.88,1503091230384129067,yes,12906,no,2016-11-10,12906,yes,SN (PS15hc) SDSS mag 21
CSS110301:073759+205545,114.49393,20.92909,20110301.21,15.76,1103011210394137153,yes,13715,no,2016-11-10,13715,yes,"CV SDSS mag 20,0"
CSS111024:073832+445339,114.63178,44.89418,20111024.48,17.87,1110241430314158229,yes,15822,yes,2016-11-06,15822,yes,"Flare SDSS mag 20,3"
CSS160116:073858+103858,114.7416,10.64936,20160116.34,17.98,1601161090414163632,yes,16363,no,2016-01-28,16363,yes,"CV SDSS mag 20,6"
CSS141215:073913+400446,114.80281,40.07955,20141215.27,17.19,1412151400324112534,yes,11253,no,2016-11-06,11253,yes,AGN mag 18
CSS080303:073921+222454,114.83817,22.415,20080303.1,18.63,803031210394160572,yes,60572,no,2016-11-10,60572,no,"CV SDSS mag 22,4 burst PQ"
CSS111118:074033+240900,115.13648,24.15011,20111118.45,18.57,1111181230384140281,yes,14028,yes,2016-11-10,14028,yes,"SN SDSS mag 23,1"
CSS090426:074240+544425,115.66575,54.74031,20090426.17,15.44,904261550254119759,no,19759,yes,2016-11-10,19759,no,Blazar 2EG J0744+5438
CSS111103:074400+415504,116.00201,41.91769,20111103.44,16.99,1111031400324158535,yes,15853,no,2016-11-06,15853,yes,"CV SDSS mag 20,7"
CSS091029:074420+325448,116.082,32.91337,20091029.44,18.55,910291320364139094,yes,39094,no,2016-11-07,39094,yes,"CV SDSS mag 21,6"
CSS141116:074446+401349,116.19143,40.23026,20141116.4,18.26,1411161400324115580,yes,11558,no,2016-11-06,11558,yes,CV SDSS mag 22
CSS130923:074557+232216,116.48867,23.37125,20130923.49,18.51,1309231230394117279,yes,11727,no,2016-11-10,11727,yes,"SN (spec) SDSS 2MASS_J074556 mag 14,9"
CSS151206:074640+273459,116.66834,27.58305,20151206.28,18.94,1512061260384150348,yes,15034,no,2016-11-07,15034,yes,"Blazar 87GB_07433 SDSS mag 21,4"
CSS110404:074641+173413,116.66919,17.57022,20110404.18,17.24,1104041180404115397,yes,11539,no,2016-10-30,11539,yes,CV SDSS_J074640+173412
CSS160401:074653+390122,116.71986,39.02283,20160401.15,15.83,1604011380344147227,yes,14722,no,2016-11-06,14722,yes,"SN (2016bam) SDSS mag 31,1"
CSS131214:074805+061830,117.02279,6.30844,20131214.31,16.91,1312141070424119491,yes,11949,no,2016-02-06,11949,yes,CV mag 21
CSS110925:074818+202153,117.07339,20.36483,20110925.5,13.24,1109251210404110806,yes,11080,no,2016-11-10,11080,yes,HPM LHS 238
CSS101115:074820+245759,117.08311,24.96631,20101115.39,18.05,1011151230394154571,yes,15457,yes,2016-11-10,15457,yes,"CV (spec) SDSS mag 22,9"
CSS111216:074836+240024,117.15061,24.00659,20111216.45,16.19,1112161230394126529,yes,12652,yes,2016-11-10,12652,yes,Blazar PKS_0745+241
CSS160114:074848+543544,117.20066,54.59568,20160114.27,18.04,1601141550254119623,no,11962,no,2016-11-10,11962,yes,"SN (SNHunt299) mag 13,8"
CSS151120:074900+312513,117.24807,31.4202,20151120.35,15.86,1511201320364108282,yes,10828,no,2016-11-07,10828,yes,"CV (SDSS_J074859) eclipsing SDSS mag 15,9"
CSS090331:074928+190452,117.36669,19.08112,20090331.13,16.9,903311180414149579,yes,49579,yes,2016-10-30,49579,no,"CV SDSS mag 20,9 star"
CSS091126:075000+182311,117.50123,18.38646,20091126.4,17.27,911261180414138295,yes,38295,yes,2016-10-30,38295,yes,"Blazar SDSS mag 19,7"
CSS160212:075033+102127,117.63723,10.35747,20160212.29,18.85,1602121090424155510,yes,15551,no,2016-02-12,15551,yes,"AGN SDSS mag 20,1"
CSS091115:075100+141150,117.74988,14.19728,20091115.42,16.86,911151150414104403,yes,4403,no,2016-03-04,4403,yes,"CV SDSS mag 19,0 J0750+1411"
CSS150208:075107+300628,117.78123,30.1079,20150208.22,15.43,1502081290374141264,yes,14126,no,2016-11-07,14126,yes,"CV SDSS mag 19,8"
CSS130317:075117+100016,117.82081,10.00458,20130317.22,16.72,1303171090424146629,yes,14662,no,2016-02-11,14662,yes,"CV SDSS mag 18,4"
CSS130429:075121+314655,117.83652,31.782,20130429.15,18.53,1304291320374114290,yes,11429,no,2016-10-31,11429,yes,"CV SDSS mag 22,3"
CSS161007:075154+331320,117.97364,33.22214,20161007.48,16.57,1610071320374137623,yes,13762,no,2016-10-31,13762,yes,"Blazar (0748+333) SDSS mag 19,6"
CSS140208:075255+530531,118.22898,53.09197,20140208.21,15.72,1402081520274133784,yes,13378,no,2016-11-08,13378,yes,"CV (ASASSN-13ac) SDSS mag 21,4"
CSS100412:075259+052930,118.24537,5.49163,20100412.14,17.79,1004121040434181465,yes,18146,yes,2016-11-09,18146,yes,"SN 2010ci SDSS mag 15,1 CGCG_030-024"
CSS100407:075332+375801,118.38325,37.96682,20100407.19,16.84,1004071380344122080,yes,12208,yes,2016-11-06,12208,yes,"CV SDSS mag 21,3"
CSS131110:075414+390330,118.55686,39.05827,20131110.39,18.26,1311101380344149031,yes,14903,no,2016-11-06,14903,yes,"SN SDSS mag 22,8"
CSS110414:075414+313216,118.56039,31.53773,20110414.18,14.76,1104141320374107841,yes,10784,no,2016-10-31,10784,yes,"CV SDSS mag 19,6"
CSS130131:075419+381225,118.57799,38.20694,20130131.32,14.74,1301311380344128824,yes,12882,no,2016-11-06,12882,yes,"CV SDSS mag 23,0"
CSS150124:075450+091019,118.70897,9.17199,20150124.3,17.3,1501241090424118194,yes,11819,no,2016-02-11,11819,yes,"CV SDSS mag 21,1"
CSS100304:075505+185749,118.77145,18.96359,20100304.25,18.97,1003041180414145217,yes,14521,no,2016-10-30,14521,yes,"SN SDSS mag 21,6"
CSS141223:075514+414556,118.80857,41.76553,20141223.27,18.76,1412231400334143673,yes,14367,no,2016-11-06,14367,yes,"SN SDSS mag 21,2"
CSS080303:075520+203908,118.83133,20.65234,20080303.1,19.2,803031210404117636,yes,17636,yes,2016-11-10,17636,no,SN 2008bb SDSS mag >22
CSS151203:075529+520928,118.86936,52.15785,20151203.33,16.6,1512031520274124906,yes,12490,no,2016-11-08,12490,yes,"SN SDSS mag 16,8"
CSS140914:075541+264619,118.91919,26.77188,20140914.49,16.88,1409141260394124755,yes,12475,no,2016-10-31,12475,yes,"SN SDSS mag 19,5"
CSS120519:075615+440205,119.06179,44.03471,20120519.16,17.5,1205191430324126387,yes,12638,no,2016-11-06,12638,yes,"SN CGCG_207-006 mag 15,6"
CSS080406:075648+305805,119.20008,30.96818,20080406.16,17.05,804061290384155040,yes,55040,yes,2016-11-07,55040,no,CV SDSS 21 mag star
CSS091029:075648+320527,119.20126,32.09078,20091029.43,18.97,910291320374121747,yes,21747,no,2016-10-31,21747,yes,"SN SDSS mag 21,4 gal"
CSS091022:075714+222253,119.30758,22.38142,20091022.44,18.31,910221210414156657,yes,56657,no,2016-10-30,56657,yes,"CV SDSS mag 21,2 Wils_et_al_2009"
CSS071106:075747+305307,119.44569,30.88533,20071106.4,18.53,711061290384148328,yes,48328,no,2016-11-07,48328,no,"SN (MLS) SDSS mag >22,5"
CSS130403:075819+262406,119.57998,26.40153,20130403.16,18.34,1304031260394120564,yes,12056,no,2016-10-31,12056,yes,"SN SDSS 16,7"
CSS120113:075900+270957,119.75196,27.16587,20120113.46,18.71,1201131260394127203,yes,12720,yes,2016-10-31,12720,yes,"SN 2012L SDSS mag 16,1"
CSS111027:075959+211936,119.99694,21.32674,20111027.43,18.91,1110271210414133893,yes,13389,yes,2016-10-30,13389,yes,"CV (spec) SDSS mag 23,0"
CSS131002:080005+400532,120.02092,40.09219,20131002.5,18.16,1310021400344113215,yes,11321,no,2016-11-02,11321,yes,"SN (spec) SDSS mag 20,2"
CSS160121:080034+192416,120.14108,19.40458,20160121.32,15.95,1601211180424141819,yes,14181,no,2016-11-05,14181,yes,CV SDSS_J080033
CSS130103:080252+162813,120.71669,16.47033,20130103.36,18.92,1301031150424151613,yes,15161,yes,2016-10-25,15161,yes,"SN SDSS mag >22,5"
CSS110404:080304+251628,120.76667,25.27449,20110404.21,15.3,1104041230404151904,yes,15190,no,2016-10-30,15190,yes,CV J0803+2516
CSS150119:080305+345632,120.77291,34.94222,20150119.42,14.56,1501191350364120603,yes,12060,no,2016-11-06,12060,yes,HPM LHS_243
CSS130103:080306+345635,120.77333,34.94302,20130103.22,14.57,1301031350364121228,yes,12122,no,2016-11-06,12122,yes,HPM LHS_243
CSS141127:080306+292427,120.77387,29.40745,20141127.42,18.84,1411271290384124451,yes,12445,no,2016-11-07,12445,yes,"AGN SDSS mag 20,2"
CSS080210:080306+115121,120.77536,11.85577,20080210.19,19.69,802101120434114983,yes,14983,no,2016-11-09,14983,no,SN SDSS mag >22
CSS110328:080307+284856,120.7791,28.81559,20110328.21,15.67,1103281290384113038,yes,11303,no,2016-11-07,11303,yes,"CV mag 19,8 Wils_SDSSJ080306"
CSS131014:080316+213014,120.81597,21.50375,20131014.5,18.87,1310141210414137770,yes,13777,no,2016-10-30,13777,yes,"SN (MLS130930) SDSS mag 21,0"
CSS091116:080428+363104,121.11848,36.51784,20091116.36,18.94,911161350364152378,yes,52378,no,2016-11-06,52378,yes,"CV SDSS mag 21,9"
CSS081025:080514+405025,121.30777,40.84016,20081025.41,18.73,810251400344125487,yes,25487,yes,2016-11-02,25487,no,"CV SDSS mag 22,5"
CSS130924:080531+321902,121.37987,32.31735,20130924.48,18.43,1309241320384122843,yes,12284,no,2016-11-07,12284,yes,"SN (spec) SDSS mag 22,2"
CSS111230:080552+383538,121.46574,38.59387,20111230.41,17.63,1112301380354137481,yes,13748,yes,2016-11-10,13748,yes,"Blazar SDSS mag 20,4"
CSS140311:080701+554739,121.75439,55.79416,20140311.2,16.78,1403111550264133306,yes,13330,no,2016-11-08,13330,yes,"CV SDSS mag 20,4"
CSS090317:080730+153442,121.87372,15.57832,20090317.15,17.04,903171150424136883,yes,36883,yes,2016-10-25,36883,no,"CV outbursts SDSS mag 22,0"
CSS141030:080800+112539,122.00054,11.4275,20141030.45,17.53,1410301120434103505,yes,10350,no,2016-11-09,10350,yes,"Var SDSS mag 18,1"
CSS160227:080826+314126,122.10817,31.69043,20160227.19,18.98,1602271320384111174,yes,11117,no,2016-11-07,11117,yes,"AGN SDSS mag 20,4"
CSS080305:080846+313106,122.19245,31.51837,20080305.12,14.66,803051320384107064,yes,7064,no,2016-11-07,7064,no,"CV SDSS mag 18,7 Cnc SDSS"
CSS080416:080854+355053,122.22386,35.84814,20080416.15,16.16,804161350364129084,yes,29084,yes,2016-11-06,29084,no,"CV SDSS 19,6 mag star"
CSS120120:080941+171528,122.42237,17.25784,20120120.21,16.3,1201201180424110668,yes,11066,yes,2016-11-05,11066,yes,"CV SDSS mag 20,5"
CSS100108:081031+002429,122.62756,0.40795,20100108.32,17.42,1001081010444113640,yes,11364,yes,2016-11-09,11364,yes,"CV (spec) CSS mag 19,2"
CSS111130:081041-011123,122.6726,-1.18979,20111130.44,17.3,1111300010444152229,yes,15222,no,2016-02-29,15222,yes,"CV mag 20,2"
CSS111225:081044+402530,122.68145,40.4249,20111225.34,18.87,1112251400344119989,yes,11998,no,2016-11-02,11998,yes,"SN 2011ju SDSS mag 21,9"
CSS130206:081105+040138,122.77224,4.02718,20130206.22,13.01,1302061040444139121,yes,13912,no,2016-11-09,13912,yes,Mira mag 14
CSS111030:081117+152003,122.82138,15.33414,20111030.46,16.23,1110301150434131503,yes,13150,no,2016-10-25,13150,yes,"CV SDSS mag 22,5"
CSS090930:081208+131825,123.03182,13.30685,20090930.48,14.45,909301120444140061,yes,40061,no,2016-11-09,40061,yes,"CV mag 19,2 V877_Ara"
CSS080228:081210+040352,123.04267,4.0644,20080228.21,18.81,802281040444132343,yes,32343,no,2016-11-09,32343,no,"CV eclipsing SDSS mag 22,4"
CSS120210:081237+161946,123.15231,16.32931,20120210.25,17.58,1202101150434141552,yes,14155,no,2016-10-25,14155,yes,"CV SDSS mag 22,3"
CSS130115:081249+461700,123.20438,46.28339,20130115.22,18.39,1301151460314123896,yes,12389,no,2016-11-05,12389,yes,"SN (spec) SDSS mag 20,4"
CSS081204:081255+361204,123.22747,36.20122,20081204.38,20.01,812041350374140122,yes,40122,yes,2016-11-02,40122,no,SN SDSS mag >22
CSS140304:081408+090759,123.53511,9.13311,20140304.17,14.3,1403041090444115966,yes,11596,no,2016-11-09,11596,yes,"CV (SDSS_J081408) SDSS mag 20,5"
CSS080303:081413+271939,123.55479,27.32749,20080303.11,18.5,803031260404130741,yes,30741,no,2016-11-07,30741,no,SN SDSS mag >22 obj
CSS090418:081414+242340,123.55662,24.3945,20090418.12,19.29,904181230414133280,yes,33280,yes,2016-11-05,33280,no,"SN SDSS mag 22,6 gal"
CSS080202:081415+080450,123.56217,8.08062,20080202.23,18.57,802021070444156851,yes,56851,no,2016-11-09,56851,no,"CV 22,1 mag SDSS star"
CSS080409:081419-005022,123.57877,-0.83948,20080409.14,14.77,804090010444152026,yes,52026,yes,2016-02-29,52026,no,"CV SDSS mag 19,0 star"
CSS150222:081425+202126,123.6057,20.35713,20150222.24,16.77,1502221210424111277,yes,11127,no,2016-11-05,11127,yes,"CV SDSS mag 21,8"
CSS130218:081432+421600,123.63153,42.26656,20130218.14,15.28,1302181400354146917,yes,14691,no,2016-11-10,14691,yes,"CV SDSS mag 21,9"
CSS150222:081510+173959,123.7921,17.66625,20150222.26,18.07,1502221180434114096,yes,11409,no,2016-11-05,11409,yes,"SN (MLS) SDSS mag 20,7"
CSS150416:081520+174344,123.83378,17.72896,20150416.13,17.47,1504161180434114469,yes,11446,no,2016-11-05,11446,yes,"CV SDSS mag 20,9"
CSS150123:081526+584234,123.85882,58.70953,20150123.34,18.79,1501231570254138714,yes,13871,no,2016-11-08,13871,yes,"Flare SDSS mag 20,3"
CSS130411:081539+243717,123.91089,24.62151,20130411.14,17.83,1304111230414140313,yes,14031,no,2016-11-05,14031,yes,"Flare SDSS mag 19,0"
CSS080417:081543-004209,123.92985,-0.7024,20080417.11,17.56,804170010454142868,yes,42868,no,2016-04-18,42868,no,"CV SDSS mag 21,8 object"
CSS120119:081602+584824,124.01025,58.80669,20120119.29,17.49,1201191570254149183,yes,14918,yes,2016-11-08,14918,yes,"CV SDSS mag 21,3"
CSS150207:081700+511235,124.24904,51.20975,20150207.33,17.14,1502071520284106252,yes,10625,no,2016-11-08,10625,yes,"SN (spec) SDSS mag 21,6"
CSS091215:081712+055208,124.30103,5.86888,20091215.44,16.65,912151070444105411,yes,5411,yes,2016-11-09,5411,yes,"CV SDSS mag 20,9 not blue"
CSS071230:081807+200719,124.52938,20.12199,20071230.32,18.24,712301210424106841,yes,6841,no,2016-11-05,6841,no,"SN SDSS mag 21,4 gal"
CSS100415:081837+012207,124.65348,1.36865,20100415.14,18.97,1004151010454133296,yes,13329,no,2016-04-18,13329,yes,"CV SDSS mag >22,5"
CSS100512:081902+322638,124.75961,32.44375,20100512.16,18.2,1005121320394119966,yes,11996,yes,2016-11-07,11996,yes,"Blazar IVS_B0815+326 z=0,65"
CSS100202:081936+191540,124.90027,19.26115,20100202.31,17.35,1002021180433134193,yes,13419,yes,2016-11-05,13419,yes,"CV SDSS mag 20,0"
CSS091213:082019+474732,125.08071,47.7921,20091213.34,17.7,912131460324139200,yes,39200,yes,2016-11-05,39200,yes,"CV SDSS mag 21,3"
CSS101110:082047+355337,125.19755,35.89374,20101110.42,18.18,1011101350374137703,yes,13770,yes,2016-11-02,13770,yes,"SN 2010kb SDSS mag 19,5"
CSS090224:082124+454135,125.34891,45.69314,20090224.14,16.76,902241460324109873,yes,9873,yes,2016-11-05,9873,no,"CV SDSS mag 19,8"
CSS141014:082216+523413,125.56671,52.57033,20141014.47,18.49,1410141520294130057,yes,13005,no,2016-11-08,13005,yes,"SN SDSS mag 20,8"
CSS091220:082258+404150,125.73979,40.6971,20091220.35,16.69,912201400354121224,yes,21224,yes,2016-11-10,21224,yes,"Blazar CRATES_J082257+404146 z=0,864"
CSS080311:082319+243053,125.82961,24.51484,20080311.12,20.25,803111230424136723,yes,36723,no,2016-11-05,36723,no,Ast no SDSS
CSS140103:082332+283814,125.88379,28.63724,20140103.32,18.95,1401031290404108382,yes,10838,no,2016-11-07,10838,yes,"SN (spec) SDSS mag 20,7"
CSS140128:082352+043655,125.96799,4.61528,20140128.23,18.52,1401281040454148127,yes,14812,no,2016-11-09,14812,yes,"SN (spec) SDSS mag 21,0"
CSS151114:082355+322326,125.97804,32.39069,20151114.49,17.59,1511141320394124088,yes,12408,no,2016-11-07,12408,yes,"Flare SDSS mag 20,1"
CSS160210:082425+370429,126.10298,37.07465,20160210.3,18.97,1602101380374108184,yes,10818,no,2016-11-10,10818,yes,"AGN SDSSS mag 20,1"
CSS130217:082433+243844,126.13752,24.64542,20130217.17,17.05,1302171230424139186,yes,13918,yes,2016-11-05,13918,yes,"Blazar SDSS mag 18,9"
CSS080305:082440+273112,126.16863,27.52011,20080305.1,19.15,803051260414134706,yes,34706,no,2016-11-07,34706,no,"Flare SDSS mag >22,5"
CSS100505:082457+070715,126.23851,7.12085,20100505.15,18.99,1005051070454130612,yes,13061,no,2016-11-09,13061,yes,"SN SDSS mag >22,5"
CSS160227:082533+120138,126.38831,12.0271,20160227.26,18.95,1602271120454112778,yes,11277,no,2016-11-09,11277,yes,"Flare SDSS mag 21,0"
CSS160508:082549+075515,126.45363,7.92088,20160508.15,18.06,1605081070454144230,yes,14423,no,2016-11-09,14423,yes,"SN SDSS mag 20,4"
CSS150213:082549+493330,126.45364,49.55821,20150213.31,18.85,1502131490314127926,yes,12792,no,2016-11-05,12792,yes,"AGN SDSS mag 21,1"
CSS071230:082550+220041,126.46034,22.01147,20071230.35,18.12,712301210434137755,yes,37755,no,2016-11-05,37755,no,"SN SDSS mag 21,8"
CSS110124:082604+113821,126.51549,11.63922,20110124.46,15.95,1101241120454105248,yes,10524,yes,2016-11-09,10524,yes,"CV SDSS mag 20,5"
CSS141223:082634+330645,126.64045,33.11253,20141223.3,18.48,1412231320394136108,yes,13610,no,2016-11-07,13610,yes,"SN (spec) SDSS mag 21,2"
CSS131224:082637+254424,126.65254,25.74003,20131224.34,18.37,1312241260414106473,yes,10647,no,2016-11-07,10647,yes,"Flare SDSS mag 20,8"
CSS110204:082649+202232,126.70485,20.3755,20110204.21,17.06,1102041210434115267,yes,11526,yes,2016-11-05,11526,yes,"SN 2011cl SDSS mag 14,7"
CSS080306:082655-000733,126.72785,-0.12581,20080306.19,17.18,803060010464155774,yes,55774,no,2016-04-18,55774,no,"CV SDSS 19,5 var_10_min QSO z=0,875?"
CSS130103:082702-020234,126.76005,-2.04277,20130103.38,16.75,1301030010464118888,yes,11888,yes,2016-04-18,11888,yes,"SN SDSS mag 15,7"
CSS130218:082725+422336,126.85397,42.39345,20130218.14,16.08,1302181430344101379,yes,10137,no,2016-11-10,10137,yes,"Flare mag 16,6"
CSS120114:082754+121600,126.97375,12.26677,20120114.36,18.54,1201141120454117896,yes,11789,yes,2016-11-09,11789,yes,"Flare SDSS mag 20,7"
CSS081130:082817+302454,127.0715,30.41504,20081130.32,19.39,811301290404138766,yes,38766,yes,2016-11-07,38766,no,"SN SDSS mag 22,5 Abell671 cluster"
CSS071231:082822+105344,127.09064,10.89569,20071231.38,17.85,712311090454147905,yes,47905,yes,2016-11-09,47905,no,"CV SDSS 22,2 mag star?"
CSS131224:082828+342717,127.11596,34.45471,20131224.34,18.36,1312241350384110624,yes,11062,no,2016-11-10,11062,yes,"AGN SDSS mag 19,9"
CSS130317:082848+293031,127.1991,29.50857,20130317.16,18.24,1303171290404124281,yes,12428,no,2016-11-07,12428,yes,"SN (spec) SDSS mag 15,5"
CSS091017:082858-003512,127.24252,-0.58676,20091017.46,18.32,910170010464152062,yes,52062,yes,2016-04-18,52062,yes,"SN 2009ma SDSS mag >22,5"
CSS161109:082930+001324,127.37297,0.22334,20161109.47,16.48,1611091010464105145,yes,10514,no,2016-11-09,10514,yes,"CV SDSS mag 21,8"
CSS140526:082948+264625,127.45045,26.7735,20140526.18,12.57,1405261260424118499,yes,11849,no,2016-11-07,11849,yes,HPM LHS_248
CSS131207:082957-010201,127.48942,-1.03373,20131207.47,15.62,1312070010464142576,yes,14257,no,2016-04-18,14257,yes,"CV (spec) SDSS mag 22,0"
CSS151206:083106-054242,127.77684,-5.71164,20151206.4,17.01,1512060070464171296,yes,17129,no,2016-02-29,17129,yes,"CV SDSS mag 18,9"
CSS080101:083123-020225,127.84644,-2.04033,20080101.35,19.48,801010010464118424,yes,18424,no,2016-04-18,18424,no,"Flare SDSS mag 23,0"
CSS131214:083148+643430,127.95073,64.57489,20131214.29,17.8,1312141630224136315,yes,13631,no,2016-11-09,13631,yes,"SN (Master) SDSS mag 21,4"
CSS120102:083205+441006,128.02202,44.16821,20120102.3,18.99,1201021430344132418,yes,13241,yes,2016-11-10,13241,yes,"AGN SDSS mag 20,3"
CSS120522:083223+491321,128.09672,49.22243,20120522.18,16.61,1205221490314114861,yes,11486,yes,2016-11-05,11486,yes,"Blazar QSO_B0828+493 z=0,548"
CSS120427:083303+370601,128.26128,37.10039,20120427.21,17.17,1204271380374105813,yes,10581,no,2016-11-10,10581,yes,HPM 2MASS_J083303
CSS081121:083423+254852,128.59707,25.81441,20081121.41,19.44,811211260424107470,yes,7470,yes,2016-11-07,7470,no,Ast no SDSS
CSS150122:083441+465757,128.6706,46.96587,20150122.43,19.19,1501221460334127130,yes,12713,no,2016-11-05,12713,yes,"AGN SDSS mag 20,9"
CSS120520:083619+212105,129.07911,21.35139,20120520.18,14.0,1205201210444122117,yes,12211,no,2016-11-05,12211,yes,CV CC_Cnc
CSS090213:083642+091405,129.17367,9.23482,20090213.24,18.19,902131090464114479,yes,14479,yes,2016-11-09,14479,no,"SN 2009bm SDSS mag 20,5 galaxy"
CSS080203:083652+272637,129.21562,27.44358,20080203.18,19.32,802031260424140087,yes,40087,no,2016-11-07,40087,no,"SN matches SDSS mag 21,2 gal"
CSS120422:083746+522004,129.44338,52.33446,20120422.14,18.23,1204221520304126274,yes,12627,yes,2016-11-08,12627,yes,"SN SDS mag 20,4"
CSS130415:083751+063634,129.46131,6.6095,20130415.18,19.3,1304151070464118026,yes,11802,no,2016-11-09,11802,yes,"AGN SDSS mag 21,1"
CSS101203:083751+383013,129.46223,38.50361,20101203.37,16.76,1012031380384133667,yes,13366,no,2016-11-10,13366,yes,CV J0837+3830
CSS150512:083820+165039,129.58152,16.8442,20150512.14,16.15,1505121150454142947,yes,14294,no,2016-10-25,14294,yes,"CV SDSS mag 20,9"
CSS100320:083831+140039,129.62964,14.01085,20100320.2,19.08,1003201120464144037,yes,14403,no,2016-11-09,14403,yes,"SN 2010ca SDSS mag 21,6 gal"
CSS090302:083845+491055,129.6883,49.18208,20090302.1,15.12,903021490314120932,yes,20932,no,2016-11-05,20932,no,"CV SDSS mag 19,4 SDSS_083845"
CSS161029:083859+624034,129.74492,62.67612,20161029.51,14.36,1610291630224109495,yes,10949,no,2016-11-09,10949,yes,HPM LHS_2032
CSS141130:083907+343154,129.77808,34.53153,20141130.42,18.58,1411301350394111255,yes,11125,no,2016-11-10,11125,yes,"SN SDSS mag 20,2"
CSS131102:083931+282824,129.88051,28.47339,20131102.46,16.53,1311021290414104571,yes,10457,no,2016-11-07,10457,yes,CV SDSS_J083931
CSS130307:083940+530857,129.91628,53.14913,20130307.31,16.22,1303071520304144859,yes,14485,no,2016-11-08,14485,yes,HPM LHS_2035
CSS141124:084020+141506,130.08224,14.25167,20141124.45,17.41,1411241150454102720,yes,10272,no,2016-10-25,10272,yes,"Flare SDSS mag 21,2"
CSS090331:084041+000520,130.17273,0.08894,20090331.16,18.84,903311010474101577,yes,1577,yes,2016-11-09,1577,no,"CV SDSS mag 20,8 star"
CSS100522:084108+102537,130.28376,10.42683,20100522.16,15.58,1005221090464126949,yes,12694,no,2016-11-09,12694,yes,"CV SDSS mag 20,1 gal"
CSS120225:084110+331709,130.29053,33.28572,20120225.16,18.97,1202251320404143265,yes,14326,no,2016-11-07,14326,yes,"AGN SDSS mag 20,1"
CSS090525:084127+210054,130.36405,21.01488,20090525.15,15.76,905251210444119239,yes,19239,no,2016-11-05,19239,no,"CV SDSS mag 20,4"
CSS130116:084130+112310,130.3759,11.38615,20130116.39,18.82,1301161120464102418,yes,10241,no,2016-11-09,10241,yes,"AGN SDSS mag 20,4"
CSS130115:084141+465235,130.42202,46.87647,20130115.38,18.8,1301151460334132242,yes,13224,yes,2016-11-05,13224,yes,"Blazar SDSS mag 20,9"
CSS121124:084244+443224,130.68288,44.54011,20121124.33,12.91,1211241430354131229,yes,13122,no,2016-11-05,13122,yes,HPM LHS_2041
CSS151206:084252+131004,130.71661,13.16773,20151206.36,18.97,1512061120464134253,yes,13425,no,2016-11-09,13425,yes,"Flare SDSS mag 20,4"
CSS081028:084321+375334,130.83934,37.89281,20081028.45,19.42,810281380384119044,yes,19044,no,2016-11-10,19044,no,"SN SDSS mag 21,8"
CSS080426:084328+302346,130.86609,30.39601,20080426.15,19.55,804261290424127036,yes,27036,no,2016-10-31,27036,no,SN SDSS mag >22 mag
CSS131211:084339+161038,130.91377,16.17724,20131211.43,18.33,1312111150464138744,yes,13874,no,2016-10-25,13874,yes,"SN (spec) SDSS mag 20,8"
CSS080309:084358+425037,130.99192,42.84368,20080309.25,17.76,803091430354107829,yes,7829,no,2016-11-05,7829,no,"CV SDSS 19,9 mag star"
CSS110208:084400+023919,131.00039,2.6552,20110208.22,14.82,1102081010474158290,yes,15829,no,2016-11-09,15829,yes,CV SDSS_J084400+023919
CSS090331:084414-012807,131.05687,-1.46866,20090331.17,17.5,903310010474128925,yes,28925,yes,2016-04-18,28925,no,"CV SDSS mag 20,5 star"
CSS130418:084435+530431,131.14727,53.07531,20130418.17,17.16,1304181520304134058,yes,13405,no,2016-11-08,13405,yes,"CV SDSS mag 21,9"
CSS091216:084441-061935,131.17288,-6.32648,20091216.39,18.46,912160070474149216,no,49216,no,2016-03-15,49216,yes,SN 2009ni CFHT mag 22 gal
CSS131224:084443+370805,131.17886,37.13471,20131224.35,19.7,1312241380384107607,yes,10760,no,2016-11-10,10760,yes,"AGN mag 20,5"
CSS080309:084447+373339,131.1979,37.56079,20080309.23,20.12,803091380384113756,yes,13756,no,2016-11-10,13756,no,Ast no SDSS
CSS101101:084515+274924,131.3117,27.8232,20101101.48,15.18,1011011260434138055,yes,13805,yes,2016-10-04,13805,yes,"SN 2010iw (Howerton) SDSS mag 17,8"
CSS140509:084519+190824,131.32817,19.13998,20140509.14,18.42,1405091180454129137,yes,12913,no,2016-11-05,12913,yes,"SN SDSS mag 20,8"
CSS090201:084545-051130,131.4389,-5.1916,20090201.25,18.16,902010040474111648,no,11648,yes,2016-04-18,11648,no,CV mag >21 past outburst
CSS080209:084555+033929,131.47937,3.65813,20080209.26,18.5,802091040474117552,yes,17552,no,2016-11-09,17552,no,CV SDSS mag 20
CSS080202:084608+011743,131.53222,1.29525,20080202.23,18.02,802021010474127132,yes,27132,no,2016-11-09,27132,no,CV SDSS mag >22
CSS120222:084614+225502,131.55931,22.91717,20120222.23,19.27,1202221230444107847,yes,10784,yes,2016-11-05,10784,yes,SN SDSS mag 20
CSS150415:084617+311556,131.57006,31.26549,20150415.14,18.56,1504151320414103256,yes,10325,no,2016-10-31,10325,yes,"CV SDSS mag 21,6"
CSS141024:084621+132037,131.58572,13.34353,20141024.47,18.85,1410241120474136547,yes,13654,no,2016-11-09,13654,yes,"SN SDSS mag 20,6"
CSS120120:084702-154158,131.76015,-15.69951,20120120.35,18.87,1201200150464142250,no,14225,yes,2015-12-06,14225,yes,"CV DSS mag 21,5"
CSS131102:084719+253805,131.83022,25.63477,20131102.46,20.2,1311021260434104182,yes,10418,no,2016-10-04,10418,yes,"AGN SDSS maf 20,6"
CSS131031:084730+102511,131.87546,10.4197,20131031.45,19.58,1310311090474134635,yes,13463,no,2016-11-09,13463,yes,"SN SDSS mag 16,5"
CSS131224:084744+465235,131.93473,46.8764,20131224.48,18.34,1312241460334126377,yes,12637,no,2016-11-05,12637,yes,"AGN mag 20,5"
CSS110224:084748+295733,131.94872,29.95906,20110224.15,18.63,1102241290424127830,yes,12783,no,2016-10-31,12783,yes,"SN SDSS mag 23,4"
CSS100412:084758+510841,131.99157,51.14479,20100412.22,17.94,1004121520304104992,yes,10499,yes,2016-11-08,10499,yes,"SN 2010cj SDSS mag 21,1"
CSS090323:084758+340720,131.9931,34.12236,20090323.11,19.77,903231350394105050,yes,5050,yes,2016-11-10,5050,no,"SN SDSS mag >22,5"
CSS151103:084831+610859,132.12748,61.14982,20151103.49,13.63,1511031600254127101,yes,12710,no,2016-11-09,12710,yes,HPM LHS_2051
CSS141215:084920+364257,132.33482,36.71587,20141215.33,17.45,1412151380384100960,yes,10096,no,2016-11-10,10096,yes,"SN (Gagliano) SDSS mag 13,4"
CSS151012:084941+291739,132.41919,29.2941,20151012.49,19.11,1510121290424116485,yes,11648,no,2016-10-31,11648,yes,"SN SDSS mag 21,9"
CSS110513:085000+485458,132.50152,48.91624,20110513.22,15.97,1105131490324110809,yes,11080,yes,2016-11-05,11080,yes,"Blazar B0846+4906 SDSS mag 18,5 z=0,425"
CSS071203:085002+171938,132.50916,17.32712,20071203.34,19.42,712031180464106445,yes,6445,no,2016-10-25,6445,no,"SN (MLS) SDSS mag 20,8 gal"
CSS140329:085002+292739,132.50965,29.46097,20140329.19,18.66,1403291290424119413,yes,11941,no,2016-10-31,11941,yes,"SN SDSS mag 22,0"
CSS090120:085010-121335,132.54014,-12.22646,20090120.32,16.11,901200120474150650,no,50650,yes,2016-04-18,50650,no,Blazar 2EG J0852-1237
CSS090225:085102+262254,132.75959,26.38173,20090225.22,20.14,902251260434115176,yes,15176,yes,2016-10-04,15176,no,"Flare SDSS mag 23,6 star"
CSS090118:085107+030834,132.78084,3.14291,20090118.33,14.67,901181040484106855,yes,6855,no,2016-11-09,6855,no,"CV CT Hya mag 18,4"
CSS150220:085109+443352,132.78647,44.56456,20150220.23,19.74,1502201430364130531,yes,13053,no,2016-11-05,13053,yes,"SN (spec) SDSS mag 22,1"
CSS120421:085111+032751,132.79759,3.46406,20120421.14,18.93,1204211040484113178,yes,11317,yes,2016-11-09,11317,yes,"SN SDSS mag >21,5"
CSS080401:085113+344449,132.80597,34.74687,20080401.18,16.4,804011350404111947,yes,11947,yes,2016-11-10,11947,no,CV SDSS mag 20 star
CSS100216:085219-081730,133.08112,-8.29153,20100216.29,17.47,1002160070474106060,no,10606,yes,2016-03-15,10606,yes,"CV mag >21,5"
CSS100512:085247+531406,133.19699,53.23504,20100512.18,18.7,1005121520304133272,yes,13327,yes,2016-11-08,13327,yes,"SN 2010di SDSS mag 20,5 gal"
CSS080101:085249-052247,133.20375,-5.37967,20080101.37,19.2,801010040484105189,no,5189,no,2016-04-18,5189,no,"SN PQ mag 20,5 Gal"
CSS110404:085253+185323,133.21985,18.8896,20110404.24,17.57,1104041180464131580,yes,13158,no,2016-10-25,13158,yes,"Flare SDSS mag 19,7"
CSS101203:085402+350312,133.50923,35.05331,20101203.35,18.96,1012031350404119449,yes,11944,no,2016-11-10,11944,yes,"SN 2010lj SDSS mag 20,8"
CSS080506:085409+201339,133.53919,20.22756,20080506.15,17.49,805061210454106076,yes,6076,no,2016-11-05,6076,no,"CV SDSS 20,5 mag star"
CSS130110:085413-080511,133.55469,-8.0865,20130110.35,15.03,1301100070484108784,no,10878,no,2016-03-14,10878,yes,HPM LHS_254
CSS101203:085414+390537,133.55818,39.09367,20101203.37,16.82,1012031380394141353,yes,14135,no,2016-11-10,14135,yes,"CV 1ES_0851+39,2 SDSS mag 19,2"
CSS130303:085450-001238,133.70749,-0.21057,20130303.26,17.88,1303030010484158805,yes,15880,no,2016-04-18,15880,yes,"Flare SDSS mag 20,2"
CSS150415:085511+354417,133.7979,35.73814,20150415.14,18.73,1504151350404127704,yes,12770,no,2016-11-10,12770,yes,"AGN SDSS mag 20,0"
CSS120302:085522+040837,133.84299,4.14366,20120302.16,17.54,1203021040484122366,yes,12236,yes,2016-11-09,12236,yes,"Flare SDSS mag 21,1"
CSS130307:085523+525451,133.84569,52.91421,20130307.31,16.5,1303071520314141379,yes,14137,no,2016-10-23,14137,yes,HPM LHS_2073
CSS120223:085539+382913,133.91332,38.48687,20120223.21,20.02,1202231380394131953,yes,13195,yes,2016-11-10,13195,yes,"AGN SDSS mag 22,3"
CSS120325:085554+254237,133.97451,25.71026,20120325.15,18.53,1203251260444104852,yes,10485,no,2016-10-19,10485,yes,"SN SDSS mag 21,9"
CSS091121:085600-051945,133.99922,-5.32906,20091121.5,18.17,911210040484107252,no,7252,no,2016-04-18,7252,yes,SN 2009mc CFHT mag 22 gal
CSS140309:085602-102639,134.00929,-10.4441,20140309.23,18.67,1403090090484116562,no,11656,no,2016-04-18,11656,yes,CV mag 21
CSS100508:085604+322109,134.01571,32.35255,20100508.17,16.2,1005081320414119007,yes,11900,no,2016-10-31,11900,yes,"CV SDSS mag 19,7"
CSS100313:085607+123837,134.02847,12.6435,20100313.22,18.92,1003131120474123675,yes,12367,yes,2016-11-09,12367,yes,"CV (spec) SDSS mag 22,2"
CSS120411:085609+172208,134.03843,17.36878,20120411.17,18.51,1204111180464108242,yes,10824,yes,2016-10-25,10824,yes,"Flare SDSS mag 20,7"
CSS150512:085625+173310,134.10396,17.55268,20150512.14,17.01,1505121180464109343,yes,10934,no,2016-10-25,10934,yes,"Flare SDSS mag 19,4"
CSS130418:085631+433558,134.13014,43.59957,20130418.16,13.97,1304181430364118904,yes,11890,no,2016-11-05,11890,yes,HPM LHS_2074
CSS160203:085705+351643,134.27208,35.27848,20160203.26,19.61,1602031350404123359,yes,12335,no,2016-11-10,12335,yes,SN SDSS mag >21
CSS110309:085710-032029,134.29009,-3.34134,20110309.24,17.74,1103090040484148259,no,14825,yes,2016-04-18,14825,yes,CV mag >21
CSS141228:085800+255454,134.49948,25.91499,20141228.38,18.93,1412281260444108054,yes,10805,no,2016-10-19,10805,yes,"AGN SDSS mag 21,2"
CSS071112:085823-003729,134.59523,-0.62471,20071112.42,17.64,711120010484141981,yes,41981,no,2016-04-18,41981,no,CV SDSS 22nd mag gal?
CSS111130:085857+044130,134.73828,4.69169,20111130.48,18.8,1111301040484136988,yes,13698,yes,2016-11-09,13698,yes,SN SDSS mag >22
CSS090118:085912-110648,134.80178,-11.11331,20090118.37,16.76,901180090484103653,no,3653,yes,2016-04-18,3653,no,CV outburst DSS-B mag 21
CSS160227:085941+601630,134.92214,60.27495,20160227.34,14.3,1602271600254113139,yes,11313,no,2016-11-09,11313,yes,HPM LHS_2087
CSS131231:085956-072510,134.9831,-7.41954,20131231.35,17.37,1312310070484126421,no,12642,no,2016-03-14,12642,yes,SN (spec) MCG-01-23-016 mag 15
CSS120301:090017+430118,135.06896,43.02174,20120301.16,14.05,1203011430364110176,yes,11017,no,2016-11-05,11017,yes,CV J0900+4301
CSS110512:090017+343928,135.06943,34.65765,20110512.21,17.14,1105121350404109472,yes,10947,no,2016-11-10,10947,yes,"CV mag 20,5"
CSS090118:090026-092649,135.10933,-9.44691,20090118.37,16.16,901180090484140054,no,40054,yes,2016-04-18,40054,no,CV mag 20
CSS110113:090035+015650,135.14712,1.94735,20110113.35,18.42,1101131010494140457,yes,14045,yes,2016-05-07,14045,yes,SN SDSS mag >22
CSS110224:090109+303545,135.28794,30.59575,20110224.18,19.69,1102241290434237998,yes,23799,yes,2016-10-19,23799,yes,"SN SDSS mag 21,2"
CSS160315:090152+105059,135.4684,10.84978,20160315.17,18.61,1603151090484137970,yes,13797,no,2016-11-09,13797,yes,"AGN SDSS mag 20,1"
CSS121114:090202+101800,135.50974,10.30003,20121114.46,16.56,1211141090484136131,yes,13613,no,2016-11-09,13613,yes,"SN SDSS mag 17,6"
CSS090201:090210-113032,135.54261,-11.50876,20090201.27,13.01,902010120484163113,no,63113,yes,2016-04-18,63113,no,"CV mag 17,5 Galex"
CSS120129:090213+125819,135.55491,12.97189,20120129.32,18.68,1201291120484130165,yes,13016,yes,2016-11-09,13016,yes,"Blazar SDSS mag 19,7"
CSS120411:090227+205046,135.61214,20.84623,20120411.16,15.28,1204111210464120236,yes,12023,yes,2016-10-25,12023,yes,"Blazar SDSS mag 16,3 2MASS_J090226"
CSS110103:090237+382708,135.6529,38.45209,20110103.3,19.6,1101031380394131761,yes,13176,no,2016-11-10,13176,yes,"SN SDSS mag 21,2 gal"
CSS120323:090239-062720,135.66417,-6.45544,20120323.24,18.06,1203230070484145267,no,14526,no,2016-03-14,14526,yes,CV DSS mag 21
CSS080304:090240+052501,135.66542,5.41683,20080304.2,16.0,803041040494145217,yes,45217,yes,2016-05-07,45217,no,"CV SDSS 23,1 mag star"
CSS110503:090330-003218,135.87541,-0.53847,20110503.18,19.37,1105030010494139841,yes,13984,no,2016-03-01,13984,yes,"SN SDSS mag 20,9"
CSS101115:090332+225200,135.88486,22.8667,20101115.47,18.88,1011151230454106363,yes,10636,yes,2016-10-12,10636,yes,"AGN SDSS mag 20,8"
CSS100522:090351+330036,135.96135,33.01002,20100522.2,14.82,1005221320424122472,yes,12247,no,2016-10-19,12247,yes,CV J0903+3300
CSS101103:090403+090528,136.01278,9.09109,20101103.49,18.72,1011031090484111611,yes,11161,no,2016-11-09,11161,yes,"SN 2010ld SDSS mag 21,3"
CSS091022:090516+120451,136.31687,12.08089,20091022.47,16.01,910221120483113936,yes,13936,yes,2016-11-09,13936,yes,"CV SDSS mag 19,7"
CSS161029:090544+673334,136.43391,67.55935,20161029.51,13.84,1610291660214144382,no,14438,no,2016-11-09,14438,yes,HPM LHS_2102
CSS130324:090544+673337,136.43526,67.56025,20130324.19,13.78,1303241660214135267,no,13526,no,2016-11-09,13526,yes,HPM LHS_2102
CSS101206:090555-053608,136.47808,-5.60219,20101206.41,15.01,1012060040494101697,no,10169,no,2016-03-15,10169,yes,CV V406_Hya
CSS101208:090601+292033,136.50292,29.34237,20101208.4,16.51,1012081290434119905,yes,11990,yes,2016-10-19,11990,yes,"SN 2010lu SDSS mag 15,7 z=0,023"
CSS080110:090603+081524,136.51385,8.25673,20080110.37,17.96,801101070494136410,yes,36410,yes,2016-11-09,36410,no,"SN matches 20,5 SDSS Galaxy"
CSS160116:090606+000435,136.52683,0.07643,20160116.39,15.97,1601161010494101477,yes,10147,no,2016-05-07,10147,yes,"CV SDSS mag 21,8"
CSS130206:090611+241659,136.5474,24.28318,20130206.31,14.92,1302061230454136240,yes,13624,no,2016-10-12,13624,yes,"CV SDSS mag 21,5"
CSS080307:090624-085141,136.59798,-8.86126,20080307.17,16.62,803070090494148429,no,48429,no,2016-02-29,48429,no,CV DSS >21 mag source
CSS080209:090628+052657,136.61769,5.44915,20080209.3,15.59,802091040494149927,yes,49927,no,2016-05-07,49927,no,CV SDSS mag 18
CSS130214:090634+162336,136.64147,16.39338,20130214.28,19.78,1302141150484143170,yes,14317,no,2016-11-02,14317,yes,"AGN SDSS mag 20,7"
CSS111123:090634+205014,136.64282,20.83725,20111123.43,19.46,1111231210464117038,yes,11703,no,2016-10-25,11703,yes,"SN SDSS mag 23,5"
CSS130303:090635+294215,136.64578,29.70415,20130303.17,20.42,1303031290434124956,yes,12495,no,2016-10-19,12495,yes,"SN SDSS mag 22,8"
CSS071214:090651+131342,136.71391,13.22842,20071214.4,20.23,712141120484130471,yes,30471,no,2016-11-09,30471,no,Ast no SDSS
CSS121221:090700+314505,136.75168,31.75134,20121221.4,19.15,1212211320424112761,yes,11276,no,2016-10-19,11276,yes,SN SDSS mag >22
CSS121207:090705+115032,136.77163,11.84214,20121207.39,18.56,1212071120484110619,yes,11061,no,2016-11-09,11061,yes,"SN SDSS mag 22,9"
CSS131228:090719+034925,136.8271,3.82373,20131228.37,19.04,1312281040494120783,yes,12078,no,2016-05-07,12078,yes,"SN SDSS mag 20,3"
CSS110125:090852+071640,137.21738,7.27777,20110125.36,18.47,1101251070494126453,yes,12645,yes,2016-11-09,12645,yes,"CV SDSS mag 20,3"
CSS110404:090902+163354,137.25911,16.5649,20110404.24,19.49,1104041150484138263,yes,13826,no,2016-11-02,13826,yes,"SN SDSS mag 20,7"
CSS071214:090904+091714,137.26825,9.28709,20071214.44,16.97,712141090494112537,yes,12537,yes,2016-11-09,12537,no,CV fast SDSS 22nd Mag gal?
CSS080308:090908+111115,137.28331,11.18759,20080308.2,18.71,803081090494138611,yes,38611,yes,2016-11-09,38611,no,"SN SDSS mag 21,4 gal"
CSS160217:090925+493919,137.3535,49.65527,20160217.23,15.33,1602171490334121172,yes,12117,no,2016-11-05,12117,yes,HPM LHS_2112
CSS120226:090930-124815,137.37521,-12.80411,20120226.28,18.74,1202260120494134895,no,13489,yes,2016-02-29,13489,yes,Blazar PMN_J0909-1247 mag 21
CSS080130:090951+184947,137.46048,18.82975,20080130.31,12.64,801301180474127786,yes,27786,no,2016-10-25,27786,no,"CV SDSS 15,7 mag eclipsing GY"
CSS090417:090959+140113,137.49556,14.02029,20090417.16,19.27,904171120494142108,yes,42108,yes,2016-11-09,42108,no,"SN (P60_Ia) SDSS mag 22,6"
CSS140218:091002+164819,137.50687,16.80539,20140218.15,14.61,1402181150484139804,yes,13980,no,2016-11-02,13980,yes,"CV SDSS_J091001 SDSS mag 18,5"
CSS141123:091002+521856,137.50752,52.31566,20141123.36,17.17,1411231520314123930,yes,12393,no,2016-10-23,12393,yes,"SN (spec) SDSS mag 19,4"
CSS160204:091003+013603,137.51284,1.60091,20160204.37,18.7,1602041010494128216,yes,12821,no,2016-05-07,12821,yes,"SN SDSS mag 20,7"
CSS150211:091017-200813,137.57272,-20.13682,20150211.3,16.22,1502110210474165610,no,16561,no,2015-03-27,16561,yes,"CV mag 19,3"
CSS150311:091033+074648,137.63936,7.77994,20150311.19,18.98,1503111070494137198,yes,13719,no,2016-11-09,13719,yes,"AGN SDSS mag 20,0"
CSS160203:091041+463542,137.67118,46.59496,20160203.47,19.07,1602031460354120252,yes,12025,no,2016-11-07,12025,yes,"SN SDSS mag >21,5"
CSS130108:091050+643808,137.70665,64.63568,20130108.39,18.87,1301081630234143254,yes,14325,no,2016-11-09,14325,yes,"SN SDSS mag 20,1"
CSS091126:091059+153641,137.74587,15.61141,20091126.43,19.42,911261150484123338,yes,23338,no,2016-11-02,23338,yes,"SN 2009nh SDSS mag 22,9"
CSS091018:091109+195945,137.78835,19.99589,20091018.47,19.09,910181210474104326,yes,4326,yes,2016-11-09,4326,yes,"SN 2009mb SDSS mag 21,7 gal"
CSS120226:091110-220212,137.79226,-22.03678,20120226.25,13.51,1202260210474119845,no,11984,yes,2015-03-27,11984,yes,OH_IR IRAS_09089-2149
CSS080404:091112+081958,137.80093,8.33266,20080404.14,20.1,804041070494148312,yes,48312,no,2016-11-09,48312,no,Ast no SDSS
CSS110314:091147+315102,137.94586,31.85057,20110314.17,18.38,1103141320434111930,yes,11193,no,2016-11-07,11193,yes,"CV mag 20,0"
CSS081106:091244+095548,138.18178,9.92996,20081106.46,16.7,811061090494119448,yes,19448,yes,2016-11-09,19448,no,"SN 2008hk SDSS mag 19,8"
CSS110114:091246-034916,138.1914,-3.82111,20110114.36,15.31,1101140040504131940,no,13194,yes,2016-03-14,13194,yes,CV mag 18
CSS150207:091322+421123,138.34207,42.18977,20150207.26,12.98,1502071400394138931,yes,13893,no,2016-06-08,13893,yes,HPM LHS_2117
CSS131110:091331+260553,138.37718,26.09808,20131110.45,19.05,1311101260454111640,yes,11164,no,2016-11-07,11164,yes,"SN SDSS mag 22,5"
CSS110114:091354-170039,138.47521,-17.01092,20110114.4,17.79,1101140180484163514,no,16351,yes,2015-03-27,16351,yes,"SN 2011S mag 19,5"
CSS120316:091414-064745,138.55823,-6.7957,20120316.23,14.51,1203160070494138975,no,13897,no,2016-03-14,13897,yes,CV MM_Hya
CSS140228:091419+262347,138.57786,26.39646,20140228.19,19.83,1402281260454115394,yes,11539,no,2016-11-07,11539,yes,"SN SDSS mag 22,1"
CSS141029:091422+363916,138.58976,36.65456,20141029.42,17.48,1410291350414137097,yes,13709,no,2016-10-13,13709,yes,"SN KUG_0911+368 SDSS mag 15,8"
CSS081107:091454+113402,138.72327,11.56717,20081107.48,15.96,811071120494103889,yes,3889,yes,2016-11-09,3889,no,"CV SDSS mag 21,1 star"
CSS101203:091514+012216,138.80981,1.37123,20101203.5,17.49,1012031010504122216,yes,12221,no,2016-05-07,12221,yes,"SN 2010lk SDSS mag 19,3"
CSS100313:091552+090050,138.96532,9.01377,20100313.23,12.83,1003131090504109287,yes,10928,no,2016-11-09,10928,yes,CV GZ Cnc
CSS151110:091554+532506,138.97569,53.41833,20151110.43,13.82,1511101520324139627,yes,13962,no,2016-11-08,13962,yes,HPM GJ_339_1
CSS131224:091554+532508,138.97676,53.41887,20131224.43,13.98,1312241520324140084,yes,14008,no,2016-11-08,14008,yes,HPM GJ_339_1 mag 14
CSS111103:091555+532510,138.97768,53.41953,20111103.5,13.8,1111031520324144272,yes,14427,no,2016-11-08,14427,yes,HPM GJ_339
CSS100314:091556+270944,138.98201,27.1622,20100314.16,19.81,1003141260454126769,yes,12676,yes,2016-11-07,12676,yes,"Blazar (spec) SDSS mag 21,6"
CSS130214:091558+222323,138.99032,22.38969,20130214.24,19.17,1302141210474143476,yes,14347,no,2016-11-09,14347,yes,"Flare SDSS mag 21,4"
CSS130214:091603+273426,139.01225,27.57377,20130214.2,19.8,1302141260454138050,yes,13805,no,2016-11-07,13805,yes,"SN SDSS mag 21,5"
CSS141026:091607+395854,139.02852,39.98165,20141026.43,18.92,1410261400394107381,yes,10738,no,2016-06-08,10738,yes,"SN SDSS mag 22,0"
CSS090513:091615+204514,139.06258,20.75393,20090513.18,19.86,905131210474115654,yes,15654,yes,2016-11-09,15654,no,"AGN SDSS mag 21,1 star"
CSS120416:091631+075020,139.12737,7.83894,20120416.18,18.84,1204161070504138772,yes,13877,yes,2016-11-09,13877,yes,"SN SDSS mag 20,8"
CSS100313:091635+130358,139.14434,13.06606,20100313.22,18.35,1003131120494127447,yes,12744,yes,2016-11-09,12744,yes,"CV (spec) SDSS mag 21,5"
CSS161012:091644+612414,139.1829,61.40397,20161012.46,17.49,1610121600264129045,yes,12904,no,2016-10-12,12904,yes,"CV SDSS mag 21,2"
CSS090922:091651+284943,139.21135,28.8287,20090922.49,14.88,909221290444111464,yes,11464,no,2016-11-07,11464,yes,"CV SDSS_091650 mag 18,5"
CSS110430:091710+314309,139.29103,31.71904,20110430.24,19.31,1104301320434110403,yes,11040,yes,2016-11-07,11040,yes,"CV (spec) SDSS mag 19,4"
CSS090319:091721-050839,139.33762,-5.14424,20090319.15,17.45,903190040504108847,no,8847,yes,2016-03-14,8847,no,"SN 2009bq PGC_1048720 mag 16,0"
CSS160215:091840-062829,139.66656,-6.47469,20160215.28,17.28,1602150070504136052,no,13605,no,2016-03-15,13605,yes,Blazar PMN_J0918-0628
CSS160102:091849+153338,139.70507,15.5606,20160102.37,17.62,1601021150494122058,yes,12205,no,2016-11-02,12205,yes,"SN SDSS mag 22,5"
CSS130517:091909+492508,139.7889,49.41889,20130517.18,16.92,1305171490344119052,yes,11905,yes,2016-11-08,11905,yes,"Flare SDSS mag 19,4"
CSS110105:091911+394229,139.79772,39.7081,20110105.41,18.88,1101051400394103098,yes,10309,yes,2016-06-08,10309,yes,"SN 2011Q SDSS mag 20,9"
CSS121113:091919+171410,139.82785,17.236,20121113.49,18.13,1211131180484106123,yes,10612,no,2016-10-11,10612,yes,"SN SDSS mag 21,8"
CSS110114:091937-055519,139.90237,-5.92191,20110114.36,15.98,1101140070504144585,no,14458,yes,2016-03-15,14458,yes,"CV Galex_27364 mag 19,8"
CSS140228:091958+291615,139.99097,29.27096,20140228.19,19.71,1402281290444116891,yes,11689,no,2016-11-07,11689,yes,"AGN SDSS mag 21,6"
CSS150326:092001-110302,140.00429,-11.05057,20150326.19,15.17,1503260090504104639,no,10463,no,2016-02-29,10463,yes,CV (ASASSN-15eu) mag 20
CSS141118:092034+504148,140.14324,50.69658,20141118.48,17.48,1411181490344143272,yes,14327,no,2016-11-08,14327,yes,"SN (spec) SDSS mag 18,7"
CSS151110:092036+524007,140.14821,52.66872,20151110.43,17.66,1511101520324127922,yes,12792,no,2016-11-08,12792,yes,"AGN mag 18,9"
CSS160114:092044+514342,140.18189,51.72841,20160114.29,18.99,1601141520324115434,yes,11543,no,2016-11-08,11543,yes,"Blazar SDSS mag 20,6"
CSS130117:092058+032151,140.24263,3.36424,20130117.34,12.55,1301171040504112807,yes,11280,no,2016-05-27,11280,yes,HPM LHS_267
CSS120222:092123+203858,140.34494,20.64948,20120222.27,17.89,1202221210484117870,yes,11787,yes,2016-11-09,11787,yes,"CV SDSS_J092122 SDSS mag 19,2"
CSS080401:092227+282421,140.61271,28.40577,20080401.22,18.96,804011290454102379,yes,2379,no,2016-11-07,2379,no,"SN SDSS >22,5 mag obj"
CSS100414:092249-042426,140.70328,-4.40729,20100414.19,16.68,1004140040514122049,no,12204,yes,2016-03-14,12204,yes,"CV mag 19,7"
CSS110405:092253+215916,140.71923,21.98784,20110405.27,16.31,1104051210484136574,yes,13657,no,2016-11-09,13657,yes,"SN 2011be SDSS mag 13,6"
CSS140510:092331+412528,140.88053,41.42442,20140510.17,16.73,1405101400394121334,yes,12133,no,2016-06-08,12133,yes,"Blazar SDSS amg 20,0"
CSS090424:092341+502411,140.92258,50.4031,20090424.19,18.03,904241490344134701,yes,34701,yes,2016-11-08,34701,no,"SN 2009ed SDSS mag 16,2 gal"
CSS130218:092354+385837,140.97301,38.97688,20130218.27,18.51,1302181380414137316,yes,13731,no,2016-11-07,13731,yes,"SN (spec) SDSS mag 21,2"
CSS130108:092358+624800,140.99312,62.80001,20130108.39,18.85,1301081630244112050,yes,11205,no,2016-11-09,11205,yes,"SN SDSS mag 20,8"
CSS150418:092433+301458,141.13698,30.24955,20150418.16,19.92,1504181290454131560,yes,13156,no,2016-11-07,13156,yes,"SN SDSS mag 21,5"
CSS130414:092443+131450,141.17728,13.2473,20130414.17,18.77,1304141120504133862,yes,13386,yes,2016-11-09,13386,yes,"SN (MLS130406) SDSS mag 22,0"
CSS121113:092451+213839,141.21272,21.6441,20121113.49,18.96,1211131210484133381,yes,13338,no,2016-11-09,13338,yes,"SN SDSS mag 21,0"
CSS141117:092540+091658,141.4158,9.28271,20141117.52,19.26,1411171090504112201,yes,11220,no,2016-11-09,11220,yes,"SN SDSS mag 21,0"
CSS151210:092545+341636,141.43609,34.27662,20151210.42,16.78,1512101350424104927,yes,10492,no,2016-11-07,10492,yes,"SN (2015aq) mag 15,3"
CSS140110:092612+530935,141.54867,53.1596,20140110.38,17.77,1401101520324141393,yes,14139,no,2016-11-08,14139,yes,"HPM 2MASS_J092612 SDSS mag 20,3"
CSS081222:092612+035747,141.54944,3.96318,20081222.44,19.65,812221040514120319,yes,20319,yes,2016-11-09,20319,no,"Flare (p60) SDSS mag >22,5"
CSS121210:092639+362403,141.66121,36.40073,20121210.34,17.41,1212101350424137225,yes,13722,no,2016-11-07,13722,yes,CV J0926+3624
CSS141124:092639+061030,141.66177,6.17496,20141124.47,19.03,1411241070504108564,yes,10856,no,2016-11-09,10856,yes,"Flare SDSS mag 21,2"
CSS130430:092711+160949,141.79541,16.16361,20130430.2,18.38,1304301150494130354,yes,13035,yes,2016-11-02,13035,yes,"Flare mag 20,9"
CSS120222:092738+153503,141.90975,15.58405,20120222.24,19.77,1202221150494128516,yes,12851,yes,2016-11-02,12851,yes,"SN (MLS120211) SDSS mag 21,6"
CSS110128:092739+284727,141.91149,28.79088,20110128.28,16.0,1101281290454112646,yes,11264,yes,2016-11-07,11264,yes,"SN 2011V UGC_05040 z=0,0138 mag 14"
CSS100317:092742+443437,141.92589,44.57681,20100317.29,18.79,1003171430384133703,yes,13370,yes,2016-11-07,13370,yes,"SN 2010bx SDSS mag 20,9"
CSS151210:092811+464433,142.04587,46.74261,20151210.4,14.91,1512101460364121059,yes,12105,no,2016-11-07,12105,yes,HPM LHS_2143
CSS130420:092816+442205,142.06746,44.3681,20130420.2,18.61,1304201430384224674,yes,22467,yes,2016-11-07,22467,yes,"SN SDSS mag 22,3"
CSS110212:092839+005945,142.16386,0.99579,20110212.34,17.19,1102121010514116544,yes,11654,yes,2016-05-07,11654,yes,"CV SDSS mag 21,8"
CSS091127:092855+170214,142.22766,17.03714,20091127.44,19.35,911271180494102724,yes,2724,no,2016-10-11,2724,yes,"SN SDSS mag 22,4"
CSS151205:092910+255805,142.29106,25.96802,20151205.46,14.46,1512051260464106558,yes,10655,no,2016-11-07,10655,yes,HPM LHS_269
CSS131110:092949+152714,142.45332,15.45396,20131110.47,18.76,1311101150504122836,yes,12283,no,2016-10-04,12283,yes,"SN (spec) SDSS mag 21,5"
CSS140123:093027+411345,142.61385,41.22928,20140123.31,18.88,1401231400404126937,yes,12693,no,2016-11-07,12693,yes,"SN (spec) SDSS mag 21,1"
CSS161109:093032+203629,142.63453,20.60814,20161109.49,18.44,1611091210484112960,yes,11296,no,2016-11-09,11296,yes,"SN SDSS mag 20,8"
CSS090126:093230+174120,143.12547,17.68883,20090126.21,17.79,901261180494110385,yes,10385,yes,2016-10-11,10385,no,"SN 2009S SDSS mag 15,7 2MASX_J09323134"
CSS071214:093251+124813,143.21053,12.80367,20071214.4,19.96,712141120514123588,yes,23588,no,2016-11-02,23588,no,Ast no SDSS
CSS100312:093302+154909,143.2573,15.81911,20100312.19,17.45,1003121150504124943,yes,12494,yes,2016-10-04,12494,yes,SN 2010am SDSS mag 16 gal
CSS130214:093314+141121,143.30837,14.18913,20130214.28,19.49,1302141150504102321,yes,10232,no,2016-10-04,10232,yes,"AGN SDSS mag 20,3"
CSS120315:093317+022119,143.32192,2.35518,20120315.21,19.92,1203151010514146929,yes,14692,no,2016-05-07,14692,yes,"AGN SDSS mag 21,5"
CSS090601:093337+321159,143.40578,32.19963,20090601.15,17.48,906011320444114505,yes,14505,yes,2016-11-07,14505,no,"SN (p60) SDSS mag >22,5"
CSS151203:093341+584614,143.42164,58.77056,20151203.44,18.28,1512031570294134673,yes,13467,no,2016-11-08,13467,yes,"CV SDSS mag 22,4"
CSS110305:093342+304016,143.42313,30.67105,20110305.21,19.15,1103051290464145262,yes,14526,yes,2016-06-03,14526,yes,"SN 2011au SDSS mag 20,9"
CSS160301:093349-160314,143.456,-16.05381,20160301.25,16.45,1603010150504117042,no,11704,no,2016-03-01,11704,yes,HPM 2MASS_J09334
CSS100411:093357+384836,143.48684,38.80992,20100411.23,17.69,1004111380424133800,yes,13380,yes,2016-11-07,13380,yes,"SN 2010cw SDSS mag 19,7"
CSS161109:093408+642248,143.53166,64.38013,20161109.33,13.83,1611091630244128695,yes,12869,no,2016-11-09,12869,yes,HPM G_235-29
CSS081221:093408+215313,143.53178,21.88682,20081221.51,19.58,812211210494131417,yes,31417,yes,2016-11-09,31417,no,"SN (spec) SDSS mag 23,0"
CSS080408:093516+171953,143.81787,17.33137,20080408.17,17.74,804081180504105222,yes,5222,yes,2016-10-11,5222,no,Blazar SDSS mag 21 MG1_J093518+1719
CSS100408:093530+012832,143.87506,1.47549,20100408.21,17.79,1004081010524121675,yes,12167,yes,2016-05-07,12167,yes,"SN 2010ce (spec) SDSS mag 20,1"
CSS160120:093602+042031,144.00723,4.34193,20160120.46,20.01,1601201040524122807,yes,12280,no,2016-05-27,12280,yes,"SN SDSS mag 22,5"
CSS100409:093619+292101,144.08033,29.35037,20100409.17,18.41,1004091290464116616,yes,11661,yes,2016-06-03,11661,yes,"SN 2010cv SDSS mag 21,0"
CSS130501:093700+235557,144.25059,23.93244,20130501.16,18.85,1305011230484123632,yes,12363,no,2016-11-09,12363,yes,"Blazar SDSS mag 20,4"
CSS140518:093701+153904,144.25396,15.65115,20140518.17,19.14,1405181150504122960,yes,12296,no,2016-10-04,12296,yes,"AGN SDSS mag 20,2"
CSS101110:093702+122124,144.25981,12.35661,20101110.48,17.04,1011101120514117494,yes,11749,yes,2016-11-02,11749,yes,Flare SDSS mag 19
CSS120225:093707+033611,144.27988,3.60305,20120225.26,19.03,1202251040524116814,yes,11681,no,2016-05-27,11681,yes,"AGN SDSS mag 19,9"
CSS131231:093736-025336,144.40085,-2.89324,20131231.35,19.0,1312310040524150007,yes,15000,no,2016-03-14,15000,yes,"Flare SDSS mag 21,1"
CSS111229:093755+135212,144.47723,13.8701,20111229.49,19.06,1112291120514141825,yes,14182,yes,2016-11-02,14182,yes,"AGN SDSS mag 20,3"
CSS150218:093808-075243,144.53236,-7.8787,20150218.29,17.08,1502180070514111915,no,11191,no,2016-03-15,11191,yes,"Flare mag 18,8"
CSS111229:093808+515104,144.53294,51.85106,20111229.36,17.97,1112291520334118638,yes,11863,yes,2016-11-08,11863,yes,"Blazar SDSS mag 20,5"
CSS110312:093827+525806,144.61048,52.96845,20110312.3,19.0,1103121520334134087,yes,13408,no,2016-11-08,13408,yes,"SN SDSS mag 21,1"
CSS121207:093835+112136,144.64462,11.35988,20121207.43,19.37,1212071120514101732,yes,10173,no,2016-11-02,10173,yes,"SN SDSS mag 21,7"
CSS141223:093846+193534,144.69321,19.59287,20141223.39,19.43,1412231180504139152,yes,13915,no,2016-10-11,13915,yes,SN SDSS mag >22
CSS071107:093912+301341,144.7984,30.22819,20071107.43,18.23,711071290464126323,yes,26323,no,2016-06-03,26323,no,"SN SDSS mag 20,0 gal"
CSS120316:093919-173135,144.82968,-17.52652,20120316.26,18.71,1203160180504151498,no,15149,no,2015-03-27,15149,yes,"Blazar mag 20,5"
CSS121114:093946+065210,144.94176,6.86942,20121114.49,17.49,1211141070524124013,yes,12401,no,2016-11-09,12401,yes,"CV (Wils) SDSS mag 17,6"
CSS081222:093950+070348,144.95794,7.06329,20081222.47,18.8,812221070524125194,yes,25194,yes,2016-11-09,25194,no,"SN 2008iv SDSS mag 17,4 z=0,019"
CSS150123:093954+425653,144.97375,42.94796,20150123.26,19.4,1501231430394108818,yes,10881,no,2016-11-07,10881,yes,"AGN SDSS mag 21,9"
CSS140408:093956+695645,144.98261,69.94592,20140408.23,15.54,1404081690204130928,no,13092,no,2016-11-09,13092,yes,"CV mag 19,4"
CSS090318:094055+011608,145.23101,1.26896,20090318.18,17.07,903181010524119665,yes,19665,yes,2016-05-07,19665,no,"SN 2009cy SDSS mag 19,2 gal"
CSS120101:094129+651134,145.37154,65.19289,20120101.35,18.17,1201011660234106090,yes,10609,no,2016-03-18,10609,yes,"HPM SDSS mag 18,4"
CSS141031:094130+651132,145.3736,65.19224,20141031.44,18.26,1410311660234104285,yes,10428,no,2016-03-18,10428,yes,HPM
CSS151202:094150+460604,145.45625,46.10122,20151202.45,17.89,1512021460374112390,yes,11239,no,2016-11-08,11239,yes,"AGN SDSS mag 19,7"
CSS130112:094221-075953,145.58946,-7.99803,20130112.41,17.03,1301120070524109667,no,10966,yes,2016-03-15,10966,yes,"Blazar mag 18,0"
CSS130508:094226+414711,145.60999,41.78641,20130508.21,19.15,1305081400414136462,yes,13646,no,2016-11-07,13646,yes,"SN SDSS mag 21,2"
CSS111027:094230+252740,145.62533,25.46111,20111027.5,19.25,1110271260474102152,yes,10215,yes,2016-06-03,10215,yes,"Blazar SDSS mag 21,7"
CSS090117:094252-193652,145.71784,-19.61449,20090117.4,15.22,901170180504102398,no,2398,yes,2015-03-27,2398,no,"CV outburst PQ? mag 19,5"
CSS160503:094305+455710,145.77136,45.95276,20160503.15,18.83,1605031460374110588,yes,11058,no,2016-11-08,11058,yes,"Flare SDSS mag 20,7"
CSS120224:094326-065336,145.85713,-6.89331,20120224.31,17.91,1202240070524129645,no,12964,yes,2016-03-15,12964,yes,SN 2012ay DSS mag 21
CSS120224:094326+520129,145.85783,52.02466,20120224.35,16.01,1202241520334122430,yes,12243,no,2016-11-08,12243,yes,CV SDSS_J094325+520128
CSS081122:094326+251022,145.85925,25.17276,20081122.4,16.41,811221230484131895,yes,31895,yes,2016-11-09,31895,no,"SN 2008hp SDSS mag 22,6"
CSS150328:094345-174703,145.93597,-17.78427,20150328.23,12.56,1503280180504138766,no,13876,no,2015-03-28,13876,yes,HPM LHS 27
CSS110327:094401+251523,146.00589,25.2565,20110327.14,18.69,1103271230484143622,yes,14362,yes,2016-11-09,14362,yes,"Blazar SDSS mag 21,7"
CSS140505:094502+261154,146.25728,26.19828,20140505.16,17.63,1405051260484110584,yes,11058,no,2016-02-26,11058,yes,"SN SDSS mag 20,0"
CSS111231:094511+174545,146.29586,17.76245,20111231.46,19.67,1112311180504113322,yes,11332,yes,2016-10-11,11332,yes,"AGN SDSS mag 21,7"
CSS110428:094544+410738,146.43237,41.12721,20110428.27,18.96,1104281400414125978,yes,12597,yes,2016-11-07,12597,yes,SN SDSS mag >22
CSS120225:094557+065624,146.48697,6.94009,20120225.24,19.42,1202251070524127910,yes,12791,no,2016-11-09,12791,yes,"AGN SDSS mag 19,7"
CSS150226:094607-005602,146.52889,-0.93382,20150226.24,15.16,1502260010534127629,yes,12762,no,2016-05-28,12762,yes,"CV (ASASSN-15dq) SDSS mag 20,3"
CSS120121:094613+195028,146.55353,19.84116,20120121.33,18.07,1201211210504102902,yes,10290,yes,2016-11-09,10290,yes,"SN SDSS mag 21,5"
CSS140306:094630+061119,146.62526,6.18854,20140306.23,19.27,1403061070524109667,yes,10966,no,2016-11-09,10966,yes,"SN SDSS mag 21,0"
CSS110609:094637+444645,146.65238,44.7793,20110609.19,18.28,1106091430394126567,yes,12656,no,2016-11-07,12656,yes,CV DV_UMa
CSS081130:094657+230810,146.73716,23.13605,20081130.38,19.83,811301230494109766,yes,9766,yes,2016-11-09,9766,no,"SN SDSS mag 22,5 gal"
CSS130113:094712+330427,146.79863,33.07422,20130113.45,19.99,1301131320454135242,yes,13524,no,2016-03-30,13524,yes,"AGN SDSS mag 21,9"
CSS130315:094739+221534,146.91067,22.2595,20130315.25,18.0,1303151210504145839,yes,14583,yes,2016-11-09,14583,yes,"Blazar GB6_J0947+2215 SDSS mag 19,1"
CSS111229:094757+131644,146.98905,13.27901,20111229.49,13.24,1112291120524129371,yes,12937,yes,2016-11-02,12937,yes,"LPV mag 14,5"
CSS130514:094800+061044,146.99926,6.17894,20130514.16,14.7,1305141070524109313,yes,10931,no,2016-11-09,10931,yes,"CV (Master) SDSS mag 20,2"
CSS110501:094825+204333,147.1033,20.72589,20110501.28,18.79,1105011210504111881,yes,11188,no,2016-11-09,11188,yes,CV (spec) SDSS mag >22
CSS100219:094851-121632,147.21382,-12.27551,20100219.38,16.37,1002190120524132212,no,13221,no,2016-02-29,13221,yes,CV mag 21
CSS120315:094854+014911,147.22483,1.81968,20120315.21,15.69,1203151010534135815,yes,13581,no,2016-05-28,13581,yes,"CV SDSS mag 20,6"
CSS090227:094922+080639,147.34289,8.11071,20090227.29,16.64,902271070524148293,yes,48293,no,2016-11-09,48293,no,"HPM SDSS mag 19,2"
CSS150226:094922+080632,147.34295,8.10885,20150226.18,16.69,1502261070524137154,yes,13715,no,2016-11-09,13715,yes,HPM 2MASS_J094922
CSS120129:094922+080635,147.34297,8.10976,20120129.33,16.66,1201291070524145310,yes,14531,no,2016-11-09,14531,yes,"HPM LHS_2195 SDSS mag 19,2"
CSS121014:094922+080635,147.34305,8.10972,20121014.5,16.57,1210141070524139098,yes,13909,no,2016-11-09,13909,yes,HPM 2MASS_J094922
CSS090317:094923+093815,147.3447,9.63737,20090317.17,19.6,903171090524121613,yes,21613,yes,2016-11-09,21613,no,"Blazar CLASS source mag 21,2"
CSS120516:094938+144535,147.4094,14.75962,20120516.19,18.92,1205161150514108827,yes,10882,yes,2016-06-02,10882,yes,"SN mag 16,9"
CSS151108:095013+502646,147.55328,50.44604,20151108.52,18.47,1511081490364135896,yes,13589,no,2016-11-08,13589,yes,"SN SDSS mag 20,9"
CSS130605:095108+273538,147.78438,27.59382,20130605.17,19.87,1306051260484132508,yes,13250,no,2016-02-26,13250,yes,"AGN SDSS mag 20,9"
CSS151118:095158+014453,147.99189,1.74806,20151118.52,18.4,1511181010534127137,yes,12713,no,2016-05-28,12713,yes,"Flare SDSS mag 20,6"
CSS120303:095246-160215,148.19043,-16.03758,20120303.32,18.02,1203030150524112736,no,11273,yes,2016-03-10,11273,yes,SN mag 16
CSS141127:095249+063804,148.20344,6.63433,20141127.45,19.27,1411271070534115143,yes,11514,no,2016-05-27,11514,yes,"AGN SDSS mag 21,5"
CSS140205:095255+385156,148.22764,38.86553,20140205.28,19.87,1402051380434133260,yes,13326,no,2016-11-07,13326,yes,"AGN SDSS mag 21,7"
CSS141028:095333+511507,148.38704,51.25197,20141028.44,12.61,1410281520344107294,yes,10729,no,2016-11-08,10729,yes,LHS_5157
CSS141130:095347-014527,148.44409,-1.75739,20141130.48,18.75,1411300010534117802,yes,11780,no,2016-05-28,11780,yes,"SN SDSS mag 21,4"
CSS130214:095348+242452,148.44958,24.41435,20130214.24,19.15,1302141230494130831,yes,13083,no,2016-11-09,13083,yes,"AGN SDSS mag 20,7"
CSS111228:095421-011339,148.58581,-1.22763,20111228.44,18.99,1112280010534124058,yes,12405,no,2016-05-28,12405,yes,"SN SDSS mag 21,7"
CSS110130:095426+445811,148.60988,44.96966,20110130.36,17.41,1101301430404147758,yes,14775,yes,2016-11-08,14775,yes,"SN SDSS mag 20,1"
CSS071111:095436+045612,148.64992,4.9366,20071111.46,19.38,711111040534130485,yes,30485,no,2016-05-27,30485,no,"SN SDSS mag 21,9 gal"
CSS090417:095440+191113,148.66812,19.18687,20090417.19,17.59,904171180514134904,yes,34904,yes,2016-10-11,34904,no,"SN 2009eb SDSS mag 20,0"
CSS131031:095508+064831,148.78427,6.80874,20131031.48,18.74,1310311070534119356,yes,11935,no,2016-05-27,11935,yes,"SN (spec) 2MASSX_095510 SDSS mag 15,3"
CSS090219:095526-012821,148.85711,-1.47258,20090219.25,18.46,902190010534124257,yes,24257,yes,2016-05-28,24257,no,"SN 2009ar SDSS mag 21,5 gal"
CSS111017:095537+103753,148.9028,10.63126,20111017.5,16.64,1110171090534127312,yes,12731,yes,2016-06-02,12731,yes,"Blazar SDSS mag 19,5"
CSS120224:095541-020004,148.92027,-2.00123,20120224.31,19.65,1202240010534114045,yes,11404,no,2016-05-28,11404,yes,"AGN SDSS mag 20,8"
CSS090430:095623-093615,149.09625,-9.60415,20090430.15,16.32,904300090534130480,no,30480,yes,2016-02-16,30480,no,CV mag 21 DSS source
CSS120222:095634+180751,149.1436,18.13096,20120222.27,19.21,1202221180514124105,yes,12410,yes,2016-10-11,12410,yes,SN SDSS mag >22
CSS151108:095700+601753,149.24974,60.29814,20151108.49,17.92,1511081600284115570,yes,11557,no,2016-04-05,11557,yes,"Flare SDSS mag 19,6"
CSS140109:095728+274221,149.36814,27.70585,20140109.43,18.1,1401091260494139472,yes,13947,no,2016-11-10,13947,yes,"SN (spec) SDSS mag 21,5"
CSS140218:095739+123318,149.41299,12.55494,20140218.22,18.44,1402181120534116936,yes,11693,no,2016-11-02,11693,yes,"SN (spec) SDSS mag 22,3"
CSS160311:095748-131941,149.44864,-13.32812,20160311.27,16.93,1603110120534113893,no,11389,no,2016-03-11,11389,yes,"CV mag 20,5"
CSS141126:095757+084121,149.48945,8.68918,20141126.49,18.53,1411261090534103420,yes,10342,no,2016-06-02,10342,yes,"SN SDSS mag 20,6"
CSS110113:095800+195703,149.5,19.95082,20110113.47,18.2,1101131210514104253,yes,10425,yes,2016-11-10,10425,yes,"SN SDSS mag 21,6"
CSS141128:095806+610238,149.5254,61.04383,20141128.51,18.92,1411281600284126711,yes,12671,no,2016-04-05,12671,yes,"AGN SDSS mag 20,8"
CSS150120:095828+411135,149.61495,41.19302,20150120.24,18.54,1501201400424126451,yes,12645,no,2016-11-10,12645,yes,"SN (spec) SDSS mag 21,1"
CSS111030:095830+172735,149.62393,17.45976,20111030.51,19.43,1110301180524111833,yes,11183,no,2016-10-11,11183,yes,SN SDSS mag >22
CSS110114:095830-105315,149.62555,-10.88761,20110114.37,18.75,1101140090534107892,no,10789,yes,2016-02-16,10789,yes,SN 2011R mag 17
CSS140505:095836+281054,149.64973,28.18177,20140505.16,17.29,1405051260494137258,yes,13725,no,2016-11-10,13725,yes,"CV SDSS mag 21,4"
CSS130105:095837+361257,149.6543,36.21584,20130105.37,18.73,1301051350454137063,yes,13706,yes,2016-06-08,13706,yes,"SN SDSS mag 22,1"
CSS111024:095848+344703,149.70123,34.78424,20111024.51,15.71,1110241350454116949,yes,11694,no,2016-06-08,11694,yes,"SN 2011hd SDSS mag 15,1"
CSS110326:095920-081821,149.83412,-8.30595,20110326.25,16.13,1103260070534102536,no,10253,no,2016-03-14,10253,yes,Flare
CSS131214:095921+004404,149.83631,0.73451,20131214.42,18.81,1312141010544111209,yes,11120,no,2016-05-28,11120,yes,"SN SDSS mag 21,1"
CSS110226:095926-160147,149.86019,-16.02984,20110226.3,14.64,1102260150524119509,no,11950,no,2016-03-10,11950,yes,"CV mag 19,2"
CSS150401:095938+513701,149.9093,51.61688,20150401.23,18.07,1504011520344110166,yes,11016,no,2016-11-08,11016,yes,"SN mag 21,5"
CSS100305:095941+174714,149.9217,17.78732,20100305.25,19.56,1003051180524111712,yes,11171,no,2016-10-11,11171,yes,"SN SDSS mag 21,7 gal"
CSS090524:095946+340859,149.9402,34.14972,20090524.19,19.73,905241350454103288,yes,3288,yes,2016-06-08,3288,no,"SN (p60) SDSS mag >22,5"
CSS130610:100014+175200,150.05648,17.86661,20130610.17,18.14,1306101180524115812,yes,11581,no,2016-10-11,11581,yes,SN SDSS mag >22
CSS090429:100030-172852,150.12403,-17.48119,20090429.12,18.3,904290180524142855,no,42855,yes,2016-04-03,42855,no,CV CSS mag 20
CSS140110:100037+432046,150.15294,43.346,20140110.38,19.78,1401101430404116869,yes,11686,no,2016-11-08,11686,yes,"AGN SDSS mag 20,4"
CSS130501:100039+104524,150.16372,10.75657,20130501.19,19.14,1305011090534133478,yes,13347,no,2016-06-02,13347,yes,"SN SDSS mag 20,5"
CSS140110:100041+431403,150.17204,43.23421,20140110.38,19.33,1401101430404114937,yes,11493,no,2016-11-08,11493,yes,"Flare SDSS mag 21,4"
CSS091118:100110+291138,150.29247,29.19375,20091118.52,15.72,911181290484113217,yes,13217,yes,2016-11-10,13217,yes,"Blazar mag 17,6 CRATES_J100110+291130"
CSS131102:100123+265952,150.34554,26.99779,20131102.48,19.75,1311021260494123855,yes,12385,no,2016-11-10,12385,yes,SN mag >22
CSS120401:100127+415736,150.36368,41.9601,20120401.16,17.68,1204011400424136005,yes,13600,no,2016-11-10,13600,yes,"SN SDSS mag 19,6"
CSS120131:100127+241947,150.36426,24.32977,20120131.45,19.38,1201311230504128262,yes,12826,no,2016-11-10,12826,yes,"AGN mag 20,5"
CSS140128:100158+255444,150.49016,25.91223,20140128.32,19.56,1401281260494108620,yes,10862,no,2016-11-10,10862,yes,SN (spec) SDSS mag >22
CSS140109:100201+404034,150.50416,40.67602,20140109.47,19.18,1401091400424118174,yes,11817,no,2016-11-10,11817,yes,"SN (spec) SDSS mag 20,7"
CSS080408:100218+245810,150.57415,24.96945,20080408.23,19.15,804081230504132259,yes,32259,no,2016-11-10,32259,no,Ast no SDSS
CSS140111:100243-024634,150.67982,-2.7762,20140111.38,19.49,1401110010544101002,yes,10100,no,2016-05-28,10100,yes,CV mag 21
CSS111122:100253+121615,150.72035,12.27075,20111122.48,18.93,1111221120534115711,yes,11571,yes,2016-11-02,11571,yes,"Blazar SDSS mag 20,4"
CSS110311:100300+090000,150.74947,9.00012,20110311.22,18.11,1103111090544109078,yes,10907,no,2016-05-27,10907,yes,Comet 203P/Korlevic
CSS160530:100315+550518,150.81249,55.08835,20160530.22,18.75,1605301550324118990,yes,11899,no,2016-11-08,11899,yes,"SN SDSS mag 21,5"
CSS140404:100317+223642,150.81948,22.61162,20140404.17,18.78,1404041230504100859,yes,10085,no,2016-11-10,10085,yes,"SN SDSS mag 21,6"
CSS120201:100338+433057,150.91021,43.51587,20120201.39,19.67,1202011430404119121,yes,11912,no,2016-11-08,11912,yes,"AGN SDSS mag 22,1"
CSS090625:100407+311229,151.02825,31.20815,20090625.16,16.07,906251320474101485,yes,1485,yes,2016-06-08,1485,yes,"SN 2009gt z=0,021 SDSS mag 12,5"
CSS111024:100409+354709,151.03953,35.78588,20111024.51,18.44,1110241350454133658,yes,13365,yes,2016-06-08,13365,yes,SN SDSS mag >22
CSS090402:100515+191108,151.31405,19.18552,20090402.14,13.62,904021180524130924,yes,30924,no,2016-10-11,30924,no,"CV mag 18,3 SDSS_J10051"
CSS150416:100520+153941,151.33308,15.66137,20150416.18,15.41,1504161150534121066,yes,12106,no,2016-06-05,12106,yes,"Flare SDSS mag 20,5"
CSS120516:100524+131956,151.35123,13.33235,20120516.22,18.89,1205161120534130600,yes,13060,yes,2016-11-02,13060,yes,SN SDSS mag >22
CSS091120:100525+511639,151.35223,51.27742,20091120.47,18.8,911201520354108835,yes,8835,yes,2016-11-08,8835,yes,"SN 2009nm SDSS mag 21,9 gal"
CSS120224:100531-013042,151.37944,-1.51161,20120224.32,18.91,1202240010544124757,yes,12475,yes,2016-05-28,12475,yes,"SN SDSS mag 21,8"
CSS111022:100535+285908,151.3963,28.98568,20111022.51,18.69,1110221290484112027,yes,11202,no,2016-11-10,11202,yes,"SN SDSS mag 20,5"
CSS141026:100541+375111,151.42279,37.85319,20141026.48,18.54,1410261380444116289,yes,11628,no,2016-06-08,11628,yes,"SN mag 21,5"
CSS130205:100604+084135,151.51784,8.69295,20130205.28,19.38,1302051090544104678,yes,10467,no,2016-05-27,10467,yes,"AGN SDSS mag 20,6"
CSS110302:100618+174047,151.57695,17.67984,20110302.29,18.78,1103021180524113561,yes,11356,no,2016-10-11,11356,yes,"AGN SDSS mag 20,0"
CSS140608:100655+301932,151.7301,30.32548,20140608.19,19.29,1406081290484122107,yes,12210,no,2016-11-10,12210,yes,"SN SDSS mag 22,5"
CSS101108:100658+233724,151.74333,23.62341,20101108.46,15.2,1011081230504119481,yes,11948,yes,2016-11-10,11948,yes,"CV SDSS_J100658 mag 18,0"
CSS081130:100703+175224,151.76232,17.87347,20081130.38,18.92,811301180524114826,yes,14826,yes,2016-10-11,14826,no,SN SDSS mag >22
CSS150120:100739+384136,151.9117,38.69345,20150120.23,18.83,1501201380444130556,yes,13055,no,2016-06-08,13055,yes,"SN SDSS mag 21,1"
CSS110108:100748+354713,151.94929,35.78684,20110108.38,19.62,1101081350454129655,yes,12965,yes,2016-06-08,12965,yes,"AGN SDSS mag 21,0"
CSS150429:100757+691446,151.98629,69.24623,20150429.17,12.98,1504291690214116397,yes,11639,no,2016-03-16,11639,yes,HPM LHS_2222
CSS160530:100805+465751,152.02003,46.9642,20160530.2,19.19,1605301460394125395,yes,12539,no,2016-11-08,12539,yes,"SN SDSS mag 21,8"
CSS111229:100811+515057,152.04408,51.84915,20111229.37,14.16,1112291520354119881,yes,11988,no,2016-11-08,11988,yes,"SN 2011ht (Boles) mag 13,5"
CSS151202:100812+515040,152.04807,51.84458,20151202.45,14.04,1512021520354114602,yes,11460,no,2016-11-08,11460,yes,"SN (2015as) mag 13,5"
CSS090216:100910+075434,152.2921,7.90956,20090216.34,18.46,902161070544137952,yes,37952,yes,2016-05-27,37952,no,"SN 2009bx SDSS mag 21,5 z=0,071"
CSS120119:100914+152400,152.31038,15.3999,20120119.5,20.04,1201191150534121730,yes,12173,yes,2016-06-05,12173,yes,"AGN mag 20,5"
CSS141123:100916+351435,152.31678,35.24317,20141123.43,14.32,1411231350454114598,yes,11459,no,2016-06-08,11459,yes,HPM
CSS161110:100924+404333,152.34908,40.7258,20161110.5,18.41,1611101400424116462,yes,11646,no,2016-11-10,11646,yes,"Flare SDSS mag 20,4"
CSS130515:100929+511708,152.37215,51.28569,20130515.22,12.5,1305151520354109090,yes,10909,no,2016-11-08,10909,yes,HPM LHS_2224
CSS110306:101031-093811,152.62983,-9.63632,20110306.28,17.45,1103060090544123204,no,12320,yes,2016-03-10,12320,yes,"CV mag 21,5"
CSS090214:101052-020020,152.71547,-2.00552,20090214.4,16.63,902140010554111683,yes,11683,yes,2016-05-28,11683,no,"Blazar 4C -01,21 NED02"
CSS110401:101114-161914,152.80648,-16.32057,20110401.18,18.78,1104010150534111525,no,11152,yes,2016-03-10,11152,yes,AGN
CSS130515:101155+141132,152.97884,14.19224,20130515.2,18.46,1305151150534101515,yes,10151,no,2016-06-05,10151,yes,"CV SDSS mag 21,3"
CSS140225:101157+191342,152.98706,19.22832,20140225.29,18.8,1402251180534136865,yes,13686,no,2016-06-03,13686,yes,"SN (LSQ14ws) SDSS mag 22,0"
CSS100108:101213-014900,153.05528,-1.8167,20100108.45,18.17,1001080010554115862,yes,11586,no,2016-05-28,11586,yes,"SN 2010I no SDSS mag >22,5"
CSS130502:101221+261141,153.08908,26.19468,20130502.15,19.47,1305021260504113324,yes,11332,no,2016-11-10,11332,yes,"AGN SDSS mag 20,7"
CSS120223:101223+334336,153.0956,33.72667,20120223.27,19.3,1202231320474151098,yes,15109,yes,2016-06-08,15109,yes,"SN SDSS mag 21,0"
CSS100315:101242-015815,153.17647,-1.97083,20100315.3,19.0,1003150010554112410,yes,11241,yes,2016-05-28,11241,yes,"SN SDSS mag 17,8"
CSS101211:101243+355402,153.17794,35.90064,20101211.46,16.64,1012111350464134032,yes,13403,yes,2016-06-08,13403,yes,"SN SDSS mag 17,6 z=0,04"
CSS130217:101310-163154,153.29274,-16.53156,20130217.34,17.95,1302170150534108860,no,10886,no,2016-03-10,10886,yes,SN (spec) mag 20
CSS160413:101312+090950,153.29871,9.16386,20160413.19,17.91,1604131090554109962,yes,10996,no,2016-06-05,10996,yes,"SN SDSS mag 20,2"
CSS140206:101322+471602,153.34349,47.26719,20140206.2,19.21,1402061460394128547,yes,12854,no,2016-11-08,12854,yes,"AGN mag 21,7"
CSS160311:101425-111306,153.60272,-11.21836,20160311.25,17.89,1603110090554101520,no,10152,no,2016-04-02,10152,yes,CV (MASTER) mag >21
CSS151203:101431+435414,153.62825,43.90399,20151203.52,13.04,1512031430414122287,yes,12228,no,2016-11-08,12228,yes,HPM LHS_2238
CSS090120:101435+263642,153.64572,26.61171,20090120.45,20.72,901201260504118736,yes,18736,yes,2016-11-10,18736,no,"SN SDSS mag 22,5 gal"
CSS150212:101442+620921,153.67442,62.15576,20150212.27,14.69,1502121630264101436,yes,10143,no,2016-04-05,10143,yes,HPM LHS_2239
CSS151109:101502+074830,153.76009,7.80837,20151109.49,16.3,1511091070554135380,yes,13538,no,2016-06-05,13538,yes,"SN SDSS mag 17,8"
CSS080304:101526-020432,153.85808,-2.0756,20080304.23,16.53,803040010554109890,yes,9890,no,2016-05-28,9890,no,very red Cstar 2MASS J10152593-0204318
CSS130113:101538+020710,153.90928,2.11943,20130113.41,18.69,1301131010554139998,yes,13999,no,2016-05-28,13999,yes,"Flare SDSS mag 19,9"
CSS130113:101554+045213,153.97297,4.87015,20130113.41,18.87,1301131040554137759,yes,13775,no,2016-05-27,13775,yes,"SN SDSS mag 19,8"
CSS120330:101639-064636,154.16105,-6.77671,20120330.23,17.09,1203300070554127127,no,12712,no,2016-04-25,12712,yes,"SN 2012bq mag 18,9"
CSS120611:101647+562607,154.19704,56.4354,20120611.17,18.37,1206111550334141904,yes,14190,no,2016-11-08,14190,yes,"AGN SDSS z=1,81 mag 18,8"
CSS111231:101733+211004,154.38917,21.16783,20111231.48,19.53,1112311210524123781,yes,12378,yes,2016-11-10,12378,yes,"Blazar SDSS mag 20,7"
CSS110504:101800-023241,154.50169,-2.54484,20110504.16,17.8,1105040010554104018,yes,10401,no,2016-05-28,10401,yes,"SN 2011ci SDSS mag 20,7 z=0,0465"
CSS160528:101805+100415,154.51995,10.0707,20160528.19,17.72,1605281090554119624,yes,11962,no,2016-06-05,11962,yes,"SN SDSS mag 21,2"
CSS160205:101808+304855,154.53317,30.81533,20160205.38,18.59,1602051290494134565,yes,13456,no,2016-11-10,13456,yes,"SN SDSS mag 21,0"
CSS130117:101820+281536,154.58398,28.26005,20130117.53,18.14,1301171290494101134,yes,10113,no,2016-11-10,10113,yes,"AGN SDSS mag 19,3"
CSS150212:101842+651154,154.67462,65.19837,20150212.27,15.5,1502121660244104917,yes,10491,no,2016-03-18,10491,yes,HPM LHS_2250
CSS151219:101935+390048,154.89435,39.01327,20151219.41,18.48,1512191380454128196,yes,12819,no,2016-11-10,12819,yes,"SN SDSS mag >21,5"
CSS120102:101945-001633,154.93712,-0.27595,20120102.43,19.33,1201020010564145870,yes,14587,no,2016-05-28,14587,yes,"AGN SDSS mag 21,5"
CSS090401:101947+335754,154.94695,33.96506,20090401.29,15.1,904011350464101119,yes,1119,no,2016-06-08,1119,no,CV mag 18 HS_1016+3412
CSS100531:101955+182648,154.97728,18.44666,20100531.18,18.92,1005311180534119112,yes,11911,yes,2016-06-03,11911,yes,"Blazar SDSS mag 20,5 NVSS_J101954+182649"
CSS120621:102027+530433,155.11069,53.07588,20120621.17,13.78,1206211520354130328,yes,13032,no,2016-11-08,13032,yes,CV KS_UMa
CSS130515:102033+070000,155.13581,7.00008,20130515.2,19.09,1305151070554117646,yes,11764,no,2016-06-05,11764,yes,"AGN SDSS mag 21,5"
CSS150123:102121+524752,155.33745,52.79777,20150123.3,18.61,1501231520354128154,yes,12815,no,2016-11-08,12815,yes,SN SDSS mag >22
CSS071206:102130+200007,155.37564,20.00206,20071206.42,18.44,712061210534104289,yes,4289,no,2016-11-10,4289,no,"SN SDSS mag 21,0 gal"
CSS130508:102149+414425,155.45254,41.7404,20130508.21,19.29,1305081400434135498,yes,13549,no,2016-05-29,13549,yes,"SN SDSS mag 21,6"
CSS120428:102244+370714,155.68219,37.12058,20120428.26,19.4,1204281380454105109,yes,10510,yes,2016-11-10,10510,yes,SN SDSS mag >22
CSS080312:102245+021753,155.68606,2.29792,20080312.27,18.75,803121010564140860,yes,40860,yes,2016-05-04,40860,no,"SN SDSS mag 21,7 gal"
CSS150315:102247+582534,155.69405,58.42613,20150315.33,18.09,1503151570314128100,yes,12810,no,2016-11-08,12810,yes,HPM 2MASS_J102248
CSS130112:102247-072909,155.69478,-7.48592,20130112.42,18.48,1301120070554118370,no,11837,no,2016-04-25,11837,yes,"SN (LSQ13l) mag 20,0"
CSS120422:102247+582537,155.69556,58.42686,20120422.19,18.2,1204221570314133370,yes,13337,no,2016-11-08,13337,yes,HPM 2MASS_J102248
CSS120428:102302+425232,155.75937,42.8755,20120428.26,19.52,1204281430424107070,yes,10707,no,2016-05-30,10707,yes,"AGN SDSS mag 19,5"
CSS090222:102320+440510,155.83452,44.0861,20090222.24,15.18,902221430424130546,yes,30546,no,2016-05-30,30546,no,"CV UMa8 mag 19,0"
CSS120119:102324+285651,155.85041,28.94749,20120119.44,17.98,1201191290494112719,yes,11271,yes,2016-11-10,11271,yes,"Blazar SDSS mag 20,7"
CSS110302:102326+165727,155.85737,16.95747,20110302.29,19.58,1103021180544101250,yes,10125,no,2016-06-16,10125,yes,"AGN SDSS mag 21,0"
CSS150221:102344+012249,155.93475,1.3804,20150221.35,17.84,1502211010564118772,yes,11877,no,2016-05-04,11877,yes,"SN SDSS mag 22,5"
CSS150214:102348+334847,155.94847,33.81319,20150214.4,17.5,1502141320484142254,yes,14225,no,2016-11-10,14225,yes,"SN (Gagliano) UGC_5623 SDSS mag 15,4"
CSS121209:102348+202339,155.95038,20.39404,20121209.48,18.66,1212091210534111237,yes,11123,no,2016-11-10,11123,yes,"SN SDSS mag 20,3"
CSS160402:102425+165228,156.10223,16.87445,20160402.18,19.02,1604021150544141940,yes,14194,no,2016-06-05,14194,yes,"SN SDSS mag 21,2"
CSS081031:102441+294903,156.16919,29.81739,20081031.49,20.23,810311290504117895,yes,17895,yes,2016-04-14,17895,no,"Flare SDSS mag 24,4 star"
CSS090214:102503+175821,156.264,17.97259,20090214.37,19.49,902141180544115201,yes,15201,yes,2016-06-16,15201,no,"SN 2009ak SDSS gal mag 15,9"
CSS130117:102508+233522,156.28167,23.58958,20130117.48,19.84,1301171230524118664,yes,11866,no,2016-11-10,11866,yes,"SN SDSS mag 21,7"
CSS130502:102512+302715,156.30132,30.45404,20130502.18,17.75,1305021290504134160,yes,13416,no,2016-04-14,13416,yes,"SN (spec) SDSS mag 20,3"
CSS110226:102522-154222,156.34255,-15.70602,20110226.31,13.06,1102260150544125462,no,12546,no,2016-04-02,12546,yes,"CV ASAS102522-15424 mag 19,2"
CSS121125:102524+004251,156.34873,0.71408,20121125.47,17.85,1211251010564111427,yes,11142,no,2016-05-04,11142,yes,HPM LHS_282
CSS130211:102542+013821,156.42453,1.63919,20130211.4,18.82,1302111010564127993,yes,12799,no,2016-05-04,12799,yes,SN SDSS mag 22
CSS151102:102545+180001,156.43626,18.00041,20151102.49,19.09,1511021180544114352,yes,11435,no,2016-06-16,11435,yes,"AGN SDSS mag 21,8"
CSS110311:102545-092515,156.43737,-9.42087,20110311.31,20.09,1103110090564131921,no,13192,yes,2016-04-02,13192,yes,CV mag >21
CSS160130:102602+502700,156.50842,50.45008,20160130.37,12.55,1601301490384135528,yes,13552,no,2016-05-29,13552,yes,HPM LHS_2262
CSS151118:102605+300326,156.5211,30.0572,20151118.46,19.84,1511181290504123949,yes,12394,no,2016-04-14,12394,yes,SN SDSS mag >22
CSS101130:102616+192045,156.56682,19.34577,20101130.48,14.83,1011301180544138966,yes,13896,no,2016-06-16,13896,yes,"CV SDSS mag 20,1"
CSS100115:102627+390151,156.61295,39.03081,20100115.39,18.92,1001151380454138436,yes,13843,no,2016-11-10,13843,yes,"SN 2010Q SDSS mag 21,3 gal"
CSS121114:102632+053508,156.6337,5.58545,20121114.49,17.85,1211141040564146287,yes,14628,no,2016-05-27,14628,yes,"SN SDSS mag 21,2"
CSS100317:102637+475426,156.65432,47.9073,20100317.27,14.82,1003171460404142882,yes,14288,yes,2016-05-30,14288,yes,"CV SDSS mag 20,1"
CSS110205:102656+182907,156.73422,18.4854,20110205.41,18.5,1102051180544128471,yes,12847,yes,2016-06-16,12847,yes,SN 2011al SDSS mag >22
CSS091115:102702+085725,156.75706,8.95683,20091115.48,19.06,911151090564108316,yes,8316,no,2016-06-05,8316,yes,Comet 81P_Wild
CSS100317:102731+401548,156.88123,40.26344,20100317.21,18.91,1003171400444111913,yes,11191,yes,2016-11-10,11191,yes,"SN SDSS mag 21,7"
CSS110305:102739+284426,156.91397,28.7405,20110305.24,19.72,1103051290504110890,yes,11089,no,2016-04-14,11089,yes,"AGN SDSS mag 21,0"
CSS130117:102823+254220,157.09686,25.70558,20130117.49,18.92,1301171260514105921,yes,10592,no,2016-03-30,10592,yes,"AGN SDSS mag 20,5"
CSS140328:102828+180008,157.11861,18.00233,20140328.19,18.71,1403281180544116217,yes,11621,no,2016-06-16,11621,yes,"SN (LSQ14ahb) SDSS mag 20,0"
CSS100406:102834-023660,157.1419,-2.61655,20100406.23,16.37,1004060010564103401,yes,10340,yes,2016-05-28,10340,yes,"Blazar SDSS mag 18,9 1WGA_J1028"
CSS121220:102835+061054,157.14452,6.18156,20121220.44,19.94,1212201070564109636,yes,10963,no,2016-11-05,10963,yes,"AGN SDSS mag 20,1"
CSS090331:102843-081927,157.17863,-8.32407,20090331.2,15.01,903310070564102615,no,2615,yes,2016-04-25,2615,no,CV PQ mag 19 blue obj
CSS140309:102844-161303,157.18279,-16.21745,20140309.26,14.96,1403090150554111012,no,11101,no,2016-04-02,11101,yes,"CV (polar) 1RXS_J10284 mag 17,0"
CSS111229:102909+460458,157.28651,46.08268,20111229.4,17.43,1112291460404116264,yes,11626,no,2016-05-30,11626,yes,"SN 2011jx SDSS mag 19,1"
CSS100217:102913+404220,157.30232,40.70548,20100217.3,16.02,1002171400444123118,yes,12311,yes,2016-11-10,12311,yes,"SN SDSS mag 17,7"
CSS100219:102916+273911,157.31642,27.65305,20100219.33,19.86,1002191260514135892,yes,13589,no,2016-03-30,13589,yes,"SN SDSS mag 22,0"
CSS161109:102925+612835,157.35429,61.47645,20161109.44,17.11,1611091600294129774,yes,12977,no,2016-11-09,12977,yes,"CV SDSS mag >22,5"
CSS080305:102938+414046,157.40711,41.67956,20080305.3,17.33,803051400444124747,yes,24747,no,2016-11-10,24747,no,"CV SDSS 22,3 mag star"
CSS130419:102948+391613,157.44851,39.27016,20130419.19,18.7,1304191380464136324,yes,13632,no,2016-11-10,13632,yes,"SN SDSS mag 21,4"
CSS110223:103018+080347,157.5749,8.06319,20110223.39,18.16,1102231070564133502,yes,13350,no,2016-11-05,13350,yes,"SN 2MASSX_103019 z=0,047 SDSS mag 14,4"
CSS120227:103045+110831,157.68902,11.14182,20120227.26,18.87,1202271090564148720,yes,14872,no,2016-06-05,14872,yes,"Flare SDSS mag 20,0"
CSS110114:103056-114034,157.73216,-11.67624,20110114.47,18.92,1101140120564138796,no,13879,yes,2016-04-02,13879,yes,Flare
CSS120609:103057+494443,157.73619,49.74537,20120609.19,15.41,1206091490384128250,yes,12825,no,2016-05-29,12825,yes,HPM LHS 2277
CSS141129:103140+374618,157.91858,37.77177,20141129.45,19.1,1411291380464115470,yes,11547,no,2016-11-10,11547,yes,"AGN SDSS mag 20,4"
CSS090429:103148+085224,157.94998,8.87347,20090429.23,15.72,904291090564105879,yes,5879,no,2016-06-05,5879,no,"CV SDSS_J103147 mag 18,8"
CSS140328:103234+051331,158.14241,5.22537,20140328.25,19.61,1403281040574136540,yes,13654,no,2016-11-05,13654,yes,"SN SDSS mag 21,7"
CSS120524:103247+233628,158.19694,23.60789,20120524.18,18.44,1205241230524115253,yes,11525,yes,2016-11-10,11525,yes,"SN SDSS mag 21,6"
CSS080208:103317+072119,158.32188,7.3552,20080208.37,15.55,802081070564124647,yes,24647,no,2016-11-05,24647,no,"CV SDSS 19,8 mag star"
CSS120303:103329+554946,158.36935,55.82957,20120303.17,18.45,1203031550344130821,yes,13082,no,2016-11-08,13082,yes,"AGN SDSS maf 20,5"
CSS130501:103334+071126,158.3919,7.19069,20130501.22,18.68,1305011070564124203,yes,12420,no,2016-11-05,12420,yes,"Blazar SDSS mag 20,2"
CSS121208:103347-080908,158.44775,-8.15225,20121208.48,17.85,1212080070564106982,no,10698,yes,2016-04-25,10698,yes,"CV (polar) mag 21,5"
CSS120118:103349+020350,158.45303,2.0638,20120118.47,19.96,1201181010574131090,yes,13109,no,2016-05-28,13109,yes,"AGN SDSS mag 20,2"
CSS110514:103351+605107,158.46429,60.85208,20110514.22,15.5,1105141600304117225,yes,11722,yes,2016-11-09,11722,yes,"Blazar CRATES_J1033+6051 z=1,40"
CSS081201:103354-032125,158.47416,-3.35705,20081201.5,18.02,812010040574130251,yes,30251,yes,2016-05-29,30251,no,"SN SDSS mag >22,5 obj"
CSS100507:103404+383230,158.51795,38.54178,20100507.22,19.52,1005071380464123897,yes,12389,yes,2016-11-10,12389,yes,"SN 2010dg SDSS mag 21,9"
CSS160311:103434+034508,158.63996,3.75222,20160311.22,18.87,1603111040574114050,yes,11405,no,2016-11-05,11405,yes,"SN SDSS mag 20,8"
CSS110429:103446+225754,158.68989,22.96488,20110429.23,19.76,1104291230534105550,yes,10555,yes,2016-05-28,10555,yes,"AGN SDSS mag 20,3"
CSS140325:103525+321202,158.85481,32.20059,20140325.26,19.47,1403251320494118637,yes,11863,no,2016-11-10,11863,yes,"AGN SDSS mag 19,7"
CSS150227:103530+343423,158.87336,34.57302,20150227.34,16.3,1502271350474110786,yes,11078,no,2016-11-10,11078,yes,"SN (ASASSN-15df) mag 17,5"
CSS110103:103548+215017,158.95051,21.83798,20110103.42,18.47,1101031210544131953,yes,13195,no,2016-06-16,13195,yes,"SN SDSS mag 19,5"
CSS121212:103548+390028,158.951,39.00775,20121212.51,17.21,1212121380464142104,yes,14210,no,2016-11-10,14210,yes,"SN 2012ia SDSS mag 18,9"
CSS131225:103550+145808,158.95826,14.96876,20131225.51,17.86,1312251150554112896,yes,11289,no,2016-06-05,11289,yes,"Flare SDSS mag 20,2"
CSS111228:103551+410959,158.96249,41.16649,20111228.4,17.77,1112281400444128867,yes,12886,no,2016-11-10,12886,yes,"SN 2011kc SDSS mag 21,6"
CSS151113:103555+395426,158.98121,39.90713,20151113.51,20.12,1511131400444105430,yes,10543,no,2016-11-10,10543,yes,"SN SDSS mag 20,8"
CSS110124:103601+104234,159.00433,10.70955,20110124.54,18.65,1101241090574129503,yes,12950,yes,2016-05-27,12950,yes,"SN SDSS mag 19,6"
CSS130515:103609+494251,159.03575,49.71413,20130515.24,19.95,1305151490394125788,yes,12578,no,2016-06-01,12578,yes,"SN SDSS mag 22,2"
CSS160128:103706+394250,159.27483,39.71392,20160128.4,17.68,1601281400444102455,yes,10245,no,2016-11-10,10245,yes,"AGN SDSS mag 18,9"
CSS110223:103717-023556,159.31973,-2.59891,20110223.35,19.67,1102230010574103647,yes,10364,no,2016-05-28,10364,yes,"AGN SDSS mag 20,6"
CSS120422:103717+543502,159.31985,54.58396,20120422.19,17.81,1204221550344115741,yes,11574,no,2016-11-08,11574,yes,"Flare SDSS mag 19,7"
CSS160414:103727+020632,159.36068,2.1088,20160414.16,18.29,1604141010574127662,yes,12766,no,2016-05-28,12766,yes,"SN SDSS mag 20,6"
CSS151119:103728+301102,159.36626,30.18388,20151119.45,15.39,1511191290514126351,yes,12635,no,2016-04-14,12635,yes,HPM LHS_286
CSS110611:103736+351052,159.39931,35.18118,20110611.18,18.41,1106111350474117100,yes,11710,no,2016-11-10,11710,yes,"SN SDSS mag 20,9"
CSS090516:103739+124250,159.41103,12.71394,20090516.15,17.29,905161120564121665,yes,21665,yes,2016-06-05,21665,no,"CV SDSS mag 21,8 gal"
CSS130202:103742+331853,159.42316,33.31484,20130202.27,19.78,1302021320494133884,yes,13388,no,2016-11-10,13388,yes,"AGN SDSS mag 21,5"
CSS080614:103742+101741,159.4237,10.29478,20080614.16,18.42,806141090574116627,yes,16627,no,2016-05-27,16627,no,"SN SDSS mag 21,5"
CSS150512:103742+325849,159.42443,32.98034,20150512.21,18.29,1505121320494128233,yes,12823,no,2016-11-10,12823,yes,"Blazar SDSS mag 20,9"
CSS120224:103750+481246,159.4594,48.21285,20120224.41,14.76,1202241490394103458,yes,10345,no,2016-06-01,10345,yes,HPM LHS_2289
CSS150510:103753+115602,159.46884,11.93391,20150510.16,19.51,1505101120564109481,yes,10948,no,2016-06-05,10948,yes,"SN (PS15ek) SDSS mag 20,2"
CSS160208:103846+392735,159.69106,39.45981,20160208.31,18.17,1602081380464137568,yes,13756,no,2016-11-10,13756,yes,"Blazar SDSS mag 19,2"
CSS160404:103849-202138,159.7057,-20.36064,20160404.2,17.92,1604040210544139228,no,13922,no,2016-04-04,13922,yes,CV mag 21
CSS140228:103925+384125,159.85503,38.69039,20140228.44,19.36,1402281380464127669,yes,12766,no,2016-11-10,12766,yes,AGN SDSS mag 20
CSS090301:103947-050658,159.94579,-5.11609,20090301.3,16.81,903010040574110292,no,10292,no,2016-05-29,10292,no,"CV Polar mag 17,5 YY Sex"
CSS091218:104011+223735,160.04526,22.62652,20091218.46,19.63,912181230534101279,yes,1279,yes,2016-05-28,1279,yes,"SN 2009nw SDSS mag 21,9"
CSS150210:104017-030347,160.06892,-3.06319,20150210.34,17.32,1502100040574140555,yes,14055,no,2016-05-29,14055,yes,"Flare SDSS mag 21,2"
CSS101211:104024+332134,160.09824,33.35958,20101211.46,18.83,1012111320494136424,yes,13642,yes,2016-11-10,13642,yes,"SN SDSS mag 20,7"
CSS110302:104026+200625,160.10901,20.1069,20110302.24,19.93,1103021210544107799,yes,10779,no,2016-06-16,10779,yes,"AGN SDSS mag 20,7"
CSS090316:104051+151134,160.21344,15.19271,20090316.21,15.6,903161150564121087,yes,21087,no,2016-06-05,21087,no,"CV DO Leo mag 17,2"
CSS120130:104115+182504,160.31388,18.41773,20120130.39,19.21,1201301180554121756,yes,12175,no,2016-06-16,12175,yes,Flare SDSS mag 20
CSS121212:104115+373323,160.31432,37.55633,20121212.51,18.08,1212121380464115648,yes,11564,no,2016-11-10,11564,yes,"SN 2012hk (MASTER) SDSS mag 15,4"
CSS141223:104124+144517,160.3485,14.75465,20141223.42,19.3,1412231150564209168,yes,20916,no,2016-06-05,20916,yes,"SN SDSS mag 22,1"
CSS150117:104148-014721,160.44996,-1.78924,20150117.38,19.42,1501170010584116103,yes,11610,no,2016-05-28,11610,yes,"SN (spec) SDSS mag 21,0"
CSS160331:104150+314708,160.45697,31.7855,20160331.21,19.16,1603311320504111122,yes,11112,no,2016-06-08,11112,yes,SN mag 21
CSS111028:104207+380946,160.52866,38.16288,20111028.48,18.58,1110281380464122093,yes,12209,no,2016-11-10,12209,yes,"SN SDSS mag 19,8"
CSS091218:104217+223718,160.57035,22.62173,20091218.46,19.79,912181230534101209,yes,1209,yes,2016-05-28,1209,yes,"SN SDSS mag 22,0"
CSS120219:104223+395925,160.5957,39.99032,20120219.25,19.1,1202191400454110288,yes,11028,no,2016-06-08,11028,yes,"AGN SDSS mag 19,6"
CSS131211:104248+061522,160.69869,6.25603,20131211.49,19.59,1312111070574109654,yes,10965,no,2016-11-05,10965,yes,"AGN SDSS mag 20,7"
CSS160510:104257+013831,160.73575,1.64201,20160510.22,19.06,1605101010584124257,yes,12425,no,2016-05-28,12425,yes,"SN SDSS mag 22,0"
CSS140227:104301-091236,160.7541,-9.21001,20140227.32,13.12,1402270090574132639,no,13263,no,2016-04-02,13263,yes,HPM 2MASS_J104302
CSS120519:104301-091237,160.75494,-9.21014,20120519.2,13.09,1205190090574131466,no,13146,no,2016-04-02,13146,yes,HPM 2MASS_J104302
CSS110208:104314-095352,160.80638,-9.8979,20110208.35,19.69,1102080090574128001,no,12800,no,2016-04-02,12800,yes,SN mag 22
CSS101214:104318+313513,160.8259,31.58685,20101214.47,18.42,1012141320504109859,yes,10985,no,2016-06-08,10985,yes,SN mag >21
CSS120416:104354+114017,160.97393,11.67151,20120416.16,12.99,1204161120574107039,yes,10703,no,2016-06-05,10703,yes,"SN (ISSP) mag 11,4"
CSS100217:104411+211307,161.04761,21.21863,20100217.34,12.57,1002171210554127510,yes,12751,yes,2016-06-16,12751,yes,"CV 1RXS_J104409,6+211334? SDSS mag 19,3"
CSS141124:104507+404811,161.27992,40.80292,20141124.53,17.79,1411241400454118491,yes,11849,no,2016-06-08,11849,yes,"AGN SDSS mag 19,2"
CSS100215:104515+142033,161.31203,14.34257,20100215.28,19.75,1002151150564104157,yes,10415,yes,2016-06-05,10415,yes,"SN SDSS mag 21,3"
CSS141224:104521+230229,161.33599,23.04145,20141224.39,19.67,1412241230534106596,yes,10659,no,2016-05-28,10659,yes,"AGN SDSS mag 21,4"
CSS090516:104522+105717,161.3424,10.95473,20090516.15,18.45,905161090574137297,yes,37297,yes,2016-05-27,37297,no,"SN 2009fp (p60) SDSS_mag 22,2 star?"
CSS111229:104531+432538,161.37863,43.4271,20111229.4,18.89,1112291430434117574,yes,11757,no,2016-06-08,11757,yes,"Blazar SDSS mag 20,0"
CSS130106:104540+231700,161.41605,23.2833,20130106.33,18.85,1301061230534111716,yes,11171,no,2016-05-28,11171,yes,"AGN SDSS mag 20,4"
CSS151108:104557+590428,161.48851,59.07445,20151108.5,17.71,1511081570324139313,yes,13931,no,2016-11-08,13931,yes,HPM PSO_J161
CSS131224:104558+590431,161.48989,59.07524,20131224.5,17.66,1312241570324139981,yes,13998,no,2016-11-08,13998,yes,HPM mag 18
CSS120123:104558+590434,161.49103,59.0761,20120123.28,17.53,1201231570324142982,yes,14298,no,2016-11-08,14298,yes,"HPM EGGR_434 SDSS mag 17,7"
CSS141223:104707+002937,161.77839,0.49367,20141223.45,18.52,1412231010584107248,yes,10724,no,2016-05-28,10724,yes,"Blazar PMN_J1047+0029 SDSS mag 19,3"
CSS150225:104711+160517,161.79553,16.08809,20150225.44,17.35,1502251150564130121,yes,13012,no,2016-06-05,13012,yes,"Flare SDSS mag 18,6"
CSS151108:104724+572435,161.85051,57.4097,20151108.5,18.98,1511081570324114520,yes,11452,no,2016-11-08,11452,yes,"AGN SDSS mag 19,7"
CSS111227:104742+021815,161.92377,2.30427,20111227.49,18.95,1112271010584136372,yes,13637,no,2016-05-28,13637,yes,"SN 2011jw SDSS mag 21,6"
CSS130211:104751+314747,161.9611,31.79626,20130211.48,20.4,1302111320504113079,yes,11307,no,2016-06-08,11307,yes,"AGN SDSS mag 21,1"
CSS120218:104813-112028,162.05463,-11.34122,20120218.36,12.78,1202180120574141811,no,14181,no,2016-04-02,14181,yes,HPM GJ_3622
CSS160215:104813-112035,162.05531,-11.34294,20160215.34,12.91,1602150120574143556,no,14355,no,2016-04-02,14355,yes,HPM GJ_3622
CSS140123:104818+204751,162.0736,20.79758,20140123.5,18.49,1401231210554114641,yes,11464,no,2016-06-16,11464,yes,"SN (spec) SDSS mag 21,6"
CSS120612:104831+215524,162.12905,21.92328,20120612.2,19.38,1206121210554127866,yes,12786,no,2016-06-16,12786,yes,SN SDSS mag >22
CSS141215:104832+263518,162.13461,26.58832,20141215.5,17.24,1412151260534114603,yes,11460,no,2016-06-16,11460,yes,"SN (spec) UGC_5912 SDSS mag 13,4"
CSS151202:104857+512724,162.23693,51.45671,20151202.48,13.73,1512021520374108315,yes,10831,no,2016-11-08,10831,yes,HPM LHS_2312
CSS160130:104912+512651,162.30021,51.44737,20160130.37,19.4,1601301520374108143,yes,10814,no,2016-11-08,10814,yes,"CV SDSS mag 20,2"
CSS121209:104914+210544,162.3104,21.09563,20121209.48,18.89,1212091210554119667,yes,11966,no,2016-06-16,11966,yes,"AGN mag 20,5"
CSS140428:104928+570448,162.36781,57.0799,20140428.24,17.32,1404281570334110265,yes,11026,no,2016-11-08,11026,yes,"SN (PS1-14rt) SDSS mag 22,5"
CSS120225:104941+031730,162.4199,3.2916,20120225.32,19.51,1202251040584109286,yes,10928,yes,2016-11-05,10928,yes,"SN SDSS mag 20,8"
CSS141230:104941+132508,162.42094,13.419,20141230.44,19.55,1412301120574130875,yes,13087,no,2016-06-05,13087,yes,"Flare SDSS mag 21,8"
CSS120118:104946+142939,162.44317,14.49414,20120118.49,17.72,1201181150564107728,yes,10772,yes,2016-06-05,10772,yes,"Blazar SDSS mag 20,6"
CSS160130:105013+315453,162.55577,31.91474,20160130.39,19.37,1601301320504111899,yes,11189,no,2016-06-08,11189,yes,"Flare SDSS mag 20,9"
CSS130105:105026+332813,162.60809,33.47032,20130105.37,17.0,1301051320504135525,yes,13552,yes,2016-06-08,13552,yes,"CV SDSS mag 22,3"
CSS091108:105026+501133,162.60826,50.19243,20091108.47,18.13,911081490394132519,yes,32519,yes,2016-06-01,32519,yes,"Blazar SDSS mag 21,4"
CSS110429:105026+182857,162.60986,18.48258,20110429.23,19.09,1104291180564125364,yes,12536,no,2016-06-16,12536,yes,"SN SDSS mag 20,9"
CSS130416:105030+204941,162.62312,20.828,20130416.31,18.86,1304161210554115579,yes,11557,yes,2016-06-16,11557,yes,"SN SDSS mag 22,6"
CSS110108:105044+280049,162.68416,28.01361,20110108.45,18.75,1101081260534135780,yes,13578,yes,2016-06-16,13578,yes,"SN 2011J SDSS mag 21,5"
CSS141120:105117+212145,162.82284,21.36244,20141120.48,18.29,1411201210554123334,yes,12333,no,2016-06-16,12333,yes,SN mag >22
CSS090226:105122+083443,162.84197,8.57853,20090226.28,16.54,902261090584103158,yes,3158,no,2016-03-27,3158,no,"SN 2009al SDSS mag 13,2 NGC_3388"
CSS120101:105123+672528,162.84506,67.4244,20120101.46,15.01,1201011660254140001,no,14000,yes,2016-11-09,14000,yes,"CV 1RXS_J105120 mag 18,5"
CSS110305:105201+332015,163.00318,33.33753,20110305.38,19.85,1103051320504137801,yes,13780,no,2016-06-08,13780,yes,"AGN SDSS mag 21,0"
CSS130211:105209+060626,163.03586,6.10726,20130211.39,20.14,1302111070584108234,yes,10823,no,2016-11-05,10823,yes,SN SDSS mag 22
CSS100408:105215-064326,163.0636,-6.72402,20100408.25,16.14,1004080070584127163,no,12716,yes,2016-05-30,12716,yes,"CV mag 19,5"
CSS140129:105233+410441,163.13923,41.07817,20140129.34,18.86,1401291400454124767,yes,12476,no,2016-06-08,12476,yes,"AGN SDSS mag 19,9"
CSS080228:105301-075656,163.25338,-7.94887,20080228.3,19.16,802280070584107866,no,7866,yes,2016-05-30,7866,no,SN mag >22 No PQ source
CSS120609:105310+503358,163.29175,50.56607,20120609.19,18.42,1206091490394141995,yes,14199,yes,2016-06-01,14199,yes,"Flare SDSS mag 21,2"
CSS130118:105323+164635,163.34421,16.77635,20130118.5,13.69,1301181150574139493,yes,13949,no,2016-06-14,13949,yes,SN 2012ht (Nishiyama)
CSS120615:105400+182844,163.5016,18.47881,20120615.18,18.65,1206151180564122192,yes,12219,yes,2016-06-16,12219,yes,"SN SDSS mag 21,0"
CSS090202:105407+010236,163.52979,1.04327,20090202.37,19.3,902021010594119961,yes,19961,yes,2016-05-28,19961,no,"AGN SDSS mag 20,1"
CSS080111:105416+170514,163.5657,17.08724,20080111.39,19.84,801111180564103026,yes,3026,no,2016-06-16,3026,no,"SN SDSS mag 20,9 gal"
CSS130314:105422+353743,163.59103,35.62856,20130314.24,18.77,1303141350494127887,yes,12788,no,2016-05-30,12788,yes,"AGN SDSS mag 20,1"
CSS121220:105426+050222,163.60918,5.03941,20121220.48,20.17,1212201040594136782,yes,13678,no,2016-11-05,13678,yes,"SN SDSS mag 21,3"
CSS080508:105459+044857,163.74552,4.81581,20080508.21,17.65,805081040594121276,yes,21276,no,2016-11-05,21276,no,Comet C/2007 D1 (LINEAR)
CSS130117:105503+255352,163.76098,25.89788,20130117.49,18.83,1301171260534109021,yes,10902,no,2016-06-16,10902,yes,"SN SDSS mag 21,4"
CSS100115:105507+365946,163.77913,36.99602,20100115.39,17.35,1001151380474105682,yes,10568,no,2016-06-08,10568,yes,"CV EL_UMa SDSS mag 20,4"
CSS120313:105530+145239,163.8745,14.87758,20120313.23,19.5,1203131150574115737,yes,11573,no,2016-06-14,11573,yes,"SN SDSS mag 21,6"
CSS080130:105550+095621,163.95866,9.93904,20080130.44,15.33,801301090584117826,yes,17826,no,2016-03-27,17826,no,"CV SDSS 18,5 mag star"
CSS140427:105556+234606,163.98152,23.76836,20140427.19,19.6,1404271230544116424,yes,11642,no,2016-06-16,11642,yes,"SN SDSS mag 20,8"
CSS150423:105625-082220,164.10307,-8.37234,20150423.23,18.41,1504230070584101458,no,10145,no,2016-05-30,10145,yes,Flare mag 21
CSS140402:105636+464217,164.14925,46.70467,20140402.27,19.64,1404021460424123234,yes,12323,no,2016-05-30,12323,yes,"SN SDSS mag 21,7"
CSS100509:105637+201442,164.15494,20.24496,20100509.23,18.05,1005091210564106606,yes,10660,yes,2016-06-16,10660,yes,"SN 2010dh SDSS mag 15,9 z=0,02"
CSS080625:105657+494119,164.23779,49.68854,20080625.14,12.63,806251490404114182,yes,14182,yes,2016-06-01,14182,no,"CV CY UMa SDSS Mag 17,5"
CSS111229:105658+394239,164.24258,39.71087,20111229.4,18.58,1112291400464106575,yes,10657,no,2016-06-08,10657,yes,"CV SDSS mag 20,9"
CSS131231:105701+004655,164.25459,0.78193,20131231.47,19.5,1312311010594112568,yes,11256,no,2016-05-28,11256,yes,"AGN mag 20,4"
CSS130605:105723+255049,164.34498,25.84702,20130605.18,18.66,1306051260534106546,yes,10654,no,2016-06-16,10654,yes,"SN mag 20,3"
CSS140325:105754+322016,164.4751,32.33773,20140325.25,19.87,1403251320514119833,yes,11983,no,2016-06-08,11983,yes,"AGN SDSS mag 20,7"
CSS110111:105756+092315,164.48463,9.38752,20110111.49,12.78,1101111090594116852,yes,11685,no,2016-02-15,11685,yes,CV J1057+0923
CSS160112:105830+281747,164.62461,28.29631,20160112.5,15.78,1601121290524101185,yes,10118,no,2016-04-14,10118,yes,"Blazar SDSS mag 18,5"
CSS081025:105835+054706,164.64614,5.7851,20081025.5,15.73,810251070594102293,yes,2293,yes,2016-11-05,2293,no,"CV SDSS mag 20,3"
CSS080425:105836+120048,164.64997,12.01342,20080425.23,18.44,804251120584108460,yes,8460,no,2016-06-14,8460,no,"SN NOAO deep gal mag 23,5"
CSS110503:105840+300256,164.66813,30.04876,20110503.27,19.93,1105031290524128495,yes,12849,yes,2016-04-14,12849,yes,"AGN SDSS mag 20,4"
CSS110210:105845+182131,164.68604,18.35874,20110210.37,19.63,1102101180574123330,yes,12333,yes,2016-06-16,12333,yes,"AGN SDSS mag 20,9"
CSS120118:105924+143218,164.848,14.53827,20120118.5,19.65,1201181150574105414,yes,10541,yes,2016-06-14,10541,yes,"SN SDSS mag 20,8"
CSS130429:105929+123720,164.86881,12.62213,20130429.24,18.94,1304291120584117616,yes,11761,no,2016-06-14,11761,yes,SN SDSS mag 20
CSS100304:105931+144850,164.87929,14.8139,20100304.35,19.09,1003041150574110573,yes,11057,no,2016-06-14,11057,yes,"SN SDSS mag >22 cluster z=0,088"
CSS110429:105951+215310,164.96305,21.88612,20110429.29,19.75,1104291210564131045,yes,13104,yes,2016-06-16,13104,yes,"AGN SDSS mag 21,5"
CSS150120:110008+385352,165.03174,38.89781,20150120.4,17.96,1501201380484131886,yes,13188,no,2016-06-08,13188,yes,"SN (spec) SDSS mag 19,8"
CSS090418:110015+131552,165.06137,13.26448,20090418.22,14.97,904181120584134509,yes,34509,no,2016-06-14,34509,no,"CV mag 18,8 SDSS_J11001"
CSS091125:110034+160808,165.14094,16.13553,20091125.51,18.31,911251150574137119,yes,37119,yes,2016-06-14,37119,yes,"AGN SDSS mag 19,4"
CSS140604:110035+372847,165.14471,37.47967,20140604.17,13.99,1406041380484110466,yes,11046,no,2016-06-08,11046,yes,HPM LHS_2340
CSS120321:110038+070650,165.1598,7.11402,20120321.26,20.47,1203211070594126778,yes,12677,no,2016-11-05,12677,yes,"AGN SDSS mag 21,1"
CSS130211:110039+322209,165.163,32.3692,20130211.48,19.46,1302111320514122668,yes,12266,no,2016-06-08,12266,yes,"SN SDSS mag 20,7"
CSS121213:110121+030012,165.33584,3.00323,20121213.51,12.97,1212131040594104095,yes,10409,no,2016-11-05,10409,yes,HPM LHS_296
CSS100321:110128+314449,165.36569,31.74703,20100321.29,16.7,1003211320514111504,yes,11150,yes,2016-06-08,11150,yes,"SN z=0,043 SDSS mag 17,8"
CSS130216:110146-132424,165.4409,-13.40677,20130216.36,19.71,1302160120584113031,no,11303,no,2016-04-02,11303,yes,Flare
CSS160312:110200+292731,165.5006,29.45853,20160312.34,19.23,1603121290524117032,yes,11703,no,2016-04-14,11703,yes,"AGN SDSS mag 20,5"
CSS080424:110208+074312,165.53276,7.72008,20080424.22,19.83,804241070594124339,yes,24339,yes,2016-11-05,24339,no,Ast no SDSS
CSS120401:110217+411259,165.57211,41.2164,20120401.19,18.37,1204011400464123825,yes,12382,no,2016-06-08,12382,yes,HPM SDSS_J110217
CSS151204:110217+411253,165.57255,41.2148,20151204.53,18.39,1512041400464122458,yes,12245,no,2016-06-08,12245,yes,HPM SDSS_J110217
CSS101128:110217+411302,165.57266,41.21728,20101128.49,18.8,1011281400464120991,yes,12099,no,2016-06-08,12099,yes,HPM Halo WD
CSS140123:110217+411256,165.57267,41.21567,20140123.42,18.63,1401231400464124147,yes,12414,no,2016-06-08,12414,yes,HPM SDSS_J110217
CSS140101:110249+460256,165.70525,46.04898,20140101.35,19.88,1401011460424115101,yes,11510,no,2016-05-30,11510,yes,"AGN SDSS mag 20,6"
CSS120101:110250+525013,165.70773,52.83685,20120101.44,17.14,1201011520384133265,yes,13326,yes,2016-11-08,13326,yes,"Blazar SDSS mag 20,0"
CSS101128:110259+414522,165.74609,41.75598,20101128.49,18.73,1011281400464127150,yes,12715,yes,2016-06-08,12715,yes,CV SDSS mag >22
CSS141230:110304+115817,165.7647,11.97137,20141230.43,16.38,1412301120594110654,yes,11065,no,2016-06-14,11065,yes,"Blazar mag 18,7"
CSS130416:110329+210304,165.87029,21.05116,20130416.31,19.31,1304161210564119965,yes,11996,no,2016-06-16,11996,yes,SN SDSS mag >22
CSS140404:110401+180846,166.00285,18.14608,20140404.25,19.23,1404041180574118292,yes,11829,no,2016-06-16,11829,yes,"SN SDSS mag 21,3"
CSS071216:110407-045134,166.02769,-4.85955,20071216.47,19.26,712160040604111583,no,11583,no,2016-05-03,11583,no,AGN
CSS120619:110414+302237,166.06041,30.37687,20120619.17,19.33,1206191290534127278,yes,12727,yes,2016-06-05,12727,yes,"AGN SDSS mag 20,7"
CSS160316:110443+453905,166.17779,45.65126,20160316.18,15.34,1603161460424106403,yes,10640,no,2016-05-30,10640,yes,HPM
CSS120529:110444+574610,166.18511,57.76938,20120529.23,18.91,1205291570334115911,yes,11591,no,2016-11-08,11591,yes,"SN SDSS mag 22,2"
CSS140326:110446+425516,166.19168,42.92116,20140326.2,19.33,1403261430444108115,yes,10811,no,2016-05-30,10811,yes,"AGN SDSS mag 21,1"
CSS140622:110502+225217,166.25949,22.87136,20140622.19,19.23,1406221230554103879,yes,10387,no,2016-06-16,10387,yes,"SN SDSS mag 16,8"
CSS120415:110518-083453,166.32476,-8.58138,20120415.23,18.43,1204150090594144402,no,14440,yes,2016-05-30,14440,yes,"SN 20,5"
CSS120327:110520-015205,166.33365,-1.8681,20120327.21,17.73,1203270010604115428,yes,11542,yes,2016-05-28,11542,yes,"SN SDSS mag 19,3"
CSS160205:110521+325559,166.33918,32.93307,20160205.39,20.03,1602051320514127213,yes,12721,no,2016-06-08,12721,yes,SN SDSS mag >22
CSS140622:110614+181732,166.55922,18.29234,20140622.17,19.63,1406221180574116410,yes,11641,no,2016-06-16,11641,yes,"SN SDSS mag 21,8"
CSS120619:110620+264642,166.5814,26.77845,20120619.17,19.15,1206191260544117222,yes,11722,yes,2016-06-16,11722,yes,SN SDSS mag >22
CSS140405:110628+264846,166.61599,26.81287,20140405.26,19.95,1404051260544121026,yes,12102,no,2016-06-16,12102,yes,"AGN SDSS mag 20,6"
CSS090419:110629+240515,166.62039,24.08762,20090419.2,18.32,904191230554124193,yes,24193,yes,2016-06-16,24193,no,"SN 2009ec SDSS mag 20,1 gal"
CSS091217:110637+341952,166.65368,34.33101,20091217.47,18.75,912171350504107254,yes,7254,no,2016-05-31,7254,yes,"SN 2009nj SDSS mag 22,3 gal"
CSS111122:110659+033442,166.74451,3.57834,20111122.52,19.58,1111221040604112067,yes,11206,no,2016-11-05,11206,yes,"SN SDSS mag 21,2"
CSS120611:110710+465625,166.7921,46.94032,20120611.19,19.5,1206111460424124541,yes,12454,yes,2016-05-30,12454,yes,"SDSS mag 20,5"
CSS150418:110712+230445,166.79977,23.07922,20150418.22,19.39,1504181230554106868,yes,10686,no,2016-06-16,10686,yes,"SN SDSS mag 21,0"
CSS130411:110714+133336,166.80663,13.56004,20130411.19,16.22,1304111120594139528,yes,13952,no,2016-06-14,13952,yes,"CV SDSS mag 21,7"
CSS130211:110717-052501,166.82148,-5.41683,20130211.42,17.31,1302110040604104918,no,10491,no,2016-05-03,10491,yes,"Blazar mag 17,2"
CSS150520:110727+055039,166.86361,5.84409,20150520.18,18.02,1505201070594102990,yes,10299,no,2016-11-05,10299,yes,"AGN SDSS mag 18,8"
CSS160112:110730+320105,166.87315,32.01799,20160112.5,19.37,1601121320514112308,yes,11230,no,2016-06-08,11230,yes,SN SDSS mag >22
CSS130218:110731+485522,166.87716,48.92288,20130218.5,18.5,1302181490404115704,yes,11570,no,2016-06-01,11570,yes,"HPM SDSS mag 18,6"
CSS110401:110735-011155,166.89533,-1.19849,20110401.26,19.27,1104010010604125847,yes,12584,no,2016-05-28,12584,yes,"AGN SDSS mag 20,5"
CSS130214:110748+243938,166.94912,24.66069,20130214.33,18.76,1302141230554138125,yes,13812,no,2016-06-16,13812,yes,SN SDSS mag >22
CSS110325:110751+185939,166.96067,18.9942,20110325.24,18.32,1103251180584134410,yes,13441,yes,2016-06-05,13441,yes,"SN 2011en SDSS z=0,018 mag 17,1"
CSS160531:110827-070419,167.11286,-7.07197,20160531.17,18.04,1605310070594119120,no,11912,no,2016-05-31,11912,yes,CV mag 21
CSS110114:110833-130715,167.13839,-13.12094,20110114.51,19.42,1101140120594113960,no,11396,yes,2016-04-01,11396,yes,SN mag 18
CSS150118:110838-101458,167.15672,-10.24931,20150118.39,16.62,1501180090594116708,no,11670,no,2016-05-30,11670,yes,SN (ASASSN-15az) mag 18
CSS111229:110846+383624,167.1896,38.60672,20111229.4,19.74,1112291380484132004,yes,13200,yes,2016-06-08,13200,yes,"AGN SDSS mag 20,4"
CSS131231:110928+004508,167.36833,0.75221,20131231.48,18.58,1312311010604112737,yes,11273,no,2016-05-28,11273,yes,"SN SDSS mag 21,1"
CSS081204:110933+272440,167.38724,27.41119,20081204.5,17.87,812041260544128122,yes,28122,yes,2016-06-16,28122,no,"SN SDSS mag 21,3 gal"
CSS130416:110937+271144,167.40289,27.1956,20130416.3,18.69,1304161260544128382,yes,12838,yes,2016-06-16,12838,yes,"SN SDSS mag 21,2"
CSS120323:110938+503929,167.40662,50.6581,20120323.33,17.52,1203231490404144289,yes,14428,no,2016-06-01,14428,yes,"CV SDSS mag 20,8"
CSS130502:110955+282701,167.47981,28.45036,20130502.21,19.59,1305021290534103755,yes,10375,no,2016-06-05,10375,yes,"AGN SDSS mag 20,6"
CSS160503:110955+171543,167.48119,17.26207,20160503.24,19.0,1605031180584104729,yes,10472,no,2016-06-05,10472,yes,"SN SDSS mag 21,7"
CSS160207:111006+084314,167.52617,8.72046,20160207.34,18.35,1602071090604104230,yes,10423,no,2016-05-03,10423,yes,"SN SDSS mag 20,4"
CSS140110:111007+285644,167.53085,28.9455,20140110.47,12.54,1401101290534111700,yes,11170,no,2016-06-05,11170,yes,HPM LHS_297
CSS090430:111019-052218,167.57902,-5.37171,20090430.23,15.75,904300040604104004,no,4004,yes,2016-05-03,4004,no,CV PQ burst 20
CSS101211:111020+234147,167.5844,23.69652,20101211.49,19.28,1012111230554117718,yes,11771,yes,2016-06-16,11771,yes,"AGN SDSS mag 20,5"
CSS090119:111038-092826,167.65947,-9.47399,20090119.45,18.94,901190090604127525,no,27525,yes,2016-05-30,27525,no,SN mag 22 PQ blue object
CSS100217:111053+370948,167.71951,37.16321,20100217.36,19.34,1002171380484109521,yes,10952,no,2016-06-08,10952,yes,"SN SDSS mag 21,5"
CSS150418:111110+273719,167.79113,27.62196,20150418.23,20.04,1504181260554131698,yes,13169,no,2016-06-16,13169,yes,"AGN SDSS mag 21,7"
CSS120422:111127+571239,167.86195,57.21081,20120422.28,15.59,1204221570344112356,yes,11235,no,2016-11-08,11235,yes,"CV SBS1108+574 SDSS mag 19,3"
CSS120123:111134+342829,167.89123,34.47464,20120123.36,19.63,1201231350504110090,yes,11009,yes,2016-05-31,11009,yes,"SN SDSS mag 21,0"
CSS120123:111153+303149,167.96922,30.53024,20120123.35,19.52,1201231290534138174,yes,13817,yes,2016-06-05,13817,yes,"AGN SDSS mag 20,5"
CSS120218:111158+294206,167.99312,29.70154,20120218.43,18.32,1202181290534121521,yes,12152,no,2016-06-05,12152,yes,"SN 2011ax SDSS mag 17,8"
CSS130516:111236+002814,168.1493,0.47051,20130516.16,17.55,1305161010604106599,yes,10659,no,2016-05-28,10659,yes,"CV SDSS mag 22,1"
CSS140422:111306+052032,168.27418,5.34225,20140422.21,19.12,1404221040604134063,yes,13406,no,2016-11-05,13406,yes,"SN SDSS mag 15,2"
CSS100215:111423+294252,168.59433,29.71436,20100215.31,19.82,1002151290534125081,yes,12508,yes,2016-06-05,12508,yes,"AGN SDSS mag 21,9"
CSS140328:111434+270439,168.64121,27.07739,20140328.28,20.06,1403281260554125340,yes,12534,no,2016-06-16,12534,yes,"AGN SDSS mag 21,3"
CSS121208:111440-024732,168.66526,-2.79215,20121208.48,17.36,1212080010604101425,yes,10142,no,2016-05-28,10142,yes,"Blazar SDSS mag 19,2"
CSS131231:111500-074016,168.75085,-7.67108,20131231.47,19.24,1312310070604113418,no,11341,no,2016-05-30,11341,yes,"AGN mag 20,0"
CSS140505:111511+380746,168.79769,38.12949,20140505.23,19.2,1405051380494117065,yes,11706,no,2016-05-31,11706,yes,"SN SDSS mag 20,7"
CSS080424:111553+064214,168.97103,6.70399,20080424.22,18.99,804241070604111578,yes,11578,yes,2016-05-25,11578,no,Ast no SDSS
CSS110128:111643+273419,169.18067,27.57208,20110128.44,18.06,1101281260554137473,yes,13747,yes,2016-06-16,13747,yes,"SN SDSS mag 19,9"
CSS150421:111652+415114,169.21538,41.85396,20150421.28,18.86,1504211400474130711,yes,13071,no,2016-05-30,13071,yes,"SN SDSS mag 21,4"
CSS140227:111652+011436,169.21867,1.24346,20140227.27,16.91,1402271010614118428,yes,11842,no,2016-06-15,11842,yes,"CV SDSS mag 21,8"
CSS110607:111706-020617,169.2731,-2.10465,20110607.21,18.89,1106070010614108286,yes,10828,no,2016-06-02,10828,yes,"SN SDSS mag 20,5"
CSS140123:111719+361025,169.32818,36.17348,20140123.52,18.27,1401231350504132269,yes,13226,no,2016-05-31,13226,yes,"SN (spec) SDSS mag 20,3"
CSS080508:111804+051731,169.51791,5.29194,20080508.5,18.29,805081040614128914,yes,28914,no,2016-06-15,28914,no,Ast No SDSS source
CSS131112:111805+002937,169.52261,0.49358,20131112.51,18.28,1311121010614107962,yes,10796,no,2016-06-15,10796,yes,"SN SDSS mag 19,7"
CSS100605:111812-041324,169.55185,-4.22347,20100605.21,17.54,1006050040614118156,no,11815,yes,2016-06-06,11815,yes,"Blazar mag 18,9 PMN_J1118-0413"
CSS080501:111832+265939,169.63244,26.99408,20080501.13,19.75,805011260554129569,yes,29569,no,2016-06-16,29569,no,Flare SDSS mag >22
CSS130112:111852-072810,169.71738,-7.46958,20130112.48,18.79,1301120070604117823,no,11782,no,2016-05-30,11782,yes,SN mag >21
CSS160227:111946+270019,169.94336,27.00522,20160227.4,18.5,1602271260554117464,yes,11746,no,2016-06-16,11746,yes,"SN SDSS mag 20,4"
CSS110325:111951-002144,169.96243,-0.36227,20110325.27,18.7,1103250010614139940,yes,13994,yes,2016-06-02,13994,yes,"SN SDSS mag 19,8"
CSS140210:112003+663632,170.01407,66.60894,20140210.37,16.23,1402101660274120416,yes,12041,no,2016-06-01,12041,yes,"CV SDSS mag 20,8"
CSS120221:112052+513230,170.21818,51.54173,20120221.28,18.66,1202211520394112056,yes,11205,yes,2016-06-01,11205,yes,"SN 2012be SDSS mag 21,4"
CSS130207:112113+172432,170.30609,17.40878,20130207.44,19.07,1302071180594109478,yes,10947,no,2016-06-14,10947,yes,"AGN SDSS mag 19,7"
CSS090501:112125+342023,170.35525,34.33977,20090501.29,17.13,905011350514106588,yes,6588,no,2016-05-31,6588,no,"SN 2009ee (KAIT) SDSS mag 20,5"
CSS130414:112131-033103,170.37866,-3.51743,20130414.21,18.22,1304140040614129121,yes,12912,no,2016-06-06,12912,yes,"SN 2013br SDSS mag 19,3"
CSS130301:112135+302255,170.39631,30.38205,20130301.46,18.2,1303011290544123165,yes,12316,no,2016-06-05,12316,yes,"AGN SDSS mag 19,0"
CSS141120:112138+060802,170.40739,6.13396,20141120.5,12.72,1411201070614108345,yes,10834,no,2016-06-01,10834,yes,HPM LHS_301
CSS121210:112138+060805,170.4077,6.13479,20121210.5,12.58,1212101070614108872,yes,10887,no,2016-06-01,10887,yes,HPM LHS_301
CSS080118:112149-131310,170.4539,-13.21931,20080118.38,16.03,801180120604112518,no,12518,yes,2016-04-01,12518,no,Flare HPM LHS-2397 CSS mag 16
CSS110408:112155+242419,170.47779,24.40525,20110408.24,18.83,1104081230564126079,yes,12607,no,2016-06-16,12607,yes,"SN SDSS mag 20,2"
CSS160215:112201-041958,170.50309,-4.33285,20160215.42,18.78,1602150040614118878,no,11887,no,2016-06-06,11887,yes,"AGN mag 19,5"
CSS100404:112205+092644,170.51936,9.44568,20100404.31,18.2,1004041090614113948,yes,11394,yes,2016-06-01,11394,yes,"SN 2010bm SDSS mag 22,4"
CSS131213:112237+122931,170.65563,12.49207,20131213.48,18.75,1312131120604119638,yes,11963,no,2016-06-14,11963,yes,SN SDSS mag 22
CSS100603:112253-111037,170.7222,-11.17699,20100603.17,14.3,1006030090614101504,yes,10150,no,2016-05-30,10150,yes,"CV SDSS mag (spec) 20,5"
CSS090202:112255-110518,170.7277,-11.08843,20090202.41,19.59,902020090614103289,yes,3289,yes,2016-05-30,3289,no,"SN SDSS mag 23,1"
CSS160112:112307+255332,170.77817,25.89214,20160112.52,13.54,1601121260564107405,yes,10740,no,2016-06-16,10740,yes,HPM LHS_302
CSS141120:112308+090142,170.78198,9.02822,20141120.51,18.3,1411201090614109024,yes,10902,no,2016-06-01,10902,yes,"AGN SDSS mag 19,5"
CSS130207:112310+181619,170.79043,18.27207,20130207.44,19.72,1302071180594124448,yes,12444,no,2016-06-14,12444,yes,"SN SDSS mag 21,4"
CSS080508:112311+341251,170.79541,34.21416,20080508.27,18.36,805081350514104248,yes,4248,no,2016-05-31,4248,no,"SN 2008cz AGC_211492 SDSS mag 16,4"
CSS090125:112317+101742,170.81979,10.29487,20090125.38,19.18,901251090614128796,yes,28796,yes,2016-06-01,28796,no,"SN SDSS mag 22,2 galaxy"
CSS130120:112317-011051,170.82086,-1.18092,20130120.44,17.73,1301200010614127750,yes,12775,no,2016-06-02,12775,yes,"SN SDSS mag 19,1"
CSS160314:112321-044240,170.83793,-4.71122,20160314.34,18.88,1603140040614113414,no,11341,no,2016-06-06,11341,yes,"AGN mag 19,5"
CSS090602:112332+431717,170.88349,43.28819,20090602.15,15.66,906021430464112346,yes,12346,yes,2016-05-30,12346,no,"CV SDSS mag 19,8"
CSS130113:112334-202012,170.88976,-20.33671,20130113.48,18.53,1301130210584145069,no,14506,yes,2016-05-07,14506,yes,"Blazar CGRaBS_J1123-2020 mag 20,0"
CSS130207:112338+173627,170.90956,17.6075,20130207.44,20.13,1302071180594112812,yes,11281,no,2016-06-14,11281,yes,"SN SDSS mag 21,3"
CSS130120:112345-052253,170.9375,-5.38147,20130120.44,18.54,1301200040614105139,no,10513,no,2016-06-06,10513,yes,"AGN mag 19,5"
CSS160331:112412+314347,171.051,31.72984,20160331.23,19.12,1603311320534109674,yes,10967,no,2016-06-05,10967,yes,"SN SDSS mag 21,7"
CSS110116:112442+365842,171.1742,36.97837,20110116.36,18.42,1101161380494104920,yes,10492,yes,2016-05-31,10492,yes,"SN SDSS mag 21,4"
CSS110226:112510+231036,171.29032,23.17672,20110226.41,16.86,1102261230574109109,yes,10910,no,2016-06-16,10910,yes,"CV SDSS mag 21,2"
CSS150226:112519+081418,171.3303,8.2384,20150226.26,18.34,1502261070614131896,yes,13189,no,2016-06-01,13189,yes,"SN (PS15br) SDSS mag 22,2"
CSS120201:112525+251604,171.35281,25.26771,20120201.36,19.24,1202011230574141827,yes,14182,no,2016-06-16,14182,yes,"SN SDSS mag 22,0"
CSS080310:112544+182317,171.43344,18.38809,20080310.36,20.3,803101180594123146,yes,23146,no,2016-06-14,23146,no,SN SDSS mag >22
CSS100313:112547-084941,171.44463,-8.82816,20100313.33,18.57,1003130090614136707,yes,13670,yes,2016-05-30,13670,yes,"SN 2010gx SDSS mag 22,4"
CSS090525:112606+230021,171.52634,23.00575,20090525.21,19.74,905251230574105503,yes,5503,yes,2016-06-16,5503,no,"SN (p60) SDSS mag 23,0 gal"
CSS121210:112615+144039,171.56149,14.67763,20121210.47,17.97,1212101150604109404,yes,10940,no,2016-06-14,10940,yes,"SN SDSS mag 21,5"
CSS130106:112619+084651,171.58099,8.78083,20130106.49,14.84,1301061090614105661,yes,10566,no,2016-06-01,10566,yes,"CV SDSS mag 21,9"
CSS130609:112625-015221,171.6046,-1.87249,20130609.2,17.17,1306090010624110234,yes,11023,no,2016-06-02,11023,yes,"SN SDSS mag 15,2"
CSS080227:112634-100210,171.64158,-10.03616,20080227.35,16.35,802270090614112866,yes,12866,yes,2016-05-30,12866,no,"CV SDSS mag 18,6 eclipsing"
CSS121203:112646+273727,171.69318,27.62424,20121203.45,18.01,1212031260564126571,yes,12657,no,2016-06-16,12657,yes,"SN (spec) SDSS mag 21,1"
CSS120411:112649+070540,171.70591,7.09452,20120411.24,20.26,1204111070614124392,yes,12439,yes,2016-06-01,12439,yes,"SN SDSS mag 21,0"
CSS110301:112704-185718,171.76834,-18.95487,20110301.37,16.26,1103010180594116127,no,11612,no,2016-05-07,11612,yes,Blazar
CSS100217:112713+341752,171.80587,34.29767,20100217.37,18.95,1002171350514109348,yes,10934,no,2016-05-31,10934,yes,"SN SDSS mag 21,3"
CSS090222:112715+285918,171.81122,28.98837,20090222.29,20.39,902221290544111664,yes,11664,yes,2016-06-05,11664,no,"SN SDSS mag 21,3 gal"
CSS110225:112749-054234,171.95302,-5.70941,20110225.42,18.38,1102250070614142432,yes,14243,no,2016-06-06,14243,yes,"CV SDSS mag 20,1"
CSS111117:112759+362029,171.9954,36.34131,20111117.47,16.37,1111171350514136075,yes,13607,no,2016-05-31,13607,yes,"Blazar SDSS mag 20,5"
CSS130214:112822+234728,172.09057,23.79099,20130214.33,19.41,1302141230574122584,yes,12258,no,2016-06-16,12258,yes,"AGN SDSS mag 20,8"
CSS120219:112911+360021,172.29665,36.00571,20120219.29,18.31,1202191350514141588,yes,14158,yes,2016-05-31,14158,yes,"SN 2012bg SDSS mag 19,6"
CSS120219:112914+370317,172.30939,37.05481,20120219.29,17.64,1202191380504109013,yes,10901,yes,2016-05-31,10901,yes,"Blazar 87GB_112634 SDSS mag 19,1"
CSS160605:113003+280648,172.51287,28.11336,20160605.16,18.58,1606051260564134509,yes,13450,no,2016-06-16,13450,yes,"CV SDSS mag 21,8"
CSS130301:113023+335000,172.59401,33.83347,20130301.48,17.96,1303011320534129196,yes,12919,no,2016-06-05,12919,yes,"Flare SDSS mag 19,7"
CSS090401:113024+021435,172.59848,2.2431,20090401.26,19.43,904011010624137363,yes,37363,yes,2016-06-15,37363,no,"SN 2009dk no SDSS mag >22,5"
CSS130214:113024+145317,172.59996,14.8881,20130214.37,20.2,1302141150604114861,yes,11486,no,2016-06-14,11486,yes,"AGN SDSS mag 20,8"
CSS080227:113034+130905,172.64148,13.15146,20080227.31,18.71,802271120614120311,yes,20311,yes,2016-06-14,20311,no,"SN 2008au z=0,082 SDSS mag 17,6"
CSS130531:113045+130812,172.68609,13.13678,20130531.2,19.19,1305311120614125964,yes,12596,no,2016-06-14,12596,yes,"SN SDSS mag 20,7"
CSS110210:113056+222137,172.73193,22.36022,20110210.49,20.08,1102101210594143788,yes,14378,no,2016-06-14,14378,yes,SN SDSS mag >22
CSS120125:113109-145738,172.78636,-14.9606,20120125.4,12.79,1201250150604137052,no,13705,no,2016-04-01,13705,yes,HPM LHS_306
CSS100419:113122+432238,172.84335,43.37722,20100419.23,13.08,1004191430464114479,yes,11447,no,2016-05-30,11447,yes,CV SDSS_113122
CSS110607:113123-075009,172.84414,-7.83581,20110607.2,19.72,1106070070614107631,yes,10763,no,2016-06-06,10763,yes,"SN SDSS mag 21,9"
CSS120225:113149+085941,172.95314,8.99465,20120225.35,19.75,1202251090624111413,yes,11141,yes,2016-06-15,11141,yes,SN SDSS mag >22
CSS150424:113149+152654,172.95375,15.44821,20150424.25,19.15,1504241150604117893,yes,11789,no,2016-06-14,11789,yes,"AGN SDSS mag 20,5"
CSS090423:113203+232000,173.0142,23.33347,20090423.31,19.84,904231230574110784,yes,10784,yes,2016-06-16,10784,no,"SN (p60) SDSS mag 21,5 gal"
CSS101211:113226-035433,173.10927,-3.90913,20101211.51,19.61,1012110040624125440,yes,12544,yes,2016-06-06,12544,yes,Flare SDSS mag 24
CSS130502:113233+274156,173.13708,27.69902,20130502.21,19.72,1305021260564136026,yes,13602,no,2016-06-16,13602,yes,"GRB SDSS mag 21,3"
CSS130118:113246+435928,173.19031,43.99102,20130118.34,14.45,1301181430464127521,yes,12752,no,2016-05-30,12752,yes,HPM LHS_307
CSS091108:113307+244131,173.28032,24.6919,20091108.52,18.86,911081230574130235,yes,30235,no,2016-06-16,30235,yes,"SN 2009nc SDSS mag 22,0"
CSS160526:113311+060248,173.297,6.04675,20160526.16,19.43,1605261070624105685,yes,10568,no,2016-06-15,10568,yes,"SN SDSS mag >22,5"
CSS120618:113316+250215,173.3153,25.03738,20120618.2,18.48,1206181230574132946,yes,13294,no,2016-06-16,13294,yes,"SN mag 20,4"
CSS110330:113333-042103,173.38938,-4.3509,20110330.28,18.96,1103300040624122348,yes,12234,no,2016-06-06,12234,yes,"AGN SDSS mag 19,6"
CSS141223:113342+004332,173.42322,0.72563,20141223.44,19.09,1412231010624110017,yes,11001,no,2016-06-15,11001,yes,"SN (spec) SDSS mag 22,1"
CSS150219:113342+255206,173.4251,25.8684,20150219.41,19.31,1502191260564107063,yes,10706,no,2016-06-16,10706,yes,"SN SDSS mag 21,4"
CSS090303:113345+143448,173.43721,14.57996,20090303.29,19.75,903031150604108029,yes,8029,yes,2016-06-14,8029,no,"SN 2009dg SDSS mag >22,5"
CSS130514:113350+061223,173.45923,6.20636,20130514.21,17.92,1305141070624108774,yes,10877,no,2016-06-15,10877,yes,Comet 2012_F3 (PS)
CSS130531:113408+060528,173.53244,6.09098,20130531.17,19.0,1305311070624107111,yes,10711,no,2016-06-15,10711,yes,"Flare mag 20,2"
CSS120222:113421-035752,173.58788,-3.96438,20120222.43,18.75,1202220040624132417,yes,13241,yes,2016-06-06,13241,yes,"AGN SDSS mag 20,3"
CSS130105:113423+244438,173.5979,24.74381,20130105.4,17.66,1301051230574132403,yes,13240,yes,2016-06-16,13240,yes,"SN SDSS mag 21,5"
CSS160313:113428+114155,173.61513,11.69863,20160313.4,18.05,1603131120614106104,yes,10610,no,2016-06-14,10610,yes,"SN SDSS mag 20,3"
CSS130119:113432+173747,173.63344,17.62966,20130119.43,19.69,1301191180604110642,yes,11064,no,2016-06-14,11064,yes,"AGN SDSS mag 20,2"
CSS120218:113445+211433,173.68927,21.2426,20120218.4,19.19,1202181210594123955,yes,12395,no,2016-06-14,12395,yes,"SN SDSS mag 20,3"
CSS130411:113508+120950,173.78305,12.1639,20130411.21,19.92,1304111120614116422,yes,11642,no,2016-06-14,11642,yes,"AGN SDSS mag 20,8"
CSS131228:113513+133643,173.80274,13.61204,20131228.52,19.33,1312281120614137047,yes,13704,no,2016-06-14,13704,yes,"AGN mag 20,2"
CSS150410:113514+301006,173.80882,30.16838,20150410.19,18.69,1504101290554127297,yes,12729,no,2016-06-05,12729,yes,"SN SDSS mag 20,4"
CSS120418:113531+054254,173.87925,5.71503,20120418.25,19.33,1204181070624101793,yes,10179,no,2016-06-15,10179,yes,SN SDSS mag >22
CSS140428:113617+604710,174.07284,60.78612,20140428.24,18.79,1404281600324121207,yes,12120,no,2016-05-30,12120,yes,"AGN SDSS mag 19,9"
CSS090321:113658+450051,174.24109,45.01409,20090321.24,18.88,903211430464155479,yes,55479,yes,2016-05-30,55479,no,"SN 2009di SDSS mag 21,1 gal"
CSS111128:113705+152814,174.27,15.4706,20111128.44,17.7,1111281150614125119,yes,12511,no,2016-06-15,12511,yes,"SN 2011jb SDSS mag 19,8"
CSS100511:113709+513451,174.28592,51.58081,20100511.28,18.28,1005111520404109745,yes,10974,no,2016-06-01,10974,yes,"CV ROTSE3_J113709 mag 19,8"
CSS090328:113724+233239,174.34941,23.54408,20090328.18,19.76,903281230584118354,yes,18354,yes,2016-06-14,18354,no,"SN SDSS mag 21,1 gal"
CSS110226:113725+324922,174.35528,32.82285,20110226.33,18.21,1102261320544131285,yes,13128,no,2016-06-05,13128,yes,"SN SDSS mag 20,9"
CSS140322:113742+262928,174.4265,26.49113,20140322.31,18.97,1403221260574116185,yes,11618,no,2016-06-14,11618,yes,"SN SDSS mag 21,5"
CSS100312:113757+105338,174.48577,10.89389,20100312.32,19.82,1003121090624137609,yes,13760,yes,2016-06-15,13760,yes,"SN 2010bw SDSS mag 20,8 gal"
CSS150208:113812+411353,174.55069,41.23145,20150208.46,18.15,1502081400484121702,yes,12170,no,2016-05-30,12170,yes,"Blazar SDSS mag 19,7"
CSS140211:113836+460833,174.64898,46.14254,20140211.29,18.24,1402111460444111823,yes,11182,no,2016-05-30,11182,yes,"AGN SDSS mag 19,6"
CSS150123:113851+454858,174.71227,45.81615,20150123.38,19.29,1501231460444109882,yes,10988,no,2016-05-30,10988,yes,"AGN SDSS mag 20,6"
CSS130411:113929+170815,174.8703,17.13738,20130411.23,19.02,1304111180604104701,yes,10470,no,2016-06-14,10470,yes,"SN SDSS mag >22,5"
CSS100215:113934+242632,174.89242,24.4422,20100215.34,19.91,1002151230584131256,yes,13125,yes,2016-06-14,13125,yes,"AGN SDSS mag 21,6"
CSS140320:113936+060945,174.90006,6.16255,20140320.29,18.12,1403201070624106775,yes,10677,no,2016-06-15,10677,yes,"SN SDSS mag 19,5"
CSS081117:113951+455818,174.9608,45.97172,20081117.47,15.24,811171460444111078,yes,11078,yes,2016-05-30,11078,no,"CV NSV_5285 SDSS mag 19,5"
CSS130314:114008+363500,175.03388,36.58341,20130314.38,19.25,1303141350524142790,yes,14279,no,2016-05-31,14279,yes,SN SDSS mag >22
CSS130502:114010+300146,175.04193,30.02937,20130502.21,17.11,1305021290554127838,yes,12783,no,2016-06-05,12783,yes,"SN (spec) SDSS mag 17,0"
CSS110429:114025+223116,175.1061,22.52104,20110429.29,19.5,1104291210594142890,yes,14289,no,2016-06-14,14289,yes,"SN SDSS mag 18,7"
CSS150410:114110+272457,175.29281,27.41593,20150410.25,18.99,1504101260574130192,yes,13019,no,2016-06-14,13019,yes,SN SDSS mag >22
CSS100404:114112+151410,175.2981,15.23622,20100404.33,19.64,1004041150614117315,yes,11731,yes,2016-06-15,11731,yes,"SN SDSS mag 21,5"
CSS140325:114122-122357,175.34365,-12.39922,20140325.29,17.16,1403250120624130314,no,13031,no,2016-05-16,13031,yes,"SN (LSQ14ahm) mag 19,0"
CSS130315:114144-171348,175.43406,-17.23,20130315.32,17.79,1303150180604143454,no,14345,no,2016-05-07,14345,yes,"SN (SSS130304) mag 21,5"
CSS100414:114159-134203,175.49574,-13.70095,20100414.29,18.65,1004140120624106849,no,10684,yes,2016-05-16,10684,yes,CV mag >21
CSS120401:114208+250552,175.53187,25.09768,20120401.33,15.19,1204011230584135800,yes,13580,no,2016-06-14,13580,yes,HPM LHS_2445
CSS140330:114223-230653,175.59432,-23.11466,20140330.25,17.02,1403300230584137397,no,13739,no,2016-03-15,13739,yes,"SN (spec) mag 20,5"
CSS120325:114230+161947,175.62299,16.32974,20120325.22,18.92,1203251150614137172,yes,13717,no,2016-06-15,13717,yes,"AGN SDSS mag 19,5"
CSS160606:114255+125400,175.72755,12.89997,20160606.19,18.98,1606061120624122054,yes,12205,no,2016-06-15,12205,yes,"Flare SDSS mag 21,9"
CSS150124:114309+192629,175.78696,19.44135,20150124.38,17.35,1501241180614140311,yes,14031,no,2016-07-11,14031,yes,"SN (spec) SDSS mag 19,6"
CSS120411:114429+070346,176.12252,7.06287,20120411.24,17.0,1204111070634123111,yes,12311,no,2016-06-15,12311,yes,"SN 2012bx 2MASSX_11443 z=0,051 SDSS mag"
CSS130315:114445-203140,176.18626,-20.52785,20130315.32,16.86,1303150210604138443,no,13844,no,2016-05-07,13844,yes,"SN (SSS130304) mag 20,5"
CSS100405:114456-050444,176.23218,-5.07894,20100405.32,17.0,1004050040634107943,no,10794,yes,2016-06-06,10794,yes,"SN 2010bn 2dFGRS_N114Z227 z=0,053 mag 18,3"
CSS150323:114456-175639,176.23229,-17.94415,20150323.29,18.08,1503230180614132638,no,13263,no,2016-05-07,13263,yes,CV mag >21
CSS130411:114458+092020,176.24317,9.33887,20130411.25,19.16,1304111090634115957,yes,11595,no,2016-06-15,11595,yes,SN SDSS mag >22
CSS140530:114510+011057,176.29352,1.18237,20140530.2,18.59,1405301010634116353,yes,11635,no,2016-06-15,11635,yes,"AGN SDSS mag 19,1"
CSS100510:114521-042606,176.33826,-4.43497,20100510.22,12.54,1005100040634116249,no,11624,no,2016-06-06,11624,yes,CV mag 16 TW_Vir
CSS120225:114542+084559,176.4238,8.76635,20120225.35,19.33,1202251090634107419,yes,10741,no,2016-06-15,10741,yes,"AGN SDSS mag 20,3"
CSS160131:114600-040814,176.50008,-4.13719,20160131.51,17.2,1601310040634120800,no,12080,no,2016-06-06,12080,yes,HPM
CSS120218:114608+124050,176.53417,12.68059,20120218.4,19.01,1202181120624121569,yes,12156,no,2016-06-15,12156,yes,"Blazar SDSS mag 21,4"
CSS150511:114647+324123,176.69749,32.68981,20150511.21,17.44,1505111320544122430,yes,12243,no,2016-06-05,12243,yes,"HPM NLTT_28516 SDSS mag 18,5"
CSS110503:114658+395834,176.74293,39.97617,20110503.3,15.93,1105031400494106710,yes,10671,yes,2016-05-30,10671,yes,"Blazar B2_1144+40 z=1,088"
CSS120227:114702-193329,176.75976,-19.558,20120227.36,17.54,1202270180614102583,no,10258,no,2016-05-07,10258,yes,Flare mag 19
CSS120104:114721+474554,176.83708,47.76502,20120104.39,13.22,1201041460454138916,yes,13891,no,2016-06-13,13891,yes,"HPM LHS_2458 SDSS mag 13,8"
CSS120123:114727+024325,176.86219,2.72371,20120123.44,19.33,1201231010634150043,yes,15004,yes,2016-06-15,15004,yes,"SN (MLS120118) SDSS mag 21,3"
CSS150218:114732-162714,176.88288,-16.45394,20150218.45,18.58,1502180150614107822,no,10782,no,2016-04-01,10782,yes,"SN SDSS mag 20,3"
CSS150123:114733+320140,176.88767,32.02782,20150123.44,19.81,1501231320554114742,yes,11474,no,2016-06-05,11474,yes,Flare SDSS mag >22
CSS120317:114744+031755,176.93398,3.29868,20120317.31,19.38,1203171040634108482,yes,10848,no,2016-06-15,10848,yes,"SN SDSS mag 21,4"
CSS130415:114802+543439,177.00844,54.57738,20130415.33,17.78,1304151550384115667,yes,11566,no,2016-06-15,11566,yes,"SN 2013bn SDSS mag 20,0"
CSS140107:114807+014254,177.02819,1.71506,20140107.46,19.34,1401071010634128518,yes,12851,no,2016-06-15,12851,yes,"QSO SDSS mag 20,5"
CSS120225:114846+234303,177.192,23.71755,20120225.4,18.62,1202251230594123343,yes,12334,no,2016-06-14,12334,yes,"AGN SDSS z=0,363 mag 19,1"
CSS150430:114846+530507,177.19277,53.0853,20150430.27,13.19,1504301520404124884,yes,12488,no,2016-06-01,12488,yes,HPM LHS_2461
CSS110506:114847+452245,177.1952,45.37911,20110506.2,18.95,1105061460454102381,yes,10238,yes,2016-06-13,10238,yes,"AGN SDSS mag 20,8"
CSS151210:114902+183702,177.25904,18.6173,20151210.53,20.29,1512101180614122594,yes,12259,no,2016-07-11,12259,yes,SN SDSS mag >22
CSS090518:114910+342452,177.29339,34.41457,20090518.22,18.79,905181350534107745,yes,7745,yes,2016-05-31,7745,no,SN 2009fq SDSS mag 22
CSS120402:114913+555513,177.30567,55.92021,20120402.3,19.62,1204021550384131537,yes,13153,no,2016-06-15,13153,yes,"SN SDSS mag 21,7"
CSS110116:114913+382427,177.30588,38.40739,20110116.4,18.49,1101161380514121768,yes,12176,yes,2016-05-31,12176,yes,"SN SDSS mag 23,2"
CSS140227:114929+083432,177.37163,8.57547,20140227.44,19.37,1402271090634101850,yes,10185,no,2016-06-15,10185,yes,"SN SDSS mag 20,9"
CSS141224:115002+090215,177.50625,9.03738,20141224.48,17.42,1412241090634108769,yes,10876,no,2016-06-15,10876,yes,"Flare SDSS mag 20,5"
CSS120126:115006+250306,177.52667,25.05173,20120126.44,19.45,1201261230594143565,yes,14356,no,2016-06-14,14356,yes,"AGN SDSS mag 21,2"
CSS130214:115006+240354,177.52692,24.0649,20130214.33,19.21,1302141230594128405,yes,12840,no,2016-06-14,12840,yes,"HPM mag 19,3"
CSS100316:115007+240356,177.52748,24.06559,20100316.3,19.3,1003161230594124017,yes,12401,no,2016-06-14,12401,yes,HPM SDSS mag 19
CSS160503:115029+223644,177.61915,22.61223,20160503.21,18.52,1605031230594100807,yes,10080,no,2016-06-14,10080,yes,"SN SDSS mag 20,7"
CSS150510:115036+210231,177.648,21.04192,20150510.22,18.72,1505101210604118502,yes,11850,no,2016-06-14,11850,yes,"SN SDSS mag 21,0"
CSS150328:115043+044753,177.67777,4.79794,20150328.34,17.91,1503281040644128673,yes,12867,no,2016-06-01,12867,yes,"SN SDSS mag 16,0"
CSS160528:115054+021826,177.727,2.30717,20160528.21,16.96,1605281010644131002,yes,13100,no,2016-06-15,13100,yes,"SN (2016cbx) mag 22,3"
CSS100214:115104+075849,177.76524,7.98018,20100214.39,18.49,1002141070634135098,yes,13509,yes,2016-06-15,13509,yes,"SN SDSS mag 20,8"
CSS090102:115111+244023,177.79425,24.67292,20090102.44,19.2,901021230594134393,yes,34393,yes,2016-06-14,34393,no,"SN 2009R SDSS mag 21,3 new_cluster"
CSS160616:115117+095826,177.82208,9.97402,20160616.19,17.13,1606161090634117514,yes,11751,no,2016-06-16,11751,yes,"Blazar SDSS mag 19,6"
CSS100509:115149+222851,177.95217,22.4809,20100509.24,18.94,1005091210604139795,yes,13979,yes,2016-06-14,13979,yes,"SN SDSS mag 22,4"
CSS160103:115156+133112,177.98139,13.51999,20160103.55,19.69,1601031120634129910,yes,12991,no,2016-06-15,12991,yes,"SN SDSS mag 22,1"
CSS130214:115157-042234,177.98954,-4.3761,20130214.44,19.56,1302140040644124305,no,12430,no,2016-06-06,12430,yes,AGN
CSS080229:115214+301037,178.05914,30.17704,20080229.31,19.08,802291290564121097,yes,21097,no,2016-06-05,21097,no,"SN SDSS mag 20,9"
CSS130315:115252-185920,178.21808,-18.98886,20130315.32,18.11,1303150180614114284,no,11428,no,2016-05-07,11428,yes,"SN (spec) mag 19,2"
CSS120612:115257+214248,178.23886,21.71335,20120612.22,18.16,1206121210604127753,yes,12775,no,2016-06-14,12775,yes,"SN SDSS mag 21,1"
CSS130411:115316+093642,178.31779,9.6118,20130411.25,20.17,1304111090634120338,yes,12033,no,2016-06-15,12033,yes,"Flare SDSS mag 22,8"
CSS080201:115330+315836,178.37594,31.97667,20080201.33,17.82,802011320554107996,yes,7996,yes,2016-06-05,7996,no,CV SDSS mag 20
CSS140313:115331+633619,178.37822,63.60532,20140313.3,17.84,1403131630304119059,yes,11905,no,2016-05-30,11905,yes,"SN (MASTER) SDSS mag 15,0"
CSS120316:115338-255413,178.41002,-25.90374,20120316.3,17.58,1203160260584151559,no,15155,yes,2015-04-18,15155,yes,"Blazar mag 19,5"
CSS120521:115350+043325,178.4584,4.55682,20120521.29,18.72,1205211040644123308,yes,12330,no,2016-06-01,12330,yes,"Flare SDSS mag 20,8"
CSS150413:115436+454725,178.64907,45.79017,20150413.3,18.65,1504131460454108515,yes,10851,no,2016-06-13,10851,yes,"SN SDSS mag 21,3"
CSS110612:115452+124123,178.71573,12.68982,20110612.21,18.54,1106121120634119163,yes,11916,no,2016-06-15,11916,yes,"SN SDSS mag 20,0"
CSS160503:115500+225512,178.7495,22.91992,20160503.21,19.41,1605031230594104988,yes,10498,no,2016-06-14,10498,yes,"Flare SDSS mag 21,4"
CSS120323:115546+503457,178.94363,50.58248,20120323.34,18.96,1203231490434144506,yes,14450,no,2016-06-01,14450,yes,"SN SDSS mag 20,0"
CSS130303:115554+115018,178.97629,11.8382,20130303.46,19.43,1303031120634108415,yes,10841,no,2016-06-15,10841,yes,"AGN SDSS mag 21,2"
CSS110212:115627-072151,179.11089,-7.36405,20110212.43,19.16,1102120070644118081,no,11808,yes,2016-06-06,11808,yes,Blazar
CSS140406:115643-230116,179.17847,-23.02121,20140406.25,18.03,1404060230594136592,no,13659,no,2016-03-15,13659,yes,"SN mag 19,0"
CSS120419:115655+263941,179.23094,26.66148,20120419.29,14.76,1204191260584120421,yes,12042,no,2016-06-14,12042,yes,HPM LHS_318
CSS160531:115725+473325,179.35365,47.55692,20160531.26,19.12,1605311460454131367,yes,13136,no,2016-06-13,13136,yes,"SN SDSS mag 21,5"
CSS100512:115735+244228,179.39465,24.7077,20100512.27,18.44,1005121230594128285,yes,12828,no,2016-06-14,12828,yes,"SN 2010dj SDSS mag 20,7"
CSS130502:115738+333229,179.40655,33.54138,20130502.24,18.17,1305021320554137855,yes,13785,no,2016-06-05,13785,yes,"SN (spec) SDSS mag 19,6"
CSS100405:115801-062931,179.5049,-6.49184,20100405.32,18.77,1004050070644127898,no,12789,yes,2016-06-06,12789,yes,"SN 2010cd mag 15,6 gal LCRS_B115526"
CSS120126:115817+362111,179.57165,36.35301,20120126.4,18.51,1201261350534144397,yes,14439,no,2016-05-31,14439,yes,"Blazar SDSS mag 19,6"
CSS100321:115821+152011,179.58616,15.33632,20100321.33,15.21,1003211150624122202,yes,12220,yes,2016-07-11,12220,yes,"SN 2010ba SDSS mag 18,1"
CSS110116:115904-065842,179.76608,-6.97823,20110116.5,14.51,1101160070644123338,no,12333,no,2016-06-06,12333,yes,"CV mag 18,6"
CSS100517:115911-222837,179.79693,-22.47703,20100517.2,17.43,1005170210614102666,no,10266,yes,2016-03-15,10266,yes,"Blazar HB89_1156-221 z=0,565"
CSS130419:115930-105237,179.87468,-10.87685,20130419.26,19.73,1304190090644106628,no,10662,no,2016-06-06,10662,yes,SN mag 23
CSS150320:115947+121139,179.94595,12.19415,20150320.34,17.68,1503201120634113836,yes,11383,no,2016-06-15,11383,yes,"SN SDSS mag 21,5"
CSS110205:120053-152620,180.22053,-15.43896,20110205.5,14.13,1102050150634124006,no,12400,no,2016-06-06,12400,yes,"CV mag 18,8"
CSS160514:120107+385236,180.27921,38.87672,20160514.23,19.21,1605141380524125850,yes,12585,no,2016-05-31,12585,yes,SN SDSS mag >22
CSS130216:120114+032609,180.30706,3.43573,20130216.39,19.25,1302161040654110952,yes,11095,no,2016-06-01,11095,yes,"AGN SDSS mag 20,5"
CSS120321:120144+143136,180.43423,14.5266,20120321.4,18.51,1203211150634107384,yes,10738,yes,2016-07-11,10738,yes,"Blazar SDSS mag 19,8"
CSS071218:120153-185822,180.47,-18.9727,20071218.53,12.93,712180180624111439,no,11439,yes,2015-04-18,11439,no,"SN 2007sr Antennae mag 9,77"
CSS150521:120225+264843,180.60458,26.81183,20150521.18,19.3,1505211260594119991,yes,11999,no,2016-06-14,11999,yes,"SN SDSS mag 22,2"
CSS130314:120231+164534,180.63108,16.75942,20130314.31,18.01,1303141150634143780,yes,14378,no,2016-07-11,14378,yes,HPM LHS 2500
CSS120416:120240-095738,180.66501,-9.96065,20120416.27,18.21,1204160090644123128,no,12312,yes,2016-06-06,12312,yes,SN mag 21
CSS150511:120241+295030,180.67016,29.84176,20150511.15,18.99,1505111290574126128,yes,12612,no,2016-04-29,12612,yes,"CV SDSS mag 22,3"
CSS100108:120247+022406,180.69529,2.4017,20100108.49,16.49,1001081010654134912,yes,13491,no,2016-07-14,13491,yes,"SN 2010K SDSS mag 19,7 galaxy"
CSS091218:120255+153502,180.73035,15.58401,20091218.5,19.26,912181150634122733,yes,22733,no,2016-07-11,22733,yes,"SN 2009nv SDSS mag 18,2"
CSS130109:120259+144638,180.74497,14.77724,20130109.44,19.24,1301091150634114188,yes,11418,no,2016-07-11,11418,yes,"SN SDSS mag 20,9"
CSS140126:120307-010132,180.77881,-1.02556,20140126.49,18.77,1401260010654128388,yes,12838,no,2016-07-14,12838,yes,"SN (MLS140102) SDSS mag 22,3"
CSS150321:120357+001546,180.98686,0.26266,20150321.32,18.94,1503211010654104157,yes,10415,no,2016-07-14,10415,yes,HPM 2MASS_J120358
CSS130113:120518-145601,181.32586,-14.93363,20130113.48,18.4,1301130150634137478,no,13747,no,2016-06-06,13747,yes,"SN DSS mag 18,5"
CSS130214:120539+022419,181.41452,2.40526,20130214.43,20.11,1302141010654143860,yes,14386,no,2016-07-14,14386,yes,"AGN SDSS mag 21,7"
CSS141230:120544+050859,181.43493,5.14981,20141230.48,19.53,1412301040654135134,yes,13513,no,2016-06-01,13513,yes,"AGN SDSS mag 21,1"
CSS141130:120550+064505,181.45743,6.75141,20141130.51,18.59,1411301070654118078,yes,11807,no,2016-06-15,11807,yes,"SN SDSS mag 19,8"
CSS160426:120557-064130,181.48683,-6.6918,20160426.24,18.72,1604260070654121884,no,12188,no,2016-06-06,12188,yes,"SN (AT2016bxk) mag 20,5"
CSS080504:120615+005754,181.56245,0.96493,20080504.21,19.63,805041010654112553,yes,12553,no,2016-07-14,12553,no,Ast no SDSS
CSS120202:120620-032838,181.58267,-3.4773,20120202.48,17.62,1202020040654134554,yes,13455,no,2016-06-06,13455,yes,"CV SDSS mag 20,0"
CSS110324:120637-030046,181.65487,-3.01281,20110324.24,19.77,1103240040654148326,yes,14832,yes,2016-06-06,14832,yes,AGN SDSS mag 21
CSS090403:120715-023330,181.81421,-2.55832,20090403.27,19.54,904030010654104833,yes,4833,yes,2016-07-14,4833,no,"AGN SDSS mag 20,8"
CSS091110:120737+204213,181.90256,20.70372,20091110.53,18.55,911101210624114661,yes,14661,yes,2016-04-29,14661,yes,"SN 2009ne SDSS mag 21,1"
CSS110427:120801+491333,182.00451,49.22584,20110427.18,18.82,1104271490444118661,yes,11866,no,2016-05-30,11866,yes,SN 2011cs SDSS mag 21
CSS160327:120840+181729,182.16493,18.29149,20160327.36,18.2,1603271180634114884,yes,11488,no,2016-07-11,11488,yes,SN SDSS mag 19
CSS120304:120846-183624,182.19173,-18.60654,20120304.33,18.1,1203040180634119296,no,11929,yes,2016-05-08,11929,yes,"AGN 18,7"
CSS100312:120855-033744,182.22905,-3.62884,20100312.39,19.98,1003120040654130928,yes,13092,no,2016-06-06,13092,yes,"SN (spec) SDSS mag 16,2 z=0,052"
CSS160131:120856+162514,182.23348,16.42066,20160131.54,19.26,1601311150634130122,yes,13012,no,2016-07-11,13012,yes,"AGN SDSS mag 20,4"
CSS090403:120901-052908,182.25414,-5.48553,20090403.27,18.82,904030040654103288,no,3288,yes,2016-06-06,3288,no,"SN mag >21,5 no PQ or"
CSS140102:120907+473601,182.28108,47.60035,20140102.4,13.43,1401021460464138233,yes,13823,no,2016-06-13,13823,yes,HPM LHS_2516
CSS140102:120907+473531,182.28119,47.59192,20140102.4,14.31,1401021460464138395,yes,13839,no,2016-06-13,13839,yes,HPM LHS_2517
CSS080506:120952+181007,182.46563,18.1686,20080506.21,15.83,805061180634116217,yes,16217,yes,2016-07-11,16217,no,"Blazar SDSS 18,6 radio MG1 J120953+1809"
CSS160318:121005-025544,182.52214,-2.92893,20160318.43,15.53,1603180040654138685,yes,13868,no,2016-06-06,13868,yes,"CV SDSS mag 21,0"
CSS130406:121100+152752,182.7486,15.4645,20130406.3,19.73,1304061150634123862,yes,12386,no,2016-07-11,12386,yes,"AGN SDSS mag 20,7"
CSS160117:121109+492011,182.78584,49.33651,20160117.47,18.21,1601171490444219024,yes,21902,no,2016-05-30,21902,yes,"AGN SDSS mag 19,6"
CSS110205:121119-083957,182.82977,-8.66585,20110205.5,15.23,1102050090654144864,no,14486,no,2016-06-06,14486,yes,"CV mag 17,8"
CSS110504:121124+372552,182.85037,37.43124,20110504.23,19.2,1105041380534110947,yes,11094,no,2016-06-16,11094,yes,"SN 2011cz SDSS mag 21,3"
CSS150313:121129+372441,182.86931,37.41129,20150313.37,19.41,1503131380534110321,yes,11032,no,2016-06-16,11032,yes,"AGN SDSS mag 21,0"
CSS100604:121133+471629,182.88871,47.27473,20100604.17,17.17,1006041460464125448,yes,12544,no,2016-06-13,12544,yes,"SN 2010dm (PTF) SDSS mag 19,3"
CSS130110:121139+463946,182.914,46.66276,20130110.45,18.84,1301101460464125754,yes,12575,no,2016-06-13,12575,yes,"AGN mag 20,6"
CSS160316:121148+502815,182.95048,50.47095,20160316.28,19.59,1603161490444134485,yes,13448,no,2016-05-30,13448,yes,"SN SDSS mag 22,5"
CSS081222:121150+155451,182.95889,15.91426,20081222.52,19.8,812221150644126230,yes,26230,yes,2016-07-11,26230,no,"SN SDSS mag 22,5 gal"
CSS110405:121218+181621,183.07316,18.2724,20110405.32,19.56,1104051180634123568,yes,12356,no,2016-07-11,12356,yes,"AGN SDSS mag 20,3"
CSS150322:121228+320954,183.11598,32.16512,20150322.26,17.78,1503221320564118022,yes,11802,no,2016-06-03,11802,yes,"SN SDSS mag 20,2"
CSS110226:121251+305325,183.21333,30.89026,20110226.34,19.78,1102261290584150627,yes,15062,yes,2016-06-03,15062,yes,"AGN SDSS mag 21,3"
CSS130406:121306+105256,183.277,10.88221,20130406.3,19.68,1304061090654140277,yes,14027,no,2016-06-15,14027,yes,"AGN SDSS mag 21,8"
CSS160212:121335+213006,183.39602,21.50154,20160212.41,19.62,1602121210624125015,yes,12501,no,2016-04-29,12501,yes,"Blazar SDSS mag 22,5"
CSS120401:121337+462902,183.40567,46.48375,20120401.24,15.57,1204011460464119919,yes,11991,no,2016-06-13,11991,yes,"SN 2012bh (PS1) SDSS mag 14,1"
CSS140101:121339+105328,183.41129,10.89109,20140101.5,18.5,1401011090654141413,yes,14141,no,2016-06-15,14141,yes,"AGN SDSS mag 20,0"
CSS160530:121346+484419,183.44161,48.7387,20160530.32,18.1,1605301490444110548,yes,11054,no,2016-05-30,11054,yes,"AGN SDSS mag 19,3"
CSS110502:121422+335510,183.59233,33.91931,20110502.27,19.02,1105021350554101034,yes,10103,no,2016-06-16,10103,yes,"SN 2011cx SDSS mag 21,9"
CSS110612:121430+175447,183.62359,17.91319,20110612.22,18.78,1106121180634112775,yes,11277,no,2016-07-11,11277,yes,"SN SDSS mag 19,9"
CSS160128:121441+414920,183.66935,41.8221,20160128.47,17.5,1601281400514126550,yes,12655,no,2016-06-13,12655,yes,HPM LP_216-79
CSS100321:121444+433652,183.68216,43.61439,20100321.37,19.04,1003211430494120023,yes,12002,yes,2016-06-13,12002,yes,"SN 2010cc SDSS mag 21,8"
CSS111229:121455-042508,183.73093,-4.41877,20111229.54,19.43,1112290040664120037,no,12003,yes,2016-07-14,12003,yes,SN mag 21
CSS120328:121502+181552,183.75985,18.26448,20120328.3,19.5,1203281180634123135,yes,12313,no,2016-07-11,12313,yes,"AGN SDSS mag 20,4"
CSS140309:121509+350814,183.78687,35.13713,20140309.35,17.86,1403091350554118078,yes,11807,no,2016-06-16,11807,yes,"Blazar SDSS mag 20,5"
CSS100215:121531+260608,183.8776,26.1021,20100215.35,19.52,1002151260604112544,yes,11254,yes,2016-06-14,11254,yes,"SN SDSS mag 15,1 gal"
CSS080330:121539+033613,183.91293,3.60357,20080330.3,18.8,803301040664110169,yes,10169,no,2016-06-01,10169,no,"SN SDSS mag 20,6 gal"
CSS160616:121543+624418,183.92984,62.73839,20160616.25,13.48,1606161630314107465,yes,10746,no,2016-06-16,10746,yes,HPM LHS_2536
CSS130516:121552+035339,183.96703,3.89406,20130516.2,18.47,1305161040664114824,yes,11482,no,2016-06-01,11482,yes,"SN SDSS mag 20,3"
CSS110630:121607-033431,184.03003,-3.57524,20110630.18,17.09,1106300040664124267,yes,12426,yes,2016-07-14,12426,yes,"SN 2011cq mag 14,9"
CSS071216:121630+102303,184.12345,10.38414,20071216.44,18.62,712161090654124876,yes,24876,no,2016-06-15,24876,no,"SN SDSS mag 21,5"
CSS080611:121642+410211,184.17305,41.03644,20080611.18,17.74,806111400514116392,yes,16392,yes,2016-06-13,16392,no,"SN 2008di SDSS mag 17,5"
CSS130223:121651+412010,184.21438,41.33624,20130223.29,18.36,1302231400514120418,yes,12041,no,2016-06-13,12041,yes,AGN
CSS100115:121710+253959,184.29369,25.6663,20100115.44,18.33,1001151260604105083,yes,10508,no,2016-06-14,10508,yes,"SN 2010R SDSS mag 20,3 gal"
CSS130509:121714+121504,184.30848,12.25101,20130509.16,18.88,1305091120654118444,yes,11844,yes,2016-06-15,11844,yes,"SN SDSS mag 20,9"
CSS120330:121724-135621,184.34835,-13.93905,20120330.31,19.19,1203300120654103092,no,10309,yes,2016-06-06,10309,yes,Blazar mag 21
CSS090518:121730+411329,184.37642,41.22475,20090518.24,19.66,905181400514125205,yes,25205,yes,2016-06-13,25205,no,"SN (p60) no SDSS mag >22,5"
CSS110226:121737+255207,184.40291,25.86859,20110226.34,20.07,1102261260604109602,yes,10960,no,2016-06-14,10960,yes,"SN SDSS mag 21,0"
CSS100516:121759-002946,184.49468,-0.49611,20100516.2,15.58,1005160010664133006,yes,13300,yes,2016-07-14,13300,yes,Blazar PKS_1215-002
CSS110311:121808+055900,184.5321,5.98343,20110311.39,20.06,1103111070664105772,yes,10577,no,2016-06-01,10577,yes,"Blazar SDSS mag 21,0"
CSS110506:121826+520604,184.6079,52.10121,20110506.22,14.54,1105061520424116895,yes,11689,no,2016-05-30,11689,yes,Mira
CSS110104:121834+065950,184.64314,6.99726,20110104.51,19.66,1101041070664219915,yes,21991,yes,2016-06-01,21991,yes,"Blazar SDSS mag 22,1"
CSS120430:121835-011955,184.64554,-1.33181,20120430.15,16.2,1204300010664124998,yes,12499,yes,2016-07-14,12499,yes,"Blazar B1216-010 z=0,415"
CSS160327:121847-152343,184.69433,-15.39531,20160327.3,18.62,1603270150644120769,no,12076,no,2016-06-06,12076,yes,HPM
CSS130415:121905+422454,184.77034,42.41496,20130415.33,18.4,1304151430494101547,yes,10154,no,2016-06-13,10154,yes,"SN 2013bp SDSS mag 20,8"
CSS110302:121911+183052,184.79673,18.51439,20110302.34,19.64,1103021180644127479,yes,12747,yes,2016-07-11,12747,yes,"SN SDSS mag 21,4"
CSS110205:121912-112521,184.79989,-11.42263,20110205.5,18.14,1102050120654141302,no,14130,no,2016-06-06,14130,yes,AGN
CSS100315:121925-190024,184.85274,-19.00679,20100315.35,18.25,1003150180644112692,no,11269,yes,2016-05-08,11269,yes,AGN mag 19
CSS130301:121933+380226,184.88605,38.04054,20130301.5,17.54,1303011380534115603,yes,11560,no,2016-06-16,11560,yes,SN 2013av mag 21
CSS120125:122038+321740,185.15925,32.29438,20120125.45,19.01,1201251320574121892,yes,12189,yes,2016-06-03,12189,yes,"SN SDSS mag >22,5"
CSS160227:122039+283816,185.1607,28.63784,20160227.48,17.92,1602271290594104414,yes,10441,no,2016-06-14,10441,yes,"SN SDSS mag 16,1"
CSS140401:122042+434559,185.17599,43.76637,20140401.33,20.09,1404011430494121503,yes,12150,no,2016-06-13,12150,yes,"AGN SDSS mag 21,6"
CSS140101:122042+434558,185.17617,43.76615,20140101.4,19.85,1401011430494124743,yes,12474,no,2016-06-13,12474,yes,"AGN SDSS mag 21,6"
CSS110524:122045+145617,185.18682,14.93806,20110524.17,19.61,1105241150644113130,yes,11313,no,2016-07-11,11313,yes,"AGN SDSS mag 20,5"
CSS130614:122046-093612,185.19071,-9.60324,20130614.17,19.21,1306140090664121096,no,12109,no,2016-06-06,12109,yes,"SN mag 20,5"
CSS090226:122051+345006,185.21447,34.83504,20090226.33,19.6,902261350554118325,yes,18325,yes,2016-06-16,18325,no,"AGN SDSS mag 21,1"
CSS080324:122100-102735,185.24905,-10.45976,20080324.34,16.79,803240090664110600,no,10600,no,2016-06-06,10600,no,"CV CSS mag 19,7 VS-Net conf"
CSS071216:122109+125434,185.28649,12.90952,20071216.44,19.55,712161120654120793,yes,20793,no,2016-06-15,20793,no,"SN SDSS mag 21,0 gal"
CSS130323:122114+472952,185.309,47.49789,20130323.25,17.95,1303231460474127979,yes,12797,no,2016-06-13,12797,yes,SN SDSS mag 22
CSS120330:122115+100835,185.31365,10.14304,20120330.35,18.78,1203301090664128814,yes,12881,no,2016-05-26,12881,yes,"AGN SDSS mag 20,5"
CSS141223:122121-002418,185.33836,-0.40492,20141223.46,18.53,1412230010664130729,yes,13072,no,2016-07-14,13072,yes,"SN SDSS mag 20,8"
CSS130412:122129+251606,185.36932,25.26845,20130412.26,16.83,1304121230614134803,yes,13480,no,2016-06-14,13480,yes,"Flare SDSS mag 20,3"
CSS140424:122130+181827,185.37374,18.30759,20140424.32,19.84,1404241180644119647,yes,11964,no,2016-07-11,11964,yes,"SN SDSS mag 21,6"
CSS130316:122131+315956,185.38001,31.99878,20130316.29,19.68,1303161320574115853,yes,11585,no,2016-06-03,11585,yes,"SN SDSS mag 21,9"
CSS160116:122132+285418,185.38173,28.90503,20160116.55,15.9,1601161290594108371,yes,10837,no,2016-06-14,10837,yes,HPM LHS_325
CSS141223:122149-035808,185.45471,-3.96902,20141223.48,17.41,1412230040664120721,no,12072,no,2016-07-14,12072,yes,"Blazar mag 19,5"
CSS081230:122202+042848,185.5072,4.47999,20081230.46,13.94,812301040664126099,yes,26099,no,2016-06-01,26099,no,"SN 2008in (Itagaki) mag 11,4"
CSS110504:122228+374940,185.61627,37.82764,20110504.23,19.34,1105041380544116798,yes,11679,no,2016-06-16,11679,yes,"SN 2011da SDSS mag 21,0"
CSS100215:122311+233655,185.79476,23.61525,20100215.34,19.25,1002151230614117843,yes,11784,yes,2016-06-14,11784,yes,"AGN SDSS mag 21,3"
CSS130614:122321-094137,185.83871,-9.69357,20130614.17,15.89,1306140090664120159,no,12015,yes,2016-06-06,12015,yes,"Flare mag 18,7"
CSS100305:122321+295643,185.8392,29.94521,20100305.46,18.32,1003051290594119977,yes,11997,yes,2016-06-14,11997,yes,"SN SDSS mag 20,5"
CSS140409:122331+652201,185.87972,65.36683,20140409.22,16.69,1404091660294105776,yes,10577,no,2016-06-16,10577,yes,HPM LHS_2554
CSS160120:122348+060200,185.95097,6.03343,20160120.51,19.01,1601201070664105300,yes,10530,no,2016-06-01,10530,yes,SN SDSS mag >22
CSS130611:122349+120225,185.95276,12.04036,20130611.23,17.3,1306111120664110776,yes,11077,yes,2016-07-13,11077,yes,"Blazar SDSS mag 20,2"
CSS120328:122417+185529,186.07093,18.92481,20120328.3,17.6,1203281180644135630,yes,13563,no,2016-07-11,13563,yes,"SN 2012br SDSS mag 17,6"
CSS150618:122426-044347,186.10673,-4.72962,20150618.21,14.3,1506180040674111242,no,11124,no,2016-07-14,11124,yes,HPM LHS_326
CSS100321:122448+320655,186.19932,32.11526,20100321.3,18.11,1003211320574117341,yes,11734,no,2016-06-03,11734,yes,"SN 2010cb mag 21,2 gal"
CSS090424:122451+243503,186.21315,24.58413,20090424.3,19.23,904241230624131185,yes,31185,yes,2016-07-11,31185,no,"SN 2009fm SDSS mag 21,3 gal"
CSS100215:122454+212246,186.2269,21.37956,20100215.38,14.78,1002151210634128202,yes,12820,yes,2016-07-11,12820,yes,"Blazar 4C_21,35 z=0,434 mag 16,1"
CSS150123:122500+401647,186.2502,40.27986,20150123.39,18.66,1501231400524112601,yes,11260,no,2016-06-13,11260,yes,"SN SDSS mag 21,0"
CSS080406:122515+064526,186.31264,6.75729,20080406.35,19.21,804061070664115771,yes,15771,no,2016-06-01,15771,no,"SN SDSS mag >22,5"
CSS120528:122624-004253,186.60116,-0.7148,20120528.2,18.76,1205280010674125715,yes,12571,no,2016-07-14,12571,yes,"SN SDSS mag 20,3"
CSS160414:122625-113303,186.60596,-11.55091,20160414.23,13.91,1604140120664136865,no,13686,no,2016-06-06,13686,yes,CV (ASASSN) mag 21
CSS130109:122628+120538,186.61636,12.09385,20130109.44,19.48,1301091120664116217,yes,11621,no,2016-07-13,11621,yes,"AGN mag 20,6"
CSS130618:122629+311338,186.62183,31.22721,20130618.23,14.26,1306181320584102524,yes,10252,no,2016-06-03,10252,yes,"SN 2013df (ISSP) mag 11,0"
CSS120202:122706+073001,186.77554,7.50031,20120202.46,19.28,1202021070664129118,yes,12911,no,2016-06-01,12911,yes,"SN (PTF12vr) SDSS mag 22,0"
CSS090327:122727+085702,186.86334,8.95053,20090327.31,19.25,903271090664106175,yes,6175,yes,2016-05-26,6175,no,"SN SDSS mag 15,6 gal z=0,088"
CSS110312:122741+513925,186.92036,51.65704,20110312.43,15.63,1103121520434112450,yes,11245,no,2016-06-13,11245,yes,CV J1227+5139
CSS150123:122742+394922,186.92663,39.82282,20150123.39,19.72,1501231400524105153,yes,10515,no,2016-06-13,10515,yes,"SN SDSS mag 22,1"
CSS090317:122752+262559,186.96562,26.43295,20090317.36,18.88,903171260614118293,yes,18293,yes,2016-07-11,18293,no,"SN 2009bo SDSS mag 20,8 gal"
CSS110302:122756+224846,186.98301,22.81271,20110302.34,19.66,1103021230624105270,yes,10527,no,2016-07-11,10527,yes,"AGN SDSS mag 20,6"
CSS150118:122814+334556,187.06013,33.76555,20150118.36,18.97,1501181320584134322,yes,13432,no,2016-06-03,13432,yes,"SN SDSS mag 20,7"
CSS160316:122912+533309,187.29965,53.55242,20160316.36,15.91,1603161520434141994,yes,14199,no,2016-06-13,14199,yes,HPM LHS_330
CSS130323:122912+533309,187.30122,53.55238,20130323.27,15.92,1303231520434129450,yes,12945,no,2016-06-13,12945,yes,HPM LHS_330
CSS150207:122912+533247,187.30153,53.54643,20150207.5,12.96,1502071520434133788,yes,13378,no,2016-06-13,13378,yes,HPM LHS_331
CSS130606:122945+295202,187.43741,29.86713,20130606.2,19.88,1306061290594125461,yes,12546,no,2016-06-14,12546,yes,AGN SDSS mag 20
CSS160216:122946-042146,187.44009,-4.36279,20160216.44,19.13,1602160040674118314,no,11831,no,2016-07-14,11831,yes,"SN mag 20,5"
CSS100217:122946+355830,187.44038,35.97487,20100217.46,19.69,1002171350564137559,yes,13755,no,2016-06-16,13755,yes,"AGN SDSS mag 21,4"
CSS100505:122952-080912,187.46511,-8.15321,20100505.22,17.77,1005050070674106140,no,10614,yes,2016-06-05,10614,yes,"SN DSS mag 17,7"
CSS100318:122954+470038,187.47307,47.01062,20100318.4,15.26,1003181460474129462,yes,12946,no,2016-06-13,12946,yes,"SN SDSS mag 22,9"
CSS120125:122958+100407,187.48964,10.06858,20120125.49,19.9,1201251090674127372,yes,12737,yes,2016-05-26,12737,yes,"SN SDSS mag 21,0"
CSS080415:122958+283538,187.49045,28.59392,20080415.16,19.03,804151290594104628,yes,4628,yes,2016-06-14,4628,no,"SN SDSS mag >22,5 gal"
CSS130302:123014+251807,187.55869,25.30198,20130302.43,14.54,1303021230624130836,yes,13083,no,2016-07-11,13083,yes,"Blazar FBQS_J123014 SDSS mag 14,7"
CSS080403:123041+413816,187.67002,41.6378,20080403.2,12.97,804031400524129090,yes,29090,no,2016-06-13,29090,no,"SN 2008ax (Mostardi/Itagaki) NGC_4490 mag 9,35"
CSS090518:123049+285701,187.70322,28.9504,20090518.19,19.62,905181290594110425,yes,10425,yes,2016-06-14,10425,no,"SN (p60) SDSS mag 18,6 gal"
CSS130314:123051+085217,187.7127,8.87136,20130314.35,19.82,1303141090674107279,yes,10727,no,2016-05-26,10727,yes,"AGN SDSS mag 21,1"
CSS110520:123125+290751,187.85384,29.13082,20110520.24,17.07,1105201290594110800,yes,11080,no,2016-06-14,11080,yes,"SN 2011ca (Ciabattari) NGC_4495 mag 14,1"
CSS110206:123132+230544,187.88374,23.09558,20110206.49,18.28,1102061230624108216,yes,10821,no,2016-07-11,10821,yes,SN (spec) SDSS mag >22
CSS160530:123133+495041,187.88669,49.84466,20160530.32,13.42,1605301490454126531,yes,12653,no,2016-05-30,12653,yes,HPM LHS_2571
CSS120129:123133+495040,187.88804,49.84451,20120129.51,13.48,1201291490454131189,yes,13118,no,2016-05-30,13118,yes,HPM LHS_2571
CSS150329:123133+102203,187.88916,10.36749,20150329.3,17.65,1503291090674127867,yes,12786,no,2016-05-26,12786,yes,"SN (PS15tt) SDSS mag 20,1"
CSS150511:123203+401524,188.01446,40.25676,20150511.27,19.7,1505111400524111380,yes,11138,no,2016-06-13,11138,yes,"SN SDSS mag 21,8"
CSS150324:123205+335812,188.02186,33.97011,20150324.21,19.42,1503241350564101636,yes,10163,no,2016-06-16,10163,yes,"SN SDSS mag 21,4"
CSS140307:123207+122034,188.02908,12.3428,20140307.46,19.6,1403071120664115513,yes,11551,no,2016-07-13,11551,yes,"AGN SDSS mag 20,6"
CSS141224:123208+081208,188.0343,8.20224,20141224.48,19.04,1412241070674140477,yes,14047,no,2016-07-13,14047,yes,"SN SDSS mag 22,5"
CSS090201:123216+085745,188.06583,8.96261,20090201.47,19.11,902011090674108592,yes,8592,yes,2016-05-26,8592,no,"SN SDSS mag 22,8"
CSS140424:123226+154840,188.10695,15.81099,20140424.33,18.58,1404241150654123914,yes,12391,no,2016-07-13,12391,yes,"SN (spec) SDSS mag 20,4"
CSS140101:123226+142042,188.10744,14.34507,20140101.47,15.19,1401011150654104472,yes,10447,no,2016-07-13,10447,yes,"CV mag 18,8"
CSS130601:123228+162718,188.115,16.45489,20130601.24,18.62,1306011150654134552,yes,13455,no,2016-07-13,13455,yes,"SN SDSS mag 19,8"
CSS160616:123247+610645,188.19697,61.11249,20160616.25,14.04,1606161600354121247,yes,12124,no,2016-06-16,12124,yes,HPM LHS_2574
CSS130509:123251+123111,188.21436,12.51982,20130509.16,18.54,1305091120664119543,yes,11954,yes,2016-07-13,11954,yes,"Blazar SDSS mag 19,4"
CSS160506:123257+461032,188.23584,46.17542,20160506.23,19.42,1605061460484115097,yes,11509,no,2016-06-13,11509,yes,"SN (AT2016buy) SDSS mag 22,2"
CSS140312:123307+034351,188.27814,3.73073,20140312.43,19.36,1403121040674113258,yes,11325,no,2016-07-13,11325,yes,"AGN SDSS mag 20,8"
CSS120218:123308+072839,188.28479,7.47746,20120218.49,18.91,1202181070674127854,yes,12785,no,2016-07-13,12785,yes,"AGN SDSS mag 20,2"
CSS140629:123317+143814,188.32063,14.63733,20140629.19,19.74,1406291150654107156,yes,10715,no,2016-07-13,10715,yes,"SN SDSS mag 22,0"
CSS130621:123320+121112,188.33196,12.18669,20130621.19,18.24,1306211120664110566,yes,11056,no,2016-07-13,11056,yes,"SN SDSS mag 19,4"
CSS090129:123353+213108,188.47115,21.51899,20090129.47,19.72,901291210644131318,yes,31318,yes,2016-07-11,31318,no,"AGN flare? SDSS 22,0 mag gal"
CSS120328:123356+233248,188.48159,23.54678,20120328.3,20.43,1203281230624117329,yes,11732,no,2016-07-11,11732,yes,"SN SDSS mag 19,7"
CSS120109:123416+203650,188.56693,20.61387,20120109.5,16.65,1201091210644109910,yes,10991,no,2016-07-11,10991,yes,HPM LHS_334
CSS160316:123431+503341,188.62741,50.56145,20160316.36,14.5,1603161490464143492,yes,14349,no,2016-06-13,14349,yes,HPM G_199-29
CSS160307:123438-040834,188.65693,-4.14287,20160307.31,17.49,1603070040684126687,no,12668,no,2016-07-14,12668,yes,"SN mag 19,7"
CSS150409:123452+050351,188.71674,5.06406,20150409.34,15.94,1504091040684126844,yes,12684,no,2016-07-13,12684,yes,HPM LHS_335
CSS090518:123459+244352,188.74639,24.73113,20090518.16,19.17,905181230624135342,yes,35342,yes,2016-07-11,35342,no,"SN (p60) SDSS mag 21,0 gal"
CSS130119:123527+163031,188.862,16.50874,20130119.53,18.26,1301191150664140530,yes,14053,yes,2016-07-13,14053,yes,"CV SDSS mag 21,8"
CSS100317:123527+270403,188.86329,27.06744,20100317.37,17.51,1003171260614126522,yes,12652,no,2016-07-11,12652,yes,"SN 2010ay SDSS mag 19,0"
CSS090403:123536+015213,188.89904,1.87017,20090403.23,18.28,904031010684129833,yes,29833,yes,2016-07-13,29833,no,"SN 2009dz SDSS mag 20,9 gal"
CSS130406:123536+195616,188.89997,19.93781,20130406.26,20.0,1304061210644103282,yes,10328,yes,2016-07-11,10328,yes,"Blazar SDSS mag 22,1"
CSS141129:123553-015110,188.97219,-1.85284,20141129.53,17.33,1411290010684114831,yes,11483,no,2016-07-14,11483,yes,"SN UGC_7763 SDSS mag 15,5"
CSS150619:123601+074337,189.00235,7.72688,20150619.17,19.35,1506191070674128595,yes,12859,no,2016-07-13,12859,yes,"SN SDSS mag 20,9"
CSS100320:123622+074737,189.09218,7.79352,20100320.38,18.92,1003201070674134658,yes,13465,no,2016-07-13,13465,yes,"SN SDSS mag 20,3"
CSS100508:123628+144745,189.11522,14.7957,20100508.28,19.61,1005081150664109930,yes,10993,yes,2016-07-13,10993,yes,"SN SDSS mag > 22,5"
CSS120321:123639+025456,189.1633,2.91547,20120321.31,18.81,1203211040684103351,yes,10335,no,2016-07-13,10335,yes,"AGN SDSS mag 20,3"
CSS130607:123647+382037,189.19758,38.34372,20130607.25,19.67,1306071380554122492,yes,12249,no,2016-06-16,12249,yes,"SN (Master) SDSS mag 20,7"
CSS140326:123659+314722,189.24508,31.78935,20140326.27,19.44,1403261320584110566,yes,11056,no,2016-06-03,11056,yes,"AGN SDSS mag 20,3"
CSS110330:123801+463910,189.50398,46.65289,20110330.4,18.62,1103301460484119712,yes,11971,yes,2016-06-13,11971,yes,"SN SDSS mag 19,6"
CSS120325:123816-150632,189.56747,-15.10893,20120325.29,18.94,1203250150664136435,yes,13643,no,2016-06-06,13643,yes,"SN SDSS mag 20,9"
CSS130503:123822+143419,189.58965,14.57182,20130503.24,19.72,1305031150664107635,yes,10763,no,2016-07-13,10763,yes,"AGN SDSS mag 21,3"
CSS150324:123825+373958,189.60497,37.66616,20150324.26,17.17,1503241380554114188,yes,11418,no,2016-06-16,11418,yes,"SN SDSS mag 19,6"
CSS090615:123834+031854,189.6402,3.31512,20090615.15,18.09,906151040684106941,yes,6941,yes,2016-07-13,6941,yes,"CV SDSS mag 21,4"
CSS100213:123835-065338,189.64545,-6.89379,20100213.48,18.89,1002130070674123400,no,12340,yes,2016-06-05,12340,yes,"SN mag 20,5"
CSS120322:123858+265526,189.74118,26.92379,20120322.31,19.7,1203221260624125868,yes,12586,no,2016-07-11,12586,yes,"AGN SDSS mag 20,6"
CSS100320:123910+420047,189.78995,42.01318,20100320.31,19.4,1003201400534140919,yes,14091,no,2016-05-30,14091,yes,Comet 2005 L3
CSS150314:123914+452506,189.80741,45.41835,20150314.28,16.41,1503141460484104225,yes,10422,no,2016-06-13,10422,yes,HPM LHS_2596
CSS120219:123935+163512,189.89615,16.58673,20120219.4,17.41,1202191150664141850,yes,14185,yes,2016-07-13,14185,yes,"SN 2012G (ROTSE) SDSS mag 15,6"
CSS150124:123940+112443,189.91576,11.41181,20150124.43,19.04,1501241120674102252,yes,10225,no,2016-07-13,10225,yes,"SN (PSN_J123939) SDSS mag 20,8"
CSS140130:123944+030852,189.93418,3.14782,20140130.46,19.41,1401301040684105179,yes,10517,no,2016-07-13,10517,yes,"SN SDSS mag 21,3"
CSS120611:124020+155337,190.08267,15.8936,20120611.23,18.2,1206111150664126745,yes,12674,no,2016-07-13,12674,yes,"SN SDSS mag 21,2"
CSS071218:124027-150558,190.11424,-15.09947,20071218.51,19.16,712180150664128341,yes,28341,no,2016-06-06,28341,no,"CV SDSS mag 20,8"
CSS080227:124028+033353,190.11482,3.56467,20080227.42,19.28,802271040684108223,yes,8223,no,2016-07-13,8223,no,"SN (MLS) SDSS mag 21,2 gal"
CSS120329:124033+281647,190.13739,28.27968,20120329.36,19.38,1203291290604100838,yes,10083,no,2016-07-11,10083,yes,"AGN SDSS mag 20,4"
CSS120125:124045+125321,190.18683,12.88917,20120125.49,19.34,1201251120674126894,yes,12689,yes,2016-07-13,12689,yes,"SN SDSS mag 21,2"
CSS130601:124048+134739,190.20052,13.79424,20130601.24,18.09,1306011120674133862,yes,13386,no,2016-07-13,13386,yes,"AGN SDSS mag 20,5"
CSS130314:124057+052647,190.23695,5.44634,20130314.35,20.2,1303141040684143755,yes,14375,no,2016-07-13,14375,yes,"AGN SDSS mag 20,8"
CSS130404:124058+301313,190.24186,30.22041,20130404.28,19.42,1304041290604129569,yes,12956,no,2016-07-11,12956,yes,"AGN SDSS mag 21,4"
CSS160116:124106+324830,190.27579,32.80844,20160116.55,19.38,1601161320594123820,yes,12382,no,2016-06-03,12382,yes,"SN SDSS mag >22,5"
CSS140406:124106-163700,190.27704,-16.61671,20140406.28,19.26,1404060150664105346,yes,10534,no,2016-06-06,10534,yes,SN SDSS mag >22
CSS130320:124117+082938,190.32149,8.49395,20130320.25,14.68,1303201090684101235,yes,10123,no,2016-05-26,10123,yes,HPM LHS_2602
CSS080302:124132+332203,190.38327,33.36756,20080302.29,19.03,803021320594129483,yes,29483,yes,2016-06-03,29483,no,"SN SDSS mag >21,5 gal"
CSS130505:124141+344031,190.42234,34.67524,20130505.15,18.04,1305051350574113768,yes,11376,yes,2016-06-16,11376,yes,"Blazar SDSS mag 19,6"
CSS130501:124146-123709,190.44183,-12.61915,20130501.32,18.07,1305010120674124693,yes,12469,yes,2016-06-06,12469,yes,"Flare SDSS mag 22,8"
CSS090518:124150+300142,190.45866,30.02827,20090518.19,19.41,905181290604128124,yes,28124,yes,2016-07-11,28124,no,"SN (p60) SDSS mag 22,0 gal"
CSS080307:124204+075100,190.51795,7.85002,20080307.27,19.48,803071070684137505,yes,37505,no,2016-07-13,37505,no,"AGN SDSS 21,6 mag gal"
CSS130609:124213+462515,190.55443,46.42084,20130609.28,19.7,1306091460484117878,yes,11787,yes,2016-06-13,11787,yes,"Flare SDSS mag 20,7"
CSS080329:124221+151139,190.58573,15.19416,20080329.25,20.09,803291150664117962,yes,17962,no,2016-07-13,17962,no,"SN SDSS mag 22,7 gal"
CSS150314:124236+375026,190.6509,37.84062,20150314.3,19.5,1503141380554117643,yes,11764,no,2016-06-16,11764,yes,"AGN SDSS mag 20,4"
CSS110624:124242+003354,190.67681,0.56501,20110624.19,19.08,1106241010684107404,yes,10740,no,2016-07-13,10740,yes,"SN 2011ez SDSS mag 20,6"
CSS100217:124243+325205,190.68031,32.86799,20100217.46,19.96,1002171320594132636,yes,13263,no,2016-06-03,13263,yes,SN SDSS mag 21
CSS140101:124312+264622,190.79803,26.77274,20140101.47,19.62,1401011260624123136,yes,12313,no,2016-07-11,12313,yes,"AGN SDSS mag 20,8"
CSS100217:124326+360245,190.8601,36.04578,20100217.46,19.46,1002171350574139609,yes,13960,no,2016-06-16,13960,yes,"AGN SDSS mag 20,9"
CSS150218:124328-055432,190.8679,-5.90876,20150218.47,18.75,1502180070684144213,yes,14421,no,2016-06-05,14421,yes,"CV SDSS mag 22,5"
CSS091126:124351-003454,190.96323,-0.58158,20091126.52,16.53,911260010684130868,yes,30868,no,2016-07-14,30868,yes,"SN 2009ik (Monard) SDSS mag 12,9"
CSS090424:124352+242749,190.96815,24.46366,20090424.3,19.41,904241230634127685,yes,27685,yes,2016-07-11,27685,no,"SN no SDSS mag >22,5"
CSS150118:124354+510327,190.97341,51.0575,20150118.34,13.95,1501181520434104073,yes,10407,no,2016-06-13,10407,yes,HPM LHS_2617
CSS140629:124416+165325,191.0663,16.89032,20140629.19,18.88,1406291150664137693,yes,13769,no,2016-07-13,13769,yes,"SN SDSS 22,5"
CSS080427:124418+300401,191.07451,30.06699,20080427.32,15.99,804271290604119048,yes,19048,yes,2016-07-11,19048,no,"CV SDSS 18,5 mag star"
CSS160116:124438+400023,191.15697,40.00645,20160116.51,19.86,1601161400534106599,yes,10659,no,2016-05-30,10659,yes,"SN SDSS mag 20,8"
CSS080330:124441+051438,191.17279,5.24377,20080330.3,19.9,803301040684131730,yes,31730,no,2016-07-13,31730,no,"SN SDSS mag 21,4 red"
CSS120125:124504+112437,191.26512,11.4104,20120125.49,19.43,1201251120674102201,yes,10220,yes,2016-07-13,10220,yes,"AGN SDSS mag 20,8"
CSS100217:124506+273813,191.27512,27.63701,20100217.46,19.36,1002171260624141001,yes,14100,no,2016-07-11,14100,yes,"AGN SDSS mag 21,0"
CSS110302:124524-051313,191.35028,-5.22021,20110302.37,19.56,1103020040694108268,yes,10826,yes,2016-07-14,10826,yes,"SN SDSS mag 22,6"
CSS120328:124526+232124,191.35983,23.35657,20120328.38,19.58,1203281230634113206,yes,11320,no,2016-07-11,11320,yes,"AGN SDSS mag 20,6"
CSS120104:124540+432011,191.41475,43.33652,20120104.39,14.99,1201041430514116028,yes,11602,no,2016-05-30,11602,yes,"HPM LHS_2626 SDSS mag 17,1"
CSS130513:124544-105008,191.43409,-10.83564,20130513.21,17.26,1305130090684108720,yes,10872,yes,2016-05-16,10872,yes,"SN MCG-2-33-4 SDSS mag 14,1"
CSS080401:124545+273351,191.43556,27.56405,20080401.4,18.94,804011260624128971,yes,28971,no,2016-07-11,28971,no,"SN SDSS 21,5 mag gal"
CSS140102:124548+323108,191.44985,32.51883,20140102.47,19.3,1401021320594123264,yes,12326,no,2016-06-03,12326,yes,"SN (spec) SDSS mag 21,8"
CSS120222:124602-202302,191.50847,-20.38399,20120222.47,16.36,1202220210654145270,yes,14527,yes,2016-05-08,14527,yes,"CV SDSS mag 18,4"
CSS070320:124616+112555,191.56586,11.43206,20070320.37,17.72,703201120684101938,yes,1938,no,2016-07-13,1938,no,"SN 2006tf (TSS) SDSS mag 20,7"
CSS130518:124618-025513,191.57348,-2.92029,20130518.22,19.75,1305180040694239243,yes,23924,no,2016-07-14,23924,yes,"AGN SDSS mag 21,4"
CSS140622:124651+314811,191.71123,31.8031,20140622.26,16.4,1406221320594109378,yes,10937,no,2016-06-03,10937,yes,HPM LHS_2632
CSS120103:124714-100347,191.80974,-10.06301,20120103.51,12.77,1201030090684120517,yes,12051,yes,2016-05-16,12051,yes,"SN 2011jh (Hirose) mag 13,2"
CSS120421:124719+013843,191.82944,1.64531,20120421.26,17.46,1204211010694130827,yes,13082,no,2016-07-14,13082,yes,"CV SDSS mag 20,9"
CSS090518:124735+383245,191.89509,38.54591,20090518.22,20.19,905181380554128513,yes,28513,yes,2016-06-16,28513,no,"SN SDSS mag 23,6 gal?"
CSS140402:124739+491547,191.91309,49.26293,20140402.32,19.63,1404021490464119057,yes,11905,no,2016-06-13,11905,yes,"AGN SDSS mag 20,8"
CSS120329:124746+161051,191.94081,16.18096,20120329.31,19.97,1203291150674137948,yes,13794,no,2016-07-13,13794,yes,"SN SDSS mag 22,4"
CSS090516:124819+072050,192.08069,7.34719,20090516.23,17.76,905161070684127570,yes,27570,yes,2016-07-13,27570,no,"CV mag 21,5 SDSS_J124819+072049"
CSS110330:124826+321528,192.10662,32.25772,20110330.37,19.88,1103301320594118165,yes,11816,no,2016-06-03,11816,yes,"AGN SDSS mag 21,7"
CSS160508:124827+642837,192.1118,64.47695,20160508.25,18.53,1605081630324133512,yes,13351,no,2016-06-15,13351,yes,"SN SDSS mag 22,4"
CSS130314:124845+062038,192.18779,6.34385,20130314.35,19.92,1303141070684112965,yes,11296,no,2016-07-13,11296,yes,"AGN SDSS mag 21,0"
CSS090219:124849+023905,192.20545,2.65143,20090219.43,19.46,902191010694143303,yes,43303,yes,2016-07-14,43303,no,"SN SDSS mag >22,5"
CSS140602:124851+483953,192.21151,48.66485,20140602.23,18.75,1406021490464109698,yes,10969,no,2016-06-13,10969,yes,"Blazar CRATES_J1248+4839 SDSS mag 20,5"
CSS090615:124907+003142,192.27805,0.52834,20090615.15,17.42,906151010694107477,yes,7477,no,2016-07-14,7477,yes,"Flare SDSS mag 21,9"
CSS130205:124954+062041,192.47589,6.34462,20130205.45,18.81,1302051070684112717,yes,11271,no,2016-07-13,11271,yes,"SN SDSS mag 21,7"
CSS120321:125020+063058,192.58142,6.51607,20120321.31,19.87,1203211070684117141,yes,11714,no,2016-07-13,11714,yes,"SN SDSS mag 21,3"
CSS080404:125030-105201,192.62649,-10.86704,20080404.34,16.08,804040090684106127,no,6127,no,2016-05-16,6127,no,"SN 2008aq (Chu/LOSS) mag 13,1"
CSS130401:125031+090817,192.63085,9.13805,20130401.29,19.33,1304011090684111068,yes,11106,no,2016-05-26,11106,yes,"SN (spec) SDSS mag >21,5"
CSS100415:125033-021828,192.63701,-2.30791,20100415.34,18.27,1004150010694108608,yes,10860,no,2016-07-07,10860,yes,"AGN SDSS mag 18,6 z=1,123"
CSS120418:125049+222228,192.70212,22.37453,20120418.43,18.14,1204181210654142274,yes,14227,no,2016-07-11,14227,yes,"SN SDSS mag 19,5"
CSS130415:125053+474314,192.72061,47.72052,20130415.36,19.66,1304151460494144378,yes,14437,no,2016-07-10,14437,yes,"AGN SDSS mag 21,6"
CSS141230:125106+005513,192.7767,0.92024,20141230.5,18.58,1412301010694113096,yes,11309,no,2016-07-14,11309,yes,"AGN SDSS mag 19,6"
CSS110128:125118-020208,192.82651,-2.03542,20110128.5,18.6,1101280010694114829,yes,11482,yes,2016-07-07,11482,yes,Blazar
CSS120322:125138+091529,192.90882,9.25818,20120322.35,18.91,1203221090694114710,yes,11471,no,2016-05-25,11471,yes,"AGN SDSS mag 20,5"
CSS130414:125147+410301,192.94498,41.05027,20130414.36,19.08,1304141400544127648,yes,12764,no,2016-05-26,12764,yes,"CV (spec) SDSS mag 22,5"
CSS090730:125219+174952,193.07959,17.83119,20090730.14,18.67,907301180664110047,yes,10047,yes,2016-07-13,10047,yes,"SN (P60) SDSS mag 21,6 gal"
CSS130301:125250+340808,193.20739,34.13554,20130301.52,17.95,1303011350574103320,yes,10332,no,2016-06-16,10332,yes,"Flare SDSS mag 20,4"
CSS110328:125255+074652,193.23008,7.78103,20110328.29,19.16,1103281070694141533,yes,14153,yes,2016-07-13,14153,yes,"SN 2011bt SDSS mag 22,4"
CSS140102:125258+322506,193.24311,32.41822,20140102.48,16.64,1401021320604121883,yes,12188,no,2016-04-26,12188,yes,SN (ASASSN-13dn) SDSS mag 16
CSS111224:125356+014409,193.4823,1.73572,20111224.5,19.24,1112241010694129423,yes,12942,no,2016-07-14,12942,yes,"SN SDSS mag 20,6"
CSS150410:125358+290427,193.49124,29.07429,20150410.26,19.81,1504101290614113332,yes,11333,no,2016-07-11,11333,yes,"SN SDSS mag 20,6"
CSS120317:125431+445932,193.63022,44.99215,20120317.23,13.93,1203171430524142064,yes,14206,no,2016-07-10,14206,yes,HPM LHS_2650
CSS100215:125441+152418,193.67186,15.40488,20100215.37,18.62,1002151150674120927,yes,12092,yes,2016-07-13,12092,yes,"SN SDSS mag 21,9"
CSS150320:125507+465518,193.77843,46.92154,20150320.41,18.32,1503201460494127323,yes,12732,no,2016-07-10,12732,yes,HPM SDSS_J125508
CSS110427:125507+465518,193.7798,46.9218,20110427.2,18.44,1104271460494129915,yes,12991,no,2016-07-10,12991,yes,HPM GSC2U_J125509
CSS160207:125515+000600,193.81457,0.09994,20160207.5,14.16,1602071010694101813,yes,10181,no,2016-07-14,10181,yes,SN (ASASSN) 2016X
CSS140307:125523+144539,193.84533,14.76087,20140307.45,19.48,1403071150674109317,yes,10931,no,2016-07-13,10931,yes,"AGN SDSS mag 20,7"
CSS130605:125551+303044,193.9607,30.51223,20130605.28,18.53,1306051290614132849,yes,13284,no,2016-07-11,13284,yes,"SN 2013co (TNTS) SDSS mag 19,8"
CSS110310:125619+344946,194.078,34.82955,20110310.48,19.63,1103101350584115193,yes,11519,yes,2016-06-16,11519,yes,"AGN SDSS mag 20,3"
CSS160327:125623+154123,194.09671,15.68983,20160327.39,13.44,1603271150674120069,yes,12006,no,2016-07-13,12006,yes,HPM LHS_343
CSS140103:125623+154126,194.09707,15.6906,20140103.49,13.3,1401031150674125979,yes,12597,no,2016-07-13,12597,yes,HPM LHS_343
CSS120226:125637+263643,194.15471,26.61202,20120226.5,13.54,1202261260634124245,yes,12424,no,2016-07-11,12424,yes,CV GO_Com
CSS100216:125700-173735,194.24843,-17.62652,20100216.48,17.51,1002160180674139127,no,13912,no,2016-05-08,13912,yes,"SN 2010az 2MASX_J12565990-1737484 mag 15 z=0,044"
CSS130512:125701+062050,194.25408,6.34725,20130512.22,18.73,1305121070694115570,yes,11557,yes,2016-07-13,11557,yes,"SN SDSS mag 20,8"
CSS130505:125710+395426,194.28992,39.90724,20130505.17,19.12,1305051400544106365,yes,10636,no,2016-05-26,10636,yes,"AGN SDSS mag 20,5"
CSS140622:125750+375952,194.45799,37.99764,20140622.28,14.28,1406221380564116390,yes,11639,no,2016-06-16,11639,yes,HPM LHS_2655
CSS150118:125757+322930,194.48848,32.49155,20150118.36,17.27,1501181320604119409,yes,11940,no,2016-04-26,11940,yes,Blazar B2_1255+32
CSS150119:125801+035333,194.50433,3.89261,20150119.52,18.26,1501191040704118187,yes,11818,no,2016-06-05,11818,yes,"SN (spec) SDSS mag 21,4"
CSS120113:125809+351943,194.53884,35.32872,20120113.49,16.78,1201131350584118676,yes,11867,yes,2016-06-16,11867,yes,"AGN SDSS mag 18,3"
CSS130609:125824+473558,194.60106,47.59933,20130609.28,19.28,1306091460494140247,yes,14024,no,2016-07-10,14024,yes,"AGN SDSS mag 21,0"
CSS160316:125832+625635,194.6351,62.94302,20160316.48,18.91,1603161630334112814,yes,11281,no,2016-07-10,11281,yes,HPM WISE_J125832
CSS130419:125840+654716,194.66705,65.78785,20130419.36,18.96,1304191660304112684,yes,11268,no,2016-07-10,11268,yes,SN (spec) SDSS mag >22
CSS160213:125849+004931,194.7044,0.82518,20160213.47,19.07,1602131010704111889,yes,11188,no,2016-07-07,11188,yes,"SN SDSS mag 21,0"
CSS080608:125851+242257,194.71062,24.38262,20080608.25,18.47,806081230644120410,yes,20410,yes,2016-07-11,20410,no,"SN 2008dg MAPS-NGP_O_379_0244547 SDSS mag 17,5"
CSS120424:125906+242634,194.77408,24.44289,20120424.25,17.19,1204241230644129791,yes,12979,no,2016-07-11,12979,yes,"CV SDSS mag 21,2"
CSS130404:125915+281931,194.81137,28.3252,20130404.3,19.06,1304041290624102229,yes,10222,yes,2016-07-11,10222,yes,"SN SDSS mag 21,1"
CSS090319:125916+271641,194.81604,27.27813,20090319.36,19.31,903191260634131146,yes,31146,yes,2016-07-11,31146,no,"SN 2009cb SDSS mag 21,7 gal"
CSS100317:125924+275948,194.85005,27.99654,20100317.4,16.2,1003171260634141181,yes,14118,no,2016-07-11,14118,yes,"SN (2010ai; ROTSE/Itagaki) mag 16,9 COMA"
CSS150413:125947+380933,194.94394,38.15921,20150413.32,19.35,1504131380564121920,yes,12192,no,2016-06-16,12192,yes,"SN SDSS mag 21,0"
CSS100405:125956+032434,194.9842,3.40932,20100405.35,17.73,1004051040704109194,yes,10919,yes,2016-06-05,10919,yes,"AGN SDSS_J125956,21+032433,0 z=0,745"
CSS150512:125957+454841,194.98664,45.81134,20150512.27,19.74,1505121460494109093,yes,10909,no,2016-07-10,10909,yes,"SN SDSS mag 20,8"
CSS090417:130024-071747,195.10157,-7.29638,20090417.26,18.62,904170070694221487,no,21487,yes,2016-06-05,21487,no,CV mag 22 obj
CSS080702:130030+115101,195.12633,11.85039,20080702.2,13.88,807021120694107355,yes,7355,yes,2016-07-13,7355,no,"CV SDSS mag 19,8"
CSS100505:130031+414444,195.13097,41.74567,20100505.32,18.26,1005051400544133814,yes,13381,yes,2016-05-26,13381,yes,"SN 2010cx SDSS mag 21,2"
CSS090102:130037+175057,195.15622,17.84918,20090102.49,18.81,901021180674115321,yes,15321,yes,2016-07-13,15321,no,"SN 2009de SDSS mag >22,5"
CSS160203:130042+191214,195.17316,19.20384,20160203.53,17.27,1602031180674132422,yes,13242,no,2016-07-13,13242,yes,HPM 2MASS_J13004
CSS140326:130042+191217,195.17393,19.20462,20140326.24,17.37,1403261180674133158,yes,13315,no,2016-07-13,13315,yes,HPM 2MASSI_J13004
CSS110526:130042+191221,195.17442,19.20576,20110526.3,17.51,1105261180674132072,yes,13207,no,2016-07-13,13207,yes,HPM 2MASS_J13004255
CSS150418:130050+273944,195.20803,27.66234,20150418.27,18.68,1504181260634134412,yes,13441,no,2016-07-11,13441,yes,"AGN SDSS mag 21,1"
CSS120315:130057+373511,195.23838,37.58635,20120315.48,18.76,1203151380564116199,yes,11619,no,2016-06-16,11619,yes,"SN SDSS mag 20,1"
CSS160605:130101-011237,195.25584,-1.21039,20160605.24,18.87,1606050010704121629,yes,12162,no,2016-07-07,12162,yes,"SN (AT2016cpu) SDSS mag 21,1"
CSS100315:130113+013753,195.30543,1.63131,20100315.38,19.98,1003151010704126003,yes,12600,yes,2016-07-07,12600,yes,"SN gal mag 22,3"
CSS120418:130125+100602,195.35501,10.10048,20120418.35,18.97,1204181090694129660,yes,12966,no,2016-05-25,12966,yes,"Flare SDSS mag 20,0"
CSS140309:130129+251128,195.37288,25.19104,20140309.41,18.75,1403091230654132317,yes,13231,no,2016-07-11,13231,yes,SN SDSS mag >22
CSS140430:130136-052938,195.39882,-5.49391,20140430.3,16.94,1404300040704102016,no,10201,no,2016-06-05,10201,yes,"CV mag 18,5"
CSS130415:130138+462826,195.40768,46.47377,20130415.36,18.06,1304151460494122412,yes,12241,no,2016-07-10,12241,yes,"AGN SDSS mag 18,7"
CSS150411:130154-202704,195.47504,-20.45101,20150411.28,17.42,1504110210664140176,no,14017,no,2016-05-08,14017,yes,"Flare mag 18,8"
CSS120322:130213+143141,195.556,14.52818,20120322.36,18.91,1203221150684107839,yes,10783,no,2016-07-13,10783,yes,"SN SDSS mag 20,4"
CSS130609:130230+510716,195.62467,51.12121,20130609.28,18.82,1306091520454205113,yes,20511,no,2016-07-10,20511,yes,"SN SDSS mag 21,0"
CSS120618:130234+272611,195.64024,27.43648,20120618.24,16.71,1206181260644127774,yes,12777,no,2016-07-11,12777,yes,"SN 2MASX_J130235 SDSS mag 15,5"
CSS150429:130238+690252,195.65786,69.0479,20150429.28,17.36,1504291690274115660,no,11566,no,2016-06-16,11566,yes,"AGN mag 18,5"
CSS140312:130252+574838,195.71848,57.81053,20140312.47,18.52,1403121570394120173,yes,12017,no,2016-07-10,12017,yes,"Blazar BZU_J1302+5748 SDSS mag 19,6"
CSS110412:130254-040235,195.72318,-4.04319,20110412.25,18.62,1104120040704127317,no,12731,no,2016-06-05,12731,yes,SN (MLS110330) 2011bv
CSS110427:130254+495229,195.7263,49.87476,20110427.2,16.03,1104271490474133022,yes,13302,no,2016-07-10,13302,yes,"SN 2011ch SDSS mag 21,0"
CSS080329:130259+103027,195.74478,10.50751,20080329.3,17.19,803291090704132795,yes,32795,no,2016-05-25,32795,no,"SN 2008bm SDSS mag 15,7 CGCG_071-101"
CSS090517:130303+243356,195.76333,24.56559,20090517.25,16.75,905171230654131642,yes,31642,yes,2016-07-11,31642,no,"Blazar SDSS mag 19,4 CRATES J13030"
CSS130214:130304-030207,195.76567,-3.03535,20130214.48,19.77,1302140040704148345,yes,14834,no,2016-06-05,14834,yes,"SN SDSS mag 20,9"
CSS130412:130317+260315,195.82069,26.05414,20130412.23,18.04,1304121260644109524,yes,10952,no,2016-07-11,10952,yes,HPM WD_1300+263 mag 18
CSS110526:130406+200348,196.02499,20.0634,20110526.31,16.84,1105261210664103986,yes,10398,yes,2016-07-11,10398,yes,"Flare SDSS mag 19,9"
CSS130415:130408+435408,196.03519,43.90214,20130415.36,18.07,1304151430524125462,yes,12546,no,2016-07-10,12546,yes,"SN 2013bq SDSS mag 19,2"
CSS080404:130414-101913,196.0588,-10.32024,20080404.34,15.09,804040090704116510,no,16510,no,2016-07-07,16510,no,"SN 2008aw (Winslow/LOSS) mag 11,8"
CSS160529:130415-054540,196.0612,-5.76106,20160529.25,18.77,1605290070704139171,no,13917,no,2016-07-07,13917,yes,"SN mag >21,5"
CSS150615:130415+301002,196.06216,30.16726,20150615.2,18.85,1506151290624128920,yes,12892,no,2016-07-11,12892,yes,"SN (spec) SDSS mag 20,0"
CSS110524:130438+012742,196.15843,1.46169,20110524.21,18.19,1105241010704124644,yes,12464,no,2016-07-07,12464,yes,"AGN SDSS mag 19,7"
CSS090128:130440-074833,196.16532,-7.80915,20090128.39,15.7,901280070704113394,no,13394,yes,2016-07-07,13394,no,Flare star
CSS130413:130441+315257,196.17112,31.8824,20130413.27,19.08,1304131320603113558,yes,11355,no,2016-04-26,11355,yes,"SN SDSS mag 20,5"
CSS120102:130515+582855,196.3116,58.48208,20120102.51,17.32,1201021570394133935,yes,13393,no,2016-07-10,13393,yes,CV SDSS_J130514+582856
CSS090226:130548+322534,196.45055,32.4261,20090226.38,19.04,902261320614124752,yes,24752,yes,2016-07-14,24752,no,"SN SDSS mag 21,2 gal"
CSS140103:130555+112833,196.47895,11.47578,20140103.49,18.59,1401031120694103642,yes,10364,no,2016-07-13,10364,yes,"SN (spec) SDSS mag 21,0"
CSS130620:130639+262815,196.66096,26.4709,20130620.22,18.26,1306201260644112940,yes,11294,no,2016-07-11,11294,yes,"AGN SDSS mag 19,4"
CSS130503:130650+153433,196.71019,15.57571,20130503.24,17.99,1305031150684122609,yes,12260,no,2016-07-13,12260,yes,"SN (spec) SDSS mag 19,9"
CSS080206:130745+060805,196.93602,6.13471,20080206.43,19.63,802061070704106575,yes,6575,no,2016-06-06,6575,no,"SN SDSS mag 22,0"
CSS120304:130755-202628,196.97973,-20.44116,20120304.41,15.34,1203040210674137242,no,13724,no,2016-05-08,13724,yes,"CV mag 17,5"
CSS140325:130811-161821,197.0462,-16.30584,20140325.43,18.97,1403250150684110750,no,11075,no,2016-06-05,11075,yes,"SN mag > 21,5"
CSS160203:130822+130352,197.08964,13.06448,20160203.49,18.83,1602031120694124466,yes,12446,no,2016-07-13,12446,yes,"SN 2MASSX_13082 SDSS mag 14,9"
CSS090421:130824+354638,197.09868,35.77712,20090421.23,17.87,904211350594134822,yes,34822,yes,2016-07-14,34822,no,Blazar CLASS J1308+3546
CSS160506:130859+435756,197.24744,43.96559,20160506.22,17.5,1605061430534126099,yes,12609,no,2016-07-10,12609,yes,"Flare SDSS mag 21,0"
CSS100112:130905+170422,197.27185,17.07286,20100112.5,16.6,1001121180684103058,yes,10305,yes,2016-07-15,10305,yes,"SN 2010N SDSS mag 19,2 gal"
CSS150220:131001+222955,197.50336,22.49854,20150220.4,13.35,1502201210674137261,yes,13726,no,2016-07-15,13726,yes,HPM LHS_347
CSS140330:131009+054524,197.53702,5.75668,20140330.35,19.11,1403301070704102183,yes,10218,no,2016-06-06,10218,yes,"AGN SDSS mag 20,2"
CSS160212:131012+474509,197.54844,47.75253,20160212.52,13.02,1602121460504144313,yes,14431,no,2016-07-10,14431,yes,HPM LHS_2686
CSS120401:131012+474512,197.54923,47.7532,20120401.23,12.96,1204011460504139961,yes,13996,no,2016-07-10,13996,yes,HPM LHS_2686
CSS160602:131014+323114,197.5582,32.52069,20160602.31,16.42,1606021320614118438,yes,11843,no,2016-07-14,11843,yes,"SN SDSS (AT2016bdu) mag 20,9"
CSS120322:131029+322044,197.61939,32.34548,20120322.42,16.85,1203221320614122224,yes,12222,no,2016-07-14,12222,yes,Blazar AU_CVn
CSS100514:131034+455805,197.64273,45.96818,20100514.32,19.43,1005141460504111692,yes,11169,yes,2016-07-10,11169,yes,"SN SDSS mag >22,5"
CSS110408:131037+381538,197.6558,38.26059,20110408.32,19.54,1104081380574122732,yes,12273,no,2016-06-16,12273,yes,"SN SDSS mag 20,6"
CSS120313:131043-042600,197.67784,-4.43346,20120313.42,17.71,1203130040714120326,no,12032,no,2016-06-05,12032,yes,"CV mag 20,4"
CSS140425:131059+323335,197.74749,32.55962,20140425.35,17.24,1404251320614122898,yes,12289,no,2016-07-14,12289,yes,Blazar FBQS_J1310
CSS140103:131103+491535,197.7618,49.25982,20140103.47,19.28,1401031490484121978,yes,12197,no,2016-07-10,12197,yes,"AGN mag 20,3"
CSS110402:131115+543404,197.81259,54.56785,20110402.3,18.31,1104021550424114003,yes,11400,no,2016-07-10,11400,yes,SN SDSS mag >22
CSS130315:131135-042408,197.89458,-4.40227,20130315.39,18.46,1303150040714122967,no,12296,no,2016-06-05,12296,yes,"SN (spec) mag 20,5"
CSS130214:131155-041954,197.97764,-4.33155,20130214.48,19.41,1302140040714124357,no,12435,no,2016-06-05,12435,yes,Ast
CSS150317:131158-225424,197.99007,-22.90672,20150317.34,18.03,1503170230654148655,yes,14865,no,2016-05-08,14865,yes,"SN SDSS mag 20,9"
CSS150218:131222-164728,198.09083,-16.7912,20150218.49,18.13,1502180150694102882,no,10288,no,2016-06-05,10288,yes,"Flare mag 20,8"
CSS160118:131226+271115,198.10875,27.18763,20160118.54,18.56,1601181260644126337,yes,12633,no,2016-07-11,12633,yes,"SN SDSS mag 21,4"
CSS130314:131234-191956,198.14098,-19.33216,20130314.42,17.9,1303140180684107993,no,10799,no,2016-05-08,10799,yes,"AGN mag 18,7"
CSS120420:131248+315317,198.19805,31.88796,20120420.24,19.02,1204201320614114045,yes,11404,no,2016-07-14,11404,yes,"SN (MASTER) SDSS mag 20,4"
CSS100404:131251-042450,198.21185,-4.41382,20100404.36,17.19,1004040040714119969,no,11996,yes,2016-06-05,11996,yes,"Blazar CGRaBS_J1312-0424 z=0,825"
CSS130105:131252+265813,198.21863,26.97022,20130105.47,18.31,1301051260644124613,yes,12461,no,2016-07-11,12461,yes,"SN SDSS mag 20,3"
CSS160527:131331+433147,198.37811,43.52963,20160527.23,17.38,1605271430534116270,yes,11627,no,2016-07-10,11627,yes,"SN SDSS mag 18,5"
CSS110212:131404+074013,198.51686,7.67036,20110212.48,19.69,1102121070714133319,yes,13331,yes,2016-07-15,13331,yes,"SN SDSS mag 21,8"
CSS140425:131426+225509,198.60806,22.91926,20140425.33,19.28,1404251230664105361,yes,10536,no,2016-07-11,10536,yes,"AGN SDSS mag 22,1"
CSS160614:131432+444139,198.63381,44.69418,20160614.21,16.84,1606141430534127913,yes,12791,no,2016-07-10,12791,yes,"CV (SDSS_J1314) SDSS mag 15,3"
CSS160526:131442+084640,198.6763,8.77765,20160526.22,18.76,1605261090714104635,yes,10463,no,2016-07-15,10463,yes,"SN SDSS mag 21,9"
CSS150423:131453+344213,198.72043,34.70356,20150423.32,17.43,1504231350594112775,yes,11277,no,2016-07-14,11277,yes,"SN (spec) MCG+06-29-066 SDSS mag 13,9"
CSS120427:131511+531654,198.79648,53.28169,20120427.33,18.56,1204271520454138340,yes,13834,yes,2016-07-10,13834,yes,"SN SDSS mag 19,8"
CSS120317:131514+424747,198.80988,42.79636,20120317.27,17.59,1203171430534109123,yes,10912,no,2016-07-10,10912,yes,"CV SDSS mag 17,2"
CSS130614:131515-175756,198.81165,-17.96542,20130614.2,14.49,1306140180684124826,no,12482,no,2016-05-08,12482,yes,"SN 2013cs (Howerton) mag 14,7"
CSS150313:131516+142517,198.81562,14.42148,20150313.35,19.41,1503131150694104786,yes,10478,no,2016-07-15,10478,yes,"AGN SDSS mag 19,5"
CSS090319:131518+301152,198.82603,30.19768,20090319.35,19.89,903191290634132782,yes,32782,yes,2016-07-11,32782,no,"AGN SDSS mag 21,3 gal"
CSS130518:131529-130802,198.87068,-13.13402,20130518.25,17.88,1305180120704115127,no,11512,no,2016-06-05,11512,yes,"SN mag 19,5"
CSS130108:131536-045336,198.89806,-4.89343,20130108.5,18.68,1301080040714113582,no,11358,yes,2016-06-05,11358,yes,CV mag >21
CSS160212:131551+153810,198.96197,15.63605,20160212.48,18.39,1602121150694122759,yes,12275,no,2016-07-15,12275,yes,SN SDSS mag 22
CSS100213:131553-073302,198.9706,-7.55048,20100213.51,16.46,1002130070714113393,no,11339,yes,2016-07-06,11339,yes,Blazar mag 18
CSS080427:131626-151313,199.10699,-15.22041,20080427.23,16.91,804270150694124657,no,24657,yes,2016-06-05,24657,no,CV PQ 20 mag star
CSS090322:131635+172543,199.14652,17.42865,20090322.28,19.56,903221180694110100,yes,10100,no,2016-07-15,10100,no,"SN SDSS mag 21,4"
CSS140424:131640-200708,199.16505,-20.11902,20140424.27,15.75,1404240210674141447,no,14144,no,2016-05-08,14144,yes,"CV mag 20,5"
CSS111224:131709+150325,199.28895,15.05694,20111224.48,18.42,1112241150694114923,yes,11492,yes,2016-07-15,11492,yes,"AGN SDSS mag 19,2"
CSS130415:131729+424430,199.37164,42.74157,20130415.36,17.58,1304151430534106204,yes,10620,no,2016-07-10,10620,yes,"SN 2013bo SDSS mag 20,1"
CSS130609:131731+572827,199.37805,57.47429,20130609.3,18.06,1306091570404118400,yes,11840,no,2016-07-10,11840,yes,"SN SDSS mag 20,0"
CSS110507:131750-025717,199.45846,-2.95464,20110507.24,19.64,1105070040714143962,yes,14396,no,2016-06-05,14396,yes,"SN SDSS mag 20,5"
CSS100320:131757+452058,199.48761,45.34937,20100320.28,19.0,1003201460504104696,yes,10469,no,2016-07-10,10469,yes,"AGN SDSS mag 21,0"
CSS140402:131802+490744,199.50994,49.12888,20140402.32,18.64,1404021490484118318,yes,11831,no,2016-07-10,11831,yes,"SN SDSS mag 20,5"
CSS100616:131808-173536,199.53376,-17.59334,20100616.23,17.66,1006160180694138373,no,13837,yes,2016-06-06,13837,yes,"Blazar mag 19,2 NVSS_J131808-173537"
CSS100319:131830+442023,199.62544,44.33969,20100319.41,18.48,1003191430534129611,yes,12961,no,2016-07-10,12961,yes,"SN 2010bz SDSS mag 19,8"
CSS130606:131837-081623,199.65279,-8.27312,20130606.24,18.32,1306060070714103061,no,10306,no,2016-07-06,10306,yes,"AGN mag 19,1"
CSS130530:131841-070443,199.67244,-7.07864,20130530.17,18.73,1305300070714118880,no,11888,no,2016-07-06,11888,yes,SN (MLS130517) mag 22
CSS120104:131903+160943,199.76178,16.16201,20120104.46,19.44,1201041150694132441,yes,13244,yes,2016-07-15,13244,yes,"SN SDSS mag 20,6"
CSS160506:131913+450511,199.80412,45.08651,20160506.22,14.06,1605061430534141311,yes,14131,no,2016-07-10,14131,yes,HPM GJ_2100
CSS110623:131919-045106,199.82968,-4.85165,20110623.2,18.29,1106230040724111069,no,11106,no,2016-07-06,11106,yes,"SN 2011ey mag 20,0"
CSS130627:132038+044614,200.15988,4.77056,20130627.18,18.03,1306271040724131721,yes,13172,no,2016-06-05,13172,yes,"SN SDSS mag 16,7"
CSS080227:132103+015329,200.26325,1.89144,20080227.43,14.15,802271010724123230,yes,23230,no,2016-06-05,23230,no,"CV SDSS mag 19,2 star"
CSS120229:132111+221612,200.29657,22.27011,20120229.39,18.02,1202291210684145534,yes,14553,yes,2016-07-15,14553,yes,"Blazar SDSS_J132111 SDSS mag 18,7"
CSS130311:132138+091006,200.40745,9.1682,20130311.49,19.73,1303111090714111154,yes,11115,no,2016-07-15,11115,yes,"SN SDSS mag 20,4"
CSS130419:132151-025156,200.46074,-2.86556,20130419.38,19.29,1304190040724142741,yes,14274,no,2016-07-06,14274,yes,"AGN SDSS mag 21,3"
CSS120227:132201+095936,200.50399,9.99322,20120227.38,20.13,1202271090714128401,yes,12840,no,2016-07-15,12840,yes,"AGN SDSS mag 21,1"
CSS110225:132210+285258,200.54172,28.88286,20110225.52,19.36,1102251290634109720,yes,10972,no,2016-07-11,10972,yes,"SN SDSS mag 21,0"
CSS140624:132220-060618,200.58374,-6.1049,20140624.22,16.44,1406240070714132883,no,13288,no,2016-07-06,13288,yes,"Blazar (spec) mag 19,5"
CSS130606:132221-075827,200.5855,-7.97425,20130606.24,18.83,1306060070714107287,no,10728,no,2016-07-06,10728,yes,"AGN mag 20,0"
CSS110309:132244-161725,200.68175,-16.29014,20110309.41,17.76,1103090150704112168,no,11216,yes,2016-06-05,11216,yes,"Blazar mag 18,8"
CSS150220:132256+242750,200.73366,24.46401,20150220.4,13.04,1502201230664120626,yes,12062,no,2016-07-11,12062,yes,HPM LHS_350
CSS160428:132307+523857,200.78014,52.64905,20160428.35,17.41,1604281520464123115,yes,12311,no,2016-07-10,12311,yes,"SN SDSS mag 20,0"
CSS110427:132319+451053,200.83124,45.1814,20110427.23,15.39,1104271460514101819,yes,10181,no,2016-07-10,10181,yes,"Var SDSS mag 15,6"
CSS130603:132320+101126,200.83307,10.19059,20130603.25,19.26,1306031090714124701,yes,12470,no,2016-07-15,12470,yes,"SN SDSS mag 20,6"
CSS121208:132331+115006,200.87725,11.83495,20121208.51,18.66,1212081120714110802,yes,11080,no,2016-07-15,11080,yes,"AGN SDSS mag 19,8"
CSS140327:132331+150338,200.8778,15.0606,20140327.36,19.25,1403271150704114454,yes,11445,no,2016-07-15,11445,yes,"SN SDSS mag 21,8"
CSS130413:132351+301436,200.96375,30.24344,20130413.27,18.19,1304131290643133214,yes,13321,no,2016-07-14,13321,yes,HPM 2MASSI_J13235
CSS100616:132357-193951,200.98876,-19.66406,20100616.23,16.74,1006160180694102054,no,10205,no,2016-06-06,10205,yes,SN mag 21
CSS140522:132405+083244,201.01967,8.54542,20140522.2,19.81,1405221090714101333,yes,10133,no,2016-07-15,10133,yes,"AGN SDSS mag 21,3"
CSS130612:132410+172251,201.04126,17.38096,20130612.19,16.71,1306121180694108085,yes,10808,no,2016-07-15,10808,yes,"SN SDSS mag 18,3"
CSS120427:132429+474321,201.12236,47.72252,20120427.32,18.46,1204271460514140946,yes,14094,yes,2016-07-10,14094,yes,"Blazar (PS1) SDSS mag 20,8"
CSS090418:132440+163405,201.16727,16.56819,20090418.39,19.45,904181150704138196,yes,38196,no,2016-07-15,38196,no,SN 2009dv SDSS mag >22
CSS090430:132452-205612,201.21848,-20.93679,20090430.26,16.75,904300210684132142,no,32142,yes,2016-06-06,32142,no,SN (SSS) mag 20 red
CSS110212:132522+060028,201.34295,6.00785,20110212.48,13.71,1102121070724106436,yes,10643,yes,2016-07-15,10643,yes,Var
CSS130108:132530-082009,201.37442,-8.33589,20130108.52,14.31,1301080070724103395,no,10339,no,2016-07-06,10339,yes,"CV mag 18,9"
CSS090102:132536+210037,201.40007,21.01027,20090102.49,17.0,901021210684119508,yes,19508,yes,2016-07-15,19508,no,"CV mag 20,4"
CSS140606:132539+255734,201.41189,25.95942,20140606.28,17.07,1406061260654106893,yes,10689,no,2016-07-11,10689,yes,"SN (TNTS) SDSS mag 19,4"
CSS080313:132600-020027,201.49871,-2.00752,20080313.36,18.59,803130010724112837,yes,12837,yes,2016-07-06,12837,no,"SN SDSS mag 22,0 mag red"
CSS140321:132607+170827,201.52721,17.14076,20140321.41,17.91,1403211180694103025,yes,10302,no,2016-07-15,10302,yes,"SN SDSS mag 21,5"
CSS150527:132613+394712,201.55225,39.78661,20150527.21,17.09,1505271400564103869,yes,10386,no,2016-06-13,10386,yes,"SN SDSS mag 20,0"
CSS140103:132615+160238,201.56116,16.04377,20140103.52,19.3,1401031150704133074,yes,13307,no,2016-07-15,13307,yes,"SN (spec) SDSS mag 20,6"
CSS080505:132627-093120,201.61252,-9.5222,20080505.27,18.85,805050090724128903,no,28903,no,2016-07-06,28903,no,SN (MLS) mag >22
CSS120413:132702-014513,201.75852,-1.75353,20120413.31,18.2,1204130010724117396,yes,11739,yes,2016-07-06,11739,yes,"SN SDSS mag 20,7"
CSS110309:132708+282620,201.78492,28.43881,20110309.39,20.29,1103091290644104724,yes,10472,yes,2016-07-14,10472,yes,SN SDSS mag >22
CSS130316:132713+123251,201.80222,12.5476,20130316.42,19.57,1303161120714122052,yes,12205,no,2016-07-15,12205,yes,"AGN SDSS mag 20,9"
CSS141227:132741-111252,201.92109,-11.21433,20141227.53,16.45,1412270090724102435,no,10243,no,2016-07-06,10243,yes,"SN (spec) mag 18,0"
CSS160617:132741+220800,201.92153,22.13333,20160617.26,18.27,1606171210684127504,yes,12750,no,2016-07-15,12750,yes,"CV SDSS mag 21,3"
CSS080404:132747-193026,201.94477,-19.50736,20080404.37,19.44,804040180704103415,no,3415,no,2016-06-06,3415,no,Var 20 mag CSS
CSS150520:132803+085623,202.01334,8.93967,20150520.26,19.89,1505201090724107181,yes,10718,no,2016-07-15,10718,yes,"SN SDSS mag 20,4"
CSS150411:132822-123835,202.0906,-12.64307,20150411.37,18.25,1504110120714124301,no,12430,no,2016-06-05,12430,yes,HPM
CSS080429:132846+251644,202.19363,25.27894,20080429.25,18.57,804291230674139537,yes,39537,yes,2016-07-15,39537,no,"SN SDSS mag 21,2 gal?"
CSS160315:132848+203317,202.20166,20.55464,20160315.34,19.13,1603151210684110893,yes,11089,no,2016-07-15,11089,yes,CV mag 22
CSS100413:132854+174318,202.22671,17.72172,20100413.3,19.16,1004131180704112066,yes,11206,yes,2016-07-15,11206,yes,"Blazar CRATES_J1328+1743 SDSS mag 20,8"
CSS121208:132858+151559,202.24375,15.2663,20121208.51,19.83,1212081150704122264,yes,12226,no,2016-07-15,12226,yes,"AGN SDSS mag 21,2"
CSS130412:132908+264424,202.28332,26.74005,20130412.23,19.46,1304121260664120602,yes,12060,no,2016-07-14,12060,yes,"SN SDSS mag 22,2"
CSS150314:132915+151819,202.31381,15.30534,20150314.4,19.32,1503141150704117834,yes,11783,no,2016-07-15,11783,yes,"SN SDSS mag 20,4"
CSS130419:132918-121622,202.32696,-12.27287,20130419.33,16.57,1304190120714130429,no,13042,no,2016-06-05,13042,yes,CV mag 20
CSS110408:132946+254948,202.44087,25.82996,20110408.29,20.15,1104081260664107222,yes,10722,no,2016-07-14,10722,yes,"AGN SDSS mag 20,5"
CSS130612:132952+185129,202.46847,18.85798,20130612.19,19.19,1306121180704131531,yes,13153,no,2016-07-15,13153,yes,"SN SDSS mag 21,1"
CSS160429:133002-084233,202.50656,-8.70925,20160429.25,12.77,1604290090724146073,no,14607,no,2016-07-06,14607,yes,HPM Ross_476
CSS110609:133005+471011,202.52118,47.1697,20110609.24,13.18,1106091460514127317,yes,12731,no,2016-07-10,12731,yes,SN 2011dh (Reiland et al) M51
CSS160120:133012-083437,202.55197,-8.57696,20160120.54,12.5,1601200090724142448,no,14244,no,2016-07-06,14244,yes,HPM BD-07_3632
CSS160204:133015+121446,202.56117,12.24615,20160204.5,19.34,1602041120714113494,yes,11349,no,2016-07-15,11349,yes,SN SDSS mag >22
CSS140606:133031+190915,202.62726,19.15423,20140606.34,13.33,1406061180704130379,yes,13037,no,2016-07-15,13037,yes,HPM LHS_355
CSS110223:133040+343817,202.66475,34.63811,20110223.51,17.84,1102231350604110103,yes,11010,no,2016-07-14,11010,yes,"SN 2MASSX_133048 z=0,024 SDSS mag 14,4"
CSS140606:133045+324542,202.68699,32.76172,20140606.28,14.72,1406061320624120923,yes,12092,no,2016-07-14,12092,yes,"SN (iPTF14bdn) UGC_8503 mag 15,9"
CSS160216:133106-093111,202.77419,-9.51979,20160216.46,18.71,1602160090724131084,no,13108,no,2016-07-06,13108,yes,"SN mag 21,0"
CSS120301:133156+235405,202.98299,23.90144,20120301.39,19.08,1203011230674219852,yes,21985,yes,2016-07-15,21985,yes,"SN SDSS mag 21,2"
CSS120514:133202+091304,203.00778,9.21784,20120514.25,18.95,1205141090724110667,yes,11066,no,2016-07-15,11066,yes,"AGN mag 20,6"
CSS150118:133209+344127,203.03721,34.69092,20150118.42,17.36,1501181350604111330,yes,11133,no,2016-07-14,11133,yes,"SN (spec) SDSS mag 18,4"
CSS130620:133213+262531,203.05596,26.42531,20130620.22,14.01,1306201260664112997,yes,11299,yes,2016-07-14,11299,yes,"Var SDSS mag 14,5"
CSS110212:133216+070113,203.06683,7.02025,20110212.48,19.28,1102121070724121825,yes,12182,yes,2016-07-15,12182,yes,"SN SDSS mag 21,2"
CSS150401:133230+462604,203.12333,46.43432,20150401.27,19.35,1504011460514114807,yes,11480,no,2016-07-10,11480,yes,"SN SDSS mag 20,2"
CSS140423:133240+090233,203.16696,9.04244,20140423.28,19.34,1404231090724108342,yes,10834,no,2016-07-15,10834,yes,"SN SDSS mag 22,0"
CSS110427:133245+472224,203.18846,47.3733,20110427.23,16.49,1104271460514137429,yes,13742,yes,2016-07-10,13742,yes,"Blazar SDSS mag 17,4 z=0,669"
CSS130318:133316+605531,203.31541,60.92514,20130318.41,18.56,1303181600384128987,yes,12898,no,2016-07-13,12898,yes,"SN (spec) SDSS mag 20,2"
CSS160213:133336+281008,203.39969,28.16902,20160213.5,19.71,1602131260664141720,yes,14172,no,2016-07-14,14172,yes,"SN SDSS mag 21,9"
CSS120618:133350+260807,203.45672,26.13527,20120618.24,18.61,1206181260664109870,yes,10987,no,2016-07-14,10987,yes,"SN z=0,073 SDSS mag 15,9"
CSS130302:133350+392228,203.45816,39.37439,20130302.51,19.42,1303021380594134765,yes,13476,no,2016-07-14,13476,yes,"Blazar SDSS mag 20,9"
CSS140102:133358+240714,203.49133,24.12063,20140102.48,18.2,1401021230674124157,yes,12415,no,2016-07-15,12415,yes,"SN (spec) SDSS mag 21,1"
CSS150518:133437-120251,203.65604,-12.04752,20150518.22,18.64,1505180120724135023,no,13502,no,2016-07-05,13502,yes,"SN (MLS150512) mag 20,5"
CSS160417:133446+135114,203.68962,13.85381,20160417.33,16.0,1604171120724134433,yes,13443,no,2016-07-04,13443,yes,SN (2016bln) NGC5221
CSS160204:133454+105905,203.72704,10.9846,20160204.5,17.04,1602041090724138309,yes,13830,no,2016-07-15,13830,yes,"SN (ASASSN-15ua) SDSS mag 19,6"
CSS120516:133455+233452,203.7278,23.58124,20120516.33,18.42,1205161230674115059,yes,11505,no,2016-07-15,11505,yes,SN SDSS mag >22
CSS110115:133506+182923,203.77373,18.4896,20110115.53,19.81,1101151180704125371,yes,12537,no,2016-07-15,12537,yes,SN SDSS mag 21
CSS120420:133548-212353,203.95145,-21.39814,20120420.31,17.62,1204200210694121488,no,12148,no,2016-06-06,12148,yes,"SN (LSQ12bri) mag 20,5"
CSS130507:133555+443305,203.98064,44.55134,20130507.35,17.79,1305071430544135024,yes,13502,no,2016-07-10,13502,yes,"HPM mag 17,8"
CSS090421:133609+340319,204.03938,34.05529,20090421.26,18.88,904211350614104753,yes,4753,yes,2016-07-14,4753,no,"SN 2009dw SDSS mag 19,8 gal"
CSS140103:133628+034030,204.11823,3.67509,20140103.53,14.39,1401031040734115569,yes,11556,no,2016-06-05,11556,yes,HPM GJ_518
CSS130401:133629+034031,204.11903,3.67533,20130401.32,14.39,1304011040734113603,yes,11360,no,2016-06-05,11360,yes,HPM GJ_518
CSS120225:133629+034032,204.12015,3.67566,20120225.51,14.37,1202251040734116583,yes,11658,no,2016-06-05,11658,yes,HPM GJ_518
CSS110412:133629+034033,204.12101,3.67593,20110412.27,14.42,1104121040734115429,yes,11542,no,2016-06-05,11542,yes,HPM
CSS100115:133629+034034,204.12231,3.67624,20100115.51,14.41,1001151040734114938,yes,11493,no,2016-06-05,11493,yes,"HPM mag 14,5 WD_GJ_518"
CSS080131:133630+034037,204.12434,3.67688,20080131.49,14.39,801311040734112057,yes,12057,no,2016-06-05,12057,no,HPM WD GJ 518
CSS130512:133634+002855,204.14194,0.4819,20130512.26,19.04,1305121010734109070,yes,10907,no,2016-06-05,10907,yes,"AGN SDSS mag 20,2"
CSS120420:133640-215116,204.1684,-21.85441,20120420.31,19.94,1204200210694112972,no,11297,yes,2016-06-06,11297,yes,"SN (LSQbpy) mag 16,5"
CSS150423:133652+383937,204.21621,38.66024,20150423.32,18.6,1504231380594131958,yes,13195,no,2016-07-14,13195,yes,"SN SDSS mag 22,3"
CSS110308:133656+215742,204.23166,21.96171,20110308.37,17.95,1103081210694128465,yes,12846,no,2016-07-15,12846,yes,"SN 2011av SDSS mag 19,6"
CSS080502:133656-114005,204.23398,-11.66813,20080502.31,19.39,805020120724141607,no,41607,yes,2016-07-05,41607,no,SN (MLS) mag >22 no PQ
CSS120123:133657-030204,204.2372,-3.03441,20120123.47,18.92,1201230040734148678,yes,14867,yes,2016-07-06,14867,yes,"SN SDSS mag 20,9"
CSS160506:133716+350056,204.31581,35.0156,20160506.26,15.68,1605061350614117502,yes,11750,no,2016-07-14,11750,yes,HPM LHS_356
CSS130619:133716+350057,204.31679,35.01583,20130619.25,15.67,1306191350614114230,yes,11423,no,2016-07-14,11423,yes,HPM LHS_356
CSS130316:133721+142945,204.33853,14.4957,20130316.44,19.9,1303161150714107103,yes,10710,no,2016-07-15,10710,yes,"AGN SDSS mag 21,3"
CSS110427:133817+395512,204.5699,39.92006,20110427.25,19.14,1104271400574107911,yes,10791,no,2016-07-14,10791,yes,"AGN SDSS mag 20,1"
CSS160226:133840+594405,204.66688,59.73473,20160226.52,18.86,1602261600384105213,yes,10521,no,2016-07-13,10521,yes,"Flare SDSS mag 20,5"
CSS100517:133852+320537,204.71544,32.09367,20100517.35,19.78,1005171320634115687,yes,11568,yes,2016-07-14,11568,yes,"AGN SDSS mag 20,8"
CSS150325:133857-131238,204.73543,-13.21052,20150325.38,18.9,1503250120724117438,no,11743,no,2016-07-05,11743,yes,AGN mag 20
CSS110329:133902-240114,204.75724,-24.02056,20110329.37,16.89,1103290230684131567,no,13156,no,2016-05-08,13156,yes,"Blazar mag 17,7"
CSS080429:133913+205604,204.80535,20.93448,20080429.28,19.34,804291210694115482,yes,15482,no,2016-07-15,15482,no,"SN SDSS 22,2 mag gal"
CSS160605:133930-122058,204.87472,-12.3495,20160605.21,18.56,1606050120724127473,no,12747,no,2016-07-05,12747,yes,SN mag 21
CSS110427:133941+484728,204.92152,48.79117,20110427.23,16.07,1104271490494115473,yes,11547,no,2016-07-10,11547,yes,CV SDSS_133941
CSS090417:133946-212719,204.94318,-21.4553,20090417.29,19.54,904170210694122994,no,22994,yes,2016-06-06,22994,no,"SN 2009du mag >21,5 no PQ"
CSS160207:133949+465809,204.95456,46.96929,20160207.45,15.09,1602071460524126217,yes,12621,no,2016-07-07,12621,yes,HPM LHS_2776
CSS110624:134016+080939,205.0666,8.16082,20110624.24,20.21,1106241070734138383,yes,13838,yes,2016-07-15,13838,yes,"Flare 22,1"
CSS130305:134023+295900,205.09585,29.98339,20130305.42,18.66,1303051290654126745,yes,12674,no,2016-07-14,12674,yes,"SN SDSS mag 21,6"
CSS150326:134023+282439,205.09651,28.4107,20150326.3,18.23,1503261290654104534,yes,10453,no,2016-07-14,10453,yes,"SN SDSS mag 21,4"
CSS110428:134038+202253,205.15888,20.38125,20110428.39,19.53,1104281210694109673,yes,10967,yes,2016-07-15,10967,yes,"AGN SDSS mag 20,9"
CSS120515:134044+193806,205.18145,19.63489,20120515.31,19.82,1205151180714144181,yes,14418,no,2016-07-15,14418,yes,SN SDSS mag >22
CSS100531:134052+151341,205.21693,15.22806,20100531.22,14.48,1005311150714116242,yes,11624,no,2016-07-15,11624,yes,"CV SDSS mag 18,0"
CSS150519:134110+300129,205.29018,30.02467,20150519.24,14.28,1505191290654130752,yes,13075,no,2016-07-14,13075,yes,HPM LHS_358
CSS130404:134110+300129,205.29119,30.0246,20130404.35,14.28,1304041290654130369,yes,13036,no,2016-07-14,13036,yes,HPM LHS_358
CSS080414:134142-162022,205.42575,-16.33939,20080414.31,18.82,804140150714109771,no,9771,yes,2016-06-05,9771,no,SN PQ/DSS mag ~21
CSS160207:134152+294717,205.46716,29.78796,20160207.53,19.02,1602071290654125053,yes,12505,no,2016-07-14,12505,yes,"SN SDSS mag 19,7"
CSS150410:134253+403202,205.72075,40.53385,20150410.33,17.81,1504101400574114565,yes,11456,no,2016-07-14,11456,yes,"Blazar SDSS mag 19,4"
CSS110610:134306+520843,205.77343,52.1454,20110610.22,18.92,1106101520474116185,yes,11618,no,2016-07-07,11618,yes,"CV (spec) SDSS mag 20,7"
CSS120224:134312+322634,205.80111,32.44271,20120224.51,19.57,1202241320634124271,yes,12427,no,2016-07-14,12427,yes,"SN SDSS mag 21,1"
CSS080506:134332+210640,205.88434,21.1112,20080506.27,19.25,805061210704218830,yes,18830,yes,2016-07-15,18830,no,"SN (P60) z=0,116 SDSS mag 17,0"
CSS160708:134337+400536,205.90492,40.09321,20160708.27,19.67,1607081400574107460,yes,10746,no,2016-07-14,10746,yes,"SN SDSS mag 21,5"
CSS140505:134340+384813,205.91811,38.80372,20140505.35,19.15,1405051380594130740,yes,13074,no,2016-07-14,13074,yes,"AGN SDSS mag 20,2"
CSS110527:134355+253253,205.97898,25.54803,20110527.32,19.47,1105271260674101879,yes,10187,yes,2016-07-14,10187,yes,"SN 2011es SDSS mag >21,5"
CSS130529:134409+660612,206.03608,66.10329,20130529.23,18.31,1305291660324120608,yes,12060,yes,2016-07-10,12060,yes,Blazar HB89_1342+663
CSS130307:134411+030344,206.04499,3.06229,20130307.37,18.92,1303071040744105050,yes,10505,no,2016-06-05,10505,yes,"SN (spec) SDSS mag 19,8"
CSS100317:134414-172343,206.06037,-17.3952,20100317.45,17.08,1003170180714135740,no,13574,yes,2016-06-06,13574,yes,Blazar CGRaBS_J1344-1723
CSS100414:134429-212926,206.11984,-21.4905,20100414.35,16.7,1004140210704122813,no,12281,yes,2016-06-06,12281,yes,"CV mag 18,5"
CSS100601:134447-091118,206.19706,-9.18844,20100601.23,19.0,1006010090734137695,no,13769,no,2016-07-05,13769,yes,CV CFHT mag 22
CSS160427:134449+210448,206.20238,21.08,20160427.25,17.33,1604271210704117810,yes,11781,no,2016-07-15,11781,yes,"SN SDSS mag 19,6"
CSS081229:134527-104353,206.36067,-10.73134,20081229.54,18.19,812290090734109439,no,9439,yes,2016-07-05,9439,no,SN DSS mag >21 (Ia_P60_phot) no
CSS120401:134533+445300,206.38785,44.88341,20120401.27,19.16,1204011430554143340,yes,14334,yes,2016-07-14,14334,yes,"Blazar SDSS mag 20,3"
CSS110305:134549+070631,206.45542,7.10863,20110305.46,16.29,1103051070734123798,yes,12379,yes,2016-07-15,12379,yes,"Blazar IVS_B1343+073 z=1,09"
CSS160307:134551+264747,206.46161,26.7963,20160307.46,16.47,1603071260674122066,yes,12206,no,2016-07-14,12206,yes,"SN (2016aqt) SDSS mag 17,5"
CSS120113:134558+323143,206.49131,32.52869,20120113.54,19.0,1201131320644119665,yes,11966,yes,2016-07-14,11966,yes,"SN SDSS mag 21,1"
CSS120522:134606+280154,206.52365,28.03176,20120522.3,19.83,1205221260674140369,yes,14036,yes,2016-07-14,14036,yes,"AGN SDSS mag 21,3"
CSS120618:134617+324600,206.56984,32.76675,20120618.27,19.67,1206181320644122933,yes,12293,yes,2016-07-14,12293,yes,"SN 2MASS_134616 z=0,137 SDSS mag 16,4"
CSS160205:134655+054243,206.728,5.71183,20160205.49,14.54,1602051070734101526,yes,10152,no,2016-07-15,10152,yes,HPM LHS_360
CSS150124:134701+092441,206.7548,9.41149,20150124.51,18.3,1501241090734115999,yes,11599,no,2016-07-15,11599,yes,"SN (spec) SDSS mag 21,0"
CSS140211:134702-044244,206.75681,-4.71229,20140211.47,18.99,1402110040744115179,yes,11517,no,2016-07-06,11517,yes,"AGN SDSS mag 19,8"
CSS130109:134705+070046,206.76928,7.01288,20130109.48,19.8,1301091070734127647,yes,12764,no,2016-07-15,12764,yes,"AGN SDSS mag 20,4"
CSS160402:134728+350454,206.86627,35.08176,20160402.43,19.13,1604021350614118034,yes,11803,no,2016-07-14,11803,yes,"AGN SDSS mag 19,9"
CSS100318:134734+333104,206.89327,33.51766,20100318.45,19.76,1003181320644139367,yes,13936,no,2016-07-14,13936,yes,"SN SDSS mag 22,8"
CSS160206:134744+443810,206.93141,44.63617,20160206.45,19.25,1602061430554132174,yes,13217,no,2016-07-14,13217,yes,"SN SDSS mag 21,0"
CSS130613:134800+301327,206.99987,30.22423,20130613.23,19.6,1306131290654132164,yes,13216,no,2016-07-14,13216,yes,"AGN SDSS mag 21,4"
CSS150418:134801+233449,207.00577,23.58022,20150418.34,15.31,1504181230684113949,yes,11394,no,2016-07-15,11394,yes,HPM GJ_1179B
CSS130305:134802+233449,207.0067,23.58014,20130305.52,15.31,1303051230684111017,yes,11101,no,2016-07-15,11101,yes,HPM GJ_1179B
CSS130611:134802+141457,207.00827,14.24925,20130611.28,19.2,1306111150724102925,yes,10292,no,2016-07-04,10292,yes,"SN SDSS mag 20,7"
CSS090226:134811+323700,207.04398,32.61679,20090226.38,18.95,902261320644130818,yes,30818,yes,2016-07-14,30818,no,"SN mag SDSS 20,8 gal"
CSS150220:134812+233651,207.04917,23.61403,20150220.45,13.55,1502201230684114159,yes,11415,no,2016-07-15,11415,yes,HPM LHS_362
CSS120618:134812+233650,207.05024,23.61391,20120618.27,13.44,1206181230684113341,yes,11334,no,2016-07-15,11334,yes,HPM LHS_362
CSS150320:134839+434108,207.16055,43.6856,20150320.48,18.88,1503201430554119781,yes,11978,no,2016-07-14,11978,yes,"SN SDSS mag 21,5"
CSS120526:134849-242555,207.20383,-24.43184,20120526.21,18.09,1205260230684118049,no,11804,yes,2016-05-08,11804,yes,Flare
CSS110512:134903-280359,207.26349,-28.06649,20110512.26,16.83,1105120260674103467,no,10346,no,2016-05-09,10346,yes,"SN 2011bf (CHASE) AM_1346-274 mag 15,6"
CSS100521:135046+192618,207.69078,19.43839,20100521.28,17.44,1005211180714134371,yes,13437,yes,2016-07-15,13437,yes,"SN 2010eo SDSS mag 19,0"
CSS100319:135047+273814,207.69637,27.63726,20100319.48,18.3,1003191260674132739,yes,13273,no,2016-07-14,13273,yes,"SN SDSS mag 21,1"
CSS110406:135058+261642,207.74081,26.27839,20110406.35,18.71,1104061260674111875,yes,11187,yes,2016-07-14,11187,yes,"SN SDSS mag 20,7"
CSS100506:135104+003119,207.76843,0.52197,20100506.29,19.21,1005061010744108108,yes,10810,yes,2016-06-05,10810,yes,"Blazar PKS_1348+007 z=2,09 SDSS mag 22,5"
CSS100320:135108+133407,207.78253,13.56852,20100320.44,19.36,1003201120734136417,yes,13641,no,2016-07-04,13641,yes,"SN SDSS mag 21,9"
CSS090130:135122+140838,207.84049,14.14377,20090130.48,16.5,901301150724101062,yes,1062,yes,2016-07-04,1062,no,"SN 2009T SDSS photz=0,025 mag 18,5"
CSS110405:135131+024134,207.87729,2.69285,20110405.44,19.17,1104051010744147055,yes,14705,no,2016-06-05,14705,yes,"AGN SDSS mag 19,8"
CSS090526:135143+090653,207.93042,9.11479,20090526.24,19.07,905261090744109768,yes,9768,yes,2016-07-15,9768,no,"SN (p60) z=0,065 SDSS 21,3 gal"
CSS140402:135154+523528,207.97308,52.591,20140402.32,17.03,1404021520474126445,yes,12644,no,2016-07-07,12644,yes,"SN (PS1-14un) SDSS mag 18,0"
CSS120401:135211+462820,208.04389,46.47226,20120401.27,17.82,1204011460524120859,yes,12085,no,2016-07-07,12085,yes,"SN SDSS mag 21,7"
CSS160429:135218-041201,208.0731,-4.20019,20160429.22,19.43,1604290040744122717,yes,12271,no,2016-07-06,12271,yes,"SN SDSS mag 22,5"
CSS090705:135219+280917,208.07909,28.15477,20090705.18,17.98,907051260684133796,yes,33796,yes,2016-07-14,33796,yes,"CV SDSS mag 19,9"
CSS160405:135249+664857,208.20533,66.81594,20160405.25,13.89,1604051660324123180,yes,12318,no,2016-07-10,12318,yes,HPM LHS_2819
CSS130410:135256+123859,208.2317,12.64968,20130410.39,19.01,1304101120734121399,yes,12139,yes,2016-07-04,12139,yes,"Flare SDSS mag 23,3"
CSS100409:135312+002031,208.29981,0.34185,20100409.31,19.21,1004091010754106753,yes,10675,yes,2016-07-06,10675,yes,"SN SDSS mag 22,2"
CSS080218:135314+211941,208.30725,21.328,20080218.45,19.75,802181210714120650,yes,20650,no,2016-06-03,20650,no,Ast No SDSS match
CSS140327:135319+064749,208.32997,6.7969,20140327.39,19.89,1403271070744118228,yes,11822,no,2016-07-15,11822,yes,"AGN SDSS mag 20,4"
CSS100405:135336-022043,208.40003,-2.3453,20100405.38,18.13,1004050010754107909,yes,10790,yes,2016-07-06,10790,yes,"Var SDSS mag 21,1"
CSS130606:135341+404407,208.4215,40.7353,20130606.29,19.45,1306061400584118076,yes,11807,no,2016-07-14,11807,yes,"SN SDSS mag 21,4"
CSS150209:135346+352954,208.44127,35.49846,20150209.44,18.78,1502091350624122194,yes,12219,no,2016-07-14,12219,yes,"SN (spec) SDSS mag 21,2"
CSS080507:135406+254224,208.52565,25.70663,20080507.27,18.3,805071260684103913,yes,3913,no,2016-07-14,3913,no,"Blazar SDSS mag 20,3"
CSS120610:135419+273603,208.57848,27.60082,20120610.21,15.7,1206101260684134497,yes,13449,no,2016-07-14,13449,yes,CV SDSS mag >22
CSS160614:135420+590122,208.58468,59.02286,20160614.23,13.13,1606141570424135964,yes,13596,no,2016-07-13,13596,yes,HPM LHS_2824
CSS090319:135421+284015,208.58849,28.67092,20090319.35,20.12,903191290664108004,yes,8004,yes,2016-07-14,8004,no,"AGN SDSS mag 22,1"
CSS110527:135427+305803,208.61269,30.96741,20110527.33,19.13,1105271290664147324,yes,14732,no,2016-07-14,14732,yes,"SN SDSS mag 20,4"
CSS110609:135501+413655,208.7543,41.61521,20110609.23,19.83,1106091400584128136,yes,12813,no,2016-07-14,12813,yes,"SN SDSS mag 21,3"
CSS110628:135506+123955,208.77557,12.66524,20110628.22,19.18,1106281120744122021,yes,12202,no,2016-07-04,12202,yes,"AGN SDSS mag 22,4"
CSS090615:135514+013319,208.80767,1.55516,20090615.23,19.77,906151010754125930,yes,25930,yes,2016-07-06,25930,yes,"SN SDSS mag 17,8"
CSS110424:135532-023001,208.8814,-2.50014,20110424.29,18.9,1104240010754104018,yes,10401,no,2016-07-06,10401,yes,"SN 2011cn SDSS mag 20,4"
CSS140326:135541+282503,208.91933,28.41749,20140326.3,20.16,1403261290664103484,yes,10348,no,2016-07-14,10348,yes,"AGN SDSS mag 19,9"
CSS110309:135547+211127,208.94764,21.19074,20110309.38,18.79,1103091210714125129,yes,12512,yes,2016-06-03,12512,yes,"SN 2011aw SDSS mag 21,5"
CSS100215:135556+245052,208.98517,24.84764,20100215.46,20.38,1002151230694138151,yes,13815,yes,2016-07-15,13815,yes,"Blazar SDSS mag 21,5"
CSS130608:135602-234456,209.00744,-23.74877,20130608.21,18.56,1306080230694132538,no,13253,no,2016-05-09,13253,yes,"CV (LSQ13anm) mag 21,5"
CSS110425:135607+231520,209.02851,23.25562,20110425.22,19.09,1104251230694109750,yes,10975,yes,2016-07-15,10975,yes,"SN SDSS mag 22,7"
CSS160208:135632+203038,209.13143,20.51055,20160208.45,18.42,1602081210714111647,yes,11164,no,2016-06-03,11164,yes,"SN SDSS mag 20,8"
CSS120620:135635+044652,209.14702,4.78119,20120620.24,17.5,1206201040754130670,yes,13067,yes,2016-07-06,13067,yes,"SN SDSS mag 19,2"
CSS130529:135642+613025,209.17679,61.50702,20130529.25,18.97,1305291600394135487,yes,13548,no,2016-07-13,13548,yes,"CV SDSS mag 21,4"
CSS110408:135651+340756,209.2127,34.13218,20110408.35,19.71,1104081350624104202,yes,10420,no,2016-07-14,10420,yes,"AGN SDSS mag 21,7"
CSS160528:135707-141429,209.27737,-14.2413,20160528.26,16.01,1605280150734147409,no,14740,no,2016-06-02,14740,yes,Flare mag >21
CSS160608:135716+042432,209.31685,4.40888,20160608.17,19.09,1606081040754126106,yes,12610,no,2016-07-06,12610,yes,"SN SDSS mag 22,5"
CSS110208:135717-093238,209.3201,-9.54402,20110208.45,16.25,1102080090744133918,yes,13391,yes,2016-07-05,13391,yes,"SN (MLS) SDSS mag 22,0"
CSS150313:135721-045019,209.3362,-4.83855,20150313.42,18.28,1503130040754113282,yes,11328,no,2016-07-06,11328,yes,"SN SDSS mag 19,1"
CSS090303:135819+201051,209.58073,20.18087,20090303.4,18.91,903031210714107442,yes,7442,yes,2016-06-03,7442,no,"SN 2009dh SDSS mag 21,3 gal"
CSS090324:135835+311252,209.64478,31.21454,20090324.31,19.07,903241320654103495,yes,3495,yes,2016-07-12,3495,no,"SN 2009dj SDSS mag 22,3 gal"
CSS120317:135856+120822,209.73541,12.13939,20120317.35,19.95,1203171120744115873,yes,11587,no,2016-07-04,11587,yes,"AGN SDSS mag 20,6"
CSS140606:135859+282046,209.74656,28.34609,20140606.36,19.45,1406061290664101908,yes,10190,no,2016-07-14,10190,yes,"AGN SDSS mag 19,7"
CSS140506:135859-033333,209.74759,-3.55918,20140506.21,18.45,1405060040754131386,no,13138,no,2016-07-06,13138,yes,SN mag 21
CSS160514:135905+173803,209.76875,17.63429,20160514.34,18.86,1605141180724109433,yes,10943,no,2016-06-03,10943,yes,"AGN SDSS mag 19,5"
CSS110402:135906+554432,209.77425,55.7423,20110402.34,17.14,1104021550454132704,yes,13270,yes,2016-07-07,13270,yes,"Blazar GB6_B1357+5559 SDSS mag 20,0"
CSS120421:135954+263914,209.97516,26.65394,20120421.39,20.03,1204211260684121808,yes,12180,yes,2016-07-14,12180,yes,SN SDSS mag >22
CSS100415:140000+143633,209.99835,14.60921,20100415.41,18.63,1004151150734108242,yes,10824,no,2016-07-04,10824,yes,"Blazar SDSS mag 20,4"
CSS090513:140015+201730,210.06218,20.29163,20090513.29,18.98,905131210714108153,yes,8153,yes,2016-06-03,8153,no,"SN 2009fn SDSS mag 21,8 gal"
CSS120401:140026+473955,210.10755,47.66534,20120401.27,14.45,1204011460534140759,yes,14075,no,2016-07-07,14075,yes,HPM LHS_2839
CSS150401:140033+474144,210.13784,47.69551,20150401.3,12.52,1504011460534132127,yes,13212,no,2016-07-07,13212,yes,HPM LHS_2840
CSS150321:140101+005957,210.25375,0.9993,20150321.4,17.94,1503211010754116328,yes,11632,no,2016-07-06,11632,yes,"SN SDSS mag 19,1"
CSS160207:140112+454505,210.29793,45.7515,20160207.45,18.72,1602071460534108796,yes,10879,no,2016-07-07,10879,yes,HPM LSPM_J1401+4545
CSS110525:140118-112359,210.3259,-11.39986,20110525.28,18.5,1105250120744147105,yes,14710,no,2016-07-05,14710,yes,"SN SDSS mag 20,1"
CSS160427:140120+203240,210.33396,20.54432,20160427.25,20.11,1604271210714110765,yes,11076,no,2016-06-03,11076,yes,"AGN SDSS mag 21,3"
CSS111225:140122+161705,210.33996,16.28465,20111225.5,18.03,1112251150734136050,yes,13605,yes,2016-07-04,13605,yes,"SN SDSS mag 19,4"
CSS160614:140203+461334,210.51295,46.22611,20160614.2,14.78,1606141460534112713,yes,11271,no,2016-07-07,11271,yes,"CV SDSS mag 19,6"
CSS120424:140216-112108,210.56771,-11.35236,20120424.38,18.32,1204240120744152086,yes,15208,no,2016-07-05,15208,yes,"SN 2MASSX_140215 z=0,0362 mag 16,1"
CSS140310:140226-220401,210.61029,-22.06707,20140310.39,18.98,1403100210714110526,no,11052,no,2016-06-06,11052,yes,SN SDSS mag 21
CSS160707:140321+300755,210.83841,30.13205,20160707.27,17.09,1607071290674126131,yes,12613,no,2016-07-12,12613,yes,HPM 2MASS_J140322
CSS140402:140323+510956,210.84558,51.16551,20140402.32,18.91,1404021520484105910,yes,10591,no,2016-07-07,10591,yes,"AGN SDSS mag 20,4"
CSS140628:140359+120146,210.99623,12.02946,20140628.19,19.22,1406281120744111607,yes,11160,no,2016-07-04,11160,yes,"Flare SDSS mag 21,0"
CSS150325:140426+514417,211.10849,51.73799,20150325.47,17.72,1503251520484113874,yes,11387,no,2016-07-07,11387,yes,"SN (spec) SDSS mag 20,4"
CSS090423:140435+251701,211.14553,25.28363,20090423.35,20.07,904231230704147505,yes,47505,yes,2016-07-13,47505,no,"SN SDSS star? mag 21,7"
CSS080623:140454-102702,211.22493,-10.45056,20080623.23,16.51,806230090754110801,yes,10801,yes,2016-07-05,10801,no,"CV outburst DSS2 mag 19,9 SDSS"
CSS150124:140455+085515,211.22959,8.92073,20150124.51,15.83,1501241090754108157,yes,10815,no,2016-07-04,10815,yes,"SN (ASASSN-15ba) SDSS mag 17,6"
CSS110316:140535+273134,211.39522,27.52616,20110316.29,17.37,1103161260694125129,yes,12512,yes,2016-07-13,12512,yes,"Flare SDSS mag 22,9"
CSS140103:140537-012210,211.40326,-1.36949,20140103.55,17.86,1401030010764125017,yes,12501,no,2016-07-03,12501,yes,"SN (Master) SDSS mag 20,7"
CSS080312:140609+242013,211.53586,24.33681,20080312.39,19.25,803121230704128898,yes,28898,yes,2016-07-13,28898,no,SN SDSS mag >22
CSS120125:140617+003739,211.57266,0.6275,20120125.54,17.91,1201251010764111828,yes,11182,yes,2016-07-06,11182,yes,"SN SDSS mag 20,9"
CSS140628:140633+141922,211.63555,14.32281,20140628.2,17.51,1406281150734103537,yes,10353,no,2016-07-04,10353,yes,"Flare SDSS mag 20,7"
CSS160403:140640+464456,211.66648,46.74891,20160403.33,18.92,1604031460534124173,yes,12417,no,2016-07-07,12417,yes,"AGN SDSS mag 19,9"
CSS140326:140656+383642,211.73355,38.61157,20140326.42,13.72,1403261380614127858,yes,12785,no,2016-07-14,12785,yes,HPM LHS_364
CSS120401:140711+222253,211.79471,22.38152,20120401.36,19.87,1204011210724143746,yes,14374,no,2016-07-13,14374,yes,"SN SDSS 21,6"
CSS130429:140715+090322,211.81233,9.05619,20130429.4,19.5,1304291090754107901,yes,10790,no,2016-07-04,10790,yes,"SN (spec) SDSS mag 21,5"
CSS160417:140722+392349,211.84145,39.397,20160417.31,14.6,1604171380614134615,yes,13461,no,2016-07-14,13461,yes,HPM LHS_2861
CSS120614:140736+395925,211.90185,39.99039,20120614.27,19.34,1206141400594106740,yes,10674,yes,2016-07-14,10674,yes,SN SDSS mag >22
CSS090317:140750+363837,211.95729,36.64364,20090317.48,17.59,903171350634142473,yes,42473,yes,2016-07-14,42473,no,"SN 2009bp SDSS mag 19,6 gal"
CSS150313:140757-120646,211.98549,-12.11271,20150313.45,18.45,1503130120754134584,yes,13458,no,2016-07-05,13458,yes,SN SDSS mag 22
CSS130513:140757+105941,211.98907,10.99469,20130513.27,19.76,1305131090754143426,yes,14342,no,2016-07-04,14342,yes,"AGN SDSS mag 20,8"
CSS100215:140804+181149,212.01749,18.19695,20100215.41,20.32,1002151180734122272,yes,12227,yes,2016-06-03,12227,yes,"SN SDSS mag 22,3"
CSS120614:140807+580308,212.02786,58.05213,20120614.33,17.69,1206141570424120999,yes,12099,yes,2016-07-13,12099,yes,"SN SDSS mag 20,4"
CSS150613:140857+083611,212.23862,8.60308,20150613.28,19.07,1506131090754102244,yes,10224,no,2016-07-04,10224,yes,"SN (spec) SDSS mag 21,1"
CSS120113:140859+255011,212.24586,25.83643,20120113.54,17.49,1201131260694106174,yes,10617,yes,2016-07-13,10617,yes,SN (Master) SDSS mag >22
CSS110606:140915-011055,212.31372,-1.18187,20110606.26,18.8,1106060010764124342,yes,12434,no,2016-07-03,12434,yes,"SN 2011eu SDSS mag 20,3"
CSS140408:140935+004718,212.39492,0.7884,20140408.39,19.2,1404081010764113169,yes,11316,no,2016-07-06,11316,yes,"AGN SDSS mag 20,2"
CSS150214:140955+173155,212.47994,17.53207,20150214.46,17.1,1502141180734110155,yes,11015,no,2016-06-03,11015,yes,"SN (SNhunt278) NGC_5490 SDSS mag 11,9"
CSS080502:141002-124809,212.50921,-12.80243,20080502.32,16.9,805020120754126084,yes,26084,no,2016-07-05,26084,no,CV DSS mag 21
CSS080415:141102+240020,212.75724,24.00553,20080415.25,19.74,804151230704117806,yes,17806,no,2016-07-13,17806,no,SN SDSS >22 mag obj
CSS140222:141104+253050,212.76839,25.51387,20140222.52,17.68,1402221260694101890,yes,10189,no,2016-07-13,10189,yes,"SN (spec) SDSS mag 19,2"
CSS110405:141104+011153,212.76874,1.19808,20110405.44,19.9,1104051010764122544,yes,12254,no,2016-07-06,12254,yes,"SN SDSS mag 22,1"
CSS130324:141116+393637,212.81781,39.61034,20130324.35,19.42,1303241400594101724,yes,10172,no,2016-07-14,10172,yes,HPM 2MASS_J141117
CSS080424:141118-074450,212.82322,-7.74736,20080424.35,13.02,804240070764110297,no,10297,no,2016-07-06,10297,no,Maser IO Vir
CSS160708:141126+524925,212.85706,52.82354,20160708.22,18.04,1607081520484130475,yes,13047,no,2016-07-08,13047,yes,"Blazar SDSS mag 21,3"
CSS090526:141133+022221,212.88767,2.37259,20090526.23,18.1,905261010764141260,yes,41260,no,2016-07-06,41260,no,"UvES z=0,775 SDSS mag 19,9"
CSS100519:141142-134719,212.92385,-13.78868,20100519.24,18.67,1005190120754106709,yes,10670,yes,2016-07-05,10670,yes,"SN SDSS mag 22,1"
CSS140401:141208+101407,213.03345,10.23522,20140401.49,17.68,1404011090764123529,yes,12352,no,2016-07-09,12352,yes,"CV SDSS mag 21,4"
CSS090227:141241+130946,213.16975,13.16282,20090227.43,19.03,902271120754133203,yes,33203,yes,2016-06-07,33203,no,"SN 2009bn SDSS mag 20,4 gal"
CSS110512:141256+290215,213.2326,29.03761,20110512.38,18.89,1105121290674113405,yes,11340,no,2016-07-12,11340,yes,"SN SDSS mag 20,7"
CSS100318:141352+341514,213.46683,34.25391,20100318.38,20.37,1003181350634106417,yes,10641,no,2016-07-14,10641,yes,"Var SDSS mag 21,5"
CSS130324:141458+445025,213.74298,44.8403,20130324.48,18.9,1303241430574136850,yes,13685,no,2016-07-14,13685,yes,"SN SDSS mag 21,6"
CSS130317:141506+270848,213.7744,27.14659,20130317.35,19.15,1303171260694130687,yes,13068,no,2016-07-13,13068,yes,"SN (spec) SDSS mag 20,7"
CSS150208:141514+474715,213.80918,47.7874,20150208.5,15.45,1502081460544131909,yes,13190,no,2016-07-07,13190,yes,HPM LHS_365
CSS120614:141514+474717,213.81023,47.78795,20120614.3,15.49,1206141460544140072,yes,14007,no,2016-07-07,14007,yes,HPM LHS_365
CSS100706:141532-094356,213.88224,-9.7322,20100706.17,17.12,1007060090764128700,no,12870,yes,2016-07-05,12870,yes,"SN CSS mag 18,9"
CSS160406:141532+043919,213.88231,4.65528,20160406.39,12.77,1604061040774129136,yes,12913,no,2016-07-06,12913,yes,HPM L_1052-3
CSS150427:141535-070528,213.89782,-7.09099,20150427.34,20.07,1504270070764122223,no,12222,no,2016-07-06,12222,yes,AGN mag 21
CSS150413:141540+464138,213.9187,46.69388,20150413.36,20.45,1504131460544121854,yes,12185,no,2016-07-07,12185,yes,"SN SDSS mag 21,1"
CSS080305:141544-185806,213.93156,-18.96829,20080305.4,17.8,803050180744116182,yes,16182,no,2016-06-06,16182,no,"Flare SDSS mag >22,5"
CSS080306:141549+090354,213.95332,9.06512,20080306.32,18.58,803061090764110489,yes,10489,no,2016-07-09,10489,no,"Blazar radio RGB_J1415+090 SDSS 20,3 mag"
CSS150614:141657+242142,214.23774,24.36155,20150614.27,19.53,1506141230714128855,yes,12885,no,2016-07-13,12885,yes,"SN SDSS mag 21,0"
CSS080425:141712-180328,214.29992,-18.0577,20080425.33,15.17,804250180744124610,yes,24610,yes,2016-06-06,24610,no,"CV SDSS mag 20,3"
CSS130505:141730+264458,214.37686,26.74936,20130505.23,19.21,1305051260704123970,yes,12397,yes,2016-07-13,12397,yes,"Blazar SDSS mag 21,4"
CSS160508:141740+104903,214.41619,10.81756,20160508.39,20.03,1605081090764135686,yes,13568,no,2016-07-09,13568,yes,"Blazar 87GB_1415 SDSS mag 20,2"
CSS110703:141741+082232,214.42066,8.37568,20110703.17,18.17,1107031070764142675,yes,14267,no,2016-07-06,14267,yes,"SN SDSS mag >22,5"
CSS120327:141750+052004,214.45839,5.33436,20120327.41,19.19,1203271040774143775,yes,14377,no,2016-07-06,14377,yes,"SN SDSS mag 21,3"
CSS160704:141813+094726,214.5552,9.79056,20160704.19,19.43,1607041090764122295,yes,12229,no,2016-07-09,12229,yes,"SN SDSS mag 20,8"
CSS110512:141829+354249,214.61903,35.71369,20110512.38,18.36,1105121350644129864,yes,12986,yes,2016-07-11,12986,yes,"Blazar SDSS mag 19,7"
CSS130307:141841+123338,214.6729,12.56052,20130307.41,19.55,1303071120764123699,yes,12369,no,2016-07-09,12369,yes,"AGN SDSS mag 20,2"
CSS120327:141850-243305,214.70664,-24.55128,20120327.38,16.48,1203270230714118652,no,11865,no,2016-05-09,11865,yes,"CV mag 20,0"
CSS080314:141858+144617,214.74114,14.77145,20080314.41,19.68,803141150744110285,yes,10285,no,2016-07-04,10285,no,"AGN SDSS 21,1 mag star"
CSS150214:141910-071824,214.79125,-7.30654,20150214.49,12.68,1502140070764121999,no,12199,no,2016-07-06,12199,yes,HPM Wolf_534
CSS100601:141922-083830,214.84344,-8.64179,20100601.25,16.85,1006010090764153269,no,15326,yes,2016-07-05,15326,yes,"Blazar mag 18,5"
CSS090530:141934+024446,214.89136,2.74598,20090530.23,18.84,905301010774147535,yes,47535,yes,2016-07-06,47535,no,"SN 2009gp SDSS mag 22,2 gal"
CSS140430:141935+343113,214.89713,34.5202,20140430.36,17.85,1404301350644109127,yes,10912,no,2016-07-11,10912,yes,"SN SDSS mag 19,3"
CSS080906:141952+255556,214.96502,25.9322,20080906.11,18.4,809061260704105213,yes,5213,no,2016-07-13,5213,no,"SN SDSS mag 20,6"
CSS150123:142012+005908,215.05011,0.9855,20150123.52,18.78,1501231010774118119,yes,11811,no,2016-07-06,11811,yes,"AGN SDSS mag 21,2"
CSS090530:142021+291159,215.08881,29.19982,20090530.32,19.05,905301290684115884,yes,15884,yes,2016-07-12,15884,no,"SN SDSS mag 21,4 gal"
CSS150409:142023+251255,215.0944,25.21519,20150409.44,18.58,1504091230714131557,yes,13155,no,2016-07-13,13155,yes,SN SDSS mag >22
CSS130324:142039+460231,215.16076,46.04204,20130324.47,13.61,1303241460544112317,yes,11231,no,2016-07-07,11231,yes,HPM LHS_2897
CSS140421:142042+031602,215.17376,3.26709,20140421.38,18.11,1404211040774107611,yes,10761,no,2016-07-06,10761,yes,"SN (spec) SDSS mag 19,8"
CSS160706:142051+365721,215.21266,36.95582,20160706.3,14.41,1607061380624103568,yes,10356,no,2016-07-11,10356,yes,HPM LHS_370
CSS140512:142051+365720,215.21377,36.95569,20140512.35,14.35,1405121380624103332,yes,10333,no,2016-07-11,10333,yes,HPM LHS_370
CSS110610:142052+365720,215.21512,36.95551,20110610.27,14.41,1106101380624102629,yes,10262,no,2016-07-11,10262,yes,HPM LHS_370
CSS130415:142055+474231,215.23082,47.70862,20130415.39,13.75,1304151460544143236,yes,14323,no,2016-07-07,14323,yes,HPM LHS_2898
CSS130418:142115+613416,215.31304,61.57109,20130418.38,18.27,1304181600404137815,yes,13781,no,2016-07-13,13781,yes,"SN (spec) SDSS mag 14,3"
CSS150512:142127+352632,215.362,35.44221,20150512.24,18.68,1505121350644125481,yes,12548,no,2016-07-11,12548,yes,"AGN SDSS mag 20,5"
CSS120126:142127-173046,215.36393,-17.51281,20120126.53,18.69,1201260180744150980,yes,15098,yes,2016-06-06,15098,yes,SN SDSS mag >22
CSS130521:142131+412619,215.38099,41.43869,20130521.28,14.72,1305211400604125044,yes,12504,no,2016-07-12,12504,yes,HPM LHS_2902
CSS150614:142139+265731,215.41224,26.95875,20150614.29,17.92,1506141260704124597,yes,12459,no,2016-07-13,12459,yes,CV (spec) SDSS mag >22
CSS090319:142155+260102,215.47763,26.01723,20090319.36,18.44,903191260704110940,yes,10940,yes,2016-07-13,10940,no,"SN 2009db SDSS mag 19,6"
CSS080623:142206+334546,215.52405,33.7628,20080623.26,18.33,806231320664126667,yes,26667,yes,2016-07-12,26667,no,"SN (P60) SDSS mag >22,5 object"
CSS140401:142226+463714,215.60679,46.62061,20140401.42,18.76,1404011460544121376,yes,12137,no,2016-07-07,12137,yes,"AGN SDSS mag 19,8"
CSS080505:142258-064050,215.74114,-6.68062,20080505.26,19.01,805050070774131184,no,31184,no,2016-07-06,31184,no,"SN PQ mag 20,5 obj"
CSS120225:142324+045348,215.85005,4.89669,20120225.51,14.94,1202251040774141275,yes,14127,yes,2016-07-06,14127,yes,"Flare SDSS mag 20,2"
CSS090523:142406+074610,216.02513,7.76952,20090523.15,18.17,905231070774139913,yes,39913,no,2016-07-06,39913,no,"SN 2009ft ZW_VIII_411 SDSS_mag 15,3 z=0,056"
CSS160314:142410+155928,216.04001,15.99118,20160314.46,18.18,1603141150754129427,yes,12942,no,2016-07-10,12942,yes,"SN (PS16bbi) SDSS mag 19,9"
CSS130430:142422+093357,216.09189,9.56575,20130430.39,18.38,1304301090774115713,yes,11571,no,2016-07-09,11571,yes,Comet (McNaught)
CSS140323:142422-073807,216.09333,-7.6352,20140323.51,18.18,1403230070774114008,no,11400,no,2016-07-06,11400,yes,"AGN mag 19,5"
CSS080228:142427-063345,216.11094,-6.56245,20080228.48,18.71,802280070774129096,no,29096,no,2016-07-06,29096,no,"SN mag 21 PQ, DSS gal?"
CSS140702:142452+325736,216.21534,32.96005,20140702.27,19.11,1407021320674127597,yes,12759,no,2016-07-12,12759,yes,"SN SDSS mag 21,6"
CSS130503:142513+155328,216.30616,15.89109,20130503.35,19.29,1305031150754125877,yes,12587,no,2016-07-10,12587,yes,AGN SDSS mag 20
CSS140510:142515-015828,216.31375,-1.97452,20140510.3,19.28,1405100010774111854,yes,11185,no,2016-07-03,11185,yes,"SN SDSS mag 21,1"
CSS110628:142548+151502,216.45022,15.25049,20110628.27,17.21,1106281150754114905,yes,11490,no,2016-07-10,11490,yes,"CV SDSS mag 21,6"
CSS130608:142555-223805,216.47854,-22.63482,20130608.24,16.53,1306080230714155739,yes,15573,no,2016-05-09,15573,yes,"CV SDSS mag 21,7"
CSS150401:142617+151203,216.57115,15.20085,20150401.33,18.0,1504011150754113788,yes,11378,no,2016-07-10,11378,yes,AGN mag 19
CSS160429:142624-133325,216.59909,-13.55702,20160429.28,18.54,1604290120764109443,no,10944,no,2016-06-02,10944,yes,SN CFHT mag 23
CSS150614:142631+342823,216.62788,34.47315,20150614.31,19.49,1506141350644109392,yes,10939,no,2016-07-11,10939,yes,"SN (Gaia15aey) SDSS mag 21,5"
CSS090523:142647+123529,216.69767,12.59143,20090523.15,18.44,905231120764123549,yes,23549,yes,2016-07-09,23549,no,SN (p60) SDSS mag 22 gal_near_star
CSS090523:142758+112434,216.99209,11.40942,20090523.15,18.25,905231120764103071,yes,3071,yes,2016-07-09,3071,no,"SN 2009gm (p60) no SDSS >22,5"
CSS160415:142810+233031,217.04185,23.50856,20160415.33,17.82,1604151230724114153,yes,11415,no,2016-07-13,11415,yes,"Flare SDSS mag 21,4"
CSS140323:142836-103220,217.14926,-10.53897,20140323.51,18.24,1403230090774112559,no,11255,no,2016-07-05,11255,yes,"AGN mag 19,0"
CSS160204:142840+315318,217.16795,31.88831,20160204.52,19.48,1602041320674113252,yes,11325,no,2016-07-12,11325,yes,"SN SDSS mag 21,3"
CSS100516:142856+201904,217.234,20.31778,20100516.29,19.44,1005161210744109926,yes,10992,yes,2016-07-13,10992,yes,"SN 2010dk SDSS mag 20,8"
CSS110316:142905+415445,217.271,41.91241,20110316.32,17.79,1103161400604128161,yes,12816,yes,2016-07-12,12816,yes,"SN 2011ai (Briggs) z=0,035 SDSS mag"
CSS110405:142921+012712,217.33863,1.4532,20110405.43,13.64,1104051010784130380,yes,13038,no,2016-07-07,13038,yes,"Mira mag 14,5"
CSS120129:142925+425721,217.35334,42.95586,20120129.48,18.95,1201291430584111851,yes,11185,yes,2016-07-12,11185,yes,"AGN SDSS mag 19,6"
CSS100603:142927+113909,217.36416,11.65246,20100603.25,19.57,1006031120774105805,yes,10580,yes,2016-07-09,10580,yes,"SN SDSS mag 22,4"
CSS140607:142936+322630,217.40107,32.44168,20140607.37,18.32,1406071320674118715,yes,11871,no,2016-07-12,11871,yes,"CV (spec) SDSS mag 20,7"
CSS140607:143020+315803,217.58435,31.96757,20140607.37,19.73,1406071320674112652,yes,11265,no,2016-07-12,11265,yes,"Blazar (GB2_1428+321) SDSS mag 21,1"
CSS130103:143028+103648,217.61863,10.61334,20130103.55,19.12,1301031090774135654,yes,13565,no,2016-07-09,13565,yes,"SN SDSS mag 20,5"
CSS160207:143036+594327,217.65057,59.72428,20160207.43,14.87,1602071600404106933,yes,10693,no,2016-07-13,10693,yes,HPM GJ_3855
CSS150214:143046-121256,217.6922,-12.21545,20150214.52,17.31,1502140120774137712,no,13771,no,2016-07-05,13771,yes,CV (ASASSN-15ai) mag 21
CSS140422:143054+054208,217.7255,5.70209,20140422.29,18.98,1404221070774101435,yes,10143,no,2016-07-06,10143,yes,"AGN SDSS mag 20,8"
CSS080624:143057+222154,217.73557,22.36488,20080624.3,19.15,806241210744127594,yes,27594,yes,2016-07-13,27594,no,"SN SDSS mag 21,8 gal"
CSS130307:143057+121347,217.73563,12.22972,20130307.41,19.65,1303071120774117560,yes,11756,no,2016-07-09,11756,yes,"AGN mag 20,7"
CSS090317:143141+351058,217.92081,35.1828,20090317.48,20.12,903171350654121840,yes,21840,yes,2016-07-11,21840,no,"SN SDSS mag 22,0 gal"
CSS080425:143143-032520,217.92939,-3.42235,20080425.41,18.72,804250040784123523,yes,23523,no,2016-07-03,23523,no,CV PQ mag >21
CSS150313:143239-021229,218.16217,-2.20803,20150313.51,19.48,1503130010784109291,yes,10929,no,2016-07-03,10929,yes,"SN SDSS mag 21,4"
CSS130403:143242+120535,218.1754,12.09303,20130403.43,17.27,1304031120774114435,yes,11443,no,2016-07-09,11443,yes,"Flare SDSS mag 19,5"
CSS130307:143244+095312,218.18507,9.88676,20130307.37,14.07,1303071090774127988,yes,12798,no,2016-07-09,12798,yes,SN (LOSS) 2013ab
CSS130610:143310+335422,218.29253,33.90599,20130610.3,19.98,1306101350654101335,yes,10133,no,2016-07-11,10133,yes,"AGN SDSS mag 20,6"
CSS140524:143327+200034,218.36148,20.0094,20140524.27,17.26,1405241210744104954,yes,10495,no,2016-07-13,10495,yes,"SN SDSS mag 14,2"
CSS130507:143359+401423,218.49501,40.23974,20130507.32,16.17,1305071400614115655,yes,11565,no,2016-07-12,11565,yes,"SN (Master) UGC_9379 mag 14,5"
CSS120425:143440+195201,218.66588,19.86692,20120425.25,17.75,1204251210744104178,yes,10417,yes,2016-07-13,10417,yes,"Blazar PKS_1432+200 z=1,38 SDSS mag 19,7"
CSS080329:143500-004606,218.75094,-0.76842,20080329.41,15.1,803290010784136859,yes,36859,yes,2016-07-03,36859,no,"CV SDSS mag 18,4 OU Vir"
CSS120421:143501-071918,218.75316,-7.32162,20120421.36,18.86,1204210070784125022,no,12502,yes,2016-07-06,12502,yes,SN mag 21
CSS160302:143507+165348,218.78001,16.89666,20160302.37,13.87,1603021150764141416,yes,14141,no,2016-07-10,14141,yes,HPM LHS_376
CSS130410:143507+165349,218.78099,16.89693,20130410.46,13.83,1304101150764142626,yes,14262,no,2016-07-10,14262,yes,HPM LHS_376
CSS150513:143508+132119,218.78131,13.35518,20150513.34,19.55,1505131120774133909,yes,13390,no,2016-07-09,13390,yes,"QSO SDSS mag 20,1"
CSS140505:143511+134946,218.79392,13.82958,20140505.32,20.4,1405051120774137956,yes,13795,no,2016-07-09,13795,yes,"SN (spec) SDSS mag 21,6"
CSS130406:143559+303527,218.99511,30.59087,20130406.38,19.23,1304061290694140971,yes,14097,no,2016-07-12,14097,yes,"AGN SDSS mag 20,1"
CSS140311:143605+022034,219.02069,2.34275,20140311.48,18.88,1403111010784143195,yes,14319,no,2016-07-07,14319,yes,"SN (2014T) SDSS mag 20,4"
CSS130307:143649+120026,219.20287,12.00729,20130307.41,18.81,1303071120774113499,yes,11349,no,2016-07-09,11349,yes,"AGN SDSS mag 20,8"
CSS110327:143650+230150,219.20766,23.03067,20110327.35,18.56,1103271230724108822,yes,10882,yes,2016-07-13,10882,yes,"SN 2011bs SDSS mag 21,7"
CSS111230:143658+163057,219.23971,16.51573,20111230.52,18.85,1112301150764143883,yes,14388,yes,2016-07-10,14388,yes,SN SDSS mag >22
CSS120220:143714+064758,219.30854,6.79945,20120220.53,19.41,1202201070784120151,yes,12015,no,2016-07-07,12015,yes,"AGN SDSS mag 20,9"
CSS080401:143716+151756,219.31593,15.29882,20080401.43,18.54,804011150764118274,yes,18274,no,2016-07-10,18274,no,"SN SDSS mag 20,0 gal"
CSS120618:143731+073645,219.37733,7.6124,20120618.3,18.62,1206181070784131643,yes,13164,no,2016-07-07,13164,yes,"Blazar SDSS mag 20,2"
CSS130217:143757+015640,219.48692,1.94432,20130217.52,18.9,1302171010794138638,yes,13863,no,2016-07-07,13863,yes,"Blazar SDSS mag 19,8"
CSS150429:143810+640834,219.54093,64.14264,20150429.26,17.49,1504291630374126225,yes,12622,no,2016-07-10,12622,yes,HPM 2MASS_J143808
CSS120516:143823+232055,219.59784,23.34863,20120516.36,17.53,1205161230724111724,yes,11172,no,2016-07-13,11172,yes,SN 2012ci IC_4475 SDSS mag 13
CSS120419:143825+175814,219.60536,17.97057,20120419.36,19.74,1204191180764119622,yes,11962,no,2016-07-10,11962,yes,"SN SDSS mag 22,1"
CSS090731:143854+371035,219.72329,37.1765,20090731.18,17.43,907311380634104253,yes,4253,yes,2016-07-11,4253,yes,"Blazar SDSS mag 21,5 CGRaBS/CRATES_J143853+371026"
CSS110429:143859+125116,219.74676,12.85449,20110429.33,19.75,1104291120774130563,yes,13056,no,2016-07-09,13056,yes,"SN SDSS mag 22,0"
CSS120327:143900+131722,219.74835,13.28954,20120327.43,19.42,1203271120774136078,yes,13607,no,2016-07-09,13607,yes,"Flare SDSS mag 22,0"
CSS120612:143900+183923,219.75097,18.6564,20120612.28,16.55,1206121180764126679,yes,12667,no,2016-07-10,12667,yes,HPM
CSS150328:143910+273149,219.79116,27.53033,20150328.48,19.07,1503281260714134487,yes,13448,no,2016-07-13,13448,yes,"SN SDSS mag 21,7"
CSS110209:143913-005521,219.80482,-0.92257,20110209.5,18.85,1102090010794130412,yes,13041,no,2016-07-03,13041,yes,"SN SDSS mag 23,0"
CSS150507:143927+192922,219.86167,19.48942,20150507.41,17.51,1505071180764136452,yes,13645,no,2016-07-10,13645,yes,HPM 2MASS_J143928
CSS090417:143939-071843,219.91051,-7.31189,20090417.41,18.66,904170070784121481,no,21481,yes,2016-07-06,21481,no,"SN (P60) mag 21,5 PQ obj"
CSS120529:143947+495805,219.9458,49.96812,20120529.33,16.97,1205291490534127415,yes,12741,yes,2016-07-13,12741,yes,Blazar BZB_J1439+4958
CSS150227:143957-153151,219.98692,-15.5307,20150227.51,16.6,1502270150764128145,no,12814,no,2016-07-05,12814,yes,Blazar PKS_1437-153
CSS090530:144011+494734,220.04601,49.79271,20090530.3,15.7,905301490534130920,yes,30920,yes,2016-07-13,30920,no,"CV SDSS mag 21,0"
CSS140326:144029+363004,220.11876,36.50115,20140326.36,19.74,1403261350654139683,yes,13968,no,2016-07-11,13968,yes,"AGN SDSS mag 21,8"
CSS090531:144038-221410,220.15882,-22.23601,20090531.26,17.28,905310210754108156,no,8156,yes,2016-06-05,8156,no,CV DSS blue obj mag 21
CSS120612:144052+191209,220.21787,19.20259,20120612.28,18.87,1206121180764135782,yes,13578,no,2016-07-10,13578,yes,Comet C/2007_D1_LINEAR
CSS160516:144053+500826,220.22222,50.14056,20160516.24,14.41,1605161490534127874,yes,12787,no,2016-07-13,12787,yes,HPM G_200-54
CSS090131:144115-035453,220.31189,-3.91485,20090131.49,18.71,901310040794132056,no,32056,yes,2016-07-03,32056,no,"SN PQ mag 20,5 source"
CSS130515:144134-202021,220.38978,-20.33912,20130515.31,18.14,1305150210754151010,no,15101,no,2016-06-05,15101,yes,"SN mag 20,5"
CSS110311:144136+215746,220.40097,21.96282,20110311.48,19.31,1103111210754143894,yes,14389,yes,2016-07-13,14389,yes,"AGN SDSS mag 20,0"
CSS130406:144217+235124,220.56918,23.85671,20130406.38,19.5,1304061230734125608,yes,12560,yes,2016-07-13,12560,yes,"SN SDSS mag 21,8"
CSS130516:144226-113528,220.60834,-11.59113,20130516.28,17.6,1305160120784151500,no,15150,no,2016-07-05,15150,yes,"CV (spec) mag >21,5"
CSS110426:144243+261453,220.681,26.24794,20110426.28,19.18,1104261260724113314,yes,11331,yes,2016-07-13,11331,yes,"AGN mag 21,4"
CSS120417:144252-225040,220.71677,-22.84435,20120417.36,14.87,1204170230734168358,no,16835,no,2016-06-05,16835,yes,CV mag 21
CSS130905:144304+170637,220.76674,17.11017,20130905.15,14.96,1309051180764103420,yes,10342,no,2016-07-10,10342,yes,HPM LHS_2967
CSS100115:144317-010222,220.81889,-1.03946,20100115.55,17.29,1001150010794131113,yes,13111,no,2016-07-03,13111,yes,"CV (spec) SDSS mag 21,9"
CSS150612:144330+081221,220.87615,8.20583,20150612.3,18.61,1506121070784143564,yes,14356,no,2016-07-07,14356,yes,"CV SDSS mag 21,2"
CSS120316:144342-074042,220.92423,-7.67847,20120316.39,18.97,1203160070784118493,yes,11849,no,2016-07-06,11849,yes,AGN mag 21
CSS090418:144342-175550,220.92467,-17.93056,20090418.36,13.56,904180180764143130,no,43130,no,2016-06-05,43130,no,"CV mag 20,0 obj"
CSS100513:144343+035816,220.92854,3.97118,20100513.39,16.78,1005131040794117717,yes,11771,no,2016-07-07,11771,yes,"SN 2010cy SDSS mag 18,4 gal"
CSS110311:144354+202212,220.97582,20.36995,20110311.48,19.56,1103111210754112475,yes,11247,yes,2016-07-13,11247,yes,"AGN SDSS mag 20,6"
CSS150214:144357+250144,220.98714,25.02899,20150214.47,17.46,1502141230734143607,yes,14360,no,2016-07-13,14360,yes,Blazar PKS_1441+25
CSS150414:144417-201956,221.07161,-20.33218,20150414.38,16.63,1504140210754152478,no,15247,no,2016-06-05,15247,yes,HPM 2MASS_J144420
CSS140323:144417-201954,221.07244,-20.33161,20140323.46,16.46,1403230210754151474,no,15147,no,2016-06-05,15147,yes,HPM 2MASS_J14442
CSS130515:144418-201952,221.07314,-20.33099,20130515.31,16.45,1305150210754151386,no,15138,no,2016-06-05,15138,yes,HPM 2MASS_J144420
CSS120316:144418-201950,221.07415,-20.33046,20120316.47,16.45,1203160210754158388,no,15838,no,2016-06-05,15838,yes,HPM 2MASS_J144421
CSS110309:144418-201947,221.07506,-20.32983,20110309.44,16.65,1103090210754157685,no,15768,no,2016-06-05,15768,yes,HPM 2MASS_J14442067
CSS090418:144418-201944,221.07662,-20.32891,20090418.36,16.5,904180210754153893,no,53893,no,2016-06-05,53893,no,HPM subdwarf star
CSS140425:144419+484228,221.07889,48.70786,20140425.43,15.13,1404251490534111884,yes,11188,no,2016-07-13,11188,yes,"Flare SDSS mag 17,0"
CSS090425:144442+494345,221.17537,49.72929,20090425.37,18.8,904251490534131582,yes,31582,yes,2016-07-13,31582,no,"SN 2009dr (PTF) SDSS mag >22,5"
CSS120424:144453-131118,221.22107,-13.18834,20120424.38,14.36,1204240120784120240,no,12024,no,2016-07-05,12024,yes,"CV mag 20,0"
CSS120525:144503+272641,221.26336,27.44469,20120525.22,19.5,1205251260724133170,yes,13317,no,2016-07-13,13317,yes,AGN SDSS mag 20
CSS140311:144531+042954,221.37738,4.49821,20140311.52,19.09,1403111040794128325,yes,12832,no,2016-07-07,12832,yes,"SN SDSS mag 20,4"
CSS120229:144547-060034,221.44444,-6.00948,20120229.48,16.53,1202290070794150520,yes,15052,no,2016-07-06,15052,yes,"CV mag 19,8"
CSS120303:144553-162902,221.4722,-16.48386,20120303.47,18.07,1203030150774108166,no,10816,yes,2016-07-05,10816,yes,"Blazar mag 19,5"
CSS100217:144559+200820,221.49433,20.13901,20100217.49,19.18,1002171210754109063,yes,10906,no,2016-07-13,10906,yes,"AGN SDSS mag 20,4"
CSS160403:144603+352730,221.5121,35.45844,20160403.38,19.98,1604031350664126042,yes,12604,no,2016-07-11,12604,yes,"SN SDSS mag 21,8"
CSS090403:144702+095737,221.75996,9.96039,20090403.35,18.19,904031090794128910,yes,28910,yes,2016-07-09,28910,no,"SN 2009ea SDSS mag 17,2 gal"
CSS130512:144703+034951,221.76236,3.83075,20130512.3,18.29,1305121040794120539,yes,12053,yes,2016-07-07,12053,yes,SN SDSS mag >22
CSS160416:144706+460322,221.77296,46.05615,20160416.38,18.33,1604161460564112459,yes,11245,no,2016-07-12,11245,yes,"SN (Gaia16ajn) SDSS mag 20,6"
CSS120618:144707+043629,221.77868,4.60812,20120618.3,15.04,1206181040794128810,yes,12881,no,2016-07-07,12881,yes,LPV
CSS160302:144724-174221,221.85046,-17.70596,20160302.52,16.2,1603020180764137922,no,13792,no,2016-06-05,13792,yes,HPM GJ_3866
CSS090619:144727+055353,221.86149,5.89817,20090619.28,18.24,906191070794103555,yes,3555,yes,2016-07-07,3555,yes,"SN SDSS mag 20,3 gal"
CSS110501:144740+514105,221.91479,51.68464,20110501.38,18.36,1105011520504112888,yes,11288,no,2016-07-13,11288,yes,"SN 2011cw SDSS mag 21,3"
CSS130520:144744+320808,221.93462,32.13551,20130520.23,19.27,1305201320684115928,yes,11592,no,2016-07-12,11592,yes,"AGN SDSS mag 21,1"
CSS160302:144817+171236,222.06956,17.20989,20160302.34,19.12,1603021180764104503,yes,10450,no,2016-07-10,10450,yes,"SN (ASASSN-15uk) SDSS mag 20,4"
CSS160613:144820+551729,222.08232,55.29152,20160613.33,18.82,1606131550474124364,yes,12436,no,2016-07-13,12436,yes,"AGN SDSS mag 20,0"
CSS090802:144910+292510,222.29202,29.41956,20090802.15,19.04,908021290704111154,yes,11154,yes,2016-07-12,11154,yes,"SN 2009jh SDSS mag 20,6"
CSS130605:144951+443232,222.46104,44.5422,20130605.32,19.77,1306051430594137532,yes,13753,no,2016-07-12,13753,yes,"AGN SDSS mag 21,1"
CSS140312:145019-212614,222.58112,-21.43715,20140312.52,18.55,1403120210754128318,no,12831,no,2016-06-05,12831,yes,"Flare (spec) mag 20,5"
CSS160331:145029-083902,222.61912,-8.65054,20160331.44,14.34,1603310090794153071,yes,15307,no,2016-07-05,15307,yes,HPM LHS_381
CSS140107:145029-083859,222.61934,-8.64971,20140107.52,14.16,1401070090794151988,yes,15198,no,2016-07-05,15198,yes,HPM LHS_381
CSS120525:145031+091028,222.62992,9.17442,20120525.24,16.99,1205251090794110609,yes,11060,yes,2016-07-09,11060,yes,"Blazar z=2,611 SDSS mag 19,7"
CSS160509:145038+640329,222.66002,64.05805,20160509.39,14.46,1605091630384130020,no,13002,no,2016-07-10,13002,yes,"CV KV_Dra mag 17,3"
CSS110311:145046+165905,222.68995,16.9846,20110311.48,19.26,1103111180774101327,yes,10132,yes,2016-07-10,10132,yes,"AGN SDSS mag 20,1"
CSS080301:145105-075952,222.77136,-7.99774,20080301.43,19.44,803010070794109462,yes,9462,no,2016-07-06,9462,no,"SN SDSS mag 21,4 gal"
CSS130603:145223+353656,223.09582,35.61559,20130603.32,19.95,1306031350664132920,yes,13292,no,2016-07-11,13292,yes,Flare SDSS mag >22
CSS080412:145240+010342,223.1674,1.06163,20080412.39,19.8,804121010804117759,yes,17759,no,2016-07-07,17759,no,SN (MLS) SDSS mag >22 obj
CSS160303:145319+350539,223.32728,35.0943,20160303.44,17.82,1603031350664116271,yes,11627,no,2016-07-11,11627,yes,"Blazar 87GB_145118 SDSS mag 19,7"
CSS130509:145320+084832,223.33405,8.80883,20130509.36,20.11,1305091090794106174,yes,10617,yes,2016-07-09,10617,yes,SN SDSS mag >22
CSS111231:145323+025743,223.34586,2.96198,20111231.54,16.85,1112311040804104408,yes,10440,yes,2016-07-07,10440,yes,"SN 2011jt CGCG_048-051 SDSS mag 14,9"
CSS110328:145354+264834,223.4733,26.80933,20110328.37,17.85,1103281260734125627,yes,12562,yes,2016-07-11,12562,yes,"Blazar B2_1451+26 SDSS mag 19,7"
CSS120224:145405+220541,223.52136,22.09461,20120224.53,17.6,1202241210764144227,yes,14422,yes,2016-07-11,14422,yes,"SN 2012aq SDSS mag 20,7"
CSS150327:145409+010804,223.5355,1.13437,20150327.48,19.31,1503271010804119874,yes,11987,no,2016-07-07,11987,yes,"Flare SDSS mag 21,1"
CSS120921:145419+530735,223.57833,53.12635,20120921.12,18.46,1209211520514132992,yes,13299,no,2016-07-12,13299,yes,"Flare SDSS mag 20,2"
CSS110501:145427+512434,223.61303,51.40934,20110501.38,16.26,1105011520514108884,yes,10888,yes,2016-07-12,10888,yes,"Blazar SBS_1452+516 z=1,08"
CSS080111:145436-051254,223.64988,-5.21494,20080111.49,18.21,801110040804109051,no,9051,yes,2016-07-03,9051,no,SN PQ ~21 mag source
CSS160608:145438+001732,223.65725,0.29226,20160608.16,19.26,1606081010804105155,yes,10515,no,2016-07-07,10515,yes,"Flare SDSS mag 21,1"
CSS100407:145502+143815,223.75931,14.63762,20100407.42,15.74,1004071150784109051,yes,10905,yes,2016-07-10,10905,yes,"CV SDSS mag 20,0"
CSS160302:145516+184309,223.81815,18.71911,20160302.34,18.1,1603021180774128931,yes,12893,no,2016-07-10,12893,yes,"SN SDSS mag 20,1"
CSS160310:145535-153409,223.89526,-15.56903,20160310.49,14.0,1603100150784129490,no,12949,no,2016-07-05,12949,yes,HPM LHS_385
CSS140120:145535-153405,223.89582,-15.56819,20140120.53,13.78,1401200150784129813,no,12981,no,2016-07-05,12981,yes,HPM LHS_385
CSS120123:145535-153402,223.89622,-15.56729,20120123.53,13.79,1201230150784136277,no,13627,no,2016-07-05,13627,yes,"HPM LHS_385 mag 14,0"
CSS130503:145553+112816,223.97281,11.47115,20130503.38,15.56,1305031120794103182,yes,10318,no,2016-07-09,10318,yes,"CV SDSS mag 20,2"
CSS120303:145555-111957,223.9779,-11.33258,20120303.51,17.69,1203030120794158924,no,15892,no,2016-07-05,15892,yes,"CV mag 20,5"
CSS120417:145603-220515,224.01217,-22.0874,20120417.38,17.19,1204170210764114312,no,11431,yes,2016-06-05,11431,yes,"Flare mag 18,5"
CSS110406:145607+232250,224.02858,23.3806,20110406.39,18.73,1104061230744115200,yes,11520,no,2016-07-11,11520,yes,"AGN SDSS mag 20,2"
CSS080514:145613+185115,224.05531,18.85427,20080514.18,18.41,805141180774123041,yes,23041,yes,2016-07-10,23041,no,SN (SNF20080510-001) SDSS mag >22
CSS120611:145635+394104,224.14479,39.68432,20120611.3,19.08,1206111400624102259,yes,10225,no,2016-07-12,10225,yes,"SN SDSS mag 20,5"
CSS130421:145636+174410,224.1493,17.73624,20130421.34,16.25,1304211180774111949,yes,11194,yes,2016-07-10,11194,yes,"SN SDSS mag 17,3"
CSS140423:145639+172739,224.16045,17.46076,20140423.33,19.73,1404231180774109380,yes,10938,no,2016-07-10,10938,yes,"AGN SDSS mag 20,7"
CSS160530:145659+682116,224.24677,68.35434,20160530.35,18.15,1605301690314108377,no,10837,no,2016-07-07,10837,yes,"SN mag 20,5"
CSS120614:145703+485357,224.26178,48.89904,20120614.3,18.73,1206141490544113083,yes,11308,yes,2016-07-13,11308,yes,"SN SDSS mag 20,3"
CSS120302:145707+051018,224.27802,5.17175,20120302.41,19.19,1203021040804135302,yes,13530,yes,2016-07-07,13530,yes,"SN SDSS mag 21,7"
CSS080302:145726+232348,224.35921,23.39671,20080302.47,19.37,803021230744111099,yes,11099,yes,2016-07-11,11099,no,"SN 2008av SDSS mag 16,5 2MASX_J14572647"
CSS120225:145727+051603,224.36243,5.26763,20120225.52,16.69,1202251040804151905,yes,15190,yes,2016-07-07,15190,yes,"LPV SDSS mag 18,5"
CSS100505:145745+404341,224.43649,40.72794,20100505.44,13.88,1005051400624118443,yes,11844,yes,2016-07-12,11844,yes,"CV SDSS mag 19,3 TT_Boo"
CSS120622:145749-244059,224.45522,-24.68311,20120622.2,17.63,1206220230744119534,no,11953,no,2016-06-05,11953,yes,CV mag 21
CSS090513:145808+022603,224.53329,2.43426,20090513.27,18.25,905131010804141890,yes,41890,no,2016-07-07,41890,no,"SN 2009eo SDSS mag 14,8 z=0,044"
CSS110513:145842-265835,224.6767,-26.97631,20110513.29,17.61,1105130260734133788,no,13378,no,2016-05-08,13378,yes,CV mag >21
CSS110520:145852-154857,224.71496,-15.81578,20110520.26,15.89,1105200150784122250,no,12225,no,2016-07-05,12225,yes,"CV mag 19,8"
CSS110514:145857+655408,224.73547,65.90232,20110514.32,16.94,1105141660354112704,no,11270,no,2016-07-07,11270,yes,"SN 2011dc mag 17,5"
CSS110414:145909+071804,224.78856,7.30117,20110414.33,15.81,1104141070804123992,yes,12399,yes,2016-07-07,12399,yes,"SN 2011cg SDSS mag 19,2"
CSS140403:145913+113054,224.80597,11.51499,20140403.48,19.62,1404031120794103895,yes,10389,no,2016-07-09,10389,yes,"AGN SDSS mag 21,4"
CSS110613:145922+354806,224.84101,35.80164,20110613.31,15.71,1106131350674124017,yes,12401,no,2016-07-11,12401,yes,"CV SDSS mag 21,1"
CSS120527:145939-171609,224.91251,-17.26908,20120527.22,18.55,1205270180774158082,no,15808,yes,2016-06-02,15808,yes,Blazar NVSS_J145939-171608
CSS160510:145942+040508,224.92538,4.08567,20160510.3,17.54,1605101040804123978,yes,12397,no,2016-07-07,12397,yes,"SN (2016bli) SDSS mag 17,6"
CSS140619:150001+402208,225.00382,40.36879,20140619.3,19.41,1406191400624112313,yes,11231,no,2016-07-12,11231,yes,"SN SDSS mag 20,9"
CSS150421:150002+360018,225.00913,36.0049,20150421.42,18.96,1504211350674136634,yes,13663,no,2016-07-11,13663,yes,HPM MFL_150003
CSS120610:150015+263538,225.06303,26.59398,20120610.26,20.22,1206101260734119158,yes,11915,no,2016-07-11,11915,yes,"AGN SDSS mag 22,2"
CSS120416:150049-084447,225.20544,-8.74638,20120416.39,15.64,1204160090804156953,yes,15695,no,2016-07-05,15695,yes,"CV SDSS mag 19,1"
CSS090422:150104+431314,225.2668,43.22054,20090422.36,18.48,904221430604117967,yes,17967,no,2016-07-12,17967,no,"SN 2009dy SDSS mag 20,5 gal"
CSS160704:150122+125617,225.34302,12.93807,20160704.19,18.9,1607041120794128732,yes,12873,no,2016-07-09,12873,yes,"SN SDSS mag 21,0"
CSS160605:150133-113825,225.38942,-11.64014,20160605.29,17.68,1606050120794145963,no,14596,no,2016-07-05,14596,yes,"SN (AT2016bvg) mag 20,0"
CSS110603:150136-102423,225.39932,-10.4064,20110603.27,18.28,1106030090804118443,yes,11844,no,2016-07-05,11844,yes,"AGN SDSS mag 19,3"
CSS120612:150150+113156,225.45971,11.5321,20120612.28,19.44,1206121120794103898,yes,10389,no,2016-07-09,10389,yes,SN SDSS mag 23
CSS150328:150151+291902,225.46091,29.31733,20150328.48,19.36,1503281290714118388,yes,11838,no,2016-07-11,11838,yes,AGN SDSS mag 20
CSS120514:150211+230915,225.544,23.15405,20120514.39,19.58,1205141230744108444,yes,10844,no,2016-07-11,10844,yes,"SN SDSS mag 21,0"
CSS130403:150213+103846,225.55455,10.64601,20130403.41,18.49,1304031090804140600,yes,14060,no,2016-07-09,14060,yes,"SN 2013bh SDSS mag 17,3"
CSS110525:150213+231553,225.55527,23.26475,20110525.36,19.67,1105251230744110738,yes,11073,no,2016-07-11,11073,yes,"SN SDSS mag 22,0"
CSS100610:150228+205857,225.6153,20.98263,20100610.28,19.31,1006101210764122437,yes,12243,yes,2016-07-11,12243,yes,AGN SDSS mag 21
CSS120515:150239+191451,225.66096,19.24753,20120515.4,18.99,1205151180784138953,yes,13895,no,2016-09-05,13895,yes,"SN SDSS mag >21,5"
CSS110611:150241+333423,225.6706,33.57317,20110611.38,15.07,1106111320694137973,yes,13797,yes,2016-07-11,13797,yes,CV eclipsing SDSS_J15024
CSS110406:150303+313155,225.76068,31.5319,20110406.46,19.1,1104061320694106837,yes,10683,no,2016-07-11,10683,yes,"SN (PTF11bop) SDSS mag 20,4"
CSS120524:150319+211739,225.82919,21.29425,20120524.25,19.04,1205241210764128629,yes,12862,yes,2016-07-11,12862,yes,"AGN SDSS mag 19,5"
CSS090728:150343+080910,225.93093,8.15277,20090728.18,16.65,907281070804135706,yes,35706,no,2016-07-07,35706,yes,Comet C/2008 FK75
CSS110408:150400+352022,225.99984,35.33956,20110408.38,18.9,1104081350674124994,yes,12499,no,2016-07-11,12499,yes,"AGN SDSS mag 19,6"
CSS100409:150445+100108,226.188,10.01876,20100409.39,20.19,1004091090804129788,yes,12978,yes,2016-07-09,12978,yes,"Blazar SDSS mag 21,4"
CSS100409:150524+025835,226.35015,2.97637,20100409.36,18.13,1004091040814104323,yes,10432,yes,2016-07-07,10432,yes,"SN 2010ch SDSS mag 21,1"
CSS120419:150533+243244,226.38686,24.54564,20120419.38,19.62,1204191230754136211,yes,13621,no,2016-07-11,13621,yes,"SN SDSS mag 22,2"
CSS160525:150547+182033,226.44779,18.3426,20160525.36,18.65,1605251180784118560,yes,11856,no,2016-09-05,11856,yes,"SN SDSS mag 20,7"
CSS120517:150603+412533,226.51057,41.42575,20120517.38,15.73,1205171400634128595,yes,12859,no,2016-07-12,12859,yes,"SN 2012ch SDSS mag 16,7"
CSS110427:150634-101937,226.64335,-10.32681,20110427.33,19.62,1104270090804120222,yes,12022,no,2016-07-05,12022,yes,"SN 2011ct mag >21,5"
CSS090514:150635+215115,226.64508,21.8542,20090514.32,18.35,905141210774136660,yes,36660,yes,2016-07-11,36660,no,"SN 2009fo SDSS mag 21,8"
CSS120229:150641+044048,226.66953,4.67999,20120229.49,18.78,1202291040814137444,yes,13744,yes,2016-07-07,13744,yes,"SN SDSS mag 20,5"
CSS100413:150641+241912,226.66964,24.32001,20100413.36,19.38,1004131230754130596,yes,13059,yes,2016-07-11,13059,yes,"AGN SDSS mag 21,1"
CSS140403:150647+125635,226.69747,12.94306,20140403.48,19.54,1404031120804128875,yes,12887,no,2016-07-09,12887,yes,"AGN SDSS mag 20,8"
CSS160302:150653+132105,226.72137,13.35148,20160302.37,18.12,1603021120804134905,yes,13490,no,2016-07-09,13490,yes,HPM 2MASSI_J15065
CSS110328:150718+265338,226.82531,26.89378,20110328.37,19.99,1103281260744127610,yes,12761,yes,2016-07-11,12761,yes,"SN SDSS mag 21,0"
CSS120419:150732+203300,226.88162,20.54988,20120419.38,18.29,1204191210774114860,yes,11486,no,2016-07-11,11486,yes,"SN (LSQ12bpg) SDSS mag 20,2"
CSS130408:150833+272647,227.13679,27.44646,20130408.34,18.99,1304081260744138781,yes,13878,no,2016-07-11,13878,yes,"AGN SDSS mag 20,3"
CSS130410:150839+085809,227.16302,8.96926,20130410.45,18.8,1304101090814108983,yes,10898,yes,2016-07-07,10898,yes,"SN SDSS mag 20,6"
CSS130324:150904+465057,227.26558,46.84929,20130324.38,17.67,1303241460574123435,yes,12343,yes,2016-07-12,12343,yes,"CV eclipsing? SDSS mag 20,7"
CSS110605:150931+154102,227.37745,15.68387,20110605.34,20.35,1106051150794129411,yes,12941,no,2016-09-05,12941,yes,"SN SDSS mag 17,5 z=0,15"
CSS150315:150947+332112,227.44713,33.35341,20150315.43,19.48,1503151320704137608,yes,13760,no,2016-07-11,13760,yes,SN SDSS mag >22
CSS120419:151011+191139,227.54402,19.19404,20120419.36,19.95,1204191180784142832,yes,14283,no,2016-09-05,14283,yes,"Flare SDSS mag 23,6"
CSS130519:151011+230449,227.54481,23.08015,20130519.31,19.16,1305191230754108397,yes,10839,no,2016-07-11,10839,yes,"SN (spec) SDSS mag 21,6"
CSS080514:151021+182303,227.58642,18.38403,20080514.22,17.98,805141180784119642,yes,19642,yes,2016-09-05,19642,no,"CV SDSS mag 20,7 star"
CSS100705:151045+133655,227.68693,13.61519,20100705.2,19.61,1007051120804138886,yes,13888,yes,2016-07-09,13888,yes,"AGN SDSS mag 20,6"
CSS130513:151139+200912,227.91217,20.15324,20130513.33,19.62,1305131210774107949,yes,10794,yes,2016-07-11,10794,yes,"SN 2MASX_J15113797+2008207 SDSS mag 17,6"
CSS100522:151149-051347,227.95224,-5.22984,20100522.36,17.4,1005220040824107195,no,10719,yes,2016-07-01,10719,yes,Blazar
CSS160302:151149+143120,227.95404,14.52229,20160302.36,19.22,1603021150794107140,yes,10714,no,2016-09-05,10714,yes,"AGN SDSS mag 20,3"
CSS100522:151221-050051,228.08654,-5.01422,20100522.36,18.12,1005220040824111377,no,11137,yes,2016-07-01,11137,yes,"Flare CSS mag 19,5"
CSS130415:151253+451959,228.22149,45.33307,20130415.43,18.68,1304151460584103642,yes,10364,no,2016-07-12,10364,yes,"AGN SDSS mag 19,8"
CSS160311:151320+314716,228.33482,31.78769,20160311.49,19.83,1603111320704111052,yes,11105,no,2016-07-11,11105,yes,"SN SDSS mag 21,4"
CSS080301:151326-154360,228.35738,-15.7333,20080301.47,14.37,803010150794129194,no,29194,no,2016-07-05,29194,no,Red IRAS F15106-1532 radio BONN_1_175
CSS120525:151329+145720,228.37021,14.95569,20120525.25,18.84,1205251150794114147,yes,11414,no,2016-09-05,11414,yes,"SN SDSS mag 19,9"
CSS130616:151338+185741,228.40812,18.96127,20130616.3,20.07,1306161180794133827,yes,13382,no,2016-09-05,13382,yes,SN SDSS mag 21
CSS120210:151342+160607,228.42423,16.10184,20120210.42,18.25,1202101150794131422,yes,13142,yes,2016-09-05,13142,yes,"SN 2012bf SDSS mag 21,4"
CSS110609:151412+204632,228.55061,20.7756,20110609.32,17.09,1106091210774115315,yes,11531,no,2016-07-11,11531,yes,"SN (PTF11eie) SDSS mag 18,8"
CSS110427:151437+445004,228.65233,44.8345,20110427.3,17.75,1104271430614143655,yes,14365,no,2016-07-12,14365,yes,"Blazar BZQ_J1514+4450 z=0,57"
CSS100318:151440+282521,228.66506,28.42261,20100318.49,18.31,1003181290724103394,yes,10339,no,2016-07-11,10339,yes,"SN 2010by SDSS mag 22,2"
CSS110520:151454+020934,228.72342,2.15946,20110520.3,17.16,1105201010824136363,yes,13636,no,2016-07-07,13636,yes,CV ROTSE3_J151453
CSS080219:151457+234110,228.73644,23.68613,20080219.45,18.08,802191230754114380,yes,14380,yes,2016-07-11,14380,no,"SN SDSS mag >22,5"
CSS160416:151459+484805,228.7473,48.80136,20160416.37,19.2,1604161490554110636,yes,11063,no,2016-07-12,11063,yes,HPM 2MASS_J15150
CSS130522:151500+484801,228.7481,48.80034,20130522.31,18.99,1305221490554110035,yes,11003,no,2016-07-12,11003,yes,HPM 2MASS_J15150
CSS150128:151522+170037,228.84171,17.01031,20150128.48,18.72,1501281180794101811,yes,10181,no,2016-09-05,10181,yes,"SN (spec) SDSS mag 19,7"
CSS160205:151531+191121,228.87834,19.18911,20160205.52,19.82,1602051180794141598,yes,14159,no,2016-09-05,14159,yes,"HPM SDSS mag 19,7"
CSS160712:151647+283743,229.19706,28.62869,20160712.25,18.03,1607121290724106294,yes,10629,no,2016-07-12,10629,yes,SN (MASTER) mag 21
CSS120616:151649+365022,229.20517,36.83956,20120616.31,18.86,1206161380664102006,yes,10200,yes,2016-07-11,10200,yes,"Blazar mag 19,9"
CSS150428:151714-071014,229.30862,-7.17048,20150428.38,18.72,1504280070814128871,no,12887,no,2016-07-01,12887,yes,Blazar mag 21
CSS150326:151729-013510,229.37135,-1.58605,20150326.49,18.88,1503260010824122272,yes,12227,no,2016-07-01,12227,yes,"SN SDSS mag 21,3"
CSS160205:151816+241901,229.56805,24.31702,20160205.52,20.12,1602051230764130518,yes,13051,no,2016-07-11,13051,yes,"SN SDSS mag 21,6"
CSS100516:151833+311931,229.63759,31.3253,20100516.4,19.58,1005161320714104287,yes,10428,yes,2016-07-15,10428,yes,"SN SDSS mag 16,7 gal z=0,11"
CSS140409:151836+394025,229.64797,39.67348,20140409.42,19.58,1404091400644102987,yes,10298,no,2016-07-12,10298,yes,"AGN SDSS mag 20,5"
CSS120330:151836-054803,229.6502,-5.80088,20120330.43,16.47,1203300070824160651,no,16065,no,2016-09-03,16065,yes,"CV mag 19,9"
CSS120610:151843+155646,229.68123,15.94618,20120610.3,18.9,1206101150804131553,yes,13155,no,2016-09-05,13155,yes,"AGN SDSS mag 19,9"
CSS100317:151949+023120,229.95603,2.5221,20100317.49,18.52,1003171010824148041,yes,14804,no,2016-07-07,14804,yes,"SN (spec) SDSS mag 21,0 gal"
CSS160708:151956+052419,229.98302,5.40528,20160708.2,17.37,1607081040824147654,yes,14765,no,2016-07-08,14765,yes,"SN SDSS mag 22,5"
CSS100326:151957+221953,229.98888,22.3315,20100326.46,19.17,1003261210784136534,yes,13653,yes,2016-07-10,13653,yes,"SN SDSS mag 15,6"
CSS130610:152008+404758,230.03157,40.79958,20130610.35,18.9,1306101400644123218,yes,12321,no,2016-07-12,12321,yes,"AGN mag 20,5"
CSS120919:152032+290030,230.13136,29.00847,20120919.14,17.66,1209191290734112890,yes,11289,no,2016-07-11,11289,yes,"SN SDSS mag 20,6"
CSS110301:152038+040948,230.15777,4.16326,20110301.51,16.37,1103011040824130139,yes,13013,yes,2016-07-07,13013,yes,"CV outbursts DSS/PQ/SDSS SDSS mag 20,6"
CSS150325:152049+050038,230.20292,5.01044,20150325.43,18.69,1503251040824135639,yes,13563,no,2016-07-07,13563,yes,"SN SDSS mag 21,6"
CSS110508:152100+155803,230.25122,15.96754,20110508.36,19.81,1105081150804135655,yes,13565,no,2016-09-05,13565,yes,"AGN SDSS mag 20,3"
CSS130331:152123+554519,230.34627,55.75531,20130331.41,18.16,1303311550494131001,yes,13100,yes,2016-07-12,13100,yes,"Blazar SDSS mag 19,4"
CSS140328:152144+203002,230.43192,20.50043,20140328.37,19.45,1403281210784113098,yes,11309,no,2016-07-10,11309,yes,"AGN SDSS mag 21,0"
CSS160208:152149+404928,230.45421,40.82445,20160208.51,17.63,1602081400644119204,yes,11920,no,2016-07-12,11920,yes,"Flare SDSS mag 21,2"
CSS110406:152159+261223,230.49484,26.20644,20110406.44,16.21,1104061260754113690,yes,11369,no,2016-07-15,11369,yes,"CV SDSS mag 20,8"
CSS080427:152242+302208,230.67623,30.36888,20080427.39,19.32,804271290734130359,yes,30359,yes,2016-07-11,30359,no,"SN 2008ck SDSS 21,7 mag gal"
CSS120328:152302+071141,230.75707,7.19479,20120328.41,17.78,1203281070824134397,yes,13439,no,2016-07-07,13439,yes,"SN 2012bs SDSS mag 19,9"
CSS140326:152318+181734,230.8269,18.29273,20140326.44,17.58,1403261180794121958,yes,12195,no,2016-09-05,12195,yes,"SN (Master) SDSS mag 19,8"
CSS100409:152322+021901,230.84102,2.31694,20100409.36,18.11,1004091010834148007,yes,14800,yes,2016-06-02,14800,yes,"SN 2010cf SDSS mag 20,2"
CSS100618:152341+185125,230.92199,18.8569,20100618.26,19.61,1006181180794136057,yes,13605,yes,2016-09-05,13605,yes,"SN SDSS mag 21,9"
CSS140625:152351+172739,230.96133,17.46079,20140625.33,12.77,1406251180794109133,yes,10913,no,2016-09-05,10913,yes,HPM LHS_396
CSS120617:152351+083606,230.96351,8.60175,20120617.33,17.34,1206171090824101743,yes,10174,no,2016-07-07,10174,yes,"CV SDSS mag 19,7"
CSS100704:152354+275744,230.97681,27.96231,20100704.23,19.62,1007041260754143937,yes,14393,yes,2016-07-15,14393,yes,"AGN SDSS mag 21,3"
CSS090319:152356-081918,230.98392,-8.32174,20090319.46,18.08,903190070824102772,no,2772,yes,2016-09-03,2772,no,SN 2009br PQ mag 18 gal
CSS120328:152416+050318,231.06534,5.05489,20120328.42,18.94,1203281040834151830,yes,15183,no,2016-06-02,15183,yes,"SN SDSS mag 20,8"
CSS090329:152419+220920,231.08042,22.15563,20090329.37,15.48,903291210784144089,yes,44089,yes,2016-07-10,44089,no,"CV SDSS_J15241 18,9 eclipsing"
CSS130508:152429+483255,231.12114,48.5485,20130508.28,17.56,1305081490564112715,yes,11271,no,2016-07-09,11271,yes,"SN 2013ck SDSS mag 21,1"
CSS100506:152502-013021,231.25732,-1.50586,20100506.33,16.74,1005060010834124002,yes,12400,yes,2016-07-01,12400,yes,"CV SDSS mag 22,6"
CSS150925:152510+360054,231.28996,36.01507,20150925.13,16.93,1509251350694128317,yes,12831,no,2016-07-15,12831,yes,"CV SDSS mag 20,1"
CSS160514:152521+245551,231.33589,24.93077,20160514.33,18.47,1605141230764138402,yes,13840,no,2016-07-11,13840,yes,"HPM SDSS mag 20,5"
CSS100706:152538-075641,231.40768,-7.94484,20100706.21,17.83,1007060070824111635,no,11163,no,2016-09-03,11163,yes,CV mag 21
CSS090601:152614+081802,231.55824,8.30052,20090601.35,12.7,906011070824151155,yes,51155,no,2016-07-07,51155,no,"CV QW Ser SDSS mag 17,8"
CSS090331:152625-144145,231.60499,-14.69582,20090331.39,15.84,903310150804155525,yes,55525,yes,2016-07-05,55525,no,CV PQ burst mag 21 obj
CSS140226:152630+233623,231.6248,23.60636,20140226.52,18.83,1402261230764117771,yes,11777,no,2016-07-11,11777,yes,"SN SDSS mag 22,5"
CSS160205:152640+181454,231.66598,18.24838,20160205.52,20.31,1602051180804123037,yes,12303,no,2016-09-05,12303,yes,"AGN SDSS mag 20,9"
CSS140506:152646-205429,231.69242,-20.90793,20140506.32,18.58,1405060210784146015,no,14601,no,2016-06-05,14601,yes,SN mag 21
CSS120610:152653+162155,231.72291,16.36518,20120610.3,19.47,1206101150804138903,yes,13890,no,2016-09-05,13890,yes,"AGN SDSS mag 20,2"
CSS160615:152721+213442,231.83884,21.57821,20160615.29,18.91,1606151210784125497,yes,12549,no,2016-07-10,12549,yes,"SN SDSS mag 21,9"
CSS120501:152722+192749,231.8404,19.46373,20120501.44,19.99,1205011180804142223,yes,14222,yes,2016-09-05,14222,yes,"SN SDSS mag 21,7"
CSS120101:152731+181727,231.87791,18.2909,20120101.53,16.86,1201011180804126761,yes,12676,yes,2016-09-05,12676,yes,"CV SDSS mag 19,7"
CSS081230:152737+164406,231.90315,16.73499,20081230.51,18.73,812301150804143862,yes,43862,yes,2016-09-05,43862,no,"CV SDSS mag >22,5 obj?"
CSS120101:152747+211442,231.94454,21.24498,20120101.53,18.43,1201011210784128966,yes,12896,yes,2016-07-10,12896,yes,"AGN mag 19,3"
CSS140915:152748+353713,231.9502,35.62038,20140915.16,17.68,1409151350694129846,yes,12984,no,2016-07-15,12984,yes,"CV SDSS mag 20,3"
CSS130410:152750+084408,231.95822,8.73542,20130410.45,18.65,1304101090824105434,yes,10543,no,2016-07-07,10543,yes,"AGN SDSS mag 20,1"
CSS120328:152754+185519,231.97392,18.92181,20120328.45,19.46,1203281180804139974,yes,13997,no,2016-09-05,13997,yes,"SN SDSS mag 20,5"
CSS130324:152808+460030,232.03276,46.00832,20130324.39,18.79,1303241460584112024,yes,11202,no,2016-07-12,11202,yes,"SN SDSS mag 21,1"
CSS130605:152810+441147,232.04109,44.1964,20130605.3,19.53,1306051430624132149,yes,13214,no,2016-07-12,13214,yes,SN SDSS mag 21
CSS130609:152852+170156,232.21749,17.03235,20130609.36,19.83,1306091180804104464,yes,10446,no,2016-09-05,10446,yes,"AGN SDSS mag 21,0"
CSS090419:152858+034912,232.24115,3.81994,20090419.33,17.39,904191040834124598,yes,24598,no,2016-06-02,24598,no,"CV Ser mag 19,4"
CSS130511:152906-003058,232.27655,-0.51599,20130511.34,18.81,1305110010834146582,yes,14658,no,2016-07-01,14658,yes,"AGN SDSS mag 21,3"
CSS110602:153001+245229,232.50583,24.87474,20110602.31,19.09,1106021230774137681,yes,13768,no,2016-07-15,13768,yes,"SN 2011et SDSS mag 21,2"
CSS130314:153009-015813,232.53722,-1.97039,20130314.5,18.8,1303140010834117600,yes,11760,no,2016-07-01,11760,yes,"AGN SDSS mag 19,3"
CSS100506:153015+094946,232.56262,9.82956,20100506.36,16.72,1005061090834125680,yes,12568,yes,2016-07-07,12568,yes,"CV SDSS_J153015 mag 18,5"
CSS110920:153024+220646,232.59852,22.11284,20110920.12,17.73,1109201210794130197,yes,13019,yes,2016-07-10,13019,yes,"CV SDSS mag 19,2"
CSS150320:153121+281910,232.83651,28.31947,20150320.51,19.81,1503201290744101883,yes,10188,no,2016-07-15,10188,yes,SN SDSS mag 22
CSS120127:153128-042103,232.86786,-4.35073,20120127.54,18.95,1201270040834130467,no,13046,yes,2016-09-03,13046,yes,SN DSS mag 18
CSS080401:153151+152447,232.96166,15.41301,20080401.43,18.55,804011150814123270,yes,23270,yes,2016-07-10,23270,no,"CV SDSS 22,6 mag"
CSS160527:153151+372448,232.96435,37.41322,20160527.39,16.19,1605271380674109645,yes,10964,no,2016-07-15,10964,yes,"SN (ASASSN) SDSS mag 18,4"
CSS160513:153303+343809,233.26317,34.63593,20160513.38,18.97,1605131350694112265,yes,11226,no,2016-07-15,11226,yes,"AGN mag 20,9"
CSS110611:153318+273428,233.32325,27.57445,20110611.38,18.93,1106111260764139610,yes,13961,no,2016-07-04,13961,yes,"SN 2011ew SDSS mag 21,5"
CSS110607:153351+393454,233.46367,39.58159,20110607.34,18.88,1106071400654101671,yes,10167,no,2016-07-14,10167,yes,"AGN SDSS nmag 20,5"
CSS080409:153411+212644,233.54593,21.44544,20080409.28,19.72,804091210794129026,yes,29026,no,2016-07-10,29026,no,"SN SDSS mag 22,3 gal"
CSS150325:153427+021645,233.61052,2.27923,20150325.43,14.4,1503251010844136382,yes,13638,no,2016-07-07,13638,yes,HPM LHS_398
CSS100410:153432+284746,233.6345,28.79609,20100410.37,19.85,1004101290744110897,yes,11089,no,2016-07-15,11089,yes,"SN SDSS mag 21,2"
CSS100531:153447+020550,233.69754,2.09713,20100531.3,17.52,1005311010844137345,yes,13734,no,2016-07-07,13734,yes,"SN 2010eq SDSS mag 20,5"
CSS120328:153451+072931,233.71298,7.49183,20120328.41,18.83,1203281070834142673,yes,14267,no,2016-06-02,14267,yes,"CV SDSS mag 21,2"
CSS120616:153502+144656,233.75891,14.78225,20120616.34,19.84,1206161150814110505,yes,11050,yes,2016-07-10,11050,yes,"SN SDSS mag 21,1"
CSS130521:153551+374055,233.96065,37.68202,20130521.33,17.04,1305211380674115604,yes,11560,no,2016-07-15,11560,yes,"Blazar SDSS mag 20,0"
CSS110330:153559+211843,233.99481,21.31189,20110330.5,19.17,1103301210794125313,yes,12531,yes,2016-07-10,12531,yes,"SN 2011bw SDSS mag 20,7"
CSS130606:153620+523634,234.08294,52.60948,20130606.34,18.33,1306061520534131582,yes,13158,no,2016-07-09,13158,yes,"SN SDSS mag 20,0"
CSS140605:153631+465414,234.13017,46.90393,20140605.36,18.07,1406051460594128650,yes,12865,no,2016-07-09,12865,yes,"SN (spec) SDSS mag 19,0"
CSS080427:153634+332852,234.14338,33.48113,20080427.41,15.39,804271320724132848,yes,32848,yes,2016-07-15,32848,no,"CV known SDSS mag 19,0 J153634+332851"
CSS120401:153635+330059,234.14547,33.01628,20120401.46,19.81,1204011320724136527,yes,13652,no,2016-07-15,13652,yes,"SN SDSS mag 17,5"
CSS160503:153646-222951,234.19155,-22.49742,20160503.35,17.67,1605030210794103494,no,10349,no,2016-05-29,10349,yes,"CV mag 20,5"
CSS160607:153712+231329,234.29801,23.22481,20160607.29,19.71,1606071230774110988,yes,11098,no,2016-07-15,11098,yes,"AGN SDSS mag 20,6"
CSS150524:153738+131946,234.40706,13.32936,20150524.37,17.96,1505241120834142545,yes,14254,no,2016-07-10,14254,yes,"Flare SDSS mag 21,5"
CSS120516:153745+372623,234.4392,37.4398,20120516.39,16.98,1205161380684113569,yes,11356,no,2016-07-14,11356,yes,"Flare SDSS mag 19,2"
CSS110624:153755+070942,234.47792,7.16164,20110624.26,16.36,1106241070834132854,yes,13285,yes,2016-06-02,13285,yes,"SN SDSS mag 18,1"
CSS120527:153833-151719,234.63679,-15.28853,20120527.25,17.21,1205270150814144994,yes,14499,no,2016-07-05,14499,yes,"CV MLS120514 SDSS mag 19,5"
CSS160430:153851-053413,234.71429,-5.57015,20160430.39,18.47,1604300040844101938,no,10193,no,2016-09-03,10193,yes,SN mag >21
CSS150612:153924+283045,234.85165,28.51249,20150612.38,18.38,1506121290744104741,yes,10474,no,2016-07-15,10474,yes,"SN SDSS mag 21,6"
CSS090529:153930+242606,234.87453,24.43504,20090529.29,16.96,905291230774135764,yes,35764,no,2016-07-15,35764,no,"SN 2009er SDSS_mag 17,3 gal z=0,035"
CSS120813:153936-024101,234.90189,-2.68354,20120813.18,17.69,1208130010844101062,yes,10106,no,2016-07-01,10106,yes,"SN SDSS 20,2"
CSS100706:153957-074145,234.98849,-7.69591,20100706.21,18.67,1007060070834117534,no,11753,yes,2016-09-03,11753,yes,"AGN mag 20,5"
CSS150510:154006+150013,235.02604,15.00373,20150510.38,18.99,1505101150814113637,yes,11363,no,2016-07-10,11363,yes,"SN SDSS mag >22,5"
CSS120127:154022+012231,235.09359,1.37532,20120127.54,18.95,1201271010844132020,yes,13202,no,2016-07-07,13202,yes,CV SDSS mag >22
CSS160327:154023+324034,235.09428,32.67611,20160327.5,19.22,1603271320724123272,yes,12327,no,2016-07-15,12327,yes,"SN SDSS mag 21,0"
CSS120530:154029+383518,235.12133,38.58823,20120530.39,18.84,1205301380684129929,yes,12992,no,2016-07-14,12992,yes,SN SDSS mag 21
CSS110330:154031+152432,235.12996,15.40876,20110330.5,19.29,1103301150814122387,yes,12238,no,2016-07-10,12238,yes,"AGN SDSS mag 20,7"
CSS080507:154041+192909,235.16979,19.48573,20080507.35,19.46,805071180814139403,yes,39403,no,2016-09-05,39403,no,"SN SDSS mag 23,0"
CSS160708:154047+683151,235.19774,68.53093,20160708.24,16.03,1607081690324112179,no,11217,no,2016-07-08,11217,yes,CV (MASTER) mag 21
CSS130305:154128+304350,235.36652,30.73064,20130305.51,19.28,1303051290744139395,yes,13939,no,2016-07-15,13939,yes,"SN SDSS mag 22,0"
CSS120130:154151-070024,235.46334,-7.00669,20120130.54,18.9,1201300070844140751,no,14075,no,2016-09-03,14075,yes,AGN
CSS080409:154200+235603,235.49987,23.93426,20080409.28,19.08,804091230784123459,yes,23459,yes,2016-07-15,23459,no,SN SDSS mag 23
CSS160615:154208+172051,235.53195,17.34747,20160615.32,19.11,1606151180814106547,yes,10654,no,2016-09-05,10654,yes,"SN SDSS mag 20,9"
CSS140617:154222+121034,235.58982,12.17606,20140617.32,18.97,1406171120834114874,yes,11487,no,2016-07-10,11487,yes,"Flare SDSS mag 21,5"
CSS080411:154258-020705,235.74316,-2.11801,20080411.39,17.91,804110010844112923,yes,12923,yes,2016-07-01,12923,no,SN SDSS 23 mag object
CSS100409:154258+021653,235.74326,2.28129,20100409.36,16.79,1004091010844148312,yes,14831,yes,2016-07-07,14831,yes,"SN 2010bu SDSS mag 18,9"
CSS100705:154310+091934,235.79254,9.32615,20100705.29,20.11,1007051090844114842,yes,11484,yes,2016-07-10,11484,yes,"SN SDSS mag >22,5"
CSS130122:154310+045531,235.79344,4.92529,20130122.52,17.59,1301221040844144288,yes,14428,no,2016-07-07,14428,yes,"CV mag 21,9"
CSS160506:154311+433552,235.794,43.59787,20160506.34,19.33,1605061430634121570,yes,12157,no,2016-07-14,12157,yes,"SN SDSS mag 21,1"
CSS120101:154353+181209,235.9688,18.20261,20120101.53,18.77,1201011180814127125,yes,12712,yes,2016-09-05,12712,yes,"SN SDSS mag 21,9"
CSS100531:154354-143745,235.97547,-14.6291,20100531.24,17.92,1005310150824158354,yes,15835,no,2016-07-05,15835,yes,CV PQ mag 21
CSS130307:154404+144927,236.018,14.82425,20130307.48,18.42,1303071150824115553,yes,11555,no,2016-07-07,11555,yes,"Blazar SDSS mag 20,9"
CSS160525:154409+502351,236.03911,50.39758,20160525.25,16.08,1605251490574133437,yes,13343,no,2016-07-09,13343,yes,"Flare SDSS mag 18,1"
CSS110205:154418+084639,236.0752,8.77762,20110205.54,18.71,1102051090844106803,yes,10680,no,2016-07-10,10680,yes,CV SDSS mag >22
CSS130418:154424-013927,236.09885,-1.65755,20130418.44,18.98,1304180010844125972,yes,12597,yes,2016-07-01,12597,yes,Flare SDSS mag 23
CSS090322:154428+335725,236.11716,33.95692,20090322.37,17.94,903221350704102909,yes,2909,yes,2016-07-15,2909,no,"CV SDSS mag 21,9 gal"
CSS150501:154435+124728,236.14565,12.79119,20150501.34,17.15,1505011120834122816,yes,12281,no,2016-07-10,12281,yes,"Flare SDSS mag 19,7"
CSS120330:154450-115323,236.20894,-11.88962,20120330.43,14.89,1203300120834156131,no,15613,yes,2016-05-28,15613,yes,Var X-ray?
CSS150521:154512+372819,236.30071,37.47186,20150521.36,18.29,1505211380684110206,yes,11020,no,2016-07-14,11020,yes,"SN SDSS mag 19,2"
CSS110428:154545+442830,236.43705,44.47502,20110428.41,15.08,1104281430634140646,yes,14064,no,2016-07-14,14064,yes,"CV SDSS mag 20,9"
CSS120323:154547-072855,236.44471,-7.48181,20120323.49,17.35,1203230070844128605,no,12860,no,2016-09-03,12860,yes,HPM
CSS130610:154627+302111,236.61184,30.3531,20130610.37,18.82,1306101290754141977,yes,14197,no,2016-07-15,14197,yes,SN SDSS mag >22
CSS100516:154634+271419,236.64068,27.23867,20100516.41,19.75,1005161260774132329,yes,13232,yes,2016-07-15,13232,yes,"SN SDSS mag 21,3 gal"
CSS160603:154653+375415,236.71982,37.90417,20160603.41,18.3,1606031380684117420,yes,11742,no,2016-07-14,11742,yes,"CV SDSS_J154652 mag 20,5"
CSS160414:154655-121454,236.73014,-12.24847,20160414.44,17.29,1604140120834153479,no,15347,no,2016-05-28,15347,yes,"CV mag 19,5"
CSS130513:154732+230126,236.88447,23.02386,20130513.36,18.75,1305131230784108936,yes,10893,no,2016-07-15,10893,yes,"SN (PTF13aro) SDSS mag 17,0"
CSS150619:154743+312220,236.93117,31.37236,20150619.33,19.48,1506191320734104934,yes,10493,no,2016-07-15,10493,yes,"SN SDSS mag 20,6"
CSS130610:154851+351809,237.21077,35.30262,20130610.33,18.87,1306101350704128207,yes,12820,no,2016-07-15,12820,yes,"AGN SDSS mag 21,5"
CSS110613:154852+625749,237.21562,62.96358,20110613.35,17.6,1106131630404111710,yes,11171,no,2016-07-09,11171,yes,"SN 2011ex SDSS mag 19,8"
CSS130419:154921+215432,237.33921,21.90897,20130419.45,19.5,1304191210804140558,yes,14055,no,2016-07-10,14055,yes,"AGN SDSS mag 20,8"
CSS120516:154924+282633,237.35119,28.44257,20120516.39,19.66,1205161290754103942,yes,10394,no,2016-07-15,10394,yes,"AGN SDSS mag 20,8"
CSS120123:154929+170828,237.37181,17.14118,20120123.5,17.65,1201231180824106091,yes,10609,yes,2016-09-05,10609,yes,"Blazar SDSS mag 19,9"
CSS110525:154951+144930,237.46106,14.82502,20110525.4,18.97,1105251150824111853,yes,11185,no,2016-07-07,11185,yes,"SN 2011er SDSS mag 21,4"
CSS100513:155016+044334,237.56674,4.7261,20100513.42,18.49,1005131040854136966,yes,13696,yes,2016-07-07,13696,yes,"SN 2010en SDSS mag 18,5"
CSS160505:155030-001418,237.62627,-0.23824,20160505.32,17.44,1605050010854156077,yes,15607,no,2016-07-01,15607,yes,"CV (Wils) SDSS mag 21,6"
CSS110506:155122-042550,237.84303,-4.43062,20110506.42,17.84,1105060040854123997,no,12399,no,2016-09-03,12399,yes,CV mag 21
CSS150209:155142+420837,237.92397,42.14361,20150209.52,16.84,1502091400664141554,yes,14155,no,2016-07-14,14155,yes,HPM LHS_3125
CSS130408:155155+300723,237.97952,30.12297,20130408.34,18.54,1304081290754138475,yes,13847,no,2016-07-15,13847,yes,"AGN SDSS mag 18,9"
CSS080405:155205-000627,238.02009,-0.10749,20080405.46,18.8,804050010854157215,yes,57215,yes,2016-07-01,57215,no,"SN SDSS mag 21,2 gal"
CSS160416:155229+481252,238.11985,48.21454,20160416.43,17.56,1604161490574103760,yes,10376,no,2016-07-09,10376,yes,"SN SDSS mag 19,7"
CSS120523:155322+204223,238.34186,20.70647,20120523.33,18.2,1205231210814118357,yes,11835,yes,2016-07-10,11835,yes,"AGN SDSS mag 20,1"
CSS080424:155326+114437,238.35696,11.74355,20080424.44,18.57,804241120844107122,yes,7122,no,2016-09-03,7122,no,"CV SDSS 23,4 mag star?"
CSS140328:155403+291924,238.51382,29.32336,20140328.41,18.92,1403281290754120299,yes,12029,no,2016-07-15,12029,yes,"SN SDSS mag 19,9"
CSS080505:155415+105825,238.56314,10.97362,20080505.37,16.66,805051090854150901,yes,50901,no,2016-09-03,50901,no,"SN 2008cg z=0,0362 SDSS mag 16,7"
CSS140403:155425+322603,238.60351,32.43406,20140403.42,19.21,1404031320734122930,yes,12293,no,2016-07-15,12293,yes,"SN SDSS mag 21,1"
CSS150326:155427+523514,238.61306,52.58711,20150326.37,18.81,1503261520544137087,yes,13708,no,2016-07-09,13708,yes,"AGN SDSS mag 21,6"
CSS081009:155431+365043,238.62739,36.84519,20081009.08,17.06,810091380694101766,yes,1766,yes,2016-07-14,1766,no,"CV SDSS mag 21,6"
CSS090923:155452+320506,238.71865,32.08489,20090923.12,17.95,909231320734113252,yes,13252,no,2016-07-15,13252,yes,"SN 2009ji SDSS mag 21,3 gal"
CSS080417:155525-094147,238.85403,-9.69643,20080417.37,16.72,804170090854134560,no,34560,no,2016-08-30,34560,no,SN 2008de SNF20080609-000 DSS/PQ mag 21
CSS100412:155540+364644,238.91769,36.77878,20100412.49,16.82,1004121380694101469,yes,10146,yes,2016-07-14,10146,yes,"CV SDSS mag 20,9"
CSS131003:155609+271153,239.03824,27.198,20131003.13,18.83,1310031260784132818,yes,13281,no,2016-09-02,13281,yes,"SN SDSS mag 22,1"
CSS090321:155631-080440,239.12904,-8.07791,20090321.46,15.74,903210070854113178,no,13178,yes,2016-08-30,13178,no,"CV blue source mag 18,4"
CSS100601:155644-000950,239.18439,-0.16401,20100601.32,13.85,1006010010864157554,yes,15755,no,2016-07-05,15755,yes,CV J1556-0009
CSS100325:155657+352338,239.23735,35.39392,20100325.4,16.45,1003251350714125894,yes,12589,no,2016-07-15,12589,yes,CV J1556+3523
CSS130122:155713+050542,239.30474,5.09489,20130122.52,14.09,1301221040864152365,yes,15236,no,2016-06-02,15236,yes,HPM LHS_409
CSS130122:155715+050644,239.31157,5.11232,20130122.52,12.58,1301221040864152906,yes,15290,no,2016-06-02,15290,yes,HPM LHS_410
CSS160317:155721+180720,239.33644,18.12231,20160317.43,15.37,1603171180824123493,yes,12349,no,2016-09-05,12349,yes,CV SDSS_J155720
CSS160428:155725+525941,239.35508,52.99462,20160428.33,18.3,1604281520544131783,yes,13178,no,2016-07-09,13178,yes,"SN SDSS mag 20,0"
CSS100507:155748+070543,239.45012,7.09529,20100507.36,18.59,1005071070854230456,yes,23045,yes,2016-09-03,23045,yes,"CV SDSS mag 22,9"
CSS140530:155831+125159,239.6293,12.86628,20140530.33,17.47,1405301120844133371,yes,13337,no,2016-09-03,13337,yes,"SN (spec) SDSS mag 19,5"
CSS150430:155838+064631,239.6576,6.7754,20150430.43,18.11,1504301070854120080,yes,12008,no,2016-09-03,12008,yes,"SN SDSS mag 21,8"
CSS160418:155853+581859,239.71967,58.31649,20160418.41,14.21,1604181570484127970,yes,12797,no,2016-07-09,12797,yes,HPM LHS_3139
CSS130331:155853+581902,239.72062,58.31718,20130331.46,14.18,1303311570484131030,yes,13103,no,2016-07-09,13103,yes,HPM LHS_3139
CSS110604:155919-074418,239.83051,-7.73832,20110604.28,17.53,1106040070854120186,no,12018,no,2016-08-30,12018,yes,SN mag 18
CSS080403:160004+331114,240.01546,33.18719,20080403.36,15.1,804031320744141349,yes,41349,yes,2016-09-03,41349,no,"CV SDSS mag 19,5 VW CrB"
CSS100525:160109+345042,240.28714,34.84488,20100525.36,17.85,1005251350714115578,yes,11557,yes,2016-07-15,11557,yes,"SN 2010ep SDSS mag 20,8"
CSS091016:160146+323457,240.43968,32.58257,20091016.08,19.21,910161320744124234,yes,24234,no,2016-09-03,24234,yes,"SN SDSS mag 21,5 gal"
CSS080331:160205+031632,240.52,3.27549,20080331.32,16.92,803311040864112088,yes,12088,yes,2016-06-02,12088,no,"CV seen PQ, SDSS 22,8 star"
CSS080424:160232+161732,240.63397,16.29236,20080424.44,18.2,804241150834132813,yes,32813,no,2016-09-05,32813,no,"CV SDSS mag 21,8 star?"
CSS160320:160245+024106,240.68923,2.68499,20160320.49,17.07,1603201010864151734,yes,15173,no,2016-07-07,15173,yes,"CV SDSS mag 21,6"
CSS150324:160333+230649,240.8858,23.11355,20150324.42,19.57,1503241230794109900,yes,10990,no,2016-07-15,10990,yes,"AGN SDSS mag 20,4"
CSS160906:160346+193540,240.94201,19.59443,20160906.15,17.81,1609061180834144443,yes,14444,no,2016-09-06,14444,yes,"CV SDSS mag 16,5"
CSS130902:160346+272742,240.94327,27.46173,20130902.15,18.54,1309021260784140174,yes,14017,no,2016-09-02,14017,yes,"SN SDSS mag 20,2"
CSS120326:160411+145618,241.04402,14.93839,20120326.49,16.64,1203261150844117628,yes,11762,no,2016-09-05,11762,yes,"CV SDSS mag 21,7"
CSS090923:160419+161549,241.07934,16.26361,20090923.12,16.29,909231150844135447,yes,35447,no,2016-09-05,35447,yes,"CV SDSS_J16042 mag 18,8"
CSS160710:160420+392813,241.08144,39.47018,20160710.21,17.49,1607101380694141644,yes,14164,no,2016-07-14,14164,yes,SN (MLS160616) SDSS mag >22
CSS090526:160524-160834,241.34804,-16.14284,20090526.27,18.05,905260150844128133,yes,28133,yes,2016-05-28,28133,no,SN 2009gn SDSS mag 22
CSS080428:160524+060816,241.35058,6.13773,20080428.39,19.4,804281070864110328,yes,10328,no,2016-09-03,10328,no,"CV 22,5 SDSS mag star"
CSS111018:160545+450130,241.43913,45.02496,20111018.09,17.94,1110181430644248816,yes,24881,yes,2016-07-07,24881,yes,"SN SDSS mag 20,7"
CSS080227:160549+192717,241.45486,19.45479,20080227.47,18.55,802271180834141617,yes,41617,yes,2016-09-05,41617,no,"SN 2008ba SDSS mag 21,4 gal"
CSS090301:160553+172446,241.46944,17.41265,20090301.49,18.69,903011180834110558,yes,10558,yes,2016-09-05,10558,no,"SN 2009df SDSS mag 23,2 Abell_2151_z=0,037"
CSS120609:160609+205122,241.53598,20.85613,20120609.42,18.81,1206091210824118132,yes,11813,yes,2016-07-12,11813,yes,"Flare SDSS mag 21,7"
CSS130610:160612+332215,241.54819,33.37095,20130610.37,13.65,1306101320744148086,yes,14808,yes,2016-09-03,14808,yes,RRL mag 14
CSS080505:160625+100521,241.6044,10.08927,20080505.37,19.19,805051090864136790,yes,36790,yes,2016-09-03,36790,no,"SN 2008df SDSS mag 21,8"
CSS150614:160633+405425,241.63666,40.90685,20150614.33,14.89,1506141400674125377,yes,12537,no,2016-07-14,12537,yes,HPM LHS_3154
CSS120401:160653+293815,241.72147,29.63742,20120401.46,19.96,1204011290764127641,yes,12764,no,2016-09-02,12764,yes,"AGN SDSS mag 20,9"
CSS140603:160725+364736,241.85573,36.79325,20140603.36,17.81,1406031380704102315,yes,10231,no,2016-09-03,10231,yes,"SN (spec) SDSS mag 19,5"
CSS140511:160815-102634,242.06105,-10.44264,20140511.39,13.0,1405110090864121126,no,12112,no,2016-08-30,12112,yes,HPM LHS_412
CSS120622:160822+401218,242.09218,40.2051,20120622.23,17.78,1206221400674113478,yes,11347,no,2016-07-14,11347,yes,"Blazar SDSS mag 20,3"
CSS110921:160824+165240,242.10015,16.87789,20110921.13,16.27,1109211150844146881,yes,14688,yes,2016-09-05,14688,yes,"CV SDSS mag 20,1"
CSS130603:160833+343030,242.13811,34.50839,20130603.35,18.18,1306031350724113310,yes,11331,no,2016-09-03,11331,yes,"SN mag 16,3"
CSS080928:160837+041627,242.15512,4.27408,20080928.1,17.7,809281040874127913,yes,27913,yes,2016-09-02,27913,no,"SN 2008iy SDSS mag >21,5"
CSS080302:160845+220610,242.18662,22.10279,20080302.5,17.87,803021210824148717,yes,48717,no,2016-07-12,48717,no,CV SDSS 21 mag star
CSS150415:160901+342625,242.25594,34.44026,20150415.41,18.58,1504151350724111330,yes,11133,no,2016-09-03,11133,yes,"SN (PS15ade) SDSS mag 20,8"
CSS130530:160906-100324,242.27351,-10.05657,20130530.31,16.67,1305300090864133673,no,13367,no,2016-08-30,13367,yes,"Flare mag 19,4"
CSS120517:161001+410407,242.50419,41.06858,20120517.41,18.67,1205171400674125150,yes,12515,no,2016-07-14,12515,yes,"AGN z=1,65 mag 18,8"
CSS140425:161024+470440,242.59837,47.07785,20140425.45,16.48,1404251460614134729,yes,13472,no,2016-07-07,13472,yes,"SN (spec) SDSS mag 21,1"
CSS090727:161028+090739,242.61513,9.12737,20090727.24,13.86,907271090864112546,yes,12546,no,2016-09-03,12546,yes,"CV Wils_et_al_2009 SDSS mag 20,1"
CSS160430:161028-004114,242.61706,-0.68729,20160430.41,16.67,1604300010874152122,yes,15212,no,2016-09-02,15212,yes,HPM LSR_J1610-0040
CSS140525:161028-004111,242.61742,-0.68648,20140525.29,18.17,1405250010874131351,yes,13135,no,2016-09-02,13135,yes,HPM LSR_J1610-0040
CSS150324:161100+345122,242.74859,34.85622,20150324.48,19.54,1503241350724118474,yes,11847,no,2016-09-03,11847,yes,"SN SDSS mag 20,6"
CSS140402:161139+555637,242.91429,55.94352,20140402.41,18.77,1404021550524144159,yes,14415,no,2016-07-10,14415,yes,"SN 2MASX_J16114267 SDSS mag 15,1"
CSS080515:161146+171401,242.94279,17.23368,20080515.32,17.8,805151180844106413,yes,6413,yes,2016-09-05,6413,no,"Flare SDSS 22,5 mag star"
CSS110328:161209+341636,243.03544,34.27667,20110328.41,18.35,1103281350724109732,yes,10973,yes,2016-09-03,10973,yes,"AGN SDSS mag 19,4"
CSS090526:161221-150939,243.08862,-15.16072,20090526.27,15.88,905260150844165166,yes,65166,yes,2016-05-28,65166,no,"CV (p60) CSS mag 21,5"
CSS140425:161237+463402,243.1562,46.56729,20140425.45,17.78,1404251460614126059,yes,12605,no,2016-07-07,12605,yes,"SN SDSS mag 19,1"
CSS120130:161304+012125,243.26824,1.35688,20120130.54,17.06,1201301010874137575,yes,13757,no,2016-09-02,13757,yes,CV PQ mag 21
CSS100316:161320+331912,243.33491,33.31991,20100316.45,19.84,1003161320754141950,yes,14195,yes,2016-09-02,14195,yes,"SN SDSS mag >22,5"
CSS120526:161420-190649,243.58451,-19.11352,20120526.36,12.78,1205260180844119174,yes,11917,yes,2016-05-29,11917,yes,YSO 2MASS_J16142029-1906481
CSS160416:161425+021439,243.60287,2.24427,20160416.45,13.73,1604161010874153388,yes,15338,no,2016-09-02,15338,yes,HPM LHS_414
CSS140121:161425+021440,243.60385,2.24454,20140121.54,13.53,1401211010874151747,yes,15174,no,2016-09-02,15174,yes,HPM LHS_414
CSS140509:161445+023534,243.68708,2.59288,20140509.42,18.62,1405091010874165161,no,16516,no,2016-09-02,16516,yes,SN (spec) mag 21
CSS150518:161501+084549,243.75469,8.7637,20150518.45,18.9,1505181090864106381,yes,10638,no,2016-09-03,10638,yes,"Blazar SDSS mag 19,8"
CSS130610:161540+294038,243.91585,29.67719,20130610.37,18.77,1306101290774132994,yes,13299,no,2016-09-02,13299,yes,"SN SDSS mag 21,6"
CSS130601:161601-170037,244.00554,-17.01015,20130601.28,18.97,1306010180844205896,no,20589,yes,2016-05-29,20589,yes,Var
CSS140519:161634+333045,244.14096,33.51239,20140519.44,18.05,1405191320754141571,yes,14157,no,2016-09-02,14157,yes,"Blazar BZB_J1616+3330 mag 20,0"
CSS100408:161637-181027,244.1549,-18.17422,20100408.43,14.92,1004080180844150528,no,15052,yes,2016-05-29,15052,yes,"CV mag 17,8"
CSS160710:161701+620024,244.25382,62.00675,20160710.17,14.63,1607101600454143507,yes,14350,no,2016-10-09,14350,yes,"CV (Gaia14aaf) SDSS mag 16,2"
CSS100605:161707+270033,244.2811,27.00908,20100605.32,18.99,1006051260794137291,yes,13729,yes,2016-09-02,13729,yes,"AGN SDSS mag 20,2"
CSS130610:161732+313457,244.38462,31.58255,20130610.37,16.32,1306101320754113582,yes,11358,no,2016-09-02,11358,yes,"SN 2013dp SDSS UGC10313 mag 16,1"
CSS120301:161823-102500,244.59488,-10.41678,20120301.49,16.93,1203010090874127108,no,12710,no,2016-08-30,12710,yes,"CV mag 19,6"
CSS080405:161851-052509,244.7115,-5.41905,20080405.43,16.16,804050040884106446,no,6446,yes,2016-07-11,6446,no,CV PQ 21 mag object
CSS090416:161909+135146,244.78793,13.86267,20090416.44,15.64,904161120864151070,yes,51070,no,2016-09-03,51070,no,"CV Polar mag 17,5 SDSS_J16190"
CSS090816:161918-022929,244.82378,-2.4915,20090816.13,14.27,908160010884107602,yes,7602,no,2016-09-02,7602,yes,"CV X Ser mag 16,8"
CSS130503:161932+244711,244.88164,24.78646,20130503.44,17.91,1305031230814133282,yes,13328,no,2016-09-25,13328,yes,"SN 2013cl 2MASS_161929 SDSS mag 14,5"
CSS080415:162012+115257,245.05002,11.88252,20080415.41,19.54,804151120864114007,yes,14007,no,2016-09-03,14007,no,"CV SDSS 22,3 mag star"
CSS120301:162036-102738,245.15008,-10.46064,20120301.49,16.7,1203010090874125669,no,12566,yes,2016-08-30,12566,yes,"SN 2012ar 2MASX_J162036 z=0,028259 mag 15,5"
CSS160415:162052+230052,245.21766,23.01434,20160415.48,18.23,1604151230814108369,yes,10836,no,2016-09-25,10836,yes,"Flare SDSS mag 20,3"
CSS130521:162058+472448,245.24153,47.4133,20130521.37,18.27,1305211460624138558,yes,13855,no,2016-09-09,13855,yes,"SN SDSS mag 19,9"
CSS140211:162109-135307,245.28751,-13.88536,20140211.52,17.85,1402110120864108840,yes,10884,no,2016-08-30,10884,yes,"CV SDSS mag 20,5"
CSS111019:162210+360419,245.54005,36.07183,20111019.09,16.08,1110191350734141576,yes,14157,no,2016-09-03,14157,yes,"CV SDSS mag 20,2"
CSS090601:162236+035247,245.64892,3.87959,20090601.31,15.61,906011040884130016,yes,30016,yes,2016-09-02,30016,no,CV CSS mag 21 obj
CSS130513:162243+185735,245.67993,18.9598,20130513.39,16.55,1305131180844143958,yes,14395,no,2016-09-05,14395,yes,"SN (PTF13asv) SDSS mag 20,0"
CSS140327:162244+235655,245.68279,23.94849,20140327.48,18.51,1403271230814126077,yes,12607,no,2016-09-25,12607,yes,"SN SDSS mag 15,2"
CSS090927:162254+240801,245.72655,24.13363,20090927.09,18.97,909271230814124462,yes,24462,no,2016-09-25,24462,yes,"SN SDSS mag 21,5 gal"
CSS140617:162259+033949,245.74572,3.66358,20140617.29,18.91,1406171040884120523,yes,12052,no,2016-09-02,12052,yes,"SN mag 20,7"
CSS150429:162314+650037,245.8101,65.01029,20150429.34,16.88,1504291660384101585,no,10158,no,2016-10-09,10158,yes,CV (Master) mag 21
CSS080606:162322+121334,245.84263,12.22613,20080606.28,17.12,806061120874122350,yes,22350,yes,2016-08-30,22350,no,"CV (spec) SDSS mag 17,1"
CSS090202:162346+114407,245.94,11.73527,20090202.54,17.85,902021120874110753,yes,10753,yes,2016-08-30,10753,no,"SN 2009W SDSS mag 17,1 z=0,017"
CSS160528:162350-121731,245.9603,-12.292,20160528.37,17.24,1605280120874164002,yes,16400,no,2016-06-14,16400,yes,"CV SDSS mag 19,3"
CSS080331:162414+014831,246.05689,1.80873,20080331.46,18.92,803311010884148402,no,48402,yes,2016-09-02,48402,no,Flare star
CSS130520:162433+395146,246.13756,39.86291,20130520.38,16.56,1305201400684109601,yes,10960,no,2016-07-14,10960,yes,HPM LHS_3601
CSS080428:162502+390926,246.25717,39.1573,20080428.28,13.45,804281380714144091,yes,44091,yes,2016-09-03,44091,no,"CV V844_Her SDSS 17,1 mag"
CSS120609:162512+045424,246.30094,4.90674,20120609.36,17.59,1206091040884152624,yes,15262,no,2016-09-02,15262,yes,SN SDSS mag >22
CSS140426:162514+154037,246.3087,15.67684,20140426.34,12.87,1404261150854122404,yes,12240,no,2016-09-05,12240,yes,HPM LHS_418
CSS100705:162520+120309,246.33463,12.05252,20100705.27,13.11,1007051120874117074,yes,11707,no,2016-08-30,11707,yes,"CV (Wils) SDSS mag 18,4"
CSS160607:162521+574415,246.33678,57.73755,20160607.34,18.4,1606071570494121794,yes,12179,no,2016-07-09,12179,yes,"SN (spec) SDSS mag 20,9"
CSS110426:162542+411842,246.42571,41.31175,20110426.4,16.95,1104261400684131134,yes,13113,yes,2016-07-14,13113,yes,"Blazar SDSS mag 19,2"
CSS080514:162606+225044,246.52379,22.84566,20080514.36,18.25,805141230814106789,yes,6789,yes,2016-09-25,6789,no,"CV SDSS 22,5 mag star"
CSS080426:162610-035325,246.54036,-3.89022,20080426.41,15.1,804260040884140372,yes,40372,yes,2016-07-11,40372,no,Var V1032 Oph
CSS140512:162618+392524,246.57652,39.42331,20140512.41,18.23,1405121380714142404,yes,14240,no,2016-09-03,14240,yes,HPM 2MASS_J162620
CSS111024:162619+392522,246.57766,39.42291,20111024.1,18.26,1110241380714146036,yes,14603,no,2016-09-03,14603,yes,"HPM 2MASS_J162620 SDSS mag 20,7"
CSS090502:162619+392523,246.57887,39.42296,20090502.42,18.25,905021380714155263,yes,55263,no,2016-09-03,55263,no,"HPM Bdwarf SDSS mag 20,7"
CSS090419:162620-125557,246.58264,-12.93237,20090419.43,17.64,904190120874147673,yes,47673,no,2016-06-14,47673,no,"CV mag 20,5 obj"
CSS141002:162632+325526,246.63214,32.92387,20141002.13,18.73,1410021320764133448,yes,13344,no,2016-10-11,13344,yes,"SN SDSS mag 20,2"
CSS120526:162637-241554,246.65357,-24.26497,20120526.35,14.9,1205260230814129756,no,12975,yes,2016-05-16,12975,yes,YSO 2MASS_J16263682-2415518
CSS130616:162652+292247,246.71823,29.37984,20130616.37,18.21,1306161290784123559,yes,12355,yes,2016-10-11,12355,yes,"Flare SDSS mag 20,2"
CSS140610:162653+335721,246.71952,33.95595,20140610.26,19.18,1406101350734101660,yes,10166,no,2016-09-03,10166,yes,"SN SDSS mag 21,2"
CSS080426:162657-002549,246.73667,-0.43016,20080426.41,18.43,804260010884151576,yes,51576,yes,2016-09-02,51576,no,"CV SDSS 22,2 mag gal"
CSS090615:162709+352211,246.78863,35.36965,20090615.35,18.45,906151350734129963,yes,29963,yes,2016-09-03,29963,yes,"SN no SDSS mag >22,5"
CSS100609:162718+120435,246.82662,12.07644,20100609.33,16.6,1006091120874119140,yes,11914,yes,2016-08-30,11914,yes,"CV SDSS_J1627+1204 SDSS mag 19,1"
CSS150522:162724+461140,246.8498,46.19443,20150522.36,18.88,1505221460624119707,yes,11970,no,2016-09-09,11970,yes,"SN SDSS mag 21,2"
CSS110611:162806+065316,247.0257,6.88764,20110611.4,14.22,1106111070884131228,yes,13122,no,2016-08-30,13122,yes,"CV SDSS mag 20,6"
CSS100513:162831+240259,247.12867,24.0498,20100513.29,15.72,1005131230814132089,yes,13208,no,2016-09-25,13208,yes,CV SDSS_J162830+240259
CSS100615:162838+473410,247.15659,47.56947,20100615.32,18.39,1006151460624145312,yes,14531,yes,2016-09-09,14531,yes,"Blazar SDSS mag 20,7"
CSS100605:162852+262229,247.2171,26.37473,20100605.32,18.94,1006051260804124282,yes,12428,yes,2016-10-11,12428,yes,"SN 2010ef SDSS mag 22,4"
CSS120419:163059+114327,247.74523,11.72422,20120419.46,17.93,1204191120874110393,yes,11039,no,2016-08-30,11039,yes,CV SDSS mag 22
CSS131023:163105+372056,247.76934,37.34875,20131023.1,17.6,1310231380714111848,yes,11184,no,2016-09-03,11184,yes,HPM 2MASS_J163105
CSS080505:163121+103134,247.83706,10.52608,20080505.37,14.08,805051090884151996,yes,51996,no,2016-08-30,51996,no,"CV SDSS mag 19,0 star"
CSS140601:163134-240447,247.89088,-24.07986,20140601.3,16.42,1406010230824156885,no,15688,no,2016-05-16,15688,yes,Var YSO
CSS110604:163138-215821,247.9103,-21.97263,20110604.3,12.84,1106040210844128759,no,12875,no,2016-05-16,12875,yes,Mira SSS100504
CSS090601:163229+062525,248.12226,6.42348,20090601.36,15.14,906011070884121382,yes,21382,yes,2016-08-30,21382,no,"Var red mag 15,5"
CSS110507:163239+351108,248.16364,35.18554,20110507.38,17.98,1105071350744129416,yes,12941,no,2016-10-18,12941,yes,"CV SDSS mag 23,1"
CSS100601:163311-011132,248.29727,-1.19212,20100601.34,17.83,1006010010894143612,yes,14361,no,2016-07-11,14361,yes,CV mag 21
CSS100616:163318+114505,248.32468,11.75135,20100616.32,18.63,1006161120874112489,yes,11248,yes,2016-08-30,11248,yes,"SN 2010es SDSS mag 21,0"
CSS090502:163332-020410,248.38185,-2.06956,20090502.39,17.99,905020010894123286,yes,23286,yes,2016-07-11,23286,no,"CV PQ blue source mag 21,5"
CSS130512:163414+094511,248.56028,9.75308,20130512.37,18.57,1305121090884136789,yes,13678,yes,2016-08-30,13678,yes,"Var SDSS mag 20,4"
CSS151013:163419+571028,248.58074,57.17437,20151013.11,14.86,1510131570504112908,no,11290,no,2016-10-22,11290,yes,HPM WD_1633+572
CSS131102:163420+571025,248.58192,57.17372,20131102.08,14.83,1311021570504113741,no,11374,no,2016-10-22,11374,yes,HPM WD_1633+572
CSS160413:163447+321843,248.69424,32.31199,20160413.46,16.81,1604131320764126745,yes,12674,no,2016-10-11,12674,yes,"CV SDSS mag 22,5"
CSS150423:163705-013214,249.26891,-1.5371,20150423.43,13.62,1504230010894142407,yes,14240,no,2016-07-11,14240,yes,HPM PLX_3775
CSS121011:163803+372814,249.51397,37.47047,20121011.14,16.82,1210111380724113233,yes,11323,yes,2016-10-18,11323,yes,"SN SDSS mag 18,1"
CSS080428:163805+083758,249.52245,8.63291,20080428.43,15.45,804281090894104463,yes,4463,yes,2016-08-30,4463,no,"CV SDSS mag 19,0 V544 Her"
CSS120519:163824-091720,249.59887,-9.28879,20120519.4,17.26,1205190090894173882,yes,17388,no,2016-06-14,17388,yes,CV mag 21
CSS120322:163848+405057,249.6989,40.84917,20120322.45,16.69,1203221400694127604,yes,12760,no,2016-10-18,12760,yes,CV SDSS mag >22
CSS090529:163854+214906,249.72573,21.81833,20090529.33,18.17,905291210844147976,yes,47976,yes,2016-10-12,47976,no,"SN 2009go SDSS mag 21,2 gal"
CSS090516:163900+175858,249.74939,17.98281,20090516.3,18.64,905161180864127581,yes,27581,yes,2016-09-25,27581,no,"SN 2009ew SDSS mag 21,5 gal"
CSS110604:163911-235805,249.79635,-23.96793,20110604.3,13.19,1106040230824154629,no,15462,no,2016-05-16,15462,yes,Mira SSS100804
CSS110329:163920-104657,249.83324,-10.78248,20110329.46,12.48,1103290090894121721,yes,12172,yes,2016-06-14,12172,yes,Mira
CSS080131:163943+122414,249.92791,12.404,20080131.51,17.34,801311120884124969,yes,24969,no,2016-08-30,24969,no,"CV SDSS mag 19,2"
CSS110605:163952+341552,249.96827,34.26457,20110605.38,17.17,1106051350744108815,yes,10881,no,2016-10-18,10881,yes,"Flare SDSS mag 19,9"
CSS080304:164002+073208,250.00891,7.53544,20080304.44,18.73,803041070894154850,no,54850,no,2016-08-30,54850,no,CV DSS mag >21 blue obj
CSS090711:164018+080823,250.07435,8.13962,20090711.3,18.71,907111070894157283,no,57283,yes,2016-08-30,57283,yes,"CV PQ mag 21,5"
CSS120430:164142+291159,250.42667,29.19976,20120430.29,19.53,1204301290794121687,yes,12168,yes,2016-10-11,12168,yes,"SN SDSS mag 21,4"
CSS080606:164147+121026,250.44488,12.17383,20080606.28,16.91,806061120884123727,yes,23727,yes,2016-08-30,23727,no,"CV SDSS mag 21,1 star"
CSS130606:164149+473351,250.4544,47.56414,20130606.37,18.63,1306061460634149077,yes,14907,no,2016-10-19,14907,yes,"SN SDSS mag 20,7"
CSS150413:164204+102541,250.51614,10.42807,20150413.46,14.23,1504131090894153902,yes,15390,no,2016-08-30,15390,yes,HPM LHS_425
CSS130608:164206+313027,250.52574,31.50749,20130608.35,18.18,1306081320774109980,yes,10998,no,2016-10-11,10998,yes,"SN 2MASX_J164207 SDSS mag 15,4"
CSS130608:164208+320607,250.53341,32.10206,20130608.35,17.36,1306081320774122613,yes,12261,no,2016-10-11,12261,yes,"SN SDSS mag 18,9"
CSS110413:164225+164928,250.60467,16.82447,20110413.48,17.49,1104131150874170907,yes,17090,yes,2016-09-05,17090,yes,"SN 2011eo SDSS mag 20,2"
CSS111028:164311+635843,250.79752,63.97874,20111028.1,18.25,1110281630424126946,yes,12694,yes,2016-10-09,12694,yes,"Blazar SDSS mag 20,2"
CSS100507:164354-131525,250.97665,-13.25698,20100507.39,15.95,1005070120884134627,no,13462,yes,2016-06-14,13462,yes,CV (spec) mag >22
CSS090416:164413+054158,251.05522,5.69954,20090416.42,17.66,904161070894101563,yes,1563,yes,2016-08-30,1563,no,"CV mag 19,8 DSS/PQ source"
CSS140628:164427+285658,251.11416,28.9494,20140628.28,17.29,1406281290794116040,yes,11604,no,2016-10-11,11604,yes,"SN (spec) SDSS mag 19,4"
CSS140402:164441+441851,251.17036,44.31418,20140402.45,18.99,1404021430674141504,yes,14150,no,2016-10-19,14150,yes,"AGN SDSS mag 20,3"
CSS120608:164449+195940,251.20596,19.99455,20120608.4,15.49,1206081210854103927,yes,10392,no,2016-10-12,10392,yes,"CV SDSS mag 20,5"
CSS130601:164535-113318,251.39386,-11.55496,20130601.32,17.77,1306010120884194298,no,19429,no,2016-06-14,19429,yes,CV (SSS120828) mag >21
CSS110703:164548+344402,251.45052,34.734,20110703.25,18.75,1107031350754120112,yes,12011,no,2016-10-18,12011,yes,"Flare SDSS mag 20,7"
CSS090914:164558-144054,251.4901,-14.68175,20090914.11,13.08,909140150874190570,no,90570,no,2016-05-28,90570,yes,Mira mag 13 IRAS_16431-1435
CSS090504:164620+435631,251.58296,43.942,20090504.41,17.91,905041430674135550,yes,35550,yes,2016-10-19,35550,no,"Blazar z=0,475 radio,x-ray src"
CSS100616:164625+180808,251.60326,18.13568,20100616.32,18.32,1006161180864132491,yes,13249,yes,2016-09-25,13249,yes,"CV SDSS mag 20,8"
CSS121026:164652+565105,251.71873,56.8515,20121026.09,17.96,1210261570504105230,no,10523,yes,2016-10-22,10523,yes,"SN 2012gh mag 20,3"
CSS160705:164654+090726,251.72298,9.12398,20160705.3,18.94,1607051090894117774,yes,11777,no,2016-08-30,11777,yes,"CV mag 20,5"
CSS090120:164659+272800,251.74753,27.46659,20090120.53,18.78,901201260824142071,yes,42071,yes,2016-10-11,42071,no,"SN SDSS mag 21,5 gal"
CSS120917:164704+231612,251.76645,23.26989,20120917.17,18.87,1209171230834113314,yes,11331,no,2016-10-12,11331,yes,"SN SDSS mag 20,9"
CSS140501:164707+622451,251.77799,62.41419,20140501.36,17.8,1405011630424105496,yes,10549,no,2016-10-09,10549,yes,"CV SDSS mag 18,3"
CSS080406:164729+091826,251.87269,9.30717,20080406.46,18.14,804061090894125668,yes,25668,yes,2016-08-30,25668,no,"SN 2008dc (SNF20080517-008) SDSS mag 20,4"
CSS130601:164730-152524,251.87398,-15.42323,20130601.32,15.42,1306010150874169777,no,16977,no,2016-05-28,16977,yes,RCorB (ASAS-RCB-14) mag 17
CSS100513:164748+433845,251.9499,43.64583,20100513.46,18.97,1005131430674125159,yes,12515,yes,2016-10-19,12515,yes,"CV SDSS mag 21,8"
CSS140606:164803+122120,252.01148,12.35569,20140606.42,18.32,1406061120894129739,yes,12973,no,2016-08-30,12973,yes,"CV (spec) SDSS mag >22,5"
CSS160503:164816-060607,252.06517,-6.10192,20160503.41,17.05,1605030070894187198,yes,18719,no,2016-07-11,18719,yes,"CV mag 18,5"
CSS160831:164821+061614,252.0886,6.27063,20160831.18,17.24,1608311070894114808,no,11480,no,2016-08-31,11480,yes,"SN mag 18,3"
CSS150623:164924+293848,252.35003,29.64658,20150623.36,18.35,1506231290804130128,yes,13012,no,2016-10-11,13012,yes,"SN SDSS mag 20,6"
CSS090421:164926+055248,252.35694,5.88002,20090421.4,18.79,904211070904110171,yes,10171,yes,2016-08-30,10171,no,"SN 2009dx SDSS mag 20,8"
CSS110918:164935+263347,252.39671,26.56292,20110918.14,18.7,1109181260824120853,yes,12085,no,2016-10-11,12085,yes,"SN SDSS mag 22,2"
CSS100707:164950+035835,252.45992,3.97634,20100707.21,14.05,1007071040904138258,yes,13825,yes,2016-07-09,13825,yes,"CV CSS mag 18,9"
CSS090930:165003+435616,252.51159,43.9377,20090930.11,18.37,909301430674124967,yes,24967,no,2016-10-19,24967,yes,"CV SDSS mag 22,4"
CSS130505:165004+243347,252.51873,24.56318,20130505.34,18.46,1305051230834148200,yes,14820,no,2016-10-12,14820,yes,"CV (spec) mag 20,9"
CSS150606:165007+392755,252.52887,39.4654,20150606.31,18.29,1506061380734150294,yes,15029,no,2016-10-18,15029,yes,CV SDSS mag 22
CSS120610:165030+454419,252.62313,45.7386,20120610.44,18.62,1206101460644109240,yes,10924,no,2016-10-20,10924,yes,"SN SDSS mag 22,1"
CSS130509:165032+494344,252.63322,49.72891,20130509.44,18.44,1305091490614141161,yes,14116,yes,2016-10-19,14116,yes,"SN SDSS mag 20,4"
CSS130620:165055+512933,252.7275,51.49261,20130620.3,18.79,1306201520574112431,yes,11243,no,2016-10-22,11243,yes,"SN SDSS mag 20,7"
CSS130916:165201+244631,253.0055,24.77525,20130916.15,16.72,1309161230834137353,yes,13735,no,2016-10-12,13735,yes,"CV SDSS mag 21,5"
CSS130414:165214+360110,253.05717,36.01952,20130414.38,18.46,1304141350754151399,yes,15139,yes,2016-10-18,15139,yes,"SN SDSS mag 20,8"
CSS130917:165221-064444,253.08732,-6.74543,20130917.13,17.52,1309170070904150815,yes,15081,no,2016-08-30,15081,yes,AGN mag 20
CSS130324:165236+460515,253.15116,46.08749,20130324.45,16.92,1303241460644117054,yes,11705,no,2016-10-20,11705,yes,"CV (Master) SDSS mag 21,9"
CSS101102:165258+390251,253.24365,39.04737,20101102.08,18.09,1011021380734143685,yes,14368,yes,2016-10-18,14368,yes,"Blazar IVS_B1651+391 z=1,3"
CSS090617:165311-105721,253.2974,-10.95582,20090617.28,18.49,906170090904114438,no,14438,yes,2016-06-14,14438,yes,"CV mag >21,5 no DSS or"
CSS140629:165332-050956,253.38296,-5.16564,20140629.29,18.99,1406290040914119592,yes,11959,no,2016-08-30,11959,yes,"CV SDSS mag 21,9"
CSS080514:165338+004912,253.40788,0.81998,20080514.33,18.54,805141010914129612,yes,29612,yes,2016-07-09,29612,no,Var PQ mag ~21
CSS080426:165347+164950,253.44423,16.83042,20080426.44,19.07,804261150884159233,yes,59233,no,2016-07-12,59233,no,"Blazar SDSS 22,4 mag poss_NVSS_src"
CSS150415:165352+384930,253.46862,38.82511,20150415.48,18.66,1504151380734147915,yes,14791,no,2016-10-18,14791,yes,"AGN SDSS mag 19,8"
CSS090612:165359+201010,253.49575,20.16956,20090612.41,15.15,906121210864109111,yes,9111,yes,2016-10-12,9111,no,"CV SDSS_J16540 18,4"
CSS140503:165443+375425,253.6778,37.907,20140503.46,17.62,1405031380734126226,yes,12622,no,2016-10-18,12622,yes,"AGN (spec) SDSS mag 18,9"
CSS140618:165453+504054,253.7211,50.68163,20140618.37,18.16,1406181490614147095,yes,14709,no,2016-10-19,14709,yes,"Flare SDSS mag 20,4"
CSS090612:165500-065142,253.74954,-6.86173,20090612.33,18.27,906120070904160673,yes,60673,yes,2016-08-30,60673,no,CV PQ mag 21 star
CSS160419:165534-082355,253.89314,-8.39869,20160419.42,13.82,1604190070904103478,yes,10347,no,2016-08-30,10347,yes,HPM GJ_644C
CSS130422:165535-082353,253.89388,-8.39796,20130422.43,13.4,1304220070904105036,yes,10503,no,2016-08-30,10503,yes,HPM GJ_644C
CSS090722:165649+093618,254.20367,9.605,20090722.25,17.93,907221090904130605,no,30605,yes,2016-08-30,30605,yes,"CV CSS mag 20,5"
CSS160710:165708+355938,254.28421,35.994,20160710.31,19.68,1607101350754138969,yes,13896,no,2016-10-18,13896,yes,"AGN SDSS mag 20,1"
CSS140602:165724+115759,254.35006,11.96645,20140602.36,18.83,1406021120904122625,yes,12262,no,2016-07-08,12262,yes,"SN SDSS mag 22,5"
CSS140423:165724+314342,254.35021,31.72842,20140423.42,18.94,1404231320784116639,yes,11663,no,2016-10-11,11663,yes,SN SDSS mag >22
CSS120526:165741-055625,254.42072,-5.94016,20120526.38,17.34,1205260070904186783,yes,18678,yes,2016-08-30,18678,yes,"CV (spec) SDSS mag 19,5"
CSS120301:165742-041543,254.42473,-4.26188,20120301.51,17.27,1203010040914152637,yes,15263,no,2016-08-30,15263,yes,CV mag 19
CSS140608:165745-044405,254.43932,-4.73468,20140608.28,17.95,1406080040914133997,yes,13399,no,2016-08-30,13399,yes,CV SDSS mag >22
CSS130517:165754+205346,254.47476,20.89605,20130517.44,17.79,1305171210864128120,yes,12812,no,2016-10-12,12812,yes,"SN (spec) 2MASS_16575 SDSS mag 14,6"
CSS120621:165804+143634,254.51559,14.60941,20120621.23,16.67,1206211150884114821,yes,11482,no,2016-07-12,11482,yes,"CV SDSS mag 21,7"
CSS090421:165818+025639,254.57401,2.94414,20090421.41,18.69,904211040914106536,no,6536,yes,2016-07-11,6536,no,CV DSS mag 21 obj
CSS100619:165856-005403,254.73377,-0.90095,20100619.29,17.51,1006190010914178052,yes,17805,yes,2016-07-08,17805,yes,CV mag >21
CSS140623:170005-110417,255.02147,-11.07134,20140623.31,17.01,1406230090904110257,yes,11025,no,2016-06-14,11025,yes,"CV SDSS mag 20,1"
CSS140427:170026+573032,255.10705,57.50879,20140427.46,18.31,1404271570514119935,no,11993,no,2016-10-22,11993,yes,"SN mag >21,5"
CSS090612:170116-024158,255.31589,-2.69957,20090612.33,17.65,906120010914104513,yes,4513,yes,2016-07-08,4513,no,"CV SDSS mag 21,9 gal?"
CSS110426:170152+132131,255.46497,13.35851,20110426.35,18.38,1104261120904156424,yes,15642,yes,2016-07-08,15642,yes,"CV SDSS mag 19,3"
CSS130416:170209+551827,255.53578,55.30741,20130416.46,16.34,1304161550544133046,no,13304,no,2016-10-22,13304,yes,"CV mag 18,9"
CSS110414:170342+324553,255.92409,32.7646,20110414.42,19.06,1104141320794138720,yes,13872,yes,2016-10-11,13872,yes,SN 2011ep SDSS mag >22
CSS090622:170344+090835,255.93144,9.14299,20090622.35,14.57,906221090914122502,no,22502,yes,2016-07-08,22502,yes,"CV mag 20,5 PQ/DSS obj"
CSS150427:170345+395926,255.93685,39.99064,20150427.46,18.93,1504271400714111420,yes,11142,no,2016-10-18,11142,yes,"SN SDSS mag 21,5"
CSS080409:170404+213542,256.01498,21.595,20080409.34,17.74,804091210874153781,yes,53781,yes,2016-10-30,53781,no,"SN 2008dd SDSS mag 20,1 gal?"
CSS130615:170425+390318,256.10412,39.05512,20130615.37,17.21,1306151380744153796,yes,15379,no,2016-10-18,15379,yes,HPM LHS_3263
CSS130607:170449+320418,256.20529,32.07157,20130607.41,18.22,1306071320794125262,yes,12526,yes,2016-10-11,12526,yes,"Flare SDSS mag 20,3"
CSS130530:170453+125510,256.22054,12.91953,20130530.42,16.49,1305301120904244806,yes,24480,no,2016-07-08,24480,yes,SN (Jin and Gao) 2013cj mag
CSS130617:170459+600538,256.245,60.09378,20130617.32,18.78,1306171600474117100,yes,11710,no,2016-10-09,11710,yes,"SN SDSS mag 20,5"
CSS080403:170550+265903,256.45759,26.98409,20080403.4,20.23,804031260834142979,yes,42979,no,2016-10-11,42979,no,"AGN SDSS 20,1 mag gal"
CSS160513:170606+255153,256.52558,25.86482,20160513.44,18.76,1605131260834111193,yes,11119,no,2016-10-11,11119,yes,"CV SDSS mag 21,3"
CSS090205:170610+143452,256.54032,14.58111,20090205.53,14.84,902051150894115932,yes,15932,yes,2016-07-09,15932,no,"CV Blue SDSS mag 17,9"
CSS111023:170618+383220,256.57545,38.53894,20111023.12,18.72,1110231380744134000,yes,13400,no,2016-10-18,13400,yes,"SN (PTF11moy) SDSS mag 21,0"
CSS090818:170702+165339,256.76024,16.89408,20090818.19,18.11,908181150894173292,yes,73292,yes,2016-07-09,73292,yes,CV mag 21
CSS120608:170727+115705,256.86125,11.95151,20120608.38,18.56,1206081120904116691,yes,11669,no,2016-07-08,11669,yes,SN SDSS mag 22
CSS140402:170739+572310,256.91332,57.38614,20140402.41,18.3,1404021570514118119,yes,11811,no,2016-10-22,11811,yes,"Flare SDSS mag 20,4"
CSS130519:170750-053321,256.95955,-5.55593,20130519.37,18.39,1305190040924105557,no,10555,no,2016-08-30,10555,yes,CV mag >21
CSS110603:170810-022023,257.0431,-2.3397,20110603.36,12.67,1106030010924119967,yes,11996,no,2016-07-08,11996,yes,"Mira mag 13,5"
CSS120415:170824+030104,257.10147,3.01764,20120415.48,18.41,1204151040924106888,no,10688,yes,2016-07-08,10688,yes,SN mag 21
CSS140620:171007+610911,257.52763,61.15294,20140620.42,18.79,1406201600484135408,yes,13540,no,2016-10-09,13540,yes,"SN (spec) SDSS mag 21,8"
CSS160513:171024+262348,257.59972,26.39677,20160513.44,17.05,1605131260844127527,yes,12752,no,2016-10-12,12752,yes,"SN (2016ccj) SDSS mag 18,0"
CSS130421:171053+193038,257.72117,19.51045,20130421.42,18.49,1304211180894173578,yes,17357,no,2016-10-31,17357,yes,"AGN SDSS mag 21,1"
CSS100413:171103+380604,257.76154,38.10102,20100413.45,18.29,1004131380744132697,yes,13269,yes,2016-10-18,13269,yes,"AGN SDSS mag 19,9"
CSS100523:171203+275411,258.0122,27.90305,20100523.34,17.82,1005231260844160317,yes,16031,no,2016-10-12,16031,yes,"CV SDSS mag 21,0"
CSS090516:171223+362516,258.09622,36.42107,20090516.41,17.47,905161350764160199,yes,60199,no,2016-10-18,60199,no,"CV SDSS mag 20,0"
CSS130529:171236+613329,258.15165,61.55811,20130529.37,18.96,1305291600484134981,yes,13498,no,2016-10-09,13498,yes,"SN SDSS mag 21,1"
CSS120424:171250+310708,258.20786,31.11877,20120424.44,16.26,1204241320794103277,yes,10327,no,2016-10-11,10327,yes,"CV mag 19,8"
CSS090617:171258-060257,258.24203,-6.0491,20090617.28,14.18,906170070924226343,no,26343,no,2016-08-30,26343,yes,AGB star
CSS130529:171407+604724,258.52985,60.78988,20130529.37,15.08,1305291600484123094,yes,12309,no,2016-10-09,12309,yes,HPM LHS_436
CSS110414:171419+435955,258.57992,43.99868,20110414.47,18.17,1104141430694136992,yes,13699,yes,2016-10-19,13699,yes,"SN 2011cm SDSS mag 19,5"
CSS140627:171431+310925,258.62906,31.15701,20140627.36,18.97,1406271320804103621,yes,10362,no,2016-11-04,10362,yes,"SN SDSS mag 16,8"
CSS110623:171446+062304,258.69354,6.38437,20110623.28,18.6,1106231070924122777,no,12277,no,2016-10-11,12277,yes,CV DSS mag >21
CSS120926:171458+344754,258.74065,34.79828,20120926.11,18.7,1209261350774119449,yes,11944,yes,2016-11-08,11944,yes,"SN SDSS mag 22,4"
CSS100519:171557-074734,258.98796,-7.79284,20100519.39,12.81,1005190070924141578,no,14157,yes,2016-08-30,14157,yes,Mira mag 14 IRAS 17132-0744
CSS130318:171632+101552,259.13393,10.26437,20130318.44,17.03,1303181090924175989,yes,17598,yes,2016-10-03,17598,yes,"Flare SDSS mag 20,3"
CSS120619:171640+112846,259.1669,11.47939,20120619.34,18.12,1206191120914106935,no,10693,no,2016-10-03,10693,yes,CV mag >21
CSS120322:171646+414301,259.19268,41.71687,20120322.48,17.92,1203221400724152974,yes,15297,no,2016-10-09,15297,yes,"SN SDSS mag 19,2"
CSS100616:171654+313351,259.22532,31.56405,20100616.39,18.92,1006161320804115382,yes,11538,yes,2016-11-04,11538,yes,"SN 2010et CGCG_170-011 z=0,023 SDSS mag"
CSS130418:171722+410400,259.34179,41.06672,20130418.47,17.02,1304181400724141378,yes,14137,no,2016-10-09,14137,yes,"SN 2013bs NGC6343 SDSS mag 13,3"
CSS090729:171808+131907,259.53346,13.31854,20090729.2,18.18,907291120914164148,no,64148,yes,2016-10-03,64148,yes,"CV CSS mag 20,5"
CSS130512:171817+204032,259.56941,20.67545,20130512.44,16.21,1305121210884131694,yes,13169,yes,2016-10-30,13169,yes,"Flare mag 20,3"
CSS140930:171818+293544,259.57704,29.59554,20140930.15,17.65,1409301290824135095,yes,13509,no,2016-11-04,13509,yes,"CV SDSS mag 17,9"
CSS101113:171837+414057,259.65219,41.68263,20101113.1,17.2,1011131400724139601,yes,13960,yes,2016-10-09,13960,yes,SN 2010je (Newton) mag 14
CSS140328:171921+640310,259.83859,64.05279,20140328.48,17.22,1403281630444138433,yes,13843,no,2016-10-09,13843,yes,"CV SDSS mag 21,3"
CSS111022:171958+200236,259.99124,20.04338,20111022.11,18.02,1110221210884105604,no,10560,no,2016-10-30,10560,yes,"CV mag 20,5"
CSS130916:172000+245551,260.00053,24.93094,20130916.15,16.75,1309161230864155882,yes,15588,no,2016-10-30,15588,yes,"SN UGC10809 SDSS mag 15,1"
CSS130510:172002+234451,260.0081,23.74759,20130510.38,18.39,1305101230864140095,yes,14009,yes,2016-10-30,14009,yes,"SN 2013cm SDSS mag 15,9"
CSS090929:172039+183802,260.16114,18.63388,20090929.12,16.25,909291180894139837,no,39837,no,2016-10-31,39837,yes,"CV mag 19,8"
CSS160616:172101+334427,260.25491,33.74087,20160616.32,18.38,1606161320804161901,yes,16190,no,2016-11-04,16190,yes,HPM 2MASS_J17210
CSS101113:172102+334425,260.25801,33.74023,20101113.07,18.57,1011131320804153167,yes,15316,no,2016-11-04,15316,yes,HPM 2MASSI_J1721039+334415
CSS090614:172102+334423,260.25887,33.73962,20090614.36,18.62,906141320804168891,yes,68891,no,2016-11-04,68891,yes,HPM 2MUCD 11694
CSS120608:172102+273301,260.26038,27.55036,20120608.42,16.23,1206081260844152353,yes,15235,yes,2016-10-12,15235,yes,CV AMCVn (Rau) SDSS mag 20
CSS120611:172149-051713,260.45358,-5.28702,20120611.33,14.76,1206110040934111559,no,11155,no,2016-08-30,11155,yes,CV DSS mag 20
CSS120525:172227+431634,260.61148,43.27623,20120525.41,18.85,1205251430694120110,yes,12011,no,2016-10-19,12011,yes,SN SDSS mag >22
CSS150421:172231+361210,260.63004,36.20277,20150421.47,18.54,1504211350774159302,yes,15930,no,2016-11-08,15930,yes,"SN SDSS mag 20,5"
CSS130520:172328+360348,260.86807,36.06323,20130520.36,18.84,1305201350774155625,yes,15562,no,2016-11-08,15562,yes,"Blazar SDSS mag 20,8"
CSS090917:172342+302950,260.92472,30.49729,20090917.14,17.34,909171290824153853,yes,53853,no,2016-11-04,53853,yes,"SN 2009jb (PTF) SDSS mag 19,2"
CSS071115:172406+411410,261.02635,41.23615,20071115.06,17.09,711151400724125465,no,25465,no,2016-10-09,25465,no,"CV mag > 18,5 RBS_1646 (V1007"
CSS120917:172414+330304,261.05918,33.05112,20120917.21,17.09,1209171320804150109,yes,15010,yes,2016-11-04,15010,yes,"Blazar B1722+331 SDSS mag 19,6"
CSS100706:172516+073249,261.31463,7.54693,20100706.28,18.3,1007061070934182952,yes,18295,yes,2016-10-11,18295,yes,"CV SDSS mag 20,6"
CSS090614:172538+190706,261.40952,19.11827,20090614.39,18.9,906141180904171923,no,71923,yes,2016-10-30,71923,yes,SN 2009gr CFHT mag 22 gal
CSS160320:172602+601100,261.50798,60.18339,20160320.51,18.81,1603201600484115776,yes,11577,no,2016-10-09,11577,yes,"Blazar CRATES_J1726 SDSS mag 19,9"
CSS130421:172701+181421,261.75336,18.23916,20130421.42,17.51,1304211180904145030,no,14503,no,2016-10-30,14503,yes,"CV mag 20,5"
CSS090929:172734+130513,261.89031,13.08691,20090929.11,17.34,909291120924150690,no,50690,no,2016-10-03,50690,yes,"CV mag 19,5"
CSS160405:172739+142856,261.91102,14.48233,20160405.49,12.6,1604051150914112284,no,11228,no,2016-10-03,11228,yes,HPM LHS_448
CSS100602:172807+121540,262.0293,12.26102,20100602.39,17.93,1006021120924132981,no,13298,yes,2016-10-03,13298,yes,"Blazar PKS_1725+123 z=0,588 mag 19,5"
CSS090922:172901+160108,262.25391,16.0189,20090922.16,16.97,909221150914166376,no,66376,no,2016-10-03,66376,yes,CV mag 20 (blend)
CSS081010:172929+201808,262.37127,20.3023,20081010.08,17.76,810101210894113941,yes,13941,yes,2016-10-30,13941,no,"CV DSS mag 21,5 Galex"
CSS140609:172936+175416,262.40171,17.90453,20140609.28,17.33,1406091180904129263,no,12926,no,2016-10-30,12926,yes,CV mag 21
CSS100707:172952+220808,262.465,22.13557,20100707.32,15.12,1007071210894180794,yes,18079,yes,2016-10-30,18079,yes,"CV CSS mag 17,8"
CSS140627:173000+403615,262.50056,40.60409,20140627.32,17.88,1406271400734124327,no,12432,no,2016-11-08,12432,yes,SN (spec) mag 19
CSS090303:173003+482119,262.51222,48.35518,20090303.47,16.04,903031490634110911,no,10911,yes,2016-10-19,10911,no,"CV mag 20,5 outburst DSS2R"
CSS130416:173015+335636,262.56264,33.94331,20130416.41,18.25,1304161350784103276,yes,10327,yes,2016-11-08,10327,yes,"SN SDSS mag 22,3"
CSS140402:173048+554518,262.69834,55.75493,20140402.47,14.49,1404021550564144957,yes,14495,no,2016-10-22,14495,yes,CV GSC2
CSS140609:173103+203632,262.76313,20.60893,20140609.28,17.59,1406091210894124555,yes,12455,no,2016-10-30,12455,yes,SN (spec) mag 21
CSS130926:173104+581255,262.76855,58.21538,20130926.17,18.85,1309261570524136874,yes,13687,no,2016-10-22,13687,yes,"AGN SDSS mag 20,0"
CSS090711:173110+362540,262.79224,36.42781,20090711.38,18.01,907111350784151905,yes,51905,yes,2016-11-08,51905,yes,"SN 2009hl CGCG_198-046 mag 15,7 z=0,0494"
CSS150416:173125+275428,262.856,27.90787,20150416.47,14.4,1504161260854172732,yes,17273,no,2016-11-04,17273,yes,"CV (ASASSN-15hd) SDSS mag 21,6"
CSS151122:173142+435334,262.92642,43.89278,20151122.09,17.54,1511221430704132498,yes,13249,no,2016-10-05,13249,yes,"SN (PS15blq) SDSS mag 20,3"
CSS090929:173150+150258,262.95889,15.04946,20090929.11,18.49,909291150914127678,no,27678,no,2016-10-03,27678,yes,CV mag 21
CSS120617:173203+164751,263.01094,16.79743,20120617.36,12.87,1206171150914202091,no,20209,no,2016-10-03,20209,yes,Var
CSS120612:173245+094746,263.18865,9.7962,20120612.35,16.53,1206121090934157104,no,15710,yes,2016-10-03,15710,yes,CV (spec)
CSS090820:173308+300635,263.28287,30.10959,20090820.18,18.04,908201290834147637,yes,47637,no,2016-11-04,47637,yes,"CV SDSS mag 22,3 star"
CSS140630:173332-042526,263.38317,-4.42389,20140630.29,13.0,1406300040944170120,no,17012,no,2016-07-08,17012,yes,LPV
CSS130926:173340+502226,263.41514,50.37384,20130926.14,17.47,1309261490634154130,no,15413,no,2016-10-19,15413,yes,SN (Boles) UGC_10908
CSS130401:173433+434219,263.63547,43.70525,20130401.49,18.45,1304011430704131751,yes,13175,no,2016-10-05,13175,yes,"SN SDSS mag >21,5"
CSS120530:173447+371445,263.69598,37.24588,20120530.32,16.33,1205301380764113640,no,11364,no,2016-11-08,11364,yes,"CV mag 19,8"
CSS110623:173517+154708,263.82044,15.78567,20110623.29,14.25,1106231150914161482,no,16148,no,2016-10-03,16148,yes,"CV mag 17,3"
CSS140630:173525-042402,263.85414,-4.40049,20140630.29,17.52,1406300040944169740,no,16974,no,2016-07-08,16974,yes,CV mag 20
CSS100413:173528+363107,263.86772,36.51854,20100413.45,17.66,1004131350784173934,no,17393,yes,2016-11-08,17393,yes,"CV CSS mag 20,0"
CSS090929:173609+491749,264.03805,49.29703,20090929.16,17.96,909291490644122974,no,22974,no,2016-11-04,22974,yes,"SN DSS mag 19,5 (z=0,075)"
CSS090421:173802+354549,264.50796,35.76361,20090421.37,18.65,904211350784159221,no,59221,yes,2016-11-08,59221,no,"CV mag 20,5"
CSS090711:173851+292314,264.7126,29.38722,20090711.38,17.23,907111290844128304,yes,28304,yes,2016-11-04,28304,yes,"CV SDSS mag 20,5 obj"
CSS080512:173900+344023,264.74923,34.67309,20080512.35,18.73,805121350784123411,no,23411,no,2016-11-08,23411,no,CV DSS >21 mag source
CSS141013:173950+512725,264.95843,51.45706,20141013.14,17.02,1410131520604113686,yes,11368,no,2016-09-05,11368,yes,HPM LHS_453
CSS130418:174033+414756,265.13932,41.79893,20130418.47,13.97,1304181400734166981,no,16698,no,2016-11-08,16698,yes,"CV (spec) mag 20,3"
CSS090922:174034+184249,265.14302,18.71367,20090922.17,15.7,909221180914166153,yes,66153,no,2016-10-03,66153,yes,"SN 2009jg mag 17,4 gal"
CSS130613:174102+265401,265.25688,26.90029,20130613.29,18.61,1306131260864152278,yes,15227,no,2016-11-04,15227,yes,"CV SDSS mag 20,3"
CSS160910:174133+680440,265.38723,68.07786,20160910.14,16.84,1609101690374105884,yes,10588,no,2016-10-10,10588,yes,"CV SDSS mag 20,1"
CSS090818:174209+234830,265.53823,23.8082,20090818.21,15.78,908181230884140146,yes,40146,no,2016-10-03,40146,yes,CV V660_Her
CSS090205:174301+300053,265.75608,30.01461,20090205.51,17.02,902051290844154776,no,54776,yes,2016-11-04,54776,no,"CV mag >21,5 (p60) no DSS"
CSS120926:174312+364602,265.80076,36.76736,20120926.14,17.59,1209261380774102309,no,10230,yes,2016-11-08,10230,yes,"SN SDSS mag 20,5"
CSS160714:174506+440426,266.2738,44.07399,20160714.31,18.64,1607141430714142489,yes,14248,no,2016-11-04,14248,yes,"SN SDSS mag 20,2"
CSS141001:174607+410603,266.52832,41.10079,20141001.15,17.79,1410011400744142135,no,14213,no,2016-11-08,14213,yes,"SN mag 20,2"
CSS161010:174615+662719,266.5632,66.45521,20161010.18,17.96,1610101660414123208,yes,12320,no,2016-10-29,12320,yes,"SN SDSS mag 19,5"
CSS140407:174643+501111,266.67854,50.18645,20140407.38,17.45,1404071490644153296,yes,15329,no,2016-11-04,15329,yes,"CV SDSS mag 22,0"
CSS160910:174648+695318,266.7011,69.88847,20160910.14,14.88,1609101690374137222,no,13722,no,2016-10-10,13722,yes,HPM (2MASS_J174648)
CSS080409:174714+150048,266.80973,15.01325,20080409.37,16.96,804091150924143927,yes,43927,yes,2016-10-03,43927,no,CV PQ mag ~21
CSS121010:174747+552918,266.94696,55.48833,20121010.19,16.23,1210101550574139561,yes,13956,no,2016-11-06,13956,yes,"CV SDSS mag 19,0"
CSS090421:174806+340401,267.02421,34.06696,20090421.37,16.43,904211350794109737,no,9737,yes,2016-11-08,9737,no,"Blazar MG2_J174803+3403 mag 19,1"
CSS130609:174808+625509,267.03488,62.91911,20130609.41,17.84,1306091630454118826,yes,11882,no,2016-10-29,11882,yes,"SN SDSS mag 19,4"
CSS131002:174828+505040,267.11625,50.84446,20131002.18,15.29,1310021520614101453,yes,10145,no,2016-11-06,10145,yes,"CV SDSS mag 19,8"
CSS120425:174943+335724,267.42779,33.95655,20120425.34,18.48,1204251350794106704,no,10670,no,2016-11-08,10670,yes,"SN 2MASX_J174944 mag 16,5"
CSS130520:175009+290044,267.53712,29.01223,20130520.33,18.39,1305201290844124453,no,12445,no,2016-11-04,12445,yes,CV mag >21
CSS160707:175105+384200,267.7703,38.70012,20160707.37,14.15,1607071380774156515,yes,15651,no,2016-11-08,15651,yes,HPM LHS_3334
CSS101019:175123+372421,267.84699,37.40586,20101019.12,16.99,1010191380774115803,no,11580,no,2016-11-08,11580,yes,SN mag >21
CSS090303:175130+352123,267.87564,35.35648,20090303.52,14.97,903031350794146364,no,46364,yes,2016-11-08,46364,no,"CV mag 20,5 blue source"
CSS110610:175253+292219,268.21911,29.37193,20110610.36,16.39,1106101290854138513,no,13851,no,2016-11-04,13851,yes,"CV NY Her mag 18,3"
CSS150512:175608+265535,269.03212,26.92631,20150512.44,17.38,1505121260874153480,no,15348,no,2016-11-05,15348,yes,"CV mag 19,4"
CSS110610:175649+344400,269.20299,34.73323,20110610.36,17.42,1106101350804125610,no,12561,no,2016-11-08,12561,yes,CV mag 21
CSS130510:175654+353051,269.22646,35.51416,20130510.41,17.93,1305101350804157015,no,15701,no,2016-11-08,15701,yes,"CV mag 20,5"
CSS160703:175933+333458,269.88584,33.58282,20160703.33,18.97,1607031320834188377,no,18837,no,2016-11-04,18837,yes,"CV mag >21,5"
CSS121025:180049+523235,270.20418,52.54313,20121025.11,16.6,1210251520614129666,yes,12966,yes,2016-11-06,12966,yes,"CV RXS_J180049 SDSS mag 20,2"
CSS130510:180246+373048,270.69353,37.51321,20130510.41,13.2,1305101380784129660,no,12966,no,2016-11-08,12966,yes,HPM LHS_457
CSS110610:180546+314018,271.44303,31.67164,20110610.36,17.24,1106101320834120295,no,12029,no,2016-11-04,12029,yes,CV V1008_Her
CSS111128:180804+384617,272.01861,38.77144,20111128.08,14.19,1111281380784154913,no,15491,no,2016-11-08,15491,yes,CV PR_Her mag 21
CSS160527:180845+342724,272.18638,34.45669,20160527.35,17.43,1605271350814117609,no,11760,no,2016-11-08,11760,yes,"CV mag >21,5"
CSS111118:181200+501930,273.00034,50.32503,20111118.08,18.19,1111181490664163515,no,16351,yes,2016-11-05,16351,yes,"SN mag 20,5"
CSS120515:181239+460333,273.16408,46.05925,20120515.35,18.65,1205151460694129221,no,12922,no,2016-11-05,12922,yes,"Var mag 19,8"
CSS160406:181252+330407,273.21855,33.06853,20160406.46,15.79,1604061320844170620,no,17062,no,2016-10-12,17062,yes,"CV mag 17,7"
CSS130917:181255+641840,273.23058,64.31117,20130917.19,17.36,1309171630464141509,yes,14150,no,2016-11-07,14150,yes,"SN (spec) SDSS mag 18,4"
CSS151110:181541+472705,273.92113,47.45137,20151110.13,17.69,1511101460694162679,no,16267,no,2016-11-05,16267,yes,"CV mag 19,7"
CSS140609:181605+415343,274.0209,41.89521,20140609.3,17.29,1406091400764165859,yes,16585,no,2016-10-19,16585,yes,"Flare mag 21,2"
CSS150429:181713+683255,274.3046,68.54855,20150429.36,13.86,1504291690384116269,no,11626,no,2016-10-11,11626,yes,HPM LHS_460
CSS150511:182003+453513,275.01292,45.58681,20150511.37,17.62,1505111460694112418,no,11241,no,2016-11-05,11241,yes,"CV SDSS mag >21,5"
CSS120620:182112+384744,275.29979,38.79563,20120620.28,14.71,1206201380794173913,no,17391,no,2016-10-19,17391,yes,CV V391_Lyr
CSS111021:183711+534705,279.2947,53.78465,20111021.16,18.96,1110211550594103326,no,10332,yes,2016-11-06,10332,yes,"Blazar mag 20,5"
CSS130924:200153-164313,300.47079,-16.72028,20130924.15,18.21,1309240151044109000,no,10900,no,2016-07-13,10900,yes,"CV mag >21,5"
CSS130924:201535-141644,303.89721,-14.27901,20130924.15,17.26,1309240151054197273,no,19727,no,2016-09-02,19727,yes,"CV mag >20,5"
CSS110621:201624-090333,304.10007,-9.05922,20110621.39,16.08,1106210091084179317,no,17931,yes,2016-07-12,17931,yes,Blazar PMN_J2016-0903
CSS140629:201637-103060,304.15318,-10.51662,20140629.41,17.46,1406290091084132499,no,13249,no,2016-07-12,13249,yes,CV SDSS mag 21
CSS140902:201652-203224,304.21717,-20.54012,20140902.22,16.38,1409020211034165835,no,16583,no,2016-09-02,16583,yes,"CV mag 19,9"
CSS120612:201734-033951,304.39115,-3.66415,20120612.38,14.22,1206120041094189989,no,18998,yes,2016-11-09,18998,yes,CV (spec)
CSS100522:201840-184718,304.66845,-18.78831,20100522.43,15.7,1005220181054132860,no,13286,yes,2016-09-02,13286,yes,"CV mag 20,5"
CSS151102:201904-200206,304.76689,-20.03502,20151102.08,18.74,1511020211034182700,no,18270,no,2016-09-02,18270,yes,SN mag 21
CSS130601:201952-140225,304.96589,-14.04032,20130601.4,13.83,1306010121074103680,yes,10368,yes,2016-07-12,10368,yes,"RRL mag 14,8"
CSS100522:202238-190534,305.65669,-19.09274,20100522.43,17.65,1005220181054122486,no,12248,yes,2016-09-02,12248,yes,CV mag 21
CSS090829:202541-073553,306.41931,-7.59798,20090829.15,15.13,908290071094126135,no,26135,yes,2016-10-30,26135,yes,Blazar PKS 2023-07
CSS110621:202857-061803,307.2381,-6.30077,20110621.36,16.01,1106210071094164382,yes,16438,no,2016-10-30,16438,yes,"CV SDSS mag 20,6"
CSS091010:202948-155437,307.44808,-15.91032,20091010.1,14.47,910100151064131770,no,31770,no,2016-08-30,31770,yes,"CV SY Cap mag 18,0"
CSS100613:203214-112601,308.05837,-11.43356,20100613.42,16.24,1006130121084195532,no,19553,yes,2016-07-12,19553,yes,"CV mag 20,5"
CSS140831:203406-015801,308.52649,-1.96703,20140831.23,15.72,1408310011104136414,no,13641,no,2016-11-09,13641,yes,"SN (ASASSN) mag 16,4"
CSS130601:203523-115029,308.84503,-11.84145,20130601.44,18.83,1306010121094165203,no,16520,no,2016-10-20,16520,yes,"Flare mag 20,5"
CSS150525:203644-131157,309.18421,-13.19903,20150525.44,16.76,1505250121094130631,no,13063,no,2016-10-20,13063,yes,CV (spec) mag 21
CSS100604:203901-104642,309.7529,-10.77839,20100604.42,15.93,1006040091104115912,no,11591,yes,2016-10-20,11591,yes,"Blazar mag 17,4 CRATES_J203901-104652"
CSS120813:203938-042908,309.907,-4.48551,20120813.25,15.05,1208130041114126118,no,12611,no,2016-10-30,12611,yes,"CV mag 17,8"
CSS130612:203952-102729,309.96602,-10.45802,20130612.36,18.84,1306120091104126082,no,12608,yes,2016-10-20,12608,yes,SN mag 21
CSS101116:204001-144908,310.00584,-14.81902,20101116.08,18.38,1011160151074147665,yes,14766,yes,2016-10-20,14766,yes,CV mag 21
CSS080921:204110-043803,310.29216,-4.63406,20080921.2,17.25,809210041114126831,yes,26831,yes,2016-10-30,26831,no,CV mag >23 No SDSS or
CSS150708:204247-095351,310.69518,-9.89738,20150708.42,16.91,1507080091104135961,no,13596,no,2016-10-20,13596,yes,CV mag 20
CSS110919:204259-003353,310.74499,-0.56484,20110919.19,17.23,1109190011114173187,yes,17318,no,2016-11-09,17318,yes,"CV mag 21,8"
CSS121004:204336-055316,310.89961,-5.88787,20121004.11,17.43,1210040071104182143,yes,18214,no,2016-10-30,18214,yes,"CV (spec) SDSS mag 22,0"
CSS090617:204356-041542,310.98309,-4.26168,20090617.42,18.23,906170041114142375,no,42375,yes,2016-10-30,42375,yes,"SN mag 17,0 PGC_1060914"
CSS110930:204523-011004,311.34494,-1.16791,20110930.14,16.49,1109300011114151150,yes,15115,yes,2016-11-09,15115,yes,"CV SDSS mag 21,4"
CSS130614:204809+005840,312.03783,0.97767,20130614.38,16.66,1306141011114135865,yes,13586,yes,2016-11-09,13586,yes,"CV SDSS mag 22,4"
CSS100613:204814-054813,312.05642,-5.80361,20100613.37,17.27,1006130071114181704,yes,18170,yes,2016-10-30,18170,yes,"SN 2010eh SDSS mag 15,0 MCG-01-53-011"
CSS081030:204916-031733,312.31849,-3.29261,20081030.12,17.28,810300041124157921,yes,57921,yes,2016-10-30,57921,no,"CV PQ 21,5 mag obj"
CSS111022:205145+075305,312.93942,7.88469,20111022.19,17.48,1110221071114172099,yes,17209,no,2016-11-10,17209,yes,"CV (spec) SDSS mag 15,4"
CSS121004:205146-035827,312.9427,-3.9743,20121004.11,14.12,1210040041124149411,no,14941,no,2016-10-30,14941,yes,CV
CSS080920:205149-111522,312.95591,-11.2562,20080920.13,19.73,809200091114101969,no,1969,yes,2016-10-20,1969,no,Ast
CSS110703:205252-061441,313.21775,-6.24468,20110703.34,17.52,1107030071114165760,yes,16576,no,2016-10-30,16576,yes,"CV SDSS mag 21,9"
CSS130828:205253-023953,313.21983,-2.66467,20130828.21,13.96,1308280011124107474,yes,10747,no,2016-10-30,10747,yes,"CV (ASASSN-13cg) SDSS mag 18,3"
CSS090829:205408-194027,313.53401,-19.67403,20090829.21,16.44,908290181084101567,no,1567,no,2016-10-20,1567,yes,CV mag 19
CSS110430:205538-140401,313.90938,-14.06689,20110430.47,13.08,1104300121104103880,yes,10388,no,2016-10-20,10388,yes,HPM LHS 500
CSS151102:205539-140403,313.91107,-14.06741,20151102.12,13.03,1511020121104101882,yes,10188,no,2016-10-20,10188,yes,HPM LHS_500
CSS090427:205705-072426,314.27208,-7.40725,20090427.46,17.85,904270071114129007,yes,29007,yes,2016-10-30,29007,no,"Blazar UvES z=1,2 SDSS mag 19,9"
CSS080607:205738-142807,314.40653,-14.46849,20080607.4,16.59,806070151094160131,yes,60131,no,2016-10-18,60131,no,CV PQ mag ~20 DSS2 burst
CSS130923:205808-004956,314.53332,-0.83232,20130923.21,18.14,1309230011124158968,yes,15896,no,2016-10-30,15896,yes,"CV SDSS mag 22,7"
CSS160606:205821-133723,314.58609,-13.6231,20160606.45,17.95,1606060121114112143,yes,11214,no,2016-10-18,11214,yes,Flare mag 21
CSS120718:205852-025826,314.71644,-2.97396,20120718.28,15.75,1207180041124185000,yes,18500,no,2016-10-30,18500,yes,SN (LSQ12dbr) SDSS mag 19
CSS090817:205902+084012,314.75914,8.67,20090817.23,17.1,908171091124107469,yes,7469,yes,2016-11-09,7469,yes,"Flare star mag 19,0"
CSS090528:205933-091616,314.88719,-9.27114,20090528.4,15.72,905280091124153385,no,53385,yes,2016-10-18,53385,no,"CV mag 18,0"
CSS130905:210016-024258,315.06675,-2.7161,20130905.24,14.1,1309050011134105287,yes,10528,no,2016-11-01,10528,yes,CV SDSS mag 22
CSS110930:210019-060655,315.07821,-6.1152,20110930.14,17.57,1109300071124153856,yes,15385,yes,2016-10-21,15385,yes,Carbon star 2MASS_J210018
CSS101009:210034+055436,315.14313,5.91002,20101009.2,16.33,1010091071124108408,yes,10840,yes,2016-11-09,10840,yes,"CV SDSS mag 21,7"
CSS090615:210044-005212,315.1831,-0.86992,20090615.4,18.05,906150011134153435,yes,53435,yes,2016-11-01,53435,yes,"CV past_outburts SDSS mag 21,2 gal"
CSS100613:210105-183650,315.27195,-18.61397,20100613.4,17.72,1006130181084128419,no,12841,yes,2016-10-20,12841,yes,"Flare mag 18,4"
CSS091017:210206+025834,315.52371,2.97622,20091017.14,15.95,910171041134102333,yes,2333,no,2016-10-21,2333,yes,CV mag 21 past CSS outburst
CSS090924:210651+110250,316.71066,11.04723,20090924.18,16.07,909241091124176358,yes,76358,no,2016-11-09,76358,yes,"CV SDSS_runs mag 21,3 star"
CSS090428:210705+014416,316.76889,1.73774,20090428.45,18.44,904281011134152313,yes,52313,yes,2016-10-21,52313,no,CV (p60) no PQ mag >21
CSS100524:210758-051741,316.99222,-5.29468,20100524.4,15.16,1005240041134109468,yes,10946,no,2016-11-01,10946,yes,"CV mag 18,3 HU Aqr eclipsing"
CSS110919:210821-134909,317.08592,-13.81925,20110919.15,16.89,1109190121114107721,no,10772,yes,2016-10-18,10772,yes,CV mag 20
CSS090528:210838-105148,317.15669,-10.86337,20090528.4,16.04,905280091124112465,yes,12465,yes,2016-10-18,12465,no,"CV (p60) PQ mag 21,5"
CSS110513:210846-035031,317.19351,-3.842,20110513.44,16.28,1105130041134149159,yes,14915,yes,2016-11-01,14915,yes,CV eclipsing mag 18
CSS110701:210929-204352,317.37144,-20.73104,20110701.35,18.15,1107010211074141939,no,14193,no,2016-10-20,14193,yes,CV mag 20
CSS110606:210950+134839,317.46035,13.81072,20110606.38,13.09,1106061121124182967,no,18296,no,2016-11-06,18296,yes,"CV (Itagaki) mag 18,7"
CSS100404:210954+163052,317.47553,16.51445,20100404.49,16.8,1004041151104175718,yes,17571,yes,2016-11-06,17571,yes,"CV SDSS mag 19,3"
CSS151108:211018+090302,317.57352,9.05054,20151108.14,18.9,1511081091134116710,yes,11671,no,2016-11-06,11671,yes,"CV SDSS mag 22,5"
CSS090528:211058-125440,317.74172,-12.91118,20090528.4,17.37,905280121124129234,no,29234,yes,2016-10-18,29234,no,"CV mag 20,5"
CSS091117:211110-213729,317.78973,-21.62473,20091117.08,16.32,911170211074120836,no,20836,no,2016-10-20,20836,yes,"Var RRLyr_126093,1135 mag 17,0"
CSS100517:211230+123205,318.12312,12.53462,20100517.4,18.03,1005171121124143302,no,14330,no,2016-11-06,14330,yes,"CV V364_Peg mag 20,5"
CSS121112:211504-183405,318.76538,-18.56793,20121112.09,17.84,1211120181094128727,yes,12872,yes,2016-10-20,12872,yes,CV mag 21
CSS130613:211547+161156,318.94732,16.19886,20130613.35,17.34,1306131151104173185,yes,17318,no,2016-11-06,17318,yes,"CV SDSS mag 22,3"
CSS090828:211551-000716,318.96194,-0.12105,20090828.16,18.15,908280011144146686,yes,46686,yes,2016-11-01,46686,yes,"CV SDSS mag 22,5"
CSS130914:211621+084713,319.08914,8.78705,20130914.16,16.86,1309141091134108958,yes,10895,no,2016-11-06,10895,yes,"CV SDSS mag 21,1"
CSS140925:211636-074910,319.1491,-7.81958,20140925.17,15.79,1409250071134115846,yes,11584,no,2016-11-01,11584,yes,"CV SDSS mag 21,9"
CSS110429:211759-023723,319.49697,-2.62299,20110429.47,18.89,1104290011144106641,yes,10664,yes,2016-11-01,10664,yes,"SN 2011eq SDSS mag 21,7"
CSS091111:211846+120548,319.69162,12.09676,20091111.1,16.92,911111121124124015,yes,24015,no,2016-11-06,24015,yes,"CV mag 19,8"
CSS090615:211849-055711,319.70593,-5.95301,20090615.42,16.62,906150071134153190,yes,53190,yes,2016-11-01,53190,yes,"SN 2009gs SDSS mag 21,3 gal"
CSS160706:211859+112017,319.74611,11.33806,20160706.35,18.18,1607061121124101906,yes,10190,no,2016-11-06,10190,yes,HPM SDSS_J211858
CSS150520:211937+033212,319.90391,3.5367,20150520.43,17.2,1505201041144118399,yes,11839,no,2016-10-21,11839,yes,"CV SDSS mag 19,3"
CSS090817:212025+194157,320.10466,19.69909,20090817.24,16.73,908171181104193480,yes,93480,yes,2016-11-09,93480,yes,"CV SDSS mag 21,8 Wils_et_al_2009"
CSS120718:212040-164752,320.16528,-16.79779,20120718.35,16.97,1207180151114104447,yes,10444,no,2016-10-18,10444,yes,"CV SDSS mag 21,1"
CSS160831:212134-190354,320.39208,-19.06487,20160831.28,14.74,1608310181104112828,yes,11282,no,2016-10-20,11282,yes,HPM LHS_507
CSS130707:212314-021447,320.80641,-2.24644,20130707.4,18.78,1307070011154113370,yes,11337,no,2016-11-01,11337,yes,"CV SDSS mag 21,9"
CSS080503:212401+020155,321.00536,2.03184,20080503.44,18.73,805031011154147958,yes,47958,yes,2016-10-21,47958,no,"SN SDSS mag 22,1 mag"
CSS120921:212423+152319,321.09589,15.38871,20120921.31,18.91,1209211151114137208,yes,13720,no,2016-11-06,13720,yes,"Blazar SDSS mag 22,3"
CSS151003:212502+064737,321.2572,6.79359,20151003.11,15.71,1510031071144131261,yes,13126,no,2016-10-21,13126,yes,"CV SDSS mag 22,0"
CSS080927:212522-102627,321.34064,-10.44095,20080927.14,18.14,809270091144116516,no,16516,yes,2016-10-18,16516,no,"CV mag 20,5"
CSS080511:212555-032406,321.47946,-3.40165,20080511.43,17.78,805110041154140462,yes,40462,no,2016-11-01,40462,no,"CV SDSS mag 22,9"
CSS121005:212556+122328,321.48275,12.39105,20121005.11,17.3,1210051121134133632,no,13363,no,2016-11-06,13363,yes,"SN DSS mag 20,5"
CSS131210:212613+035346,321.55312,3.89605,20131210.08,17.41,1312101041154123121,yes,12312,no,2016-10-21,12312,yes,"CV SDSS mag 21,6"
CSS080628:212616+120404,321.56848,12.06781,20080628.28,18.82,806281121134118848,yes,18848,no,2016-11-06,18848,no,CV SDSS mag 23 obj
CSS121005:212625+201948,321.60467,20.33012,20121005.11,16.28,1210051211094121504,yes,12150,no,2016-11-09,12150,yes,CV (spec)
CSS120613:212655-012054,321.72727,-1.34832,20120613.43,18.29,1206130011154131139,yes,13113,yes,2016-11-01,13113,yes,"CV (spec) SDSS mag 18,1"
CSS141021:212744+134254,321.93358,13.71504,20141021.14,17.59,1410211121134174124,no,17412,no,2016-11-06,17412,yes,CV mag 21
CSS151110:212806+023221,322.02557,2.53915,20151110.17,17.56,1511101011154159039,yes,15903,no,2016-10-21,15903,yes,"CV SDSS mag 22,5"
CSS080921:212819-042917,322.08046,-4.48814,20080921.22,18.74,809210041154120160,yes,20160,yes,2016-11-01,20160,no,Flare SDSS mag >22
CSS110930:213006+033055,322.52384,3.51516,20110930.18,18.65,1109301041154116618,yes,11661,yes,2016-10-21,11661,yes,"SN SDSS mag 16,6"
CSS081028:213025-025918,322.60263,-2.98824,20081028.1,12.92,810280041154254954,yes,54954,no,2016-11-01,54954,no,"CV VZ Aqr mag 16,9"
CSS130507:213239+032135,323.16319,3.35961,20130507.43,17.96,1305071041154114511,yes,11451,no,2016-10-21,11451,yes,SN SDSS mag >22
CSS141018:213254+213200,323.22405,21.53328,20141018.15,14.77,1410181211094157719,no,15771,no,2016-11-09,15771,yes,Var IRAS_21305+2118
CSS080404:213309+155004,323.2893,15.83453,20080404.5,15.67,804041151124139364,yes,39364,no,2016-11-06,39364,no,"CV SDSS mag 21,9 obj"
CSS120529:213424-075911,323.60005,-7.98628,20120529.42,16.88,1205290071154111903,yes,11190,no,2016-11-01,11190,yes,"CV SDSS mag 21,2"
CSS081120:213432-012040,323.6346,-1.34447,20081120.08,18.88,811200011164134220,yes,34220,yes,2016-11-01,34220,no,CV SDSS mag 23 obj
CSS151108:213453-032916,323.72154,-3.48787,20151108.1,17.92,1511080041164145146,yes,14514,no,2016-11-01,14514,yes,"Flare SDSS mag 22,0"
CSS100524:213501-003048,323.75406,-0.51328,20100524.44,16.46,1005240011164146595,yes,14659,no,2016-11-01,14659,yes,"SN 2010dl IC_1391 z=0,030 SDSS mag"
CSS120921:213555+233644,323.97834,23.61225,20120921.23,17.14,1209211231074134565,yes,13456,no,2016-10-29,13456,yes,"CV SDS mag 19,9"
CSS140506:213603+113607,324.01101,11.60207,20140506.44,17.88,1405061121144108433,yes,10843,no,2016-11-06,10843,yes,"SN SDSS 18,7"
CSS140831:213650-022808,324.20955,-2.46888,20140831.23,17.95,1408310011164108034,yes,10803,no,2016-11-01,10803,yes,"SN (LSQ) SDSS mag 19,2"
CSS121004:213702+071446,324.25769,7.24606,20121004.21,14.36,1210041071154132318,yes,13231,no,2016-10-21,13231,yes,CV J2137+0714
CSS140914:213935-082141,324.89466,-8.3614,20140914.22,19.36,1409140071154101822,yes,10182,no,2016-11-01,10182,yes,"AGN SDSS mag 19,7"
CSS091119:213938-023913,324.90657,-2.65352,20091119.08,16.56,911190011164102559,yes,2559,no,2016-11-01,2559,yes,"CV mag 19,8"
CSS081201:213947+170658,324.94631,17.11613,20081201.12,17.49,812011181124103398,yes,3398,yes,2016-11-05,3398,no,CV mag 21 SDSS blue outburst
CSS141030:213958-151542,324.9923,-15.26158,20141030.1,18.22,1410300151124130352,no,13035,no,2016-10-18,13035,yes,"SN mag 20,5"
CSS130603:214006+104739,325.02632,10.79409,20130603.39,18.49,1306031091154156062,yes,15606,no,2016-11-06,15606,yes,"SN SDSS mag 21,0"
CSS110527:214113-033047,325.30462,-3.51307,20110527.43,18.52,1105270041164147506,yes,14750,no,2016-11-01,14750,yes,"CV DSS mag >21,5"
CSS150619:214123+075953,325.34574,7.99811,20150619.42,18.75,1506191071154157771,yes,15777,no,2016-10-21,15777,yes,"CV SDSS mag 21,5"
CSS151012:214254+153642,325.72648,15.61174,20151012.26,15.98,1510121151134138332,yes,13833,no,2016-10-21,13833,yes,CV SDSS mag 22
CSS080929:214327-184025,325.86252,-18.67351,20080929.2,18.2,809290181124120724,no,20724,no,2016-10-22,20724,no,Ast No DSS or PQ
CSS100520:214426+222024,326.11012,22.3401,20100520.4,14.69,1005201211104177844,yes,17784,yes,2016-10-29,17784,yes,"CV CSS mag 17,1"
CSS080929:214512-122040,326.29915,-12.34451,20080929.24,19.84,809290121154131085,no,31085,yes,2016-11-01,31085,no,SN (MLS/SSS) mag 16 gal
CSS110613:214640+092119,326.66642,9.35535,20110613.4,18.14,1106131091164120795,yes,12079,no,2016-10-22,12079,yes,"CV SDSS mag 21,7"
CSS111004:214738+244554,326.91002,24.76496,20111004.15,13.1,1110041231084160493,yes,16049,yes,2016-11-05,16049,yes,"CV SDSS mag 18,5"
CSS080505:214804+080951,327.01833,8.16404,20080505.43,18.25,805051071164149350,yes,49350,no,2016-10-23,49350,no,"CV DSS mag 20,5"
CSS100606:214814-121839,327.0571,-12.31077,20100606.44,17.42,1006060121154131888,no,13188,yes,2016-11-01,13188,yes,"CV mag >21,5"
CSS120718:214830-125021,327.12622,-12.83925,20120718.41,18.12,1207180121154125168,no,12516,no,2016-11-01,12516,yes,SN mag 20
CSS071116:214843-000723,327.17719,-0.12319,20071116.09,15.77,711160011174143307,yes,43307,no,2016-11-01,43307,no,"CV No PQ, SDSS 22,4 star?"
CSS120921:214851-020623,327.2107,-2.1064,20120921.25,17.29,1209210011174113721,yes,11372,no,2016-11-01,11372,yes,"CV mag 22,3"
CSS130612:214921+210346,327.33823,21.06279,20130612.39,17.67,1306121211114135438,yes,13543,no,2016-11-05,13543,yes,"CV SDSS mag 20,5"
CSS160926:214928-090031,327.36497,-9.00869,20160926.19,19.29,1609260091164137445,yes,13744,no,2016-11-01,13744,yes,"HPM SDSS mag 19,5"
CSS120922:214934-121908,327.39245,-12.31894,20120922.26,15.29,1209220121154133884,no,13388,no,2016-11-01,13388,yes,CV mag 21
CSS101031:214947+192048,327.44682,19.34664,20101031.17,17.87,1010311181124161429,yes,16142,yes,2016-11-05,16142,yes,Blazar MG1_J214945+1920
CSS111024:215033+055535,327.63934,5.92634,20111024.17,17.24,1110241071164105629,yes,10562,no,2016-10-23,10562,yes,"CV SDSS mag 19,2"
CSS100504:215225+173437,328.10328,17.57706,20100504.47,17.15,1005041181134116156,yes,11615,yes,2016-11-05,11615,yes,Blazar CGRaBS_J2152+1734 mag 20
CSS100916:215226-012850,328.10701,-1.48061,20100916.27,16.74,1009160011174125237,yes,12523,yes,2016-11-01,12523,yes,CV SDSS mag >22
CSS140926:215344+321446,328.43457,32.24622,20140926.19,16.34,1409261321014150408,no,15040,no,2016-11-09,15040,yes,CV mag 21
CSS090526:215345+123524,328.43626,12.5901,20090526.37,18.52,905261121154132352,yes,32352,yes,2016-10-21,32352,no,"Var SDSS mag 21,8 obj"
CSS130604:215427+155714,328.61328,15.95384,20130604.42,17.5,1306041151144145470,yes,14547,no,2016-10-22,14547,yes,CV (spec) mag 18
CSS121124:215630-190601,329.12607,-19.10026,20121124.08,18.49,1211240181134110780,no,11078,no,2016-10-22,11078,yes,SN mag 20
CSS090728:215630-031956,329.1269,-3.33236,20090728.31,17.33,907280041184142863,yes,42863,yes,2016-11-01,42863,yes,CV CSS mag 20
CSS090622:215636+193242,329.15135,19.54498,20090622.38,17.06,906221181134169457,yes,69457,yes,2016-11-05,69457,yes,"CV mag 18,5 eclipsing"
CSS121103:215656-015402,329.2347,-1.90048,20121103.12,12.99,1211030011184117219,yes,11721,no,2016-11-01,11721,yes,HPM LHS_516
CSS120914:215710+055647,329.29128,5.94642,20120914.16,15.95,1209141071174108926,yes,10892,yes,2016-10-23,10892,yes,"SN SDSS mag 20,0"
CSS100615:215815+094709,329.56373,9.7859,20100615.37,13.24,1006151091174130008,yes,13000,yes,2016-11-05,13000,yes,"CV mag 17,6"
CSS130928:215848+182500,329.70199,18.41671,20130928.26,18.33,1309281181134139665,yes,13966,no,2016-11-05,13966,yes,"AGN SDSS mag 19,7"
CSS160617:215904+181111,329.76719,18.18629,20160617.34,13.83,1606171181134127852,yes,12785,no,2016-11-05,12785,yes,SN (AT2016coi) mag 14
CSS151111:215935+120343,329.89787,12.06204,20151111.21,18.44,1511111121164114326,yes,11432,no,2016-10-22,11432,yes,"SN (PS15cnc) SDSS mag 17,5"
CSS111004:220019+254551,330.0772,25.76412,20111004.15,18.62,1110041261074109922,yes,10992,yes,2016-11-09,10992,yes,"CV SDSS mag 20,7"
CSS100624:220031+033431,330.13013,3.57514,20100624.35,16.47,1006241041184114393,yes,11439,no,2016-10-23,11439,yes,"CV (spec) mag 19,2"
CSS110703:220042-081542,330.1761,-8.26167,20110703.36,18.94,1107030071174105491,yes,10549,no,2016-11-01,10549,yes,SN 2011ej SDSS mag >22
CSS120914:220118+175647,330.32575,17.94632,20120914.15,16.79,1209141181134129658,yes,12965,yes,2016-11-05,12965,yes,"Flare SDSS mag 19,7"
CSS160616:220202-030717,330.50824,-3.12131,20160616.38,16.88,1606160041184142245,yes,14224,no,2016-11-01,14224,yes,"Flare SDSS mag 20,0"
CSS111021:220328+141059,330.86617,14.18294,20111021.24,17.71,1110211151144101343,yes,10134,no,2016-10-22,10134,yes,"CV SDSS mag 21,8"
CSS140628:220328+305637,330.86755,30.94361,20140628.36,16.68,1406281291044199665,yes,19966,no,2016-11-09,19966,yes,"CV SDSS mag 19,3"
CSS101011:220427-075841,331.11424,-7.97812,20101011.21,17.88,1010110071174108849,yes,10884,yes,2016-11-01,10884,yes,"SN 2010jg SDSS z=0,061 mag 16,8"
CSS091019:220450+054852,331.20731,5.81453,20091019.12,15.41,910191071174104173,yes,4173,yes,2016-10-23,4173,yes,"CV SDSS mag 20,6"
CSS110426:220452+124613,331.21569,12.77029,20110426.46,18.09,1104261121164126921,yes,12692,yes,2016-10-22,12692,yes,"SN 2011cr SDSS mag 15,9 z=0,05"
CSS150519:220452-020760,331.21605,-2.13321,20150519.43,18.52,1505190011184112353,yes,11235,no,2016-11-01,11235,yes,"CV (spec) mag 22,3"
CSS090912:220515+000846,331.31079,0.14602,20090912.27,13.32,909121011184202267,yes,2267,no,2016-10-23,2267,yes,Carb Star 2MASS_J22051457+0008460
CSS110520:220554+115554,331.47492,11.93162,20110520.45,14.34,1105201121174113562,yes,11356,no,2016-11-05,11356,yes,"CV SDSS mag 20,1 J2205+1155"
CSS110921:220641+301436,331.67107,30.24328,20110921.19,17.87,1109211291054157070,yes,15707,yes,2016-11-09,15707,yes,"CV SDSS mag 22,9"
CSS090917:220653+180125,331.72053,18.02361,20090917.19,18.95,909171181144125424,yes,25424,no,2016-11-05,25424,yes,"SN mag >21,5 no DSS/PQ"
CSS141116:220658-151418,331.74208,-15.23823,20141116.12,18.48,1411160151154127662,no,12766,no,2016-11-01,12766,yes,SN mag >21
CSS120614:220844+010806,332.18246,1.13494,20120614.4,18.48,1206141011194123909,yes,12390,yes,2016-10-23,12390,yes,"Blazar SDSS mag 21,3"
CSS110628:220857+200440,332.23951,20.0777,20110628.38,18.63,1106281211124109922,yes,10992,yes,2016-11-05,10992,yes,"CV (spec) SDSS mag 20,4"
CSS140902:220920-181208,332.33423,-18.20209,20140902.29,17.89,1409020181144129152,no,12915,no,2016-10-22,12915,yes,"SN mag 19,6"
CSS111227:221010+185418,332.54138,18.90505,20111227.1,15.8,1112271181144146614,yes,14661,no,2016-11-05,14661,yes,"CV SDSS mag 19,5"
CSS160704:221052+201323,332.71511,20.22315,20160704.38,18.98,1607041211124111582,yes,11158,no,2016-11-05,11158,yes,"AGN SDSS mag 20,7"
CSS140623:221116-180837,332.81625,-18.14373,20140623.42,17.42,1406230181144128333,no,12833,no,2016-10-22,12833,yes,"CV mag 20,5"
CSS091020:221124-091244,332.84829,-9.21232,20091020.11,18.07,910200091184135678,yes,35678,yes,2016-11-01,35678,yes,SN 2009ny NOAO DWFS mag 21
CSS100519:221129-030516,332.86967,-3.08772,20100519.46,16.03,1005190041194148620,yes,14862,yes,2016-11-01,14862,yes,"CV mag 19,4"
CSS091121:221159+263906,332.99697,26.65153,20091121.08,18.33,911211261084134848,yes,34848,yes,2016-11-09,34848,yes,"SN SDSS mag 18,3"
CSS121208:221200-135960,333.00083,-13.99989,20121208.08,15.68,1212080121174102903,no,10290,no,2016-11-01,10290,yes,CV mag 21
CSS090911:221232+160140,333.13329,16.02786,20090911.27,17.97,909111151154137804,yes,37804,yes,2016-11-05,37804,yes,CV CSS mag 19
CSS120825:221242+003043,333.17314,0.51201,20120825.28,15.76,1208251011194110586,yes,11058,no,2016-10-23,11058,yes,SN (PTF12gzk) SDSS mag 19
CSS141126:221302-215524,333.25692,-21.92344,20141126.12,17.86,1411260211134110150,no,11015,no,2016-10-22,11015,yes,CV mag 21
CSS090917:221344+173252,333.43348,17.54776,20090917.19,17.18,909171181144114493,yes,14493,no,2016-11-05,14493,yes,CV mag 19
CSS090602:221453+173047,333.72006,17.5131,20090602.38,18.44,906021181154110687,yes,10687,yes,2016-10-29,10687,no,"SN 2009gq SDSS mag 22,7"
CSS090927:221520-003257,333.8324,-0.54908,20090927.26,16.84,909270011194135578,yes,35578,no,2016-11-01,35578,yes,"CV ROTSE3_J22151 SDSS mag 21,4"
CSS130809:221614+014106,334.05755,1.68507,20130809.44,16.21,1308091011194131840,yes,13184,no,2016-10-23,13184,yes,CV SDSS mag 22
CSS141124:221620-011603,334.08425,-1.26762,20141124.11,18.67,1411240011194124956,yes,12495,no,2016-11-01,12495,yes,"SN SDSS mag 21,7"
CSS111017:221651-031555,334.21308,-3.26527,20111017.11,17.63,1110170041194139877,yes,13987,yes,2016-11-01,13987,yes,"SN 2011hf SDSS mag 21,2"
CSS091020:221655-061512,334.22757,-6.25347,20091020.11,18.41,910200071184138460,yes,38460,yes,2016-11-01,38460,yes,Flare SDSS mag >22
CSS111023:221718+315650,334.32303,31.94722,20111023.23,18.74,1110231321034126384,yes,12638,no,2016-11-07,12638,yes,"Blazar SDSS mag 20,5"
CSS111103:221719+353449,334.33105,35.58038,20111103.08,16.24,1111031350994156252,no,15625,no,2016-11-09,15625,yes,"SN 2011fs (Jin_and_Goa) mag 15,2"
CSS130828:221724-193953,334.35034,-19.66461,20130828.29,16.51,1308280181154102522,no,10252,no,2016-10-22,10252,yes,"CV mag 19,0"
CSS080610:221901-100237,334.75488,-10.04358,20080610.4,18.78,806100091194116339,no,16339,yes,2016-11-01,16339,no,SN DSS/PQ mag >22
CSS111129:221913+241205,334.80518,24.20146,20111129.07,17.43,1111291231104136038,yes,13603,yes,2016-11-05,13603,yes,RRLyrae
CSS081230:222002+113825,335.00946,11.64038,20081230.09,17.7,812301121184105228,yes,5228,yes,2016-11-05,5228,no,"CV SDSS mag 20,6"
CSS130809:222004-213922,335.01467,-21.65617,20130809.36,18.78,1308090211134116095,no,11609,no,2016-10-22,11609,yes,"SN (spec) mag >21,5"
CSS141018:222136+272503,335.39823,27.41755,20141018.12,18.94,1410181261094148627,yes,14862,no,2016-11-07,14862,yes,"SN SDSS mag 20,9"
CSS120923:222145+184008,335.43653,18.66889,20120923.16,12.73,1209231181154135712,yes,13571,no,2016-10-29,13571,yes,CV 2219+1824
CSS141230:222207+220849,335.52827,22.14688,20141230.08,12.74,1412301211134147029,yes,14702,no,2016-11-05,14702,yes,LPV mag 13
CSS090530:222212-043229,335.55014,-4.54135,20090530.43,19.69,905300041204121888,yes,21888,yes,2016-11-01,21888,no,"SN SDSS mag 21,0 gal"
CSS160704:222223+205844,335.5941,20.97892,20160704.38,17.22,1607041211134127847,yes,12784,no,2016-11-05,12784,yes,"Flare SDSS mag 19,1"
CSS140427:222246+192845,335.69196,19.4793,20140427.46,18.11,1404271181154147689,yes,14768,no,2016-10-29,14768,yes,"SN (spec) SDSS mag 21,7"
CSS130928:222253+121349,335.72076,12.23034,20130928.32,18.25,1309281121184118018,yes,11801,yes,2016-11-05,11801,yes,"Blazar 87GB_2220 SDSS mag 22,0"
CSS120622:222320+123009,335.83362,12.50259,20120622.38,17.21,1206221121184125294,yes,12529,no,2016-11-05,12529,yes,Flare SDSS mag 18
CSS101011:222330+010227,335.87327,1.04078,20101011.24,17.68,1010111011204118970,yes,11897,yes,2016-10-18,11897,yes,"Blazar SDSS mag 19,3"
CSS091027:222548+252511,336.45026,25.4198,20091027.19,17.47,910271261094101150,yes,1150,yes,2016-11-07,1150,yes,"CV CSS mag 19,5"
CSS081025:222607+073826,336.53097,7.64059,20081025.08,20.29,810251071194131669,yes,31669,yes,2016-10-23,31669,no,Ast no SDSS
CSS130906:222622+351056,336.59366,35.18231,20130906.2,18.74,1309061351004143495,no,14349,no,2016-09-30,14349,yes,"CV mag 20,5"
CSS090531:222724+284404,336.85203,28.73439,20090531.41,14.5,905311291064116657,yes,16657,yes,2016-11-07,16657,no,"CV mag 18,0 star"
CSS140915:222733+182748,336.8889,18.46332,20140915.22,18.74,1409151181164134104,yes,13410,no,2016-11-05,13410,yes,"SN SDSS mag 22,0"
CSS100615:222824+134944,337.10045,13.82892,20100615.4,15.21,1006151121184152430,yes,15243,yes,2016-11-05,15243,yes,"CV SDSS mag 22,1"
CSS110513:222849+054756,337.20593,5.79893,20110513.46,13.68,1105131071194105275,yes,10527,no,2016-10-23,10527,yes,HPM LHS_522
CSS150619:222850+054750,337.20653,5.79719,20150619.44,13.67,1506191071194103098,yes,10309,no,2016-10-23,10309,yes,HPM Wolf_1037
CSS091110:222854+295114,337.22383,29.85402,20091110.09,16.03,911101291064145006,yes,45006,yes,2016-11-07,45006,yes,CV SDSS mag 23
CSS130605:222900+263430,337.25096,26.57508,20130605.4,17.91,1306051261094129061,yes,12906,no,2016-11-07,12906,yes,"SN SDSS mag 20,2"
CSS090727:223003-145835,337.51237,-14.9763,20090727.36,14.37,907270151174129545,no,29545,yes,2016-11-04,29545,yes,CV PQ mag 21 obj
CSS101010:223019+292849,337.57824,29.48019,20101010.21,18.17,1010101291064134766,yes,13476,yes,2016-11-07,13476,yes,"CV mag >21,5"
CSS120917:223056+152357,337.73379,15.39912,20120917.3,17.48,1209171151174127289,yes,12728,no,2016-10-21,12728,yes,HPM WD2228+151
CSS080501:223058+210147,337.74302,21.02971,20080501.46,16.67,805011211144121897,yes,21897,yes,2016-11-05,21897,no,CV PQ mag ~21
CSS140924:223115+074459,337.8112,7.74965,20140924.21,18.81,1409241071204136582,yes,13658,no,2016-11-01,13658,yes,"Flare SDSS mag >22,5"
CSS100912:223118+010516,337.82639,1.08775,20100912.23,18.07,1009121011214116857,yes,11685,yes,2016-11-01,11685,yes,"SN SDSS mag 21,6"
CSS090911:223136+180747,337.89994,18.12964,20090911.35,18.03,909111181164120097,yes,20097,yes,2016-11-05,20097,yes,"CV PQ mag 20,5 obj"
CSS110923:223145-233246,337.93808,-23.54615,20110923.24,13.65,1109230231114129617,no,12961,yes,2016-11-04,12961,yes,Mira
CSS111128:223214-161138,338.059,-16.19379,20111128.13,17.47,1111280151174112104,no,11210,no,2016-11-04,11210,yes,"CV mag 21,5"
CSS100520:223234+185036,338.14024,18.84335,20100520.44,16.54,1005201181164141253,yes,14125,yes,2016-11-05,14125,yes,"CV CSS mag 18,8"
CSS081107:223235+304105,338.14767,30.68472,20081107.17,18.8,811071291074150670,yes,50670,yes,2016-11-07,50670,no,CV CSS mag 21
CSS151103:223300+315258,338.25205,31.88274,20151103.23,16.83,1511031321044123586,yes,12358,no,2016-11-07,12358,yes,"CV SDSS mag 22,5"
CSS110918:223326+043915,338.3566,4.65418,20110918.24,16.35,1109181041214127798,yes,12779,no,2016-11-01,12779,yes,"CV SDSS mag 20,3"
CSS141014:223327-180848,338.36287,-18.14671,20141014.18,18.33,1410140181164126078,yes,12607,no,2016-11-04,12607,yes,"SN mag 20,5"
CSS140925:223344-062208,338.43242,-6.36892,20140925.17,17.72,1409250071204135513,yes,13551,no,2016-11-01,13551,yes,SN (spec) SDSS mag >22
CSS090910:223418-035530,338.57698,-3.92503,20090910.28,15.25,909100041214124313,yes,24313,yes,2016-11-01,24313,yes,CV mag 20
CSS130901:223420-133654,338.58513,-13.61512,20130901.25,19.66,1309010121194109265,no,10926,no,2016-11-05,10926,yes,Comet 154P
CSS111023:223448+354501,338.69889,35.75019,20111023.23,13.7,1110231351004159200,yes,15920,yes,2016-09-30,15920,yes,"Mira SDSS mag 15,9"
CSS160704:223451+084838,338.71418,8.81058,20160704.44,19.67,1607041091204106148,yes,10614,no,2016-11-05,10614,yes,"AGN SDSS mag 21,0"
CSS071219:223508-011160,338.78521,-1.19989,20071219.08,18.24,712190011214120386,yes,20386,no,2016-11-01,20386,no,"SN 2007qv (SDSSII) SDSS mag >22,5"
CSS101012:223516-214154,338.81862,-21.69836,20101012.19,16.77,1010120211144113147,no,11314,yes,2016-11-04,11314,yes,"SN 2010jh mag 18,0"
CSS081030:223558-160556,338.99313,-16.09889,20081030.09,19.02,810300151174110520,no,10520,yes,2016-11-04,10520,no,"AGN (spec) PQ 20,5 mag obj"
CSS080611:223606+050517,339.02617,5.08794,20080611.4,17.64,806111041214137212,yes,37212,yes,2016-11-01,37212,no,CV Poss PQ source mag ~22
CSS100521:223622+282857,339.09358,28.48262,20100521.42,16.51,1005211291074109408,yes,10940,yes,2016-11-07,10940,yes,"Blazar B_2234+282 z=0,795 mag 19,5"
CSS080906:223634-143322,339.14212,-14.55605,20080906.25,16.42,809060151174131891,no,31891,yes,2016-11-04,31891,no,"Blazar PKS_2233-148 z=0,325"
CSS111020:223647+202131,339.19466,20.35867,20111020.22,18.07,1110201211154112050,yes,11205,yes,2016-11-05,11205,yes,SN 2011he SDSS mag 21
CSS160704:223725+073732,339.35282,7.62556,20160704.44,17.49,1607041071204134191,yes,13419,no,2016-11-01,13419,yes,"Flare SDSS mag 21,1"
CSS101010:223813+352931,339.55492,35.49207,20101010.21,15.64,1010101351004150592,yes,15059,no,2016-09-30,15059,yes,"SN 2010ii (LOSS) SDSS mag 13,2"
CSS100521:223910+250331,339.79081,25.05861,20100521.44,17.15,1005211231124153471,yes,15347,yes,2016-11-05,15347,yes,"CV mag 19,2"
CSS150619:223910+050552,339.79314,5.09785,20150619.43,18.06,1506191041214138198,yes,13819,no,2016-11-01,13819,yes,"CV SDSS mag 19,7"
CSS090826:223958+231837,339.99268,23.31037,20090826.24,18.92,908261231124117775,yes,17775,yes,2016-11-05,17775,yes,"CV (spec) SDSS mag 21,9"
CSS091016:223958+342305,339.99297,34.38475,20091016.1,18.93,910161351014115073,yes,15073,no,2016-09-30,15073,yes,"CV SDSS mag 22,5"
CSS151103:224011+102158,340.04687,10.36606,20151103.2,17.94,1511031091204130213,yes,13021,no,2016-11-05,13021,yes,"CV SDSS mag 20,6"
CSS110918:224027+031158,340.11426,3.19944,20110918.24,17.3,1109181041214105836,yes,10583,no,2016-11-01,10583,yes,"SN 2011ga CGCG_378-014 mag 14,9"
CSS160904:224104+050529,340.26559,5.09127,20160904.21,17.85,1609041041214134611,yes,13461,no,2016-11-01,13461,yes,"CV (spec) SDSS mag 21,2"
CSS160616:224243-051429,340.67793,-5.24146,20160616.4,17.92,1606160041224106591,yes,10659,no,2016-10-18,10659,yes,"Flare SDSS mag 22,0"
CSS090622:224253+172538,340.72257,17.42727,20090622.41,17.46,906221181174111096,yes,11096,yes,2016-11-05,11096,yes,CV mag 20 eclipsing?
CSS151009:224315+143405,340.81277,14.56804,20151009.13,15.73,1510091151184109040,yes,10904,no,2016-11-05,10904,yes,"Flare SDSS mag 17,4"
CSS091016:224348+080927,340.95194,8.15752,20091016.17,13.71,910161071214145478,yes,45478,no,2016-11-01,45478,yes,"CV CSS mag 18,4 ASAS_224349+0809"
CSS120923:224402+155150,341.00683,15.86402,20120923.2,17.83,1209231151184132183,yes,13218,no,2016-11-05,13218,yes,SN 2012em (Mikuz)
CSS081029:224444-030851,341.18203,-3.14753,20081029.18,18.49,810290041224133176,yes,33176,yes,2016-10-18,33176,no,"SN 2008gt SDSS mag 17,3 in"
CSS151216:224456+185759,341.2332,18.96646,20151216.1,17.14,1512161181174138560,yes,13856,no,2016-11-05,13856,yes,"Flare SDSS mag 20,4"
CSS100624:224505+011547,341.27236,1.26317,20100624.38,17.55,1006241011224119188,yes,11918,no,2016-10-18,11918,yes,"CV SDSS mag 21,6"
CSS071103:224527+103933,341.3642,10.65908,20071103.18,17.81,711031091214134189,yes,34189,no,2016-11-05,34189,no,"SN 2007nm (PQ) SDSS mag 21,0"
CSS160903:224530-072007,341.37507,-7.33528,20160903.27,17.14,1609030071214116517,yes,11651,no,2016-11-01,11651,yes,"SN (2016flv) SDSS mag 18,5"
CSS100519:224549+100159,341.45377,10.033,20100519.46,20.06,1005191091214128907,yes,12890,yes,2016-11-05,12890,yes,"SN SDSS mag 21,0"
CSS071117:224558-003854,341.49236,-0.64843,20071117.1,18.6,711170011224126793,yes,26793,no,2016-11-01,26793,no,"SN 2007pu (SDSSII) SDSS mag 20,7"
CSS110919:224602-160858,341.5099,-16.14945,20110919.27,19.09,1109190151184111644,no,11164,no,2016-11-04,11164,yes,"SN 2MASX_J224604 mag 16,3"
CSS160706:224627-063935,341.61311,-6.65965,20160706.39,14.16,1607060071214122888,yes,12288,no,2016-11-01,12288,yes,HPM LHS_3850
CSS121014:224648+065635,341.69899,6.94296,20121014.15,15.9,1210141071214123192,yes,12319,no,2016-11-01,12319,yes,"CV SDSS mag 18,5"
CSS131001:224703-011657,341.76133,-1.28259,20131001.2,20.07,1310010011224126916,yes,12691,no,2016-11-01,12691,yes,"AGN SDSS mag 21,0"
CSS120616:224736+250436,341.90166,25.07674,20120616.42,15.76,1206161231134153898,yes,15389,no,2016-11-05,15389,yes,"CV SDSS mag 21,6"
CSS100521:224754+235522,341.97463,23.92265,20100521.44,16.97,1005211231134127528,yes,12752,yes,2016-11-05,12752,yes,"CV SDSS mag 21,3"
CSS100617:224800+065725,342.0009,6.95689,20100617.41,18.98,1006171071214126085,yes,12608,yes,2016-11-01,12608,yes,SN SDSS mag >22
CSS091110:224814+331224,342.06031,33.20674,20091110.09,18.46,911101321054153113,yes,53113,yes,2016-11-07,53113,yes,"CV SDSS mag 20,9"
CSS081029:224824-092059,342.0986,-9.34962,20081029.15,17.35,810290091214126815,yes,26815,no,2016-11-04,26815,no,"CV SDSS mag 21,2"
CSS110918:224836+043100,342.15153,4.51678,20110918.24,18.79,1109181041224123976,yes,12397,no,2016-10-18,12397,yes,Comet 213P
CSS150613:224936-081624,342.39932,-8.27326,20150613.45,18.54,1506130071214102983,yes,10298,no,2016-11-01,10298,yes,"SN SDSS mag 17,0"
CSS131104:224955+132821,342.47932,13.47256,20131104.15,18.8,1311041121204140554,yes,14055,no,2016-11-05,14055,yes,"SN SDSS mag 22,5"
CSS161009:225000-125117,342.49855,-12.85467,20161009.3,19.12,1610090121204115828,no,11582,no,2016-11-04,11582,yes,Blazar PKS_2247-131
CSS150629:225030+321310,342.62602,32.2194,20150629.35,17.97,1506291321054121889,yes,12188,no,2016-11-07,12188,yes,"AGN SDSS mag 19,9"
CSS121114:225044-280639,342.68526,-28.11091,20121114.12,17.21,1211140261114102829,no,10282,yes,2016-07-13,10282,yes,Blazar PMN_J2250-2806
CSS120616:225124+293946,342.85086,29.66281,20120616.42,15.32,1206161291084136687,yes,13668,no,2016-11-07,13668,yes,HPM GJ_1275
CSS090622:225131+152654,342.8794,15.44847,20090622.41,18.18,906221151194126593,yes,26593,yes,2016-11-06,26593,yes,"Flare SDSS mag 20,8"
CSS100706:225355-064702,343.47975,-6.78378,20100706.39,15.4,1007060071224126730,yes,12673,no,2016-11-01,12673,yes,HPM GJ_1276
CSS111015:225355-064703,343.48058,-6.78403,20111015.24,15.4,1110150071224124349,yes,12434,no,2016-11-01,12434,yes,HPM GJ_1276
CSS130611:225356-064704,343.48178,-6.78433,20130611.45,15.4,1306110071224127052,yes,12705,no,2016-11-01,12705,yes,HPM GJ_1276
CSS140621:225356-064705,343.48261,-6.78459,20140621.44,15.56,1406210071224121725,yes,12172,no,2016-11-01,12172,yes,"HPM SDSS mag 15,3"
CSS091108:225406+092315,343.52694,9.38749,20091108.15,19.72,911081091224117491,yes,17491,no,2016-11-06,17491,yes,"SN SDSS mag 21,1"
CSS140920:225411+321135,343.54438,32.19292,20140920.23,17.03,1409201321054133927,yes,13392,no,2016-11-07,13392,yes,"Flare SDSS mag 19,4"
CSS100704:225515+241011,343.814,24.16978,20100704.44,15.89,1007041231134130770,yes,13077,yes,2016-11-05,13077,yes,"Blazar SDSS mag 18,2"
CSS101115:225640+381044,344.16757,38.17884,20101115.16,18.12,1011151380994140667,no,14066,yes,2016-11-08,14066,yes,"SN 2010lg mag 17,5"
CSS121011:225648-274325,344.1994,-27.72372,20121011.21,15.67,1210110261114108086,no,10808,no,2016-07-13,10808,yes,CV 2MASS_J225647
CSS120917:225746+172424,344.44258,17.40665,20120917.32,17.61,1209171181184108688,yes,10868,no,2016-11-05,10868,yes,"AGN SDSS mag 18,9"
CSS130925:225818-090644,344.57438,-9.11236,20130925.25,18.43,1309250091224135247,yes,13524,no,2016-11-04,13524,yes,"SN (spec) SDSS mag 18,1"
CSS110918:225820+021730,344.58458,2.29163,20110918.28,16.51,1109181011234130569,yes,13056,no,2016-10-18,13056,yes,"SN 2011fz (Howerton) UGC12271 mag 14,4"
CSS090928:225843+110912,344.68116,11.15324,20090928.19,12.86,909281091224142365,yes,42365,no,2016-11-06,42365,yes,"CV mag 18,8 V368_Peg"
CSS141123:225921+275547,344.83734,27.92977,20141123.11,18.79,1411231261124154423,yes,15442,no,2016-11-07,15442,yes,CV mag >22
CSS160904:225940+020859,344.91466,2.14972,20160904.23,18.82,1609041011234131242,yes,13124,no,2016-10-18,13124,yes,"SN (2016eky) SDSS mag 20,4"
CSS131025:230025+413119,345.10463,41.52191,20131025.26,16.91,1310251400954170028,no,17002,no,2016-10-10,17002,yes,CV mag 21
CSS141124:230038-011750,345.1603,-1.29719,20141124.11,19.71,1411240011234121918,yes,12191,no,2016-10-18,12191,yes,"SN SDSS mag 21,3"
CSS140107:230108-015805,345.28333,-1.96798,20140107.08,17.75,1401070011234112940,yes,11294,no,2016-10-18,11294,yes,"Blazar mag 19,0"
CSS080923:230115+224111,345.31418,22.68647,20080923.15,16.81,809231231144103023,yes,3023,yes,2016-11-05,3023,no,CV reddened mag > 21
CSS091022:230125+013742,345.35386,1.6284,20091022.17,19.46,910221011234125000,yes,25000,yes,2016-10-18,25000,yes,"SN SDSS mag 21,5"
CSS120825:230203+023143,345.5118,2.52874,20120825.39,18.54,1208251011234140766,yes,14076,no,2016-10-18,14076,yes,"AGN SDSS mag 19,4"
CSS090830:230241-095954,345.67104,-9.99834,20090830.28,18.48,908300091224119170,yes,19170,yes,2016-11-04,19170,yes,"SN SDSS mag 21,4 gal"
CSS120103:230248+084809,345.69821,8.80241,20120103.07,18.06,1201031091224104671,yes,10467,yes,2016-11-06,10467,yes,"SN 2011io (Master) SDSS mag 15,5"
CSS111103:230309+400608,345.78874,40.10215,20111103.19,13.92,1111031400964117601,no,11760,yes,2016-11-08,11760,yes,Flare DSS mag 19
CSS090102:230342+171755,345.92405,17.29861,20090102.09,16.01,901021181194105911,yes,5911,no,2016-11-05,5911,no,CV V369 Peg mag 20
CSS080611:230352+010651,345.96517,1.11426,20080611.4,14.53,806111011244115704,yes,15704,yes,2016-10-18,15704,no,"CV Psc SDSSp J230351+010651 mag 17,9"
CSS110104:230426+062546,346.10793,6.42945,20110104.13,13.82,1101041071234110880,yes,11088,yes,2016-10-18,11088,yes,"CV (Nishimura) SDSS mag 21,0"
CSS151113:230503+035510,346.26317,3.91947,20151113.11,18.82,1511131041244117160,yes,11716,no,2016-11-01,11716,yes,"Flare SDSS mag 22,5"
CSS101030:230527+074628,346.36438,7.77435,20101030.15,18.87,1010301071234131995,yes,13199,yes,2016-10-18,13199,yes,"Blazar SDSS mag 21,6"
CSS100930:230549+033121,346.45396,3.5225,20100930.28,18.22,1009301041244110121,yes,11012,no,2016-11-01,11012,yes,"SN 2010id (PTF/LOSS) SDSS mag 12,8"
CSS080921:230620+094038,346.58346,9.67712,20080921.33,19.06,809211091234115311,yes,15311,yes,2016-11-05,15311,no,"SN 2008iw SDSS mag 21,0 in"
CSS130828:230630-050236,346.62588,-5.04335,20130828.36,15.64,1308280041244110839,yes,11083,no,2016-10-18,11083,yes,HPM 2MASS_J230629
CSS090926:230711+294010,346.79727,29.66957,20090926.13,17.52,909261291094132468,yes,32468,no,2016-11-07,32468,yes,"CV SDSS mag 20,7 obj"
CSS160904:230721+025428,346.83947,2.90788,20160904.23,17.51,1609041041244101667,yes,10166,no,2016-11-01,10166,yes,"SN (spec) SDSS mag 20,6"
CSS160925:230726+242831,346.85905,24.47534,20160925.19,18.46,1609251231144129676,yes,12967,no,2016-11-05,12967,yes,"Flare SDSS mag 20,0"
CSS090731:230734+145017,346.8916,14.83818,20090731.25,17.86,907311151204109825,yes,9825,yes,2016-11-06,9825,yes,"Blazar SDSS mag 20,1 CGRaBS/CRATES J230733+145026"
CSS130916:230814+254341,347.05658,25.72818,20130916.18,16.58,1309161261124106682,yes,10668,no,2016-11-07,10668,yes,"CV SDSS mag 19,6"
CSS110922:230827+314028,347.11411,31.67436,20110922.21,13.86,1109221321074116304,yes,11630,no,2016-11-07,11630,yes,HPM LHS_536
CSS151001:230828+314029,347.11613,31.6747,20151001.13,13.97,1510011321074114528,yes,11452,no,2016-11-07,11452,yes,HPM LHS_536
CSS090818:230830+254141,347.12646,25.69475,20090818.33,18.55,908181261124104878,yes,4878,yes,2016-11-07,4878,yes,"SN SDSS mag 21,2 gal"
CSS141025:230835+403534,347.14638,40.59283,20141025.16,12.7,1410251400964135458,no,13545,no,2016-11-08,13545,yes,"Var mag 13,5"
CSS160922:230922+033221,347.34019,3.53927,20160922.19,17.82,1609221041244110267,yes,11026,no,2016-11-01,11026,yes,"SN (Master) SDSS mag 20,4"
CSS090819:230938+370715,347.40851,37.12082,20090819.36,18.02,908191381004110997,no,10997,yes,2016-11-08,10997,yes,CV mag >21
CSS091020:231009-123519,347.53939,-12.58872,20091020.14,18.55,910200121224122707,no,22707,yes,2016-11-04,22707,yes,"SN (P60) DSS mag 20,4"
CSS120920:231013+303443,347.55297,30.5785,20120920.26,17.28,1209201291104150818,yes,15081,no,2016-11-07,15081,yes,"SN CGCG_496-051 mag 15,3"
CSS091120:231103+202620,347.76298,20.43877,20091120.15,19.34,911201211174111923,yes,11923,no,2016-11-05,11923,yes,"SN 2009nt SDSS mag 21,3 gal"
CSS081107:231105+342511,347.77211,34.41965,20081107.21,17.03,811071351034109903,yes,9903,yes,2016-11-08,9903,no,Blazar 2308+341
CSS130915:231108+173855,347.78417,17.6486,20130915.2,17.54,1309151181194112157,yes,11215,no,2016-11-05,11215,yes,"SN (spec) SDSS mag 21,3"
CSS120102:231111+020133,347.79408,2.02574,20120102.1,18.89,1201021011244127624,yes,12762,yes,2016-10-18,12762,yes,"Blazar SDSS mag 20,5"
CSS130916:231146+260448,347.94109,26.07988,20130916.18,17.37,1309161261134112078,yes,11207,yes,2016-11-07,11207,yes,"Blazar SDSS mag 20,7"
CSS160903:231156-052826,347.98532,-5.47395,20160903.32,19.75,1609030041244102873,yes,10287,no,2016-10-18,10287,yes,"AGN SDSS mag 21,1"
CSS161106:231233+092930,348.1368,9.49163,20161106.14,18.65,1611061091234116212,yes,11621,no,2016-11-06,11621,yes,"SN SDSS mag 20,6"
CSS120918:231327+262622,348.36341,26.43945,20120918.29,18.22,1209181261134125108,yes,12510,no,2016-11-07,12510,yes,SN SDSS mag >22
CSS091109:231545+140848,348.93726,14.14656,20091109.11,18.68,911091151214101889,yes,1889,no,2016-11-05,1889,yes,"SN (spec) SDSS mag 20,7 gal"
CSS100610:231552+271037,348.968,27.17689,20100610.43,16.04,1006101261134132083,yes,13208,yes,2016-11-07,13208,yes,"CV CSS mag 19,5"
CSS131004:231555+224932,348.97767,22.8256,20131004.21,18.64,1310041231154105769,yes,10576,no,2016-11-05,10576,yes,SN (spec) SDSS mag >22
CSS130605:231612+273450,349.04841,27.58069,20130605.43,18.14,1306051261134144211,yes,14421,no,2016-11-07,14421,yes,"CV SDSS mag 20,5"
CSS080922:231617+114248,349.06916,11.7132,20080922.34,16.97,809221121234105206,yes,5206,yes,2016-11-05,5206,no,SN 2008fz mag >22 in SDSS_DR8
CSS120828:231622+241519,349.09205,24.25517,20120828.3,18.8,1208281231154134578,yes,13457,no,2016-11-05,13457,yes,"SN SDSS mag 21,1"
CSS151015:231641-130457,349.17263,-13.08238,20151015.18,18.89,1510150121234115538,no,11553,no,2016-11-07,11553,yes,"Flare mag 20,5"
CSS150524:231651+182833,349.21436,18.47587,20150524.45,18.1,1505241181204125963,yes,12596,no,2016-11-05,12596,yes,"SN (spec) NGC_7572 mag 13,6"
CSS100910:231703+105809,349.26193,10.96906,20100910.37,18.39,1009101091244136375,yes,13637,no,2016-11-05,13637,yes,"SN SDSS mag 21,2"
CSS130606:231746+174420,349.43986,17.73884,20130606.44,18.36,1306061181204113527,yes,11352,no,2016-11-05,11352,yes,"SN SDSS mag >22,5"
CSS071109:231759+153303,349.49672,15.55083,20071109.19,18.5,711091151214121650,yes,21650,no,2016-11-05,21650,no,"SN SDSS mag 22,7 obj"
CSS110918:231833-074310,349.63761,-7.71942,20110918.32,18.07,1109180071244109258,yes,10925,yes,2016-11-07,10925,yes,"Flare SDSS mag 19,4"
CSS121104:231858-060247,349.74074,-6.04633,20121104.13,17.55,1211040071244137294,yes,13729,yes,2016-11-07,13729,yes,"CV SDSS mag 21,2"
CSS150918:231909-061315,349.78694,-6.22074,20150918.26,17.84,1509180071244134922,yes,13492,no,2016-11-07,13492,yes,HPM EGGR_555
CSS130901:231909-061312,349.7873,-6.21987,20130901.33,17.85,1309010071244136626,yes,13662,no,2016-11-07,13662,yes,HPM EGGR_555
CSS111021:231909+331540,349.78824,33.26105,20111021.28,16.47,1110211321074152444,yes,15244,no,2016-11-07,15244,yes,CV 1RXS_J231909
CSS140906:231936+364700,349.90029,36.78331,20140906.28,14.22,1409061381014103015,no,10301,no,2016-11-08,10301,yes,"CV mag 18,4"
CSS091024:231936+071839,349.90105,7.31079,20091024.18,19.39,910241071244123295,yes,23295,yes,2016-11-07,23295,yes,"SN SDSS mag 22,4"
CSS131009:231945+101105,349.93579,10.18472,20131009.24,15.29,1310091091244132305,yes,13230,no,2016-11-05,13230,yes,"SN (Itagaki) NGC_7610 mag 13,4"
CSS120119:231949+212438,349.95488,21.41067,20120119.08,19.15,1201191211184129017,yes,12901,yes,2016-11-05,12901,yes,"SN 2MASX_J231947 SDSS mag 15,5"
CSS111225:231958-014432,349.99321,-1.74223,20111225.14,18.48,1112250011254116827,yes,11682,yes,2016-11-07,11682,yes,"AGN mag 18,7"
CSS150920:232011+285058,350.04568,28.84942,20150920.29,18.4,1509201291104113383,yes,11338,no,2016-11-07,11338,yes,"SN SDSS mag 22,5"
CSS150822:232026+221833,350.1094,22.30929,20150822.24,17.58,1508221211184147541,yes,14754,no,2016-11-05,14754,yes,"CV SDSS mag 21,1"
CSS141122:232044+383443,350.1847,38.57855,20141122.18,14.23,1411221381014149577,no,14957,no,2016-11-08,14957,yes,HPM LP_290-17
CSS131008:232155+320408,350.47904,32.06875,20131008.2,17.57,1310081321084123846,yes,12384,no,2016-11-07,12384,yes,"CV SDSS mag 20,0"
CSS100911:232213-051908,350.55556,-5.31899,20100911.33,18.61,1009110041254104463,yes,10446,no,2016-11-07,10446,yes,"SN 2010hu mag 20,3 MLS100911:232213-051907"
CSS131001:232228+003816,350.61565,0.63775,20131001.23,19.64,1310011011254110661,yes,11066,no,2016-11-07,11066,yes,"SN SDSS mag 20,4"
CSS110701:232252-073706,350.71701,-7.61824,20110701.41,18.55,1107010071244113143,yes,11314,no,2016-11-07,11314,yes,"Blazar SDSS mag 20,4"
CSS130621:232306-011854,350.77664,-1.31513,20130621.43,18.51,1306210011254120647,yes,12064,yes,2016-11-07,12064,yes,"Blazar SDSS mag 20,4"
CSS151209:232318+164003,350.82414,16.66758,20151209.11,16.62,1512091151214142650,yes,14265,no,2016-11-05,14265,yes,"SN SDSS mag 18,3"
CSS110918:232332-031705,350.88318,-3.28473,20110918.31,16.67,1109180041254129754,yes,12975,yes,2016-11-07,12975,yes,Blazar 2320-035
CSS080101:232519-081819,351.32998,-8.30523,20080101.08,14.83,801010071244101248,yes,1248,no,2016-11-07,1248,no,"CV CSS mag 18,6 EG Aqr"
CSS130906:232533+345822,351.38827,34.97272,20130906.24,18.12,1309061351044128051,yes,12805,no,2016-11-08,12805,yes,"SN (spec) SDSS mag 17,9"
CSS100618:232546+091642,351.43967,9.27821,20100618.43,17.77,1006181091244116352,yes,11635,yes,2016-11-05,11635,yes,"Flare SDSS mag 20,1"
CSS091116:232551-014024,351.4644,-1.67327,20091116.1,15.92,911160011254116087,yes,16087,no,2016-11-07,16087,yes,"CV mag 18,3"
CSS080930:232619+282650,351.58093,28.4472,20080930.24,17.15,809301291114104865,yes,4865,yes,2016-11-07,4865,no,"CV mag 20,5"
CSS101213:232639+370151,351.66269,37.03085,20101213.07,18.8,1012131381014109204,no,10920,yes,2016-11-08,10920,yes,AGN
CSS130905:232712-232513,351.80207,-23.42031,20130905.29,18.85,1309050231164133249,no,13324,no,2016-11-04,13324,yes,"SN mag >21,5"
CSS090929:232716+413149,351.81772,41.5303,20090929.22,15.94,909291400974147913,no,47913,yes,2016-11-08,47913,yes,"CV mag 18,4"
CSS100505:232822+363156,352.09072,36.53212,20100505.47,17.66,1005051351044153553,no,15355,yes,2016-11-08,15355,yes,CV (P60) mag >21
CSS130923:232846+424247,352.18972,42.71312,20130923.32,12.88,1309231430934112700,no,11270,no,2016-10-29,11270,yes,HPM LHS_3957
CSS121006:232854+085452,352.22702,8.91432,20121006.16,18.31,1210061091254108515,yes,10851,no,2016-11-05,10851,yes,"SN SDSS mag 20,7"
CSS110702:232920+032309,352.33391,3.38582,20110702.4,15.88,1107021041264109182,yes,10918,no,2016-11-07,10918,yes,"SN (Puckett) mag 14,9 UGC_12628"
CSS090927:232926+040036,352.35764,4.01011,20090927.26,18.36,909271041264115951,yes,15951,no,2016-11-07,15951,yes,"SN SDSS mag 21,5"
CSS100705:232939+080029,352.41055,8.00804,20100705.42,19.08,1007051071254133856,yes,13385,yes,2016-11-07,13385,yes,"SN SDSS mag 21,4"
CSS140831:233001-044319,352.5037,-4.72195,20140831.29,19.48,1408310041264114189,yes,11418,no,2016-11-07,11418,yes,"AGN SDSS mag 20,4"
CSS111101:233003+303301,352.51261,30.55014,20111101.19,16.61,1111011291114153567,yes,15356,yes,2016-11-07,15356,yes,"CV 1RXS_J233004 eclipsing SDSS mag 18,9"
CSS090915:233032+403606,352.63269,40.60174,20090915.28,17.77,909151400974133892,no,33892,yes,2016-11-08,33892,yes,CV mag 20
CSS121014:233045-124838,352.68953,-12.81068,20121014.22,19.36,1210140121244119909,no,11990,no,2016-11-07,11990,yes,SN (spec)
CSS140903:233047+175208,352.6963,17.86886,20140903.3,18.62,1409031181214117173,yes,11717,no,2016-11-05,11717,yes,"Flare SDSS mag 21,4"
CSS101113:233052+062935,352.71602,6.49304,20101113.17,19.11,1011131071254112365,yes,11236,yes,2016-11-07,11236,yes,"AGN SDSS mag 21,2"
CSS160906:233132+272004,352.88433,27.33436,20160906.28,19.46,1609061261144134968,yes,13496,no,2016-11-07,13496,yes,"Flare SDSS mag 22,5"
CSS141124:233148-043509,352.94807,-4.58597,20141124.13,18.05,1411240041264114071,yes,11407,no,2016-11-07,11407,yes,"AGN SDSS mag 18,8"
CSS101012:233212-150026,353.04816,-15.00712,20101012.24,18.91,1010120151224127381,no,12738,yes,2016-11-07,12738,yes,Blazar NVSS_J233211
CSS081206:233233+391315,353.13558,39.2209,20081206.15,18.07,812061381024155978,no,55978,yes,2016-11-08,55978,no,CV burst DSS1 mag >21
CSS130929:233247-094403,353.19656,-9.73423,20130929.29,19.41,1309290091254125220,yes,12522,no,2016-11-07,12522,yes,"SN mag 20,5"
CSS111019:233313-155744,353.30418,-15.96231,20111019.19,17.23,1110190151224118079,no,11807,no,2016-11-07,11807,yes,"CV mag 20,3"
CSS140609:233328+043035,353.36555,4.50965,20140609.45,19.18,1406091041264123166,yes,12316,no,2016-11-07,12316,yes,"SN SDSS mag 21,5"
CSS081031:233328+330500,353.36781,33.0833,20081031.15,19.65,810311321084143179,yes,43179,yes,2016-11-07,43179,no,"Flare SDSS mag 22,2"
CSS160925:233331+402158,353.38018,40.36607,20160925.27,16.65,1609251400984119582,no,11958,no,2016-11-08,11958,yes,"CV mag 19,8"
CSS130118:233410+085214,353.54336,8.87056,20130118.11,19.56,1301181091254106470,yes,10647,no,2016-11-05,10647,yes,"AGN SDSS mag 20,6"
CSS080924:233423+391423,353.59666,39.23966,20080924.16,19.78,809241381024159941,no,59941,yes,2016-11-08,59941,no,CV (spec) mag >22
CSS111129:233448+244502,353.70084,24.75043,20111129.09,16.99,1111291231164135344,yes,13534,no,2016-11-05,13534,yes,"SN 2011iw mag 19,8"
CSS130529:233452+272128,353.71803,27.3579,20130529.45,18.67,1305291261144126586,yes,12658,no,2016-11-07,12658,yes,SN 2MASX_J233453
CSS120919:233511-022332,353.7964,-2.39214,20120919.36,12.9,1209190011264107526,yes,10752,no,2016-11-07,10752,yes,HPM LHS_546
CSS110929:233518-083911,353.82419,-8.65314,20110929.25,19.37,1109290091254140479,yes,14047,no,2016-11-07,14047,yes,"Flare SDSS mag 21,4"
CSS090927:233546-042520,353.94119,-4.42222,20090927.2,17.98,909270041264116913,yes,16913,no,2016-11-07,16913,yes,"Flare SDSS mag 20,6"
CSS131214:233546+123448,353.94146,12.58011,20131214.15,17.62,1312141121244117885,yes,11788,yes,2016-11-05,11788,yes,"CV (polar?) SDSS mag 19,3"
CSS120919:233626-123608,354.10816,-12.60215,20120919.28,18.54,1209190121244126312,no,12631,no,2016-11-07,12631,yes,"AGN mag 19,5"
CSS110104:233650-105925,354.20702,-10.99031,20110104.1,19.33,1101040091254103774,yes,10377,no,2016-11-07,10377,yes,"SN SDSS mag >22,5"
CSS130616:233653+010951,354.22013,1.16408,20130616.45,12.58,1306161011264117300,yes,11730,no,2016-11-08,11730,yes,HPM LHS_548
CSS130614:233746+144237,354.44059,14.7103,20130614.45,16.17,1306141151234111786,yes,11178,no,2016-11-05,11178,yes,"SN 2013dn KUG_2335+144 SDSS mag 15,1"
CSS160910:233807-094921,354.53067,-9.82251,20160910.31,12.96,1609100091264119252,yes,11925,no,2016-11-07,11925,yes,LPV CSS_J23380
CSS130929:233823-204952,354.59385,-20.83113,20130929.32,13.49,1309290211204126430,yes,12643,no,2016-11-04,12643,yes,"CV (Itagaki) SDSS mag 21,4"
CSS090627:233849+281955,354.70279,28.33195,20090627.39,15.05,906271291124104954,yes,4954,yes,2016-11-07,4954,yes,"CV NSV 14652 mag 17,9"
CSS091110:233850+281554,354.70803,28.26506,20091110.14,17.9,911101291124101354,yes,1354,yes,2016-11-07,1354,yes,"SN 2009lg SDSS mag 16,6 2MASX_J23384962"
CSS081002:233906-151030,354.77582,-15.17508,20081002.27,19.3,810020151234124150,no,24150,yes,2016-11-07,24150,no,SN mag 21
CSS101106:234106+032724,355.27374,3.45666,20101106.2,18.86,1011061041274110862,yes,11086,yes,2016-11-08,11086,yes,"SN SDSS mag 20,5"
CSS090925:234122+060218,355.33973,6.03844,20090925.18,19.13,909251071264106265,yes,6265,no,2016-11-08,6265,yes,"Var SDSS mag 22,5"
CSS100911:234203-043105,355.51148,-4.51817,20100911.33,12.79,1009110041274116358,yes,11635,yes,2016-11-07,11635,yes,"Mira mag 13,7"
CSS111101:234242+341331,355.67641,34.22522,20111101.2,16.57,1111011351054108718,yes,10871,no,2016-11-08,10871,yes,"CV SDSS mag 22,1"
CSS130923:234245+435748,355.68687,43.96323,20130923.32,14.07,1309231430944150537,yes,15053,no,2016-10-29,15053,yes,HPM LHS_4002
CSS120922:234318-241145,355.82472,-24.19578,20120922.3,12.52,1209220231174118379,no,11837,no,2016-11-04,11837,yes,HPM LHS_73
CSS090915:234325+420841,355.85354,42.14485,20090915.28,16.5,909151400984177415,yes,77415,yes,2016-11-08,77415,yes,"CV NSV14681 SDSS mag 20,0"
CSS131013:234332+364613,355.88349,36.77022,20131013.21,18.38,1310131381024102178,no,10217,no,2016-11-08,10217,yes,SN 2MASX_J234332 mag 14
CSS121006:234402+002117,356.00764,0.3548,20121006.19,17.19,1210061011274106960,yes,10696,no,2016-11-07,10696,yes,"CV mag 21,4"
CSS080701:234413+075224,356.05341,7.87322,20080701.41,20.11,807011071264127984,yes,27984,no,2016-11-08,27984,no,"SN 2008ja SDSS mag 21,4 gal"
CSS100911:234441-001205,356.16903,-0.20135,20100911.33,17.43,1009110011274140658,yes,14065,no,2016-11-07,14065,yes,"CV SDSS mag 20,9"
CSS101102:234512-155508,356.30194,-15.91884,20101102.24,14.18,1011020151234115187,no,11518,yes,2016-11-07,11518,yes,"Blazar PMN_J2345-1555 z=0,621"
CSS121004:234546+231402,356.4417,23.23382,20121004.37,18.56,1210041231174109433,yes,10943,yes,2016-11-05,10943,yes,AGN
CSS100619:234634+272346,356.64287,27.39625,20100619.43,19.56,1006191261154142735,yes,14273,yes,2016-11-07,14273,yes,"SN SDSS mag 21,5"
CSS140903:234708+305037,356.78344,30.84358,20140903.39,18.64,1409031291124154648,yes,15464,no,2016-11-07,15464,yes,"CV SDSS mag 22,3"
CSS130109:234723+071521,356.84742,7.25585,20130109.08,18.26,1301091071264128565,yes,12856,no,2016-11-08,12856,yes,"SN SDSS mag 20,6"
CSS141024:234726+163142,356.85818,16.52847,20141024.19,19.92,1410241151234138297,yes,13829,no,2016-11-05,13829,yes,"SN SDSS mag 20,9"
CSS101102:234803-163112,357.01081,-16.52004,20101102.24,15.98,1011020151234106150,no,10615,yes,2016-11-07,10615,yes,"Blazar HB89_2345-167 z=0,60"
CSS110115:234815+181220,357.06133,18.20544,20110115.11,17.87,1101151181224113126,yes,11312,no,2016-11-05,11312,yes,"CV mag 20,5"
CSS110923:235207-182550,358.02887,-18.43059,20110923.29,20.23,1109230181234122987,no,12298,no,2016-11-04,12298,yes,Comet 9P
CSS120919:235723-182711,359.34494,-18.45311,20120919.32,18.22,1209190181234125108,no,12510,no,2016-11-04,12510,yes,SN mag 21
