Dec (J2000),SDSS,count,mag_info,mag_max,mag_mean,mag_median,mag_min,mag_std,magerr_max,magerr_mean,magerr_std,mjd_std,baseline,mag_baseline
44.16821,1,285,18.99,21.1823,19.59752526315789,19.527,18.7508,0.4441571600348549,0.551874642354795,0.2353782575468535,0.068417802175003,765.2149160072287,2855.1450771292875,2.4315
21.02971,1,18,16.67,21.0585,19.51013888888889,20.22605,16.6727,1.5804290866123858,0.511079005617784,0.2837571269491326,0.1333239132602755,611.4164878685541,2319.6898049074007,4.3858
6.96459,1,325,17.14,19.337,18.386909538461538,18.3832,17.6938,0.1972626523538479,0.390554997825443,0.1357952966306284,0.0225471599230903,892.5870730983673,2931.117293587893,1.6432000000000002
20.95205,1,312,14.53,19.5743,18.19412019230769,18.27695,14.5148,0.7789393912146284,0.2266315398606219,0.1333711242939495,0.0322673444629275,909.917512798174,2955.956115346802,5.059500000000002
34.21416,1,12,18.36,19.1883,18.412791666666667,18.3287,17.8796,0.3966587162750489,0.194398361260612,0.1373550306860083,0.0272619792496756,20.067393052353367,45.91989946790272,1.3087000000000018
6.95689,1,8,18.98,19.7387,19.0058375,19.03685,18.53,0.3992029986199303,0.262419105827184,0.1867521177406648,0.0392519662404688,7.841766550868037,17.947509849494963,1.2087000000000003
-19.89597,0,11,18.68,20.9406,19.59544545454545,19.4131,18.6751,0.8255147925550902,0.4972800091826,0.252634777945923,0.1146377856534537,341.73722351867906,1122.941799397995,2.2654999999999994
44.31418,1,248,18.99,21.0854,19.56801370967742,19.5597,17.5688,0.4596829909839471,0.550483294521959,0.2351874973584323,0.065609896107655,838.9049645544704,3057.7724035882056,3.5166000000000004
35.01583,1,91,15.67,16.5982,15.68733846153846,15.6696,15.6037,0.1096558452302582,0.074939898713751,0.0638918490602338,0.0019876866213263,378.10601761720136,1417.0620655206003,0.9944999999999986
18.1686,1,393,15.83,20.5158,18.56024707379135,18.6391,15.7248,0.6893099888751802,0.480551096075861,0.1510693078753323,0.0498332124105528,865.4206891703087,2994.9350018520054,4.790999999999999
34.53153,1,126,18.58,21.3455,20.07793968253968,20.03825,18.9565,0.4598937039063463,0.597818894804744,0.29268632807564,0.0843124880033316,809.391506092451,2885.0180461806885,2.389000000000003
-8.39869,1,37,13.82,15.4843,13.420797297297298,13.3534,13.2322,0.3538728691104938,0.061666308980267,0.0538469144140712,0.0013606728674953,255.08064729840788,1617.7186299189998,2.2520999999999987
17.13976,1,2,19.12,20.7706,20.6334,20.6334,20.4962,0.1940301007575886,0.5480023007077349,0.447474228939591,0.142168162493725,271.5148036837981,383.9799177546956,0.2744
5.89817,1,76,18.24,21.3484,19.99528947368421,20.0157,18.1587,0.6774043821487918,0.537326768894512,0.2985329176192283,0.0977220467638658,841.8911645916975,2990.9257281594982,3.189700000000002
-19.70678,0,15,13.89,13.9147,13.89974,13.9051,13.8718,0.0128945614227753,0.0538731870448554,0.0536745565061938,9.53235544695734e-05,14.973476542101125,36.98154219940625,0.0428999999999994
43.90399,1,56,13.04,13.0687,12.8961375,12.89185,12.7482,0.0718196821908866,0.0515946317936078,0.051358906563742,0.0001379325057972,184.31211933648964,487.77437614549854,0.3204999999999991
7.76512,1,37,18.45,21.3042,19.11811081081081,18.724,18.1569,0.8952599857594997,0.624142229593961,0.2014796153028012,0.1183808786917018,313.4082637715948,2157.1734358682006,3.1473000000000013
30.04685,1,320,14.67,17.2883,16.611306562499998,16.89795,13.5713,0.8501175036912193,0.140804157533609,0.0787530484115684,0.0104151002165273,943.7951955114952,3057.774683310199,3.716999999999999
25.21534,0,36,16.69,21.1199,18.61992777777778,18.23985,16.5638,1.449759496825222,0.5714708134326899,0.2050785048965644,0.1352587655138149,800.7499504704928,2579.9618458100013,4.556100000000001
16.95747,1,213,19.58,21.144,19.715704225352116,19.6963,18.6562,0.4745226373220981,0.52087072201724,0.2452932073464815,0.0683668034759614,678.7717447915453,2858.0728814006,2.4878
26.74005,1,16,19.46,21.4932,20.1621625,20.17605,19.2544,0.7585664311713248,0.525468731037611,0.3251451162988468,0.122109606575221,394.1327784690585,1554.8218219793052,2.238800000000001
22.36022,1,5,20.08,20.944000000000003,20.45488,20.4692,20.0754,0.3708324311599535,0.345934445189571,0.2982110266929552,0.0470027547162207,10.198640518546895,22.81844675940374,0.8686000000000043
26.37473,1,55,18.94,21.1505,19.98063090909091,20.0315,18.703,0.6060088490591922,0.725393718090489,0.296469335365716,0.1150722246188395,736.0505585503207,2591.970002476897,2.4475000000000016
-19.50736,0,173,19.44,20.6082,19.31291098265896,19.2897,18.1349,0.4472489718756169,0.429129002251806,0.2095410352927434,0.0535546235385023,863.6740037072354,2957.9710493749008,2.473300000000002
14.58111,1,311,14.84,18.6761,17.750017363344053,17.7833,14.8259,0.461143587484621,0.4518806341563079,0.1181219403241955,0.0377395537181966,878.512236344743,3096.725682477001,3.850200000000001
-2.3453,1,64,18.13,21.2426,19.0635609375,18.746,17.5013,0.8819462558972445,0.560715449354297,0.1996007115571998,0.1124720579695614,928.9060004435904,2905.988294722003,3.741299999999999
33.36442,0,50,17.67,21.3185,18.736166,18.21085,17.2543,1.191356788452492,0.5883508708884411,0.2145292493725979,0.1371174567482344,905.3019871549498,2951.038857314801,4.0642
-8.82478,0,53,13.54,13.5876,13.554477358490566,13.5537,13.5303,0.0127269496241001,0.0534730758808205,0.0526436221842496,0.0004017078962109,202.61788135131064,697.0590489352908,0.0572999999999996
0.08894,1,4,18.84,18.8363,18.62665,18.6306,18.4091,0.187222514671714,0.154556142869111,0.141639690796034,0.0110568302908192,0.0094828034159991,0.0220273956074379,0.4272000000000027
-7.79284,0,123,12.81,14.9791,13.45179105691057,13.1067,11.8278,1.0034157179933385,0.0884881484878724,0.0555191479247892,0.0070494938143233,986.4271140121728,3088.6773171295063,3.151300000000001
6.94296,1,344,15.9,19.3974,18.27740639534884,18.3897,15.6634,0.646939845766678,0.5117620254432461,0.1435182269119398,0.0499129012738303,927.7592628644384,3081.7639947915013,3.7340000000000018
-9.47399,0,21,18.94,21.2835,19.998061904761904,20.0007,18.9315,0.7993121752333,0.568428293287317,0.2987518994731963,0.1356471390191094,369.5810062283458,1401.173884386706,2.3520000000000003
12.10724,0,4,18.77,19.053,18.92225,18.9351,18.7658,0.1248774465893146,0.17344150048859,0.1645850637588465,0.0085645228166011,0.0096448401400848,0.0224160184006905,0.2872000000000021
26.27839,1,45,18.71,21.7661,19.623606666666667,19.9552,17.6532,1.2245579841499763,0.542594324643371,0.2753947278239985,0.1421133224512222,609.881406187906,2318.8020245833977,4.112900000000003
-9.29484,1,119,19.09,20.9993,20.08658151260504,20.1182,19.0269,0.4058299982159161,0.495180937452897,0.3003567521829096,0.0658544957911269,882.6949577266579,2968.922007002402,1.9724000000000004
14.52818,1,85,18.91,21.3488,20.185157647058823,20.3037,18.6568,0.7388438826618097,0.533975464329886,0.3221212556165522,0.1130747259840281,806.173178514507,2951.872805879408,2.692
60.18339,1,40,18.81,21.1889,19.7812,19.62485,19.0464,0.5467447325435344,0.545280384557757,0.2676026076122138,0.0836180005787447,552.411278327796,1563.902939826301,2.142500000000002
49.22243,1,265,16.61,19.4565,17.743138113207547,17.7644,16.5828,0.4773213996666859,0.274278568008034,0.1071136998541354,0.0230714448098438,830.7560618359103,2874.160140787186,2.8736999999999995
15.3999,1,217,20.04,21.3286,19.946689861751157,19.9064,15.0546,0.57372632161943,0.557535347099384,0.2781586519976461,0.0788969283742733,756.1762754494438,2886.0310939006013,6.274000000000001
6.92125,0,228,18.37,20.9659,19.525014912280703,19.5111,18.1808,0.4450746755602941,0.514056660352058,0.2420434519717053,0.0633205585594183,890.9299707856383,2946.860222812298,2.7851
37.94255,0,271,13.09,16.8469,14.97861328413284,15.798,12.5129,1.4015519992892762,0.0780862432637183,0.0613943360448027,0.007714686547779,936.8798605490716,2950.011339780001,4.334000000000001
33.20674,1,36,18.46,21.4215,19.052830555555555,18.6433,17.8809,1.0644752651811789,0.6172759066925301,0.2252190770456678,0.1450243480856693,1003.8353194038926,2921.0220157061995,3.5406000000000013
-1.36949,1,5,17.86,20.9478,20.13744,20.2811,19.3508,0.598620951019926,0.505701690727496,0.3209889689197502,0.1136006077393894,426.3930723038664,1048.0640001273932,1.5970000000000013
13.8701,1,266,19.06,21.4283,19.546212781954885,19.45195,15.8959,0.6043375034073957,0.493932906686598,0.2280296947748303,0.0774084476773888,698.3179585208877,3096.288805636599,5.532400000000001
49.26167,0,251,13.92,18.1307,17.276725498007966,17.4091,13.8784,0.670826486825952,0.241059835440557,0.0940457029636817,0.0170544983393242,880.8264009031163,2904.185266041706,4.252300000000002
39.82282,1,4,19.72,21.3707,21.031,21.13575,20.4818,0.3995032331950939,0.570553511498524,0.4930891038338525,0.1055537789715582,685.5933217992616,1450.1550871180953,0.8888999999999996
18.26448,1,285,19.5,21.2354,19.723988771929825,19.6794,18.4897,0.5327484391159971,0.556676355843265,0.2524518126627753,0.0842643010276935,770.274099397924,2994.9299794561084,2.7457
15.95384,1,341,17.5,21.1896,18.27775483870968,18.0999,16.9907,0.864082377650545,0.5301772973384461,0.1483522831572821,0.0704440978098396,897.0064290656038,3106.679389536701,4.198899999999998
37.5681,0,271,17.51,19.0818,17.088633948339485,17.6384,15.1387,1.1807178638558935,0.164664150907511,0.0934519090002894,0.0276226763209906,968.2612992317156,2949.928343507003,3.943100000000001
2.65143,1,14,19.46,21.3683,19.598485714285715,19.3938,18.6962,0.7413571410254642,0.594731714971259,0.2436847890252684,0.1345207713460439,356.150642456586,1215.8011014238,2.6721000000000004
52.82354,1,21,18.04,21.4944,19.546857142857142,19.1477,18.1173,0.9830932801984936,0.6970483994960059,0.3202832090910411,0.1533882874259304,717.579824371401,2627.9006514465946,3.3770999999999987
44.47502,1,62,15.08,21.4089,19.740006451612903,20.4077,15.0839,1.840412850945381,0.626867402359437,0.3279656426481272,0.1456509797344796,940.5793284644697,3028.8370533799025,6.324999999999999
-12.80411,0,33,18.74,21.2701,19.74950606060606,19.7643,18.2742,0.9232370642674176,0.56602509164384,0.2769993935845501,0.1268113930898013,728.9824093478093,2549.0727987498103,2.995899999999999
16.32931,1,25,17.58,20.1292,18.37264,18.1762,17.4208,0.8315605429953188,0.535257801890461,0.1498749374576012,0.0924836672748269,719.2281520510911,1771.1515787382014,2.708400000000001
9.23482,1,95,18.19,21.2316,19.73406842105263,19.9526,17.6623,0.8343571930461842,0.5561056669849089,0.2569989395105502,0.0971512543217966,629.2497321708836,2808.2146135648,3.569300000000002
34.27667,1,323,18.35,19.8953,18.678640557275543,18.6488,17.8857,0.3105137232977178,0.314439996984143,0.151797385193426,0.0281633543980831,861.1945523291753,3033.814320636404,2.009599999999999
-16.99221,0,106,14.52,20.0804,18.54534622641509,18.8837,14.5071,1.22058508641393,0.274834440886353,0.1592131917764858,0.0480933968279502,855.5093649743387,2637.747849802996,5.5733000000000015
2.29792,1,54,18.75,21.2488,19.51220925925926,19.42755,18.5057,0.657733232115901,0.566025100605129,0.2303432969853767,0.0980890549372646,328.51111875638395,2134.181165428396,2.7430999999999983
26.77188,1,412,16.88,20.8133,19.376875,19.34535,18.0023,0.3131397640137218,0.479209021875096,0.2066619196763632,0.04278596065983,911.56483071565,3109.360039479405,2.811
-9.11236,1,22,18.43,20.2308,18.98205,18.9583,18.0831,0.6348021977262639,0.325931694506293,0.1835007230245271,0.0607249343139233,12.525996730131078,41.85628336800437,2.147699999999997
-15.56729,0,97,13.79,13.9619,13.804875257731958,13.7902,13.7456,0.0513130811597779,0.0661176632185303,0.054038381142441,0.0025014068548389,372.709934648538,1182.854393576701,0.2163000000000003
31.7529,0,301,16.0,19.8614,18.59224352159469,18.7441,15.0429,0.7603838187386397,0.572084523202219,0.1531095860039215,0.0467381942860905,957.7699658583128,3055.893312002001,4.8185
14.19728,1,286,16.86,20.72,18.63771818181818,18.7427,16.4948,0.634326872030928,0.6169002840940679,0.1569739452439112,0.0649727229529409,859.9907941659377,3127.285527048596,4.225199999999997
31.46732,0,108,17.08,19.8166,18.385249074074075,18.43575,16.3515,0.7379639536691628,0.361872750195271,0.1735416014625477,0.0464539688572154,1112.07318977648,2886.1456215627986,3.4651
38.53894,1,14,18.72,21.1791,19.898942857142856,20.25945,18.4222,0.9177110444463984,0.5360311424649461,0.3062833368431321,0.1217420556115754,559.0691772993217,1886.0053753936156,2.756899999999998
30.36888,1,24,19.32,20.4361,19.25168333333333,19.3391,18.1889,0.5426532271419158,0.34287318304398,0.196437535469408,0.053507054094293,14.026741903766393,39.87862987250264,2.2471999999999994
34.67524,1,282,18.04,20.5918,18.686866666666667,18.73665,17.4718,0.4593880273449102,0.509946061867484,0.1571238244302477,0.0456099832642865,834.8156293808308,2936.027747036911,3.119999999999997
-19.10026,0,12,18.49,19.3952,18.612983333333336,18.5954,17.826,0.4464539227641703,0.204589895744117,0.1349194343540714,0.0286207413082763,230.4454514217467,812.8437243054941,1.5691999999999986
16.77635,1,65,13.69,17.503,15.550810769230768,15.5591,12.6931,1.175352422962347,0.171759639715156,0.0720723654032314,0.0231288846196049,272.262733674439,1642.628202256907,4.809900000000001
28.26692,1,17,15.57,18.6873,16.590423529411765,16.625,15.3299,0.9207357672871004,0.150315372638126,0.0814436153874233,0.0213410391119365,335.81886236060444,1406.102259618303,3.3574
-1.96703,0,147,15.72,17.111,16.38444693877551,16.3696,16.1099,0.1007763272010164,0.126656878617432,0.0757002374604682,0.0061830752889827,937.9432846895688,3045.7027482754056,1.001100000000001
31.58685,1,4,18.42,20.4572,19.0614,18.6852,18.418,0.9393968987245668,0.343707359840627,0.1895444832779345,0.1030411525234425,12.484141676911731,24.979801099696488,2.039200000000001
13.16773,1,191,18.97,21.247,20.26923769633508,20.2804,19.3541,0.3954224435806545,0.55327541883481,0.320984529724904,0.0714881319338269,859.431985774634,3130.252597395811,1.892900000000001
40.25676,1,4,19.7,21.3474,21.011225,21.22265,20.2522,0.5140350466326858,0.559263960232993,0.4867051558930362,0.1206602364555713,616.4580042882517,1418.1682497108995,1.095200000000002
15.54176,0,345,18.59,20.699,19.5813431884058,19.5667,18.761,0.3257802382335761,0.522311019024571,0.2444035581063066,0.054837826949039,870.4968299656811,2975.876645243203,1.9380000000000024
11.71745,0,75,19.17,21.1269,20.017154666666663,20.0058,18.886,0.4466287430666923,0.5561056669849089,0.3015145529160539,0.0796077135388782,653.2954088537075,2206.9181368979043,2.2409
60.78612,1,104,18.79,20.9979,19.63687596153846,19.58895,18.5502,0.4771437363569788,0.51591242197914,0.2401741969543259,0.0705997781132594,729.1989920100967,2633.0637974882998,2.447700000000001
58.80669,1,17,17.49,20.889,17.433723529411765,17.4826,15.432,1.90903752861534,0.448177728611437,0.1472006581558764,0.1210148063817261,677.2228112019129,1874.991589027697,5.456999999999999
-3.10567,1,72,16.21,21.2212,19.65330833333333,19.85965,16.2101,1.081916002799049,0.550206130910405,0.2571791148804043,0.1064634525540077,975.8993672454222,2929.020138321903,5.011099999999999
0.51329,1,107,17.57,21.144,19.63303177570093,19.8376,17.0648,0.8420840239075921,0.530931106149733,0.2594146732036343,0.0928272159121804,877.144766498028,2964.8308137036,4.079199999999997
29.2941,1,5,19.11,21.4608,20.50938,20.4343,19.6287,0.7292479530310656,0.587359882133207,0.3860524893885432,0.1463850666157336,1205.6901742654063,2631.8644368057,1.8321000000000005
17.26207,1,12,19.0,21.3845,20.713125,20.6499,19.9271,0.4721124829856856,0.5876897159735761,0.4217768585763044,0.10188322080163,928.9621269758676,2923.9805126153005,1.4573999999999998
23.94911,0,5,19.98,20.3113,19.67448,19.9787,18.9686,0.6221935044662562,0.3628445802648921,0.2665251669535226,0.085919960666132,585.2574309362957,1102.9780809492004,1.342700000000001
18.90505,1,360,15.8,20.9802,18.67380361111111,18.75795,14.8162,0.7816945054480353,0.805650616226963,0.165802867977709,0.064891743443265,938.5562373704752,3106.7019387385008,6.164
9.6898,0,253,18.96,21.1002,19.63884505928854,19.5695,18.3771,0.506151189637177,0.509720267004283,0.2532259336111567,0.0733548108394032,702.7683135329913,2865.1736055207075,2.7231000000000023
53.78465,0,55,18.96,21.1343,19.37279090909091,19.2766,18.0173,0.7447717137865576,0.5681264142169511,0.2296766716801315,0.1019109238953718,784.4294868365098,3086.712712720102,3.117000000000001
-16.41756,0,23,17.13,21.1673,19.70396086956522,19.9134,17.1257,1.2718215972444378,0.551038700336465,0.2944883360219953,0.1416031102228893,992.3118609941388,2926.029870092403,4.0416000000000025
2.74598,1,28,18.84,21.277,20.11460357142857,20.2909,18.7185,0.8663331886119076,0.567223301936036,0.3320708118764097,0.1426260167606219,685.2784839679146,2928.9729864582987,2.558500000000002
-6.17312,0,5,16.67,19.6063,18.89132,19.1184,18.2812,0.5738597014950594,0.224293387628857,0.1758422323915508,0.0335890678309272,740.1856427501266,1844.8156942595012,1.3251000000000026
3.67533,1,88,14.39,14.4482,14.393538636363637,14.3959,14.3548,0.0151284191105939,0.0614720449575161,0.0552419376369348,0.000796153475067,178.72816738286983,516.7656831940985,0.0934000000000008
29.28199,1,263,18.9,20.1665,19.243043346007603,19.263,16.0091,0.3840771185575219,0.300983545778576,0.1937135250778106,0.0350480961860905,957.027020254229,2956.8937584375963,4.157399999999999
46.96929,1,63,15.09,16.5346,15.090736507936509,15.0669,15.0021,0.1870338836833408,0.0820508834336609,0.0592840257306001,0.0030299032898199,479.6610080081612,1419.11518811329,1.5325000000000006
11.63922,1,166,15.95,21.218000000000004,19.902556024096388,20.06425,14.9888,1.0927526345412426,0.536807520885934,0.2876100501359321,0.0919024469171659,781.6143267576724,2669.8399216318,6.229200000000004
-10.55561,0,246,17.91,19.6333,18.52269512195122,18.5404,17.705,0.3601123335744434,0.258483404817962,0.1412652610673806,0.0227781324166237,885.4268053838022,2965.010676470105,1.9283
36.42107,1,235,17.47,21.1574,19.654277872340423,19.864,16.354,1.0112301062561746,0.535515244849393,0.2608775703942446,0.0893122615416033,841.8403928346386,3061.726528726904,4.8034
29.46837,1,41,16.13,20.8471,17.692536585365854,16.6143,15.6828,1.839989005368792,0.546636823422438,0.1675909863305666,0.1305030710686032,674.0506457912151,2613.8413566895906,5.164300000000001
17.236,1,79,18.13,19.3715,18.226251898734176,18.1398,17.8335,0.3023998765689448,0.21479055127838,0.1216957631813421,0.0226772009323172,332.3031949303791,3090.3560184835005,1.5380000000000005
36.01952,1,3,18.46,21.0971,20.866200000000003,20.8092,20.6923,0.208332690665676,0.44040605919064,0.42820084438793,0.0190909760587018,1121.6359558629445,1946.7205743401937,0.4048000000000016
21.46207,1,41,18.47,21.2871,20.180741463414638,20.4297,17.8723,0.8417540914589033,0.6253063171846429,0.4033358544232446,0.1343654271870728,877.1472859093608,2928.026050173692,3.4148
22.36488,1,10,19.15,20.9509,19.31417,18.92765,18.6455,0.826402085414708,0.508595383194366,0.2313663187049122,0.1231640843780846,445.6092597534779,1880.0091521988943,2.3054000000000023
18.38646,1,343,17.27,20.0412,18.66940204081633,18.7895,16.9535,0.6524740779699417,0.4332824941220189,0.1562982577101173,0.0432319467184027,875.5611785950264,2945.9310825462017,3.0877000000000017
2.29163,1,21,16.51,20.3471,17.839771428571428,17.4282,16.5117,1.1351546366653569,0.376380038893348,0.1301296891507758,0.0760439085457605,339.06530695491296,1766.052979895794,3.8354
-8.64971,1,68,14.16,14.1916,14.167655882352944,14.17055,14.1272,0.0155206014496566,0.0561282445111599,0.0547209332048377,0.0004359661617614,184.93385230182068,464.7688681137006,0.0643999999999991
14.83818,1,150,17.86,20.6501,18.938274666666665,18.8957,17.8339,0.5449719374816505,0.471364682159042,0.1820330069951888,0.0592102937730043,772.2360872993927,2921.981045532506,2.8161999999999985
51.16551,1,71,18.91,21.2769,19.76567183098592,19.7852,17.0671,0.5944292679736961,0.551874642354795,0.2682451199217998,0.0785520727588394,692.7741305727403,2679.832861770905,4.209800000000001
37.53794,0,264,15.48,18.2582,17.74101628787879,17.832,15.0856,0.4769762016684173,0.142110491741686,0.1046719087485134,0.0117465058480212,939.5366005823544,2950.011403657496,3.172599999999999
28.62869,1,5,18.03,21.3783,20.27056,20.0975,18.9621,0.9530086557844052,0.596441586141003,0.3663267782563124,0.1836013987736149,720.8989257690403,1763.0205479743963,2.4162
10.70955,1,226,18.65,21.1073,19.320165486725664,19.3263,17.8023,0.4584811175600318,0.6854060504233879,0.2053707147949439,0.0628567329310651,940.5003378719928,2956.896534595202,3.305
55.48833,1,140,16.23,20.5142,19.08525285714285,19.07965,15.9061,0.6781340628946232,0.4759915372402129,0.198194034384626,0.0628632453212588,863.9592798008028,3067.7957386342096,4.608099999999999
14.93806,1,209,19.61,21.3927,19.973125358851675,19.8853,19.0368,0.4583537450002553,0.5880200319416989,0.2792451259397107,0.076903469649139,669.4596246532162,2994.8969827662004,2.355900000000002
15.40488,1,15,18.62,21.6286,19.930506666666663,19.8495,18.547,1.033543293354514,0.5687306058331589,0.3019055606650732,0.152088996151146,620.6083974628658,2303.836414687299,3.081599999999998
22.52104,1,5,19.5,20.2471,19.4798,19.5021,18.997,0.5053828152994528,0.313734276121227,0.2206917419228529,0.0578648640016685,329.13415694462526,735.9776722224997,1.2500999999999998
28.41749,1,90,20.16,21.431,20.280448888888888,20.27395,19.003,0.5684732660488396,0.8589046416440139,0.3569770255937886,0.1154504048413071,977.2483466906727,2990.930947291592,2.428000000000001
8.10885,1,93,16.69,16.7279,16.597413978494625,16.6083,16.4387,0.0618908586903939,0.0852631123565111,0.0745168954024091,0.0028898786073805,180.3054139358463,673.0768069560945,0.289200000000001
21.2426,1,130,19.19,21.3702,20.44479153846154,20.49015,19.1196,0.521018396770024,0.579270612122501,0.3558140377583909,0.0948417843583438,819.9469648966028,2894.913433981201,2.250600000000002
31.17523,1,59,19.71,21.0086,19.94456779661017,19.8393,19.0776,0.4825936848268085,0.460055749798865,0.2738311805836497,0.0718562223626781,830.1310790140033,2238.822889965508,1.931000000000001
36.88246,0,3,12.47,12.4699,12.440166666666668,12.4436,12.407,0.0315902411091364,0.0507746055205071,0.0507318847321064,4.155701314472639e-05,6.989404587347556,12.10908917850611,0.0629000000000008
-0.65181,1,118,18.21,21.1334,20.330499152542373,20.30335,19.4364,0.4316403057975691,0.530679530049164,0.3348262165967935,0.0846989035862119,852.3305192890425,2923.9197154510985,1.6970000000000027
31.22721,1,4,14.26,14.2633,14.23,14.2495,14.1577,0.0492516666384671,0.0550145526632408,0.0548929285530538,0.0001777714117232,0.0064985224943363,0.0151100465955096,0.105599999999999
44.88341,1,44,19.16,21.2055,18.994722727272727,18.8672,17.9879,0.7201938252880848,0.577058216008813,0.1885158164806904,0.0959842459559985,470.6900837249456,2197.034300231404,3.217600000000001
18.20918,1,183,16.8,21.2481,19.970704918032787,20.0787,16.2133,0.8948840263297104,0.596785136653451,0.3079566044226956,0.1109751643377515,878.102451708845,2948.9217598497926,5.034800000000001
11.67151,1,109,12.99,18.6548,15.173111009174312,14.8981,12.6976,1.599574674737901,0.1861869990627889,0.0689509382238631,0.0264647039629732,708.2566966102127,2486.0272707520053,5.957200000000002
27.90305,1,65,17.82,21.2261,18.625713846153847,17.9551,17.1295,1.284178000692091,0.595414109357109,0.1908595262557685,0.1432810183049373,1022.919456742294,3056.7376518404053,4.096599999999999
-15.56819,0,80,13.78,13.9619,13.80647,13.7866,13.7456,0.0560272975963446,0.0661176632185303,0.0541278973849027,0.0027487373203594,273.5085736583316,884.7496787501004,0.2163000000000003
12.55494,1,2,18.44,20.5291,20.3286,20.3286,20.1281,0.2835498192558067,0.3714595312725349,0.3255576908227169,0.0649150053020184,33.011090053013966,46.68473126169556,0.4009999999999998
28.29631,1,372,15.78,21.077,18.905547043010756,18.84155,17.7552,0.5513386901271558,0.52207024622074,0.1719615090295279,0.0600586524588535,862.106048416213,2977.9579173032034,3.321800000000003
-20.38399,1,74,16.36,18.9462,17.86393918918919,18.09645,16.1405,0.7766499925377709,0.518493740935868,0.1220567403094215,0.0560502361853843,716.8306095073665,2553.000126840197,2.8057000000000016
15.19271,1,434,15.6,18.4571,16.949560599078342,17.122999999999998,15.3764,0.6556674703163552,0.187118558076008,0.085770752938265,0.0165106207553408,893.3355126140069,3127.2617940739874,3.0807
29.71436,1,64,19.82,21.4812,20.368025,20.4708,18.5049,0.629917334712602,0.636047408409287,0.356029237265926,0.117793131869201,585.3270264466532,2673.764795243296,2.976300000000002
17.01031,1,208,18.72,21.0165,19.772092307692308,19.724400000000003,18.6858,0.4371385969964455,0.522552126353229,0.2600526453674723,0.0666925684183079,835.9367137943509,2951.960663865808,2.3307
-9.33468,0,38,18.25,21.0557,19.54740526315789,19.58365,18.1949,0.7610036072462614,0.5138259719007501,0.2460603296476329,0.0992621167344386,771.457473335359,2184.033538877491,2.860800000000001
51.84915,1,32,14.16,17.7689,16.17271875,16.7992,14.0991,1.3767870750263744,0.149224799809873,0.0781659758107374,0.0226736188418751,594.2780561043147,2273.933523206091,3.669799999999999
35.32872,1,320,16.78,19.0055,17.529239999999998,17.78085,15.9669,0.6240329752459922,0.530679530049164,0.1047741482929272,0.0397517825417108,854.8030207257249,2936.027781516299,3.0386000000000006
34.20991,1,99,12.65,12.8582,12.566739393939391,12.5814,11.5344,0.1748167756965421,0.0626445843431154,0.0511975943804099,0.0015886938998825,264.9408795320037,765.0735482175951,1.3238000000000003
-0.62471,1,28,17.64,21.1192,18.61134642857143,17.698549999999997,17.122,1.4407364054492329,0.4900362274932079,0.1928763454560347,0.1469251288670333,976.5069221035624,2663.865289097099,3.9972
3.46406,1,28,18.93,21.4127,19.66983928571429,19.37535,18.2651,1.0024164165171952,0.588682181068745,0.2731897871805371,0.1419841097852174,969.7460091419854,2903.040544710588,3.1476000000000006
33.08203,1,44,13.91,13.9882,13.895806818181818,13.9028,13.6814,0.0406801328444888,0.0724552727701475,0.0541085675420031,0.002921674637045,150.0855726437179,378.1235602433008,0.3068000000000008
43.96559,1,94,17.5,21.303,20.132031914893616,20.06675,18.7552,0.4420175389924466,0.581184995956866,0.3110928165363748,0.0810526071516357,763.1787412711016,2681.8251496646044,2.5478000000000023
39.92006,1,117,19.14,21.2885,20.06289829059829,20.1268,18.7347,0.5901690102730807,0.567523907442319,0.3017614459119326,0.0921780204535322,692.5270770327664,2923.0694758910904,2.553799999999999
24.64542,1,494,17.05,20.8661,19.010184615384613,19.2743,15.5988,0.8894367794458407,0.5488259651074701,0.1882229845584693,0.0629496587200776,925.6635241860542,3126.2429558797085,5.267299999999999
-22.04879,0,121,18.34,19.6734,18.792129752066117,18.7917,18.1413,0.3114870833717483,0.287288495851969,0.161860213274293,0.028054464161363,915.9791645872142,2923.0394031252,1.5320999999999998
-18.95487,0,96,16.26,18.3643,17.02119375,17.3485,14.7028,0.9790293047398904,0.150966441447394,0.0902163725041864,0.0195665504832467,849.7829731301456,2621.8074652080977,3.6615
16.89032,1,6,18.88,21.4836,20.68623333333333,20.5611,20.0754,0.5959814415455131,0.6180289835010401,0.418075929811856,0.1382013425977385,871.9211149501411,2475.291716134197,1.4082000000000008
40.79958,1,106,18.9,21.3387,19.74421320754717,19.6641,18.4485,0.5717881545893196,0.5681264142169511,0.258173915786898,0.0796690482603731,848.8916686708133,3036.842847997796,2.8902
29.63742,1,130,19.96,21.4458,20.26201461538461,20.18315,19.4561,0.4058848876624957,0.6507212912915871,0.3335042666465177,0.0822684655411683,717.2945067357497,2760.642016897902,1.9896999999999991
2.43426,1,19,18.25,20.246,18.81612105263158,18.3927,17.9875,0.8232644475764004,0.329384573480543,0.1703326621991244,0.0788747688783748,484.2360418116693,1874.9361525116983,2.258499999999998
5.34999,1,13,19.27,21.0044,20.187238461538463,20.4093,19.0698,0.692566459552754,0.497914429017561,0.3004971118676611,0.1045865989405608,816.0249666866221,2478.2275487152074,1.9346
51.54173,1,15,18.66,21.0881,19.300046666666667,19.0581,18.3715,0.7557233581776066,0.5423276849930301,0.2238639199295093,0.1055255248907653,563.0196802244684,2543.0466642244864,2.7166
38.01821,1,274,15.97,20.2552,17.98505912408759,18.02275,15.4348,0.828632955772722,0.309650275815065,0.1250368521861868,0.0414352336753832,929.4143691227072,2950.0281575582994,4.820399999999999
15.23622,1,12,19.64,21.052,20.045275,19.95975,19.0938,0.6399273483266384,0.498976665138674,0.2940587030084007,0.0998472826614225,416.20948448828256,1849.964535439998,1.958199999999998
31.68638,0,10,17.64,19.7628,18.73622,18.6604,18.1199,0.4876209178814576,0.416253173310813,0.1993949982352912,0.0816577577630013,1440.1125726380365,2895.962624895903,1.6428999999999974
31.782,1,20,18.53,21.3798,18.627945,18.68295,17.0579,1.306449295841696,0.558397865523349,0.1921854940799277,0.1455598682274732,679.5998215263334,2657.794039235894,4.321899999999999
51.14479,1,15,17.94,21.3802,18.58223333333333,17.9504,16.9169,1.503700159447956,0.606263409111586,0.1984633278435504,0.1733454160278771,280.84425068153246,1085.0947847454008,4.4633
-7.99774,1,12,19.44,20.1488,19.44955,19.33395,19.0325,0.3436051208741065,0.310557200748602,0.2120740202807518,0.0509503464089236,276.3129367658564,719.0464391318019,1.1163000000000023
-6.86173,1,22,18.27,19.2633,18.585945454545456,18.6481,17.9981,0.3625436600666801,0.224014393846996,0.1710135920300217,0.0269158465202704,973.348871890653,2587.884307835702,1.2652
32.11526,1,91,18.11,21.4743,20.12341208791209,20.2815,18.0686,0.8278485047714106,0.645167692979379,0.3188172553864381,0.115833929862698,733.5116643937654,2708.7327225346016,3.4056999999999995
-9.69643,0,9,16.72,20.7169,18.83833333333333,20.1782,16.6783,2.0066275420466053,0.4679288541897949,0.2649153602756675,0.17961223217431,511.2504288868855,1543.8121755789034,4.038599999999999
31.0853,1,32,18.24,21.498,20.70195,20.7074,19.7377,0.4847087253053087,0.6914162257618379,0.4120035274953413,0.1202249196063471,866.6746586512204,2886.9211687153,1.7603000000000009
9.03738,1,380,17.42,20.454,19.25220289473684,19.24875,18.1008,0.2414812290339923,0.486221524521824,0.1948727415980451,0.0351694450278179,939.6546271763808,2955.055911087904,2.353200000000001
27.57208,1,151,18.06,21.4103,20.13811920529801,20.1952,18.0648,0.6430483958682242,0.651153724784935,0.3197835097968556,0.1097365285378607,891.0754213764833,2972.997031920888,3.3454999999999977
-2.7762,1,38,19.49,21.2893,18.38513947368421,17.90915,16.3883,1.6321980796160784,0.578953180129953,0.1904029231057856,0.1500454763479773,816.9651225134567,2330.73671046269,4.901
22.38152,1,8,19.87,21.1004,20.2984875,20.48185,19.1336,0.7561483573961232,0.591686438168588,0.3513744984847182,0.1417834190320819,661.7485744316078,1531.8247537960997,1.9667999999999992
11.14992,1,25,17.49,20.855,19.58134,19.7467,17.3998,1.0734092047459505,0.495389763044253,0.2762653415377621,0.1144302544373562,337.72151599388224,1793.0642042592954,3.4552000000000014
13.22842,1,3,20.23,20.2261,20.11153333333333,20.0821,20.0264,0.1030522359453365,0.297910562704948,0.2808059243772867,0.0153503198498799,0.005381227011458,0.0107624539959942,0.1997
40.39894,1,49,17.27,17.266,16.800669387755104,16.7746,16.6205,0.1337312700344778,0.0858932881223309,0.0792132100379297,0.0028924067859178,267.302172592161,763.9065315164844,0.6454999999999984
6.87665,0,12,19.35,20.8276,19.840541666666667,19.90525,19.0126,0.4782594625938999,0.447859640878879,0.2474548745049478,0.0858325991626691,346.3412997979972,1037.156899363501,1.8150000000000013
21.18588,1,4,19.27,19.3697,19.129925,19.14975,18.8505,0.2337701488642206,0.179531225186263,0.1620015126533669,0.0165123906041995,0.0090220049079346,0.0209644213100546,0.5192000000000014
16.5076,0,312,17.45,20.6448,19.26979743589744,19.25285,17.3982,0.4115943309145457,0.51221877512422,0.2040260116283961,0.0487200416649613,910.331465676631,2947.810687962905,3.246600000000001
-3.9743,0,385,14.12,20.1859,18.461726753246754,18.4822,14.0969,0.5146358732821279,0.4809364154832419,0.1479083377836227,0.0360435870331262,965.6914334468228,3087.70639799771,6.089
50.37384,0,31,17.47,20.3731,18.622006451612904,17.8927,17.3682,1.0677674290891506,0.363199795264745,0.1735573128488184,0.0805785190587005,826.6444184886162,2593.943475243199,3.0048999999999992
13.02429,0,4,19.25,19.3495,19.255275,19.244,19.1836,0.0695298197418447,0.270973763711782,0.2605293817655632,0.0171703651488137,0.008805692938627,0.0204412961029447,0.1659000000000006
33.57317,1,293,15.07,19.249,17.145689078498293,17.2097,14.0415,0.5808507745347092,0.231662759986548,0.0931673205920028,0.0267666279396413,894.255233658639,3060.8387664123948,5.2075
53.55238,1,49,15.92,17.0364,15.987289795918368,15.9593,15.8219,0.1930465080458789,0.1628535125092139,0.0691802996091034,0.0141153729373956,284.5386839823617,819.8630303012033,1.214500000000001
-2.61655,1,346,16.37,21.0132,18.40667196531792,18.47815,15.1233,0.8841273023264372,0.458693498168974,0.1483866498889322,0.0533229071927367,872.2779769092562,2901.045347430292,5.889900000000001
9.02822,1,358,18.3,20.3692,18.95757849162011,18.9035,18.1097,0.3959282450070484,1.05263134067231,0.1772557499577695,0.0637693073128142,913.4929961912288,2956.0539070140003,2.259499999999999
6.70399,1,5,18.99,19.9203,19.20144,19.1818,18.7138,0.4465485337564116,0.352705188211029,0.2056857297770133,0.0833446435568614,353.71399679396734,790.9381772452907,1.206500000000002
-8.63994,1,38,18.04,19.2891,18.024494736842104,18.012999999999998,17.6858,0.2616321380244157,0.213821124769847,0.1144208416911754,0.0188626883906302,487.7458893489194,2979.9335361114063,1.6033000000000008
10.49524,0,283,17.2,20.8821,18.1400371024735,17.9693,16.2854,0.9298944658729166,0.529426313044647,0.1458834405149928,0.0739517252947176,863.4232464285359,2913.081624270897,4.596700000000002
33.28572,1,339,18.97,21.2848,19.708402359882005,19.6715,17.7191,0.5394065591276401,0.545550965519109,0.2444769899009206,0.0730977735785553,826.4059990553365,2898.024687812198,3.5657
-19.558,0,86,17.54,20.9449,19.59385930232558,19.6304,16.4398,0.5486497331959442,0.4733853859954771,0.2389287608920848,0.0559860094131912,837.2046256997627,2599.908077338303,4.505099999999999
60.92514,1,39,18.56,21.2615,20.01303846153846,20.1142,18.3652,0.7580563649420479,0.5639443661355009,0.3090560254573692,0.1159151281754483,874.052229452125,2692.7570043290107,2.8963
28.81559,1,242,15.67,21.1364,18.620290909090908,19.17665,15.5212,1.7197436373649588,0.5423276849930301,0.19481621866896,0.1165800260257238,907.9255696603136,3099.304739953506,5.615199999999998
-5.01422,0,234,18.12,21.1196,19.635419230769237,19.6478,16.1649,0.4969406279830402,0.523762087231927,0.2570260185799736,0.0633933942284022,875.8171358586125,2973.956657199204,4.954699999999999
23.00575,1,6,19.74,20.4679,20.061616666666666,19.9701,19.7415,0.3220973853769473,0.375596126458798,0.2910745527512875,0.0573824148213075,672.0261397959226,2123.2051572104974,0.7264000000000017
29.27096,1,35,19.71,21.4043,20.587151428571428,20.6592,18.7879,0.5848612592499428,0.538369341900554,0.3725233486268863,0.0970264826071671,914.3917840192488,2746.729338449193,2.6163999999999987
32.08489,1,12,17.95,21.2645,19.162225000000003,18.7225,17.7662,1.3657741315492438,0.5627644891733621,0.245163591602164,0.1799777832638904,443.7442065215629,1688.2760350461976,3.4983000000000004
20.7756,1,338,17.09,19.6056,18.556213609467456,18.54615,17.0668,0.2740451360806921,0.244742205846269,0.1430729871736915,0.0183788854943322,873.8071169625429,3033.834818518604,2.5387999999999984
10.9846,1,288,17.04,21.0014,19.563381944444444,19.49035,18.4196,0.4806812314757778,0.813287203470308,0.2334391844744815,0.0730087800240488,891.7992118852276,2979.965056771005,2.581800000000001
16.29236,1,27,18.2,19.9633,19.053766666666665,19.1878,17.9406,0.5361088774321305,0.280498049885473,0.1774689159710486,0.0414788897287073,1078.5411380502524,2832.2531881479954,2.0227000000000004
7.75522,0,394,16.93,20.8543,19.32264670050761,19.31155,16.9282,0.4308224551829321,0.4790181127474579,0.2138227085558953,0.0495932354761203,895.1149597573291,2946.9758162615035,3.926099999999998
0.09994,1,102,14.16,19.297,17.658782352941177,17.7381,15.8889,0.7820104379303605,0.195167363065803,0.1058199511761773,0.0287538055867262,757.2400333770347,2379.706629907196,3.408100000000001
52.33446,1,76,18.23,21.4332,20.20495,20.3251,18.1618,0.6951396142742362,0.6098762353609339,0.3258232285670535,0.1084108240709735,665.1605109761407,2819.207227673898,3.2714
32.19292,1,285,17.03,19.2348,18.306180701754386,18.3108,17.7098,0.141121033656754,0.599552446688936,0.1352113377310524,0.0371048335060736,919.5240532725256,3051.7828866899945,1.5249999999999986
-6.78403,1,92,15.4,15.4865,15.39798804347826,15.4007,15.2923,0.0273020541931003,0.0780552236173711,0.06174558979212,0.0022848110369057,362.5243621253277,1164.962778066787,0.1942000000000003
38.80992,1,178,17.69,21.3635,19.949372471910117,19.9903,17.5838,0.6027780270679165,0.5923595908457379,0.2799383767913901,0.0834833169761446,799.2754450467665,2830.0943408101084,3.7796999999999983
12.25101,1,44,18.88,21.5437,20.01772727272727,20.36435,12.4589,1.4145988247743086,0.630020660256377,0.3266720046905556,0.1261980997931642,794.7051680621743,2674.8138489699995,9.0848
20.79758,1,2,18.49,20.8569,20.60845,20.60845,20.36,0.3513613595715943,0.426883733532753,0.379705750206094,0.0667197438659729,439.1839646126565,621.0999191320079,0.4969000000000001
9.37115,1,331,16.12,20.7728,18.80296314199396,18.8509,16.107,0.6650277568377453,0.517786302513275,0.1705582597973423,0.0519256028081433,932.6998373172756,2966.8922424419,4.665800000000001
-8.32174,0,17,18.08,19.731,18.8653,19.0225,17.9709,0.5129772046592325,0.251849286833962,0.1713643385475309,0.0415623418919623,351.994688611201,1477.976250185202,1.760100000000001
12.73847,1,4,17.47,17.6281,17.510550000000002,17.49765,17.4188,0.0895028677380408,0.13163974693963,0.1254109504607652,0.0045033659982998,0.0064816676603836,0.0150932291944627,0.2092999999999989
16.24169,1,11,15.9,21.2259,17.37981818181818,16.3719,15.8679,2.0147369887001028,0.557248618266391,0.1744372834160034,0.1890054071921899,425.2713585563419,1833.8998904628024,5.357999999999999
15.81911,1,10,17.45,17.8369,17.48287,17.51175,17.0779,0.2442358425329453,0.122530725618888,0.1001624069194092,0.0142252692383136,9.960893226536756,25.872668657597387,0.7590000000000003
11.4104,1,123,19.43,21.414,20.029643902439027,19.9764,18.8452,0.6504757430673929,0.6172759066925301,0.3000896398525891,0.1195622888422718,747.5297751494766,2987.9555283910813,2.568800000000003
-7.63867,0,309,16.17,19.1157,18.263049514563107,18.324,15.324000000000002,0.3569564237857427,0.180741206365174,0.1280314142082039,0.0129601635372688,890.2759156060789,2969.910137754894,3.791699999999999
26.55488,0,8,18.94,19.6857,19.3435125,19.4052,18.9411,0.3038640176954163,0.2462180137426979,0.2113991971108218,0.0290627581858532,6.441174017543976,12.076129699198646,0.7446000000000019
46.8764,1,224,18.34,21.2807,19.542011160714285,19.468400000000003,15.3603,0.7288047496131813,0.545280384557757,0.2327762196242845,0.0861550167362626,800.0523534445957,2879.1685417825065,5.920399999999999
18.41773,1,380,19.21,21.0843,19.76837236842105,19.77845,18.2723,0.392353242448449,0.582470637549417,0.2505027043252945,0.0583229704110241,899.7054705036077,3122.252737696799,2.8119999999999976
19.93781,1,27,20.0,21.4517,20.540425925925927,20.5254,19.6229,0.5281650139817115,0.601299387581521,0.3898037988459425,0.1204046580027334,922.1774205211594,2978.869914397997,1.828799999999997
18.8225,1,110,13.52,13.5514,13.430746363636365,13.42585,13.3558,0.02843047749996,0.0532293054108156,0.0524918017426248,0.0002390683438929,233.88945396677167,714.9723114004009,0.1955999999999988
16.52847,1,9,19.92,21.1235,20.3778,20.5647,18.9261,0.7551048023287896,0.573008407338234,0.390043168957858,0.1218828196668282,1162.4007328072428,2983.972707592402,2.1973999999999982
3.67688,1,85,14.39,20.4441,14.52826705882353,14.3941,14.3393,0.8884496092563015,0.366168098637827,0.0612991975321921,0.0416519460232544,342.6949699843436,2163.0412014121976,6.104799999999999
11.93391,1,104,19.51,21.3261,20.328511538461537,20.32065,19.206,0.4168434788802491,0.580545012386319,0.340048474822991,0.0813070085926242,896.8877211198895,3130.276029814908,2.1201000000000008
-2.65352,1,357,16.56,21.0176,19.11142100840336,19.4057,14.276,1.2938508155285624,0.554402880134858,0.2178888466431886,0.0819280119442528,1022.2621509615384,3098.668972766005,6.741600000000002
9.06512,1,255,18.58,21.3372,19.630142352941174,19.6231,18.1281,0.6202479598223065,0.5870305457561279,0.2463690616142853,0.0857954057467704,849.6872487730533,2987.976283610791,3.2090999999999994
-4.00095,0,331,15.83,18.4564,17.158320543806646,17.2203,15.7669,0.6405553237533779,0.1343467330193639,0.089160489384129,0.0163452154191467,914.9929384029524,2967.029536006994,2.689499999999999
31.20815,1,4,16.07,19.5809,18.4954,18.46635,17.468,1.0547852640861717,0.225551435347488,0.1525866081338051,0.0653993842081682,746.6120923486761,1783.0023011345984,2.1129
57.21081,1,5,15.59,19.7783,19.4978,19.6843,18.9087,0.356162856008316,0.25878244463149,0.221675305679825,0.0383971500108214,447.0442070574095,1210.855678715292,0.8696000000000019
44.47924,1,59,15.47,15.6429,15.583003389830507,15.5886,15.518,0.0308188420092917,0.0650559189281461,0.0625863576418685,0.0011956385469136,405.383718640004,1111.0202530325114,0.1248999999999984
60.89423,0,188,15.02,15.0161,14.90972659574468,14.90785,14.8445,0.0228668579526601,0.0635849339727832,0.0583513135329969,0.001587264151858,762.599876630312,2820.280105324004,0.1715999999999997
9.13805,1,13,19.33,21.1401,19.57393846153846,19.3503,18.623,0.7207424696548,0.507031717820165,0.2473474100797615,0.0987695590159839,630.460865959344,1873.010177083299,2.5170999999999992
-6.0491,0,123,14.18,16.1885,14.661443902439023,14.7604,12.7429,0.9333913437116252,0.11008965823165,0.0620923737077475,0.0106897461203982,986.4271140121728,3088.6773171295063,3.4456000000000007
10.30756,0,5,17.5,20.2904,18.03522,17.5009,17.2947,1.275369353167937,0.5149823041778601,0.2020995226148552,0.1754782845623285,362.58746659176506,810.7796000808958,2.995700000000003
3.29868,1,17,19.38,21.4894,19.85798235294117,19.6233,18.8843,0.7379789667017067,0.548825973360738,0.2787141342802501,0.1212815253805391,393.0762838007447,1903.793776898201,2.6051
-17.01092,0,53,17.79,20.525,18.98491320754717,19.2512,17.3381,0.8594654085395488,0.364450793399072,0.1871865641510424,0.0627398423475326,805.7216814771456,2546.0478182058,3.186899999999998
14.80021,1,55,19.16,21.152,20.23181090909091,20.1909,19.2239,0.5317178103832786,0.529926639538863,0.3384144982416338,0.0935930864789915,1136.9593068195245,2937.872182372492,1.9281000000000008
38.60672,1,193,19.74,21.383000000000003,19.98980829015544,19.959,18.8732,0.4794814889693308,0.595756075497911,0.2860112358810734,0.0812922235041696,674.0128896658981,2715.7309298728,2.509800000000002
-12.81642,0,30,18.08,21.0967,20.20382,20.1521,19.3482,0.4680464318257624,0.57055350234509,0.3500234371484484,0.0963295588261476,781.3605629422262,2590.8574726619045,1.7485
12.93508,1,404,12.95,15.7316,14.694829455445548,14.9274,12.394,0.7866059614630001,0.0983716785496795,0.0593424112643328,0.0045800035324404,918.3133713636138,3125.2989260991963,3.3376
47.49789,1,16,17.95,19.9775,18.5595375,18.43365,17.7535,0.7344128583433159,0.24792567251603,0.1462839445899844,0.0452375029868768,29.69778166004336,78.0152303007053,2.224
-0.51328,1,4,16.46,16.5459,16.388325000000002,16.367449999999998,16.2725,0.1348481707946637,0.0739983253970886,0.071687550083459,0.0019169494831702,0.0067043770615867,0.0155857521967845,0.2733999999999987
36.45302,0,185,16.48,21.149,19.595770270270272,19.8518,16.4567,1.002814961925348,0.50394284503612,0.2496348679458236,0.0903520627556921,894.327933939513,2913.990105474404,4.6923
41.76553,1,7,18.76,21.2941,20.9084,21.0776,20.2075,0.3955253763456064,0.546093165017365,0.4691521254208751,0.0935662344684947,1141.0682434351852,2647.7548255435977,1.086600000000001
35.49207,1,68,15.64,17.8628,17.215049999999998,17.32,15.5654,0.4627821496770377,0.1211220273803699,0.0912530385819807,0.0111810483488998,790.0334702021606,2581.026863101797,2.2974
34.24962,1,221,18.05,20.5014,18.5935,18.599,17.8666,0.4186586501717561,0.403551722549523,0.1463900596052538,0.0335446745302217,1086.4269411979794,2949.9999530441128,2.634800000000002
-0.74182,1,71,18.11,20.8606,19.66642394366197,19.7572,18.0632,0.5597230300948045,0.4657936267244749,0.2437638356619867,0.0632065430131181,959.132546450684,2996.858524247494,2.797400000000003
38.54178,1,16,19.52,20.0551,19.18299375,19.08205,18.6567,0.4246754422987832,0.275193542974463,0.1830848042695696,0.0398317810912043,30.17866683780023,81.97796417820791,1.3983999999999988
-2.86556,1,119,19.29,21.2681,19.68574705882353,19.5521,18.6206,0.5998120545783885,0.559553455343515,0.2512539238388574,0.0894059291360222,598.9838948740861,2735.6750623146,2.647500000000001
-8.07505,1,26,18.74,21.2248,19.41498846153846,19.1359,18.3232,0.937831315888704,0.53500065925789,0.2370612728561188,0.1377087278306365,739.1056565608467,2568.0113005670064,2.9015999999999984
36.78331,0,212,14.22,19.3411,18.021184905660377,18.22835,13.8119,1.1353916770194397,0.286430075353963,0.1328075740285657,0.0332428558745767,887.6268201763756,2962.0821027312923,5.529200000000001
20.29163,1,6,18.98,19.8527,19.47505,19.4985,18.9826,0.288227165617676,0.251146805200451,0.2104511662323301,0.0275246047691775,9.758521836631395,18.916214166594727,0.8700999999999972
3.31512,1,10,18.09,21.2851,19.75159,20.5503,17.9725,1.4618496658153466,0.577058216008813,0.3251750991165537,0.1735024365105995,498.8865574573069,1771.0760129168991,3.3126
0.19239,1,225,17.55,20.3972,17.87856,17.809,16.5564,0.816212725302928,0.4120239257809389,0.1284901205979267,0.0496979515134289,872.0483399542317,2908.028595185395,3.8408000000000015
21.92328,1,10,19.38,21.4986,20.20708,20.37235,19.0626,0.9832839635064172,0.6237554675439371,0.3347009183509383,0.1846758702974615,747.5126687063874,1962.9495905556976,2.436
27.2081,1,37,17.36,21.1833,19.392243243243243,19.6897,16.7688,1.3030943307162164,0.5687305997826271,0.2766372730110894,0.1375292711736224,593.6019909972524,1879.9347803704004,4.4145
-22.23601,0,50,17.28,20.9692,18.928578,19.058,17.0281,0.8484686547407337,0.401655142200302,0.1887784562298917,0.0685650364114994,719.8660929539881,2325.7174959374024,3.9411000000000014
28.67092,1,28,20.12,21.1022,20.036682142857146,20.06775,19.0634,0.5566100590336656,0.5024173313558871,0.3037818784087719,0.093280259464475,605.1230237601912,1871.9801672455,2.0387999999999984
-28.06649,0,5,16.83,20.0694,16.41226,15.6897,14.9401,2.0840629652196228,0.303829431491529,0.10860980793009,0.1091659570617855,489.23762950959554,1093.979928993096,5.129300000000002
43.99868,1,22,18.17,21.2195,19.47045,20.04195,17.4063,1.2686816215681391,0.5294263055491321,0.2598877713867219,0.1324798812279451,619.3422057451542,2629.8535187033995,3.8131999999999984
41.06858,1,283,18.67,19.8069,18.765101060070677,18.8154,17.9961,0.3424884011582667,0.286880937488274,0.1588171799742296,0.0287176641490295,897.5732340042746,3033.8448849306005,1.8108000000000004
20.60893,1,5,17.59,20.7007,20.338240000000003,20.2146,20.0839,0.2693503721920584,0.418875329222346,0.34028149880725,0.0537470296762647,863.5319190861165,2337.7393180206054,0.6168000000000013
-9.82251,1,207,12.96,15.6354,14.059608695652171,13.9456,12.9159,0.7767763344170735,0.0674572762745855,0.0548365707765121,0.0035301264286251,948.762663445909,2951.9061242360985,2.7195
37.66616,1,212,17.17,20.838,19.413573113207548,19.36675,18.2296,0.4098021522217981,0.6996484506868149,0.2169103760947216,0.0654517546305255,824.7100413078465,2936.032711111009,2.6084
32.7646,1,7,19.06,20.0565,19.65114285714285,19.6242,19.3575,0.2570541373403841,0.3180384780292949,0.2401151956777252,0.0404434661696256,251.46207547119485,683.0554205670051,0.6989999999999981
16.80539,1,417,14.61,20.8882,18.131275779376494,18.2546,14.6888,0.9503761933103064,0.4735702666459729,0.1303945961130193,0.048737524611676,896.4148936608718,3122.3265836458013,6.199400000000001
10.48795,1,211,17.39,21.0391,18.62892606635071,18.4041,17.0727,0.8221088344896176,0.547181916952802,0.1814003271917443,0.083825725621474,623.208566121881,2931.9957420835126,3.9664
-5.31899,1,90,18.61,21.0262,20.00357888888889,20.01285,18.4228,0.5753645586860648,0.513135504631079,0.3014860300980982,0.0920724240943915,888.5093999770638,3013.82143662031,2.6034000000000006
29.67719,1,29,18.77,21.2543,19.5653551724138,19.4418,18.3939,0.6337049102507114,0.566923123042634,0.2513920671044322,0.1042438038020254,451.2246728270926,2171.0551572683034,2.860400000000002
-8.15321,0,5,17.77,19.915,18.12866,17.7533,17.5684,1.0021800302340904,0.279404641167293,0.1357060026685312,0.0803999382767567,324.6573913712469,725.9654136691024,2.3465999999999987
-4.17823,0,101,14.16,20.3354,17.13598415841584,18.784,13.7805,2.4843169239343363,0.453188300480926,0.1510824765356003,0.0785744119575579,1015.13002826076,2642.7063532756074,6.5549
-0.8727,1,291,16.08,18.4094,17.991482817869414,17.9877,17.6357,0.1175287570692358,0.346868026034586,0.1152836232967213,0.0248041380041675,922.8858609761868,2963.921911585596,0.7737000000000016
19.08112,1,21,16.9,21.1431,19.16423333333333,19.9858,16.8245,1.8104459788497795,0.496017681705609,0.2600937059739974,0.164142027616902,882.7236203861545,2288.917790613101,4.3186
52.60948,1,90,18.33,21.3445,19.937414444444443,19.9919,18.0458,0.6742808341278571,0.577688028851418,0.2899273657948742,0.0912472827491778,900.2126612108905,2678.782793749997,3.2987
31.95558,0,115,18.13,18.7008,18.04292782608696,18.0248,17.6595,0.1602658288144524,0.143215249041355,0.1139439334381322,0.0079263124935437,557.5032995163355,2064.280359791599,1.0412999999999997
14.95569,1,295,18.84,21.1127,19.837251525423728,19.8641,18.6402,0.4274217593868226,0.536807520885934,0.2653408368634895,0.0625463875391728,879.2766406068301,3070.753114988104,2.4725
-20.93679,0,7,16.75,16.8251,16.647085714285716,16.7155,16.3973,0.1551542934046766,0.0804230630854378,0.0773391959708081,0.0027263631237209,6.936842961516995,12.99499714099511,0.4277999999999977
14.50683,1,259,18.33,21.0304,19.64191505791506,19.6096,18.5558,0.3967631084535765,0.573936271343313,0.2436109921314137,0.0593158804664791,956.802833133174,2956.858458148301,2.474599999999999
-4.72962,0,43,14.3,14.2125,14.178293023255817,14.1784,14.1562,0.0143977411480452,0.0571117470681812,0.0547442541240883,0.0006473373290721,67.65946660271415,184.68745502319507,0.0563000000000002
12.93807,1,28,18.9,21.3568,20.670310714285712,20.78395,19.0131,0.4805125553061846,0.602706680476522,0.4192689164523432,0.1012057271075451,642.5780346153913,2584.0245403357985,2.3436999999999983
50.45008,1,13,12.55,12.4933,12.388846153846156,12.4196,12.1518,0.1043269509393794,0.0508769196851596,0.0507727315389149,0.0001126763411523,125.97305858214338,353.0639759260084,0.3414999999999999
13.01801,1,9,18.25,20.5473,18.83498888888889,18.8001,18.0377,0.8526623957411925,0.471730333108557,0.1990281260357999,0.1115155751972484,464.3843186846741,1399.0750356135031,2.509599999999999
-16.52004,0,167,15.98,18.4668,17.20461377245509,17.3404,14.7623,0.8115215178698587,0.140697306056395,0.0931158031323815,0.0195320344351804,978.564101792668,2957.919768483902,3.7045
-6.6684,1,27,19.07,21.1105,20.00896296296296,20.0897,15.9129,1.007979163073763,0.558686157539815,0.3171678082778517,0.1235117679086183,1133.9213527103332,2963.9512060647903,5.197599999999998
-15.70602,0,141,13.06,20.1216,18.50802340425532,19.0553,12.7369,1.7241930958997382,0.338203965968797,0.1758452113310101,0.0574440822576533,827.213023456029,2589.0317121876,7.3847
-0.3599,1,41,18.04,21.2898,18.77861707317073,18.5204,17.9387,0.8417677898038279,0.569640117762578,0.1719123584002553,0.1052635161635292,275.5159760689266,2294.7845340744097,3.351099999999999
50.58248,1,57,18.96,21.3439,20.26379649122807,20.3261,18.6993,0.6283902069019895,0.6199223450574809,0.3396565037928281,0.1097020641395632,756.1938877610106,2704.8300805789986,2.6446000000000005
37.65616,0,224,14.59,18.3991,16.041665625,15.99325,14.0137,0.9313095163641688,0.455834861199423,0.0724166279139004,0.0290671327150242,975.1332530001042,2948.8181912730943,4.385400000000001
16.89666,1,52,13.87,13.8782,13.851621153846157,13.85515,13.8051,0.0148878728979945,0.054285483496357,0.0534757158386686,0.0001978977809781,144.5235698886945,392.9791270368951,0.0731000000000001
-14.78553,1,17,18.62,20.4535,19.070952941176472,18.7833,18.468,0.613351644774071,0.3657139727837339,0.1915926067791124,0.0674957204567866,186.8976526389647,725.9840196294026,1.9854999999999985
43.02174,1,293,14.05,18.4636,17.76607815699659,17.887999999999998,13.9842,0.5829096816132929,0.175910493519015,0.1065075484084292,0.0133566244935539,878.9328878627016,2881.1501280554003,4.4794
40.474,1,25,18.45,20.348,19.55214,19.7087,18.2531,0.5495107680170308,0.316284489911634,0.2213563664548857,0.04543237881986,704.5099272643907,2302.7759179282,2.094899999999999
43.09701,0,62,17.57,21.2956,19.01373387096774,18.97255,17.4355,0.92049930890056,0.5751796303247779,0.199995810941195,0.1004629459602279,988.997060006816,2911.083902407401,3.860099999999999
27.99654,1,21,16.2,20.6727,17.859547619047618,17.333,16.1424,1.3815887780447016,0.385211058200714,0.1339975691263789,0.0862322908978433,279.12770419768,1174.8881851392944,4.5303
8.50928,0,38,17.7,21.0831,17.589055263157896,16.9115,15.4595,1.7912173898425212,0.592696922933054,0.1624512173553467,0.1469243122398787,900.5936551636127,2597.9601994328987,5.6236000000000015
7.78103,1,21,19.16,21.1516,19.548033333333333,19.2092,18.6761,0.7231736280682063,0.5175510678447729,0.2141223370550387,0.1035860222116188,113.80722590465696,717.0171873377112,2.4754999999999967
46.47377,1,175,18.06,19.2989,18.49422,18.4792,17.9797,0.2781085267367431,0.481129403753669,0.1475887501503542,0.0505589211103212,817.4133011832363,2921.0394246063006,1.3191999999999986
37.96682,1,276,16.84,21.2082,19.663889492753626,19.66025,16.7598,0.6196694318733882,0.559553455343515,0.2509969139832223,0.0773229791494808,935.4039307370596,3113.2487349654984,4.448400000000003
-8.30523,1,287,14.83,20.0802,18.354016724738678,18.6517,12.7853,1.3197528161755216,0.7092229041044241,0.1513914529895422,0.0535619754297458,921.005809967952,3016.821565393897,7.294900000000002
-20.33099,0,36,16.45,16.6728,16.468619444444446,16.467100000000002,16.3795,0.0508304341874287,0.0790225826856067,0.0747720806429422,0.0026698253125439,172.5170811154978,460.8063783795951,0.2932999999999985
-16.29795,0,15,19.44,20.9818,19.35211333333333,19.1701,18.5663,0.7105631306693776,0.5332099859465721,0.2241532329550962,0.1035684400612495,258.46758175397986,758.9435864240004,2.415500000000001
1.94735,1,17,18.42,20.6567,19.02845882352941,18.7125,18.249,0.7390460253418123,0.401537424864889,0.1845702450871477,0.0795431898382809,15.851959499075582,42.944961979104846,2.407700000000002
-10.45802,0,10,18.84,19.8664,19.29755,19.24925,18.8361,0.3490787916470691,0.2786549895692249,0.2152000719030214,0.0369054121609211,7.335017693902668,18.93636706050165,1.0303000000000004
29.94521,1,151,18.32,21.5517,20.154142384105963,20.1926,18.3165,0.6465891692501617,0.629228408425662,0.3231638179135033,0.1086672901688515,870.1461503837659,2990.9692099307067,3.235199999999999
40.49111,0,5,17.85,20.7076,18.47352,17.9369,17.8483,1.249966510351377,0.433282498475941,0.173169161473311,0.1454235525718363,627.5237196818331,1403.1946933214058,2.859300000000001
-7.09103,0,16,17.33,20.9861,18.9437,19.030900000000003,17.2616,1.40488668155122,0.496227480514791,0.2255564435417187,0.1446533593900182,939.3077451711666,2577.944008830804,3.724499999999999
3.6877,1,329,18.18,19.7977,18.75419574468085,18.7717,18.0633,0.328552663921085,0.6766423533333961,0.1580349667132086,0.0411583107037047,966.5280837253368,2962.933590474502,1.7343999999999973
6.408,1,34,19.9,21.2594,20.321826470588235,20.43015,19.0928,0.5582550309501079,0.551874642354795,0.3539381824165626,0.1000781287150383,837.8666032463959,2794.29587407408,2.166599999999999
35.72104,0,13,16.95,18.7339,17.645323076923077,17.5214,16.5733,0.7600816712190062,0.394197017569165,0.1324947999830142,0.0832570098434857,568.487160653446,1297.3726997338017,2.1605999999999987
8.08562,0,277,18.48,20.5884,19.218640072202167,19.1974,16.8554,0.4146860021524168,0.410515191504451,0.200483615099702,0.0486937219546182,968.5734762872172,2962.933221018808,3.733000000000001
9.14299,0,10,14.57,18.684,15.92208,15.9331,14.5083,1.5706469889825674,0.197405810596525,0.0886834222285926,0.0547518103893041,18.03242870182841,36.8703820719893,4.175700000000001
-1.33181,1,296,16.2,18.4391,16.97429054054054,16.937800000000003,16.205,0.4005831909346295,0.385315950561037,0.0862605820151267,0.0275508223306198,952.3119789114284,2991.8975672684974,2.234100000000001
-3.88816,1,24,18.11,18.0755,17.934324999999998,17.9339,17.7768,0.0721753315078003,0.119803281508657,0.1123680242731911,0.0043646127595077,15.187658323858784,43.96131673640048,0.2987000000000002
-20.54012,0,37,16.38,20.4226,19.659827027027028,19.6844,18.6243,0.4338961707909242,0.459884877287325,0.2607115458124618,0.0742848958973695,1061.9001552850496,3031.756725347004,1.7982999999999976
-2.79215,1,246,17.36,20.0341,18.72044837398374,18.73805,17.2512,0.4419055682408199,0.36892649685518,0.1591659468327493,0.0378089558649817,922.4086973399644,2957.9416595947987,2.782899999999998
18.40696,0,7,17.87,19.509,18.2879,17.8731,17.5207,0.8393941783611959,0.202766040725113,0.1450143213463488,0.048479397754705,41.8837321504705,87.8344847683984,1.9882999999999988
26.4709,1,291,18.26,20.9139,19.347384879725087,19.331,18.1655,0.4767511023926996,0.527437563418862,0.2089259652641026,0.0585447369844973,903.40967048439,2992.932091701703,2.7484
-11.5921,0,10,18.89,19.2417,18.71871,18.67175,18.2867,0.2496988294815265,0.194946639908237,0.1541613878311035,0.0176615459064056,8.884330466757644,23.027735092196963,0.9550000000000018
-11.88962,0,219,14.89,16.2225,15.558659360730593,15.5663,14.6065,0.3515222480353254,0.212810644139807,0.0689726017441574,0.020629139025436,931.4167914180626,2928.0796785648054,1.6159999999999997
7.72008,1,5,19.83,21.1498,19.98578,19.835,19.3706,0.7383337470277257,0.537586917083812,0.302642644413964,0.1405168898409248,892.7621990584856,1802.9939575922035,1.7791999999999994
28.49204,1,86,13.0,13.4525,13.008537209302329,13.00345,12.8872,0.0683737549348075,0.174603870417096,0.0533062857291102,0.0133159687771614,322.70705815840154,881.8084370255092,0.5653000000000006
58.77056,1,3,18.28,21.1028,20.47393333333333,20.2465,20.0725,0.5515196853543234,0.511534088491226,0.3528913856676863,0.1416028716252046,276.9600143632303,529.7659129975,1.0302999999999969
9.35535,1,4,18.14,18.7514,18.62345,18.66055,18.4213,0.1421654552507985,0.15485141887916,0.1467816372917807,0.0086737079049197,0.0111155945783285,0.0258373957985895,0.3301000000000016
51.61688,1,16,18.07,21.3202,20.7000375,20.767200000000003,19.8839,0.4442024611593239,0.573008407338234,0.4055045265568935,0.0905010993351295,698.0019733330638,2279.9712677663997,1.4362999999999992
-20.33912,0,15,18.14,21.0236,19.40326,19.0983,18.0236,1.113029950694436,0.495389750507207,0.250259830417355,0.121347358664349,862.3997548956323,2325.7085811458965,3.0
12.85449,1,11,19.75,21.2913,20.09476363636364,19.8393,19.5516,0.6168571621902871,0.579270612122501,0.291282658815353,0.1363430924299814,332.85550117549303,1110.9691642938997,1.7396999999999991
41.79893,0,265,13.97,21.2597,19.3432041509434,19.971,12.737,1.8899832818979945,0.641395241999151,0.2693411549835446,0.1143800651761401,949.355342867424,3069.709241296092,8.522699999999999
-8.63998,1,39,18.0,20.4919,18.08776153846154,18.0159,17.6858,0.4719691334774621,0.359518090347392,0.1207053865285143,0.0434368792323908,517.0196231582346,2979.9335361114063,2.8061000000000007
13.35851,1,132,18.38,21.0916,18.64151287878788,18.40635,17.7433,0.61263027197341,0.5402069141485759,0.1649801499731506,0.0656556070944802,884.4784083890239,2975.9931376968016,3.3482999999999983
31.8784,0,67,18.27,21.1242,20.003095522388055,19.9626,19.0417,0.4656888109199223,0.5493769345751189,0.276998663056425,0.0747677202429111,815.4609964485148,2945.1301804050017,2.0825
27.70148,1,5,17.08,20.4571,19.87544,19.8479,19.0709,0.5881467997022505,0.407542962724628,0.3101665378843752,0.0706280337700601,965.5288027128852,2212.894605509304,1.3861999999999988
40.55142,0,8,16.16,17.3017,16.7017375,16.6711,16.1577,0.5456620066815294,0.0901159092074035,0.083448320114755,0.0048173248526619,361.34195120332896,676.0269668631881,1.144000000000002
-24.68311,0,4,17.63,17.6298,17.456675,17.41525,17.3664,0.1185120352538096,0.108711271540962,0.1023475371947252,0.0043382907881459,0.0072915684935234,0.0169412153991288,0.2634000000000007
47.4133,1,134,18.27,21.338,19.898279104477613,19.9567,18.0674,0.6079968252878404,0.573317242516942,0.2823521665335071,0.0855092627354656,876.5401311385623,2939.9892067131004,3.2706000000000017
32.52069,1,19,16.42,21.4492,20.184636842105263,20.1185,18.2477,0.7497928248749242,0.622983838169843,0.334725523990058,0.1401774481960534,855.9892468176748,2516.9419308793003,3.201500000000003
8.66979,1,5,17.46,21.2786,18.1217,17.457,16.9255,1.7821236376862304,0.512905905177281,0.1757166024519681,0.1885981485093557,288.52223571684107,645.1715998838918,4.353100000000001
19.19404,1,11,19.95,21.346,20.65240909090909,20.8186,19.7106,0.6287217611225903,0.618406433309749,0.4146902789719549,0.1348949930738504,1069.909408685084,2896.0503905554942,1.6354000000000006
4.51283,1,306,18.52,19.8918,18.607679411764703,18.51515,16.7222,0.3827561582217799,0.2947802867065759,0.1476965742055557,0.0303092612156188,862.2449352135336,2962.987597418898,3.169599999999999
27.41755,1,4,18.94,21.2135,20.9749,21.06105,20.564,0.2946369630579297,0.542861355248913,0.4988886925653117,0.0676756995685535,1172.0332449673838,2484.137387765993,0.6494999999999997
11.88252,1,33,19.54,21.1009,20.169360606060604,20.2172,19.205,0.5231522824064916,0.5101720989890399,0.3218392767342642,0.0861870561055312,772.0886021097602,2976.955369039504,1.895900000000001
-1.18092,1,309,17.73,20.2248,18.97639644012945,18.9887,17.7325,0.3437606901576665,0.574246442265452,0.179158294861815,0.046403057102049,919.232700447252,2987.9380430901,2.4922999999999966
-19.67403,0,140,16.44,21.1763,18.52651642857143,18.94455,15.2472,1.4384003184798668,0.473016239220765,0.1923273618063005,0.1047463045596576,980.486490488254,3058.7387650349046,5.929100000000002
13.87289,1,220,18.28,21.3159,19.965899545454548,19.99865,18.0017,0.6558799127539519,0.6546405244206689,0.3017631215348957,0.1021652525371178,956.7366877370036,2947.8060143404,3.3142
26.40153,1,13,18.34,20.4498,18.86832307692308,18.5637,18.1697,0.7382057043420057,0.385211058200714,0.1810887527642801,0.0823097954869731,240.16612983903588,891.6358665855005,2.280100000000001
4.77511,1,20,12.51,12.3099,12.25236,12.25245,12.1736,0.0399234187967545,0.0509318603558235,0.0507295793719687,0.0001059068454286,14.86217816396708,43.88384564780426,0.1363000000000003
8.20583,1,5,18.61,20.2821,16.9971,16.1673,16.1508,1.8365648082765824,0.326128089735928,0.1212606653909719,0.1145248923744114,991.8872874745592,2217.9423531825014,4.1313
-9.52022,0,39,14.78,21.2367,19.61114358974359,20.2475,14.7825,1.7906277008496014,0.5780036196340229,0.2975899791087348,0.1310746265750233,1037.1611357009172,2924.9925448383,6.454199999999998
3.21826,1,22,17.63,21.1988,18.970922727272725,19.0454,17.6286,0.9716024612938186,0.550483286201957,0.1861857834401586,0.1072395201861803,153.02775179368803,741.9752145945022,3.5702
27.96231,1,166,19.62,21.2829,20.084575903614457,20.02365,18.9933,0.4607732966774414,0.602706680476522,0.3094200107997352,0.086803674648658,699.9876410894088,2908.0793829863032,2.2896
18.12964,1,14,18.03,21.4356,19.214771428571428,18.853250000000003,17.9689,1.1203073914906445,0.587359882133207,0.246596252166838,0.1638379542673685,556.5155050297818,1639.3523488656065,3.4666999999999994
40.90685,1,55,14.89,14.8646,14.81817090909091,14.826,14.6676,0.0403537949600376,0.0602244404657042,0.0576485588949049,0.0007670773432939,196.3023889870336,708.0515227895012,0.1969999999999991
28.40577,1,16,18.96,20.691,19.145275,18.915,18.4041,0.6615548105284484,0.409393598812302,0.1910938289780869,0.075750693959158,278.1001343915858,1124.0024222569118,2.2868999999999997
-15.69951,0,13,18.87,21.1025,19.026,18.9237,18.2037,0.7134393772423829,0.518493733848566,0.1868862586805524,0.1021298802711341,804.7495031061032,1767.1931231249982,2.898799999999998
4.08567,1,3,17.54,20.1665,19.119066666666665,19.1237,18.067,1.0497576688614054,0.3757916762817199,0.2606918760505849,0.119311586856385,902.505038819554,1760.059042315006,2.099499999999999
-0.64843,1,56,18.6,21.0868,20.003630357142857,20.12565,18.495,0.7261423842144163,0.6150311474374,0.3275368584610305,0.125098675057328,900.4821286107262,2949.992019942103,2.591799999999999
-9.59635,0,24,18.49,20.9375,19.57668333333333,19.64015,18.4165,0.8930870811364109,0.4906459834538599,0.2639069857460124,0.1114237959915206,598.3451861169965,2233.881162986203,2.521000000000001
-4.35073,0,22,18.95,20.9544,19.46407272727273,19.4208,18.3469,0.7220208328229215,0.51614566655391,0.2435749331645772,0.0937648703097773,624.8339594108458,2904.980278345094,2.607499999999998
23.23382,1,19,18.56,20.9277,19.372594736842103,19.1104,18.5632,0.7544333211635559,0.443624987232616,0.213881893572868,0.0965528600756991,888.2104664030038,2268.9113821758,2.364500000000003
52.591,1,122,17.03,19.0615,18.06369262295082,18.0646,17.3261,0.1882580865068271,0.540999597261161,0.1257958225807318,0.0495453539886763,805.2383459351778,2682.8163756484137,1.7353999999999985
20.18087,1,29,18.91,21.3976,19.381879310344825,19.2424,18.6859,0.6844967324242734,0.6165252499542049,0.2193701662876374,0.1113467399863963,139.2501144264444,774.8875539582077,2.7117000000000004
5.70691,1,162,17.9,21.2694,19.313586419753086,19.27395,16.734,0.6634991996144106,0.5499293590316321,0.2142060077092915,0.0779636984374668,902.9062914257356,2931.117293587893,4.535399999999999
-24.19578,0,35,12.52,12.8408,12.560745714285714,12.5356,12.4457,0.0976013992873931,0.0511674768999491,0.0510104447872806,7.801810859534235e-05,178.98519600169578,421.8707805901941,0.3950999999999993
40.71161,0,109,13.31,15.317,14.16486605504587,14.2067,13.0795,0.5579672354014317,0.0649390631108396,0.0571557948484338,0.0031597709920618,972.2305515376588,2942.863805127403,2.2375000000000007
36.77022,0,7,18.38,19.0545,18.521285714285717,18.3777,18.2335,0.2928383822097758,0.186460097275479,0.1479515723410327,0.020220655341198,6.440601546459851,12.07187658600742,0.8210000000000015
34.41965,1,315,17.03,19.5183,18.318593968253968,18.388,16.5073,0.6743959803700627,0.269346323128994,0.1400010593208553,0.0377102177996911,936.6756439336874,3051.777698240694,3.0109999999999992
4.65418,1,107,16.35,21.0792,19.80333271028037,19.9742,16.3462,0.914055840102564,0.5624705464684671,0.2912553532963712,0.1024543285892294,954.0085454477792,3082.701743749807,4.7330000000000005
34.45471,1,401,18.36,20.8951,19.115181296758102,19.0212,17.6378,0.5576059840732674,0.431981703146985,0.1861209020866662,0.0571878055180794,875.1157115946866,3064.3387438426944,3.2573000000000008
19.13998,1,22,18.42,21.4101,20.552481818181818,20.59925,19.3778,0.5543472236925013,0.601299380566803,0.3934994536542371,0.108243910184305,861.8208056094318,2663.728641956106,2.0322999999999998
-3.89022,1,166,15.1,17.9876,16.41705,16.89355,14.7682,0.9288052532771092,0.112392849100437,0.0808498364976549,0.0156404792823038,880.9032570951485,2960.918636874798,3.2194000000000003
43.76637,1,63,20.09,21.4361,20.177746031746032,20.2296,18.9203,0.5239121327540549,0.5933731384746921,0.3242648253550367,0.0927688631637444,515.0448303685798,1855.927767152898,2.5157999999999987
52.57033,1,41,18.49,21.2994,20.3598,20.4029,19.2634,0.4923054956020701,0.6069814310522379,0.349343312607043,0.1014107088123071,680.1367059894977,2517.990780821397,2.035999999999998
-5.55944,1,248,18.18,21.1122,19.37785564516129,19.3267,18.6093,0.3670594643002355,0.531183039958484,0.2104485725019652,0.0496584247440324,894.0526028956981,2963.918146816999,2.5029000000000003
30.40173,0,13,17.07,20.7035,17.1739,16.9546,16.4161,1.0890408532281977,0.405473294665186,0.1058598556559484,0.0901324841136448,124.56004996995767,456.8260223265024,4.287399999999998
19.34664,1,92,17.87,20.9888,19.241259782608694,19.2882,17.7919,0.6696498036836712,0.496017687995604,0.2185308197185264,0.0760328933181646,526.2396563543161,1826.0947513426,3.196900000000003
22.00176,1,54,17.06,21.4803,19.655966666666668,19.8192,17.0397,1.044415650649086,0.5402069141485759,0.2744033508013716,0.1162135642962459,904.4813535452744,2915.9700224418048,4.4406
-7.91665,1,63,16.05,21.2357,18.69878253968254,19.6975,14.9497,2.298840434874242,0.542061355566421,0.2501763590216466,0.1695734138601851,829.3262516555756,2917.9555440508047,6.286000000000001
-8.27312,0,256,18.32,20.3626,18.909858984375,18.88475,18.1406,0.3521077101212191,0.38057194108853,0.1696518977429683,0.0361824587976292,861.7741404134083,2951.028404328994,2.2220000000000013
8.11071,1,229,16.64,17.5943,16.73204366812227,16.6686,16.3964,0.1999261725943872,0.116580445407218,0.0773170538781369,0.0061494258446087,749.1712405441209,2469.224999930695,1.1979000000000006
30.02467,1,82,14.28,14.2936,14.26365,14.26525,14.2205,0.014423371380343,0.0566177461391009,0.0548192503750916,0.0005260381296035,188.58876921478853,505.8327800462939,0.0731000000000001
-1.18187,1,174,18.8,21.1854,19.760861494252875,19.83305,17.3814,0.6825872312587744,0.5284294109010471,0.2606849384779882,0.0856201462163023,839.0782911357901,3005.845670682902,3.804000000000002
12.83824,1,33,16.9,20.902,17.841533333333334,17.5879,15.5484,1.5261230315055418,0.738924121910047,0.1739458968375509,0.1482387944310757,1005.5475373203544,2921.0764434141965,5.3536
17.20989,1,26,19.12,21.3399,20.290234615384616,20.2976,19.3707,0.5723103395482625,0.5541204443472679,0.340034686675672,0.0977441537563802,862.6996861351424,2947.0592365972843,1.9692000000000007
16.89693,1,94,13.83,14.1332,13.871580851063827,13.86005,13.759,0.0643256571440188,0.0543024107508469,0.0534211922472553,0.0003907618837995,332.7993518429052,1072.1251096296985,0.3742000000000001
16.86533,0,13,12.52,20.8485,13.004976923076924,12.3553,12.3152,2.356798227169595,0.502200413732648,0.0854779265776753,0.1252095281296168,783.3358946363894,2840.2169811111016,8.5333
-8.86126,0,4,16.62,16.6936,16.652324999999998,16.64605,16.6236,0.0339624670285698,0.0758427306141402,0.0751831991195517,0.0005517389406852,0.0075868255395319,0.0176306134017067,0.0700000000000002
-0.20135,1,19,17.43,20.5304,19.466836842105263,19.703,17.4272,0.9492958362272348,0.369485207656771,0.2314217831247009,0.079524107343085,455.93852579191537,1879.975787592601,3.103200000000001
17.42865,1,162,19.56,21.3217,19.7397512345679,19.56915,17.1126,0.6598933679376997,0.66770384259225,0.2593611748569702,0.105780970148555,675.272315865744,2898.005179664484,4.209099999999999
8.62752,0,265,12.56,14.9758,14.123975471698111,14.3097,12.7235,0.6880363341868176,0.0646687616543306,0.0558269079062821,0.0025801571917234,873.0101409562483,3125.283654606501,2.2523
0.87337,1,29,19.08,20.8319,19.31724827586207,19.1631,18.2802,0.5900974529810975,0.4360642749857659,0.2079472361631872,0.0751400529353265,28.829929008466777,90.73918050900102,2.5517000000000003
25.9322,1,4,18.4,18.6077,18.4298,18.4218,18.2679,0.1404968564298381,0.142420919238635,0.1332283742899034,0.0072900521071143,0.0064563513740393,0.0150529514066874,0.3398000000000003
-16.71395,0,18,18.23,18.8236,18.214066666666668,18.2137,17.5498,0.3350530651562345,0.235765094468045,0.1311099356806624,0.0295154449623769,892.0522564095686,2212.986570775516,1.2737999999999978
25.70663,1,210,18.3,21.3382,19.48907523809524,19.5382,18.0202,0.826284041177416,0.598510737479804,0.2476375143793166,0.1141352534355646,878.3131004236824,2985.906934479201,3.3180000000000014
-10.95582,0,4,18.49,18.5266,18.500375,18.49415,18.4866,0.0182414135051711,0.13864709823351,0.137153498606983,0.0010384410541638,0.0091586731205939,0.0213174075033748,0.0399999999999991
36.17348,1,124,18.27,21.3711,20.406790322580644,20.41545,19.2468,0.4689580715945898,0.586701695794902,0.3495361494506348,0.0939182899460641,907.7128138769276,2954.019310219999,2.124299999999998
21.08,1,282,17.33,20.7575,19.5195780141844,19.5179,18.7202,0.3538345729226174,0.441777739031452,0.2268213588427862,0.0476339968033243,860.187164952244,2985.837460265895,2.037300000000002
2.97637,1,138,18.13,21.2545,19.74058768115942,19.8146,17.7198,0.7126486872597052,0.581184995956866,0.2669494680178644,0.0941408133674023,804.0450468957175,2990.803108205997,3.534700000000001
9.17199,1,9,17.3,21.2071,17.599822222222222,17.2203,16.8741,1.3722489768421926,0.5513169635191179,0.2331319006793152,0.1201205886013505,800.33324592174,1580.7743788309965,4.333000000000002
27.44358,1,43,19.32,21.4488,20.23002093023256,20.1134,18.9048,0.7006093040578665,0.588682181068745,0.3180602293948617,0.1236887281106667,611.5868304160665,2653.7093052200944,2.543999999999997
35.1828,1,12,20.12,21.4704,20.358208333333334,20.138350000000003,19.9011,0.4589825119630141,0.5896790929506479,0.3287275703232313,0.0994334863530582,117.45884276403774,413.9506634375939,1.569300000000002
14.8881,1,94,20.2,21.4159,20.07620106382979,20.0654,18.7588,0.555769176867379,0.5780036196340229,0.2975371163741026,0.0923985387830225,705.3930735979906,2984.935827187699,2.6571
24.33681,1,10,19.25,21.169,20.05576,19.86535,19.249,0.6577070492754868,0.501983748397272,0.3063046201292721,0.1005829721461711,13.6770947466545,36.86867864568194,1.9200000000000017
51.0575,1,151,13.95,14.5532,13.99962715231788,13.9917,13.3693,0.0902337829815969,0.0690736897381469,0.0548766559749338,0.0031724848954577,881.2284503264201,2737.8221766551,1.1838999999999995
24.56318,1,11,18.46,20.7075,19.24963636363637,19.402,18.2536,0.8155189185699212,0.447859640878879,0.2240426729927049,0.097025199680166,5.553178237554139,13.089085208193865,2.453900000000001
-17.52652,0,21,18.71,20.7748,18.963066666666663,18.6786,18.1573,0.7420785836643804,0.421812891074963,0.1830634137367963,0.0786983350816516,649.0686726180917,2218.921410254705,2.6175
30.02937,1,8,17.11,17.5396,17.2484375,17.23655,16.9145,0.2254671844193745,0.0986377525779216,0.0897343042229756,0.00670019988604,15.510583385947635,29.03697946760076,0.6250999999999998
34.94302,1,151,14.57,15.0203,14.613229139072848,14.6089,14.5381,0.055196695057348,0.06107605653893,0.056198005895,0.0012205569117277,317.7080213583989,1056.0533276619972,0.4822000000000006
12.94306,1,91,19.54,21.3085,20.382793406593407,20.3704,19.0983,0.4703979624394193,0.573626523978025,0.3605076793506126,0.092853691681761,730.6035917024127,2992.9308490394037,2.2102000000000004
1.64531,1,190,17.46,21.2247,19.55748789473684,19.69075,17.2772,0.964332616556826,0.578953180129953,0.2566968469498125,0.1108622409474721,946.309594542432,2963.861803009604,3.947499999999998
19.45479,1,20,18.55,21.1882,19.042605,18.8125,17.7277,0.9930478387135664,0.5201545552463189,0.2047807533484414,0.1206327369272242,25.271129824120347,96.8567114351972,3.4605
-13.71798,0,13,16.68,20.5622,17.288753846153845,16.9456,16.6248,1.04396117872855,0.432992503467168,0.1212469354075824,0.0942995440028713,735.9853663332799,1458.915901944405,3.9374
-0.68648,1,68,18.17,16.4408,16.331020588235294,16.32235,16.2364,0.039502648914856,0.0774324366649267,0.0732600456898514,0.0021887217432154,179.117808022001,467.8144449885003,0.2043999999999997
21.50154,1,4,19.62,21.2386,20.277975,20.28705,19.2992,0.7918464092444542,0.573317248698197,0.3726754999211327,0.1521238033085605,640.0397321603209,1318.675786157095,1.939400000000003
15.6906,1,87,13.3,13.6066,13.301420689655172,13.299,13.1997,0.0443230113417692,0.0538035492873602,0.0521129874902945,0.0003449283766815,203.37978487979757,560.7797062266909,0.4069000000000002
31.37236,1,39,19.48,21.4946,20.63014358974359,20.5456,19.8618,0.4523212911397754,0.626476176857461,0.4008047769262932,0.1147790331435441,667.1277228573364,2284.793673599597,1.6327999999999996
8.73542,1,316,18.65,21.1903,19.104226898734176,19.0284,18.1473,0.4520602923735187,0.608424276178792,0.1918462621101887,0.0675424945981163,844.7056054701511,2987.9624917012843,3.0429999999999997
-12.34451,0,19,19.84,21.0351,19.32692631578947,19.5281,14.8454,1.363864904861713,0.4836573269353449,0.225520799342668,0.0913712685970684,452.5104913212488,1888.8717057406905,6.1897
27.65305,1,11,19.86,20.9955,20.3286,20.2279,19.8647,0.3667099589593939,0.453516821791469,0.3280160456994765,0.0731526551225531,219.18897723940205,752.8611269211033,1.1308000000000007
35.44221,1,248,18.68,21.1483,19.42331612903226,19.3671,18.3222,0.367362519027969,0.5269435086030809,0.2170571544976187,0.0538089341798916,794.0571272554232,2938.0562646757026,2.8261000000000003
-10.03616,1,234,16.35,20.9823,18.546296153846157,18.4693,15.9268,0.621021402002218,0.460912758955237,0.1478426682322509,0.0483514378594893,811.6855953932912,2657.7789284837927,5.055499999999999
35.98851,0,221,16.17,20.2097,18.727159728506788,18.7487,15.9849,0.6938399027794647,0.308081391558357,0.1576990732508572,0.0414713893898596,1079.3564078674078,2949.9334740741906,4.224800000000002
26.26081,1,31,19.8,20.9179,19.921267741935484,19.8027,19.2591,0.4930727724431057,0.462813592193235,0.2750022040606063,0.0657250347397074,62.39783150085989,376.98617129629565,1.6587999999999994
-16.79779,1,4,16.97,17.0007,16.95505,16.9782,16.8631,0.0623008560668842,0.0785379004195453,0.0778309661552047,0.0010214046668119,0.010566587336609,0.0245339814937324,0.137599999999999
8.57853,1,18,16.54,20.3857,17.767494444444445,18.1538,16.4934,1.181877425948782,0.483853275278633,0.1314696881876559,0.0981253671843969,44.8797333044642,127.79224666679512,3.892299999999999
45.95276,1,253,18.83,20.8146,19.453745059288536,19.4506,18.4267,0.2990530820742557,0.551038700336465,0.2141895325955849,0.0473204565199244,827.2063047608001,2902.070855960701,2.3878999999999984
7.87322,1,66,20.11,21.1993,19.484912121212123,19.4336,18.2753,0.8043043810581141,0.543128737570962,0.2561576014254877,0.1106534873734801,452.5996507364154,2260.9292290163,2.9239999999999995
24.47534,1,337,18.46,20.0662,18.952545400593472,18.9412,18.1065,0.2276033485516781,0.3761836347809439,0.1802091790825956,0.0287239788524815,942.0400607636436,3032.8079992132043,1.959699999999998
32.67715,0,96,17.71,21.3817,20.174717708333333,20.3046,17.5417,0.7330041445987213,0.644745654972244,0.3233065374533503,0.10506679835149,866.5583838943476,2955.058761157503,3.84
1.94432,1,70,18.9,21.2014,19.78762,19.68455,17.3154,0.7443273277923835,0.5493769345751189,0.2844012704055332,0.1098963308884432,794.1070903879004,2992.828936052996,3.8859999999999992
18.28188,1,25,19.11,21.0123,19.779048,19.7047,19.026,0.4953691621070764,0.473755326694295,0.2676614561067328,0.0704166368560257,501.645411156554,2533.021509386599,1.9863
11.72422,1,9,17.93,20.79,17.970666666666666,17.7655,17.3461,1.0817039474828591,0.4291289980114829,0.1440180769985178,0.1069490026311733,849.7742508037962,1648.3833854973927,3.4438999999999997
7.92088,1,324,18.06,21.2146,19.395663580246914,19.34695,18.1844,0.4429295673599024,0.601299380566803,0.2061186183612974,0.0556569358854522,867.3981670071387,3103.354169722202,3.0302000000000007
31.67436,1,88,13.86,14.0795,13.876404545454545,13.87615,13.6939,0.0325531710378356,0.0568479195004976,0.053774000696673,0.0004445760608494,275.22673835234224,762.9407255788901,0.3856000000000001
6.10726,1,15,20.14,21.2275,20.113126666666663,19.9763,19.3141,0.516957662630491,0.5639443661355009,0.3018487690561801,0.1016349626510898,478.544000847215,1590.858994236296,1.9133999999999995
10.95473,1,13,18.45,19.2414,18.5591,18.4583,18.1747,0.2924461773842608,0.253772890201849,0.1574940624125249,0.0418414322170443,19.260165524881423,58.95441307889996,1.066699999999997
52.02466,1,167,16.01,19.6929,18.5843251497006,18.6619,15.9932,0.7060444928400113,0.276157991420861,0.1492907218635077,0.0376814498217313,906.8017283011192,2712.853748611204,3.6997000000000018
-23.14185,0,68,18.19,20.5524,19.28136323529412,19.45075,18.0609,0.6512901011011608,0.378659525485128,0.2072836269323676,0.0688833516678424,836.6329325181125,2932.9835251732948,2.4914999999999985
40.26344,1,20,18.91,21.4252,20.333105,20.51375,18.9054,0.867524859935013,0.626867402359437,0.3621912994160391,0.1563255574935136,417.5871586254056,1804.1604705327045,2.5198
6.49538,1,8,19.15,21.2774,20.820675,21.0921,19.8625,0.5699926309047457,0.6184064446423821,0.4584513789608284,0.1215751297724209,1155.8138269031738,2867.10144304391,1.4148999999999994
32.39971,1,22,15.43,19.4882,18.19233181818182,18.3658,16.4167,0.8210686099667488,0.210763369184911,0.1287708713075116,0.0392479878677131,720.4587376057333,2477.2516113655,3.0715000000000003
30.51046,1,327,12.52,13.9172,12.53080611620795,12.4101,11.1742,0.9407696417278948,0.0784606447976352,0.0513651367285072,0.002054279020681,910.702889015127,3090.318154201297,2.7429999999999986
37.41811,0,11,19.04,21.3171,18.930827272727274,18.9037,17.9837,1.0451549005682448,0.577372889410839,0.1935533750884821,0.1410705027115195,613.0912400315417,2043.2219075690955,3.333400000000001
14.25436,1,9,17.01,20.3076,17.671833333333336,17.502,16.9834,1.0318804000464388,0.439347214698557,0.1397952671853579,0.1125305458985365,684.3538850416148,2157.134303738196,3.324200000000001
24.41435,1,170,19.15,21.3626,19.763522352941177,19.6725,18.1452,0.6294028343594887,0.567824958599617,0.2610913564194538,0.0923758392868543,767.1228680779279,2772.6926877546,3.2174000000000014
3.97634,1,310,14.05,19.8228,18.383309677419355,18.66195,14.1202,1.0731777774637188,0.3780611541243879,0.1574635768541581,0.0451917884060114,984.878124594258,3105.635485011604,5.7026
-4.01284,1,27,19.34,21.327,20.167025925925927,20.3917,17.7771,0.8237551594761232,0.565428519789496,0.3279947019959163,0.1172373472661055,663.968147484553,2867.1894314815,3.549900000000001
44.8403,1,13,18.9,21.3757,19.74749230769231,19.7793,18.7129,0.7664168681398064,0.588350860956458,0.2710371389182183,0.1250369103806424,546.8440505003576,1502.8996711918007,2.662799999999997
47.7532,1,188,12.96,15.7611,12.971875531914892,12.95185,12.7477,0.2443572160255953,0.0641369949223522,0.051874664272056,0.0015664511729434,820.713571864466,2921.0359598259965,3.0134000000000007
44.47941,1,130,15.59,15.6437,15.582746923076924,15.58525,15.4951,0.0303959865477515,0.0659687407554748,0.0624627456490134,0.0010424296492234,973.04339000533,2933.060006273525,0.1486
10.88221,1,144,19.68,21.3033,19.956119444444443,19.882800000000003,18.5802,0.5644713503389983,0.5818268862694821,0.2787167321028911,0.0923000575140542,793.1198632898669,2944.999439895597,2.7230999999999987
3.67624,1,113,14.41,20.4441,14.507428318584072,14.4008,14.3393,0.7704715299585126,0.366168098637827,0.0597754811349172,0.0361755688443222,320.39285587247826,1573.7251219909012,6.104799999999999
11.85039,1,229,13.88,21.107,19.814820524017467,19.7661,18.9452,0.4210490660532173,0.5360311424649461,0.2595458329659367,0.0690042176930524,884.1769122953438,2987.9734893631903,2.1617999999999995
5.05977,1,12,18.43,21.3538,19.345275,19.05885,18.3253,1.0759302301856164,0.493932912905468,0.2296203064300913,0.1351155253632434,446.0276803102146,1087.0533746643923,3.028500000000001
25.71026,1,10,18.53,21.4916,19.91746,19.9834,18.3078,1.4007107673526968,0.629624203623932,0.359593844979841,0.2176261305211029,597.0804249045061,1799.0163921989006,3.183799999999998
23.37229,0,384,15.5,18.9523,18.047851822916662,18.18255,15.4582,0.6305848130264836,0.43371849154209,0.1340100003975002,0.0370892465567252,885.9543613369002,2951.8994876738,3.4941000000000013
14.57973,1,290,17.94,18.9965,18.217693793103447,18.1701,16.7499,0.3511095606216942,0.255934435890439,0.1257379886163361,0.0211145689439453,947.7041464808672,2975.8600400345968,2.246600000000001
45.58681,0,13,17.62,19.2534,18.241046153846156,18.2895,17.6289,0.4025842802349683,0.193746998819703,0.1249873984544034,0.0241446670173773,350.7405803114064,733.9730739696024,1.6244999999999976
21.57821,1,2,18.91,21.216,21.18895,21.18895,21.1619,0.0382544768621922,0.5639443661355009,0.5426470030974104,0.0301190196512509,289.1372314208732,408.9017940624108,0.0541000000000018
-6.56245,0,55,18.71,21.2337,19.804665454545454,20.0414,18.1923,0.8360428367587526,0.558397859761303,0.2795745281011803,0.1155198014265833,763.229996665462,2636.9036981248937,3.0413999999999994
-15.00712,0,52,18.91,21.0019,19.28505769230769,19.21325,17.941,0.6705350902037651,0.5971291914828779,0.2127896896968708,0.0831231868064969,539.7121254317093,1854.9163200925032,3.0609
-20.03502,0,2,18.74,19.5273,19.431800000000003,19.431800000000003,19.3363,0.1350573952066311,0.254942174345091,0.2452784446936239,0.0136665775362117,671.9610877402206,950.2964836691972,0.1909999999999989
23.37125,1,3,18.51,18.5704,18.513666666666666,18.5071,18.4635,0.0537516821442199,0.144627210754371,0.1408662474885033,0.0034723907150374,0.0052065336898798,0.0102290395007003,0.1068999999999995
42.01318,1,13,19.4,21.281,20.026346153846152,20.5291,17.6429,1.2969493626811237,0.579270612122501,0.3576233583839713,0.1849753145657606,630.0957180437072,1562.8549885414031,3.638099999999998
-3.33236,1,294,17.33,20.8616,19.05714319727891,19.2711,17.0489,0.9090324634440748,0.4241220531086839,0.2045573214615368,0.0793823885540007,957.4795883603024,3085.703211041604,3.8127
-17.70649,0,21,18.47,20.7829,18.678557142857144,18.4738,17.9966,0.6825409156757043,0.483853269396958,0.1893425982154882,0.1132050095534125,904.4064482274628,2305.678215775595,2.7863000000000007
24.67292,1,35,19.2,20.4921,19.552357142857144,19.4911,18.8911,0.3950264639576577,0.355436550384935,0.2210854167844333,0.0495191766542247,44.82263012179767,162.70918197930587,1.600999999999999
5.41683,1,10,16.0,20.1195,17.59232,18.00265,15.9977,1.3383586280714643,0.2762388141644429,0.1101922557527774,0.0621920386571261,296.68486918683226,1184.8209234839014,4.121799999999999
8.7325,0,244,18.21,20.9086,19.78359098360656,19.7889,17.5938,0.516597690497969,0.520870729192152,0.2943596916955956,0.0819658371183125,866.2115998585003,2931.981467291705,3.314799999999998
-11.66813,0,9,19.39,19.8869,19.537077777777775,19.4467,19.2908,0.2279711318225305,0.283026760820403,0.2154678088616241,0.0392465447652631,6.5943226930050205,16.957320833600534,0.5960999999999999
-9.63632,0,22,17.45,21.126,18.80945909090909,17.947499999999998,16.5023,1.7637966602539377,0.548551042978482,0.242607827342489,0.1773115482461626,809.3686355326602,1922.816270891504,4.6237
-7.32559,1,47,18.45,21.1408,20.30233404255319,20.3365,19.0961,0.505145920492113,0.508147297510756,0.3415578026595354,0.0910687219466782,781.8721646843275,2873.097718749603,2.044699999999999
5.10657,0,119,15.68,21.2702,19.521119327731093,19.9698,15.0788,1.5445188617992924,0.5610069469222779,0.2707211034457405,0.1144865886359088,951.0101690352698,2958.8923547109007,6.1914
33.35958,1,3,18.83,21.1917,20.8417,20.8566,20.4768,0.3576828343658653,0.499189846834871,0.4275574848360317,0.0771146209434991,508.485664370449,880.7309033799902,0.7149000000000001
2.52874,1,289,18.54,20.763,19.30924498269896,19.236,18.2061,0.5038499078457788,0.5463648257382879,0.2207831353860008,0.0636160715751547,854.8340554299547,3034.7933893171,2.5569000000000024
9.27821,1,358,17.77,20.3625,18.86867653631285,18.87815,16.7037,0.3210447318366552,0.463684688363882,0.1691383977782352,0.0332755338664307,956.991246441427,3081.78367723382,3.6588
9.09109,1,21,18.72,21.0116,19.44524285714286,19.7805,15.9151,1.209969813082719,0.489226413384963,0.2511921664028451,0.1199790196928077,460.16945370069095,2088.1412577776864,5.096500000000001
-10.83744,0,82,16.3,21.0835,19.670873170731703,19.8752,16.1486,1.0184334666231134,0.509720267004283,0.2685426716012189,0.0930856824512561,901.3931007969668,2905.069039224596,4.9349000000000025
-12.64307,0,17,18.25,18.6636,18.12038235294117,18.104,17.9098,0.1919112856090481,0.14472581041164,0.1187347402745855,0.0112582754529424,463.5559958297835,1490.9542843516974,0.7537999999999982
2.94414,0,19,18.69,19.9336,18.933905263157893,18.7639,18.2861,0.4815258427052296,0.336759098330705,0.1876907162344275,0.0562303193002418,1069.1462562864483,2933.0663928588983,1.6474999999999973
21.50375,1,20,18.87,21.2344,20.15086,20.1826,18.6441,0.7722020559140541,0.519916420097216,0.3313736138236814,0.1183989664334666,1129.05175601624,2940.9722131481976,2.590299999999999
50.83559,0,105,15.51,21.1146,20.148936190476192,20.1171,19.096,0.4419580571214631,0.5192037821869671,0.312266547010928,0.0809554806208391,815.333736551132,2836.230202164501,2.0185999999999997
14.43885,0,12,19.57,20.8626,19.84505,19.72385,19.165,0.5110164087385067,0.526204730142984,0.284409636638376,0.0993866916205034,672.6707156017089,2896.972056990897,1.697600000000001
15.91426,1,25,19.8,21.2599,19.969992,20.1035,18.8818,0.6588113816563883,0.453681331139147,0.2863061040094046,0.0899522929050585,76.04978236504887,353.00492229159863,2.3781
-2.04033,1,9,19.48,20.9413,19.678655555555554,19.5511,18.2039,0.8022619633123429,0.449295913644501,0.2518318110650654,0.1023347145292853,944.0571817368814,1857.9250870020917,2.7373999999999974
13.06448,1,20,18.83,21.1832,20.134485,20.1692,18.9958,0.5724702191978375,0.461946939437308,0.2993342020810379,0.0804632324385776,609.3603604388668,1953.7934643518963,2.1874
15.44847,1,328,18.18,20.6303,19.42342743902439,19.40405,16.2918,0.3785599924300653,0.492487575851989,0.2137207650008332,0.0438929863562955,891.737823269668,3032.825316261988,4.3385
34.94222,1,100,14.56,14.6473,14.593075,14.59235,14.5381,0.0234485138767952,0.06107605653893,0.0561138353607887,0.001045254463578,210.788557619113,724.0464941320024,0.1091999999999995
-0.7148,1,90,18.76,21.4273,20.24528,20.3282,18.7608,0.6146080375493185,0.569640123838901,0.3351173562722576,0.1024889573487653,889.9350462267246,2991.860927338196,2.666499999999999
35.51196,0,212,17.4,20.3547,19.215509905660376,19.33385,17.3805,0.5346994096841509,0.344623964961721,0.1958353819852448,0.0422820515890228,1082.8486835863434,2949.9999530441128,2.9742
10.46904,0,151,19.28,21.2534,19.733685430463577,19.6601,18.6021,0.5224257325716055,0.589679082959057,0.264859086759536,0.0839022841626671,748.6109516410125,2950.8480605558,2.651299999999999
45.34937,1,126,19.0,20.8147,19.61170158730159,19.584,18.837,0.4181518688675917,0.688895260603437,0.2385935621947785,0.0716581816189746,661.4847860309283,2652.941572939795,1.977699999999999
39.61034,1,37,19.42,21.3196,19.20395405405405,19.142,18.2211,0.4789020611975061,0.5847387861838841,0.2042941740267409,0.0787161589806087,477.1048841130431,2667.921808796505,3.0985000000000014
21.57683,0,365,17.47,19.4138,18.157406849315063,18.192,17.1897,0.3695560882978594,0.627651795273897,0.1346691744118822,0.0427541309813455,907.7393210556012,2950.8980983099973,2.2241
45.97172,1,190,15.24,20.6744,19.247324736842103,19.411,15.1581,0.940359347315306,0.526696927771379,0.2092354665493082,0.0633630916512617,804.9299450566155,2902.0421933331017,5.516299999999999
-8.0865,0,15,15.03,15.0531,15.01846,15.0201,14.9887,0.0191407866684137,0.0606266586588621,0.0588620998500036,0.0009157412495626,22.538551257409736,55.89852519700071,0.0644000000000009
-18.71077,1,164,17.97,19.7846,18.572740853658537,18.55605,17.5127,0.4236690563427259,0.244854774633752,0.1477357472872487,0.0283319987364708,979.2997701887112,2967.8766134143957,2.2719000000000023
16.79743,0,184,12.87,14.0693,13.05982608695652,12.9407,12.3833,0.496147935449974,0.0544227385065082,0.0520831822264881,0.0009719448952222,945.785719819488,3072.6757294558997,1.686
-14.76943,0,6,18.92,20.2793,18.980216666666667,18.48215,18.0331,1.0158246156038289,0.325866300718538,0.1873849901570341,0.0931014709661265,272.7139776141544,651.2002940275997,2.246199999999998
48.89904,1,79,18.73,21.3422,19.909506329113924,19.9752,18.3499,0.7961921547384896,0.601650384130442,0.3034860284574976,0.1237934292868354,781.7080711429775,2701.6580584490875,2.9922999999999966
-11.35236,1,12,18.32,18.4088,17.598458333333333,17.58885,16.8439,0.5784620133019388,0.142050549799452,0.1053245018737569,0.0232274996204633,13.658604719606888,31.87019534738647,1.564899999999998
15.55644,0,53,18.74,21.1588,20.082450943396225,20.1911,18.5821,0.6488506111764815,0.563648785059395,0.3264943943115931,0.107860072896357,716.119781459598,2514.020866307903,2.576699999999999
34.69092,1,279,17.36,19.8586,18.237298566308244,18.2272,17.7867,0.1929754064121927,0.705993507268394,0.1267625938408581,0.0406239740660242,854.4575215783165,2981.981679305398,2.0718999999999994
6.99726,1,68,19.66,21.2552,20.064114705882357,19.9489,18.8608,0.6478313128660604,0.546364817583537,0.297392882802814,0.1053918787491224,385.0122502505543,2191.9728854628997,2.3943999999999974
26.99408,1,5,19.75,21.2446,20.17906,19.9599,18.6959,1.0841797789112275,0.5624705464684671,0.3443978124230801,0.1842400368326573,312.9325819022259,716.1169650348893,2.5486999999999966
-13.21052,0,146,18.9,20.9295,19.698780821917808,19.69555,18.6502,0.4456680319073241,0.69243137955974,0.2502010332695044,0.0714565332193464,832.1713586734454,2934.006925543603,2.279299999999999
-16.09889,0,56,19.02,21.2799,19.872105357142857,19.7922,18.7582,0.5932944329357867,0.529176605550354,0.2774000219673132,0.0928138974668998,786.6953720299163,2943.8765228818884,2.5217000000000027
37.68202,1,240,17.04,20.5101,18.95538583333333,18.9872,16.872,0.5037331896209178,0.538892654629623,0.1760477658266205,0.0487948256226536,853.7167901500019,3082.824386574292,3.6381000000000014
31.56405,1,17,18.92,21.2209,19.38875294117647,19.1855,18.8267,0.6296614905225342,0.533719967693943,0.2188752740444948,0.0937791301744845,332.14195826039526,1190.8493448840018,2.394200000000001
8.77522,1,10,20.11,21.0166,20.06282,20.06715,19.3142,0.5463910663008071,0.4635101081509121,0.3070796182028285,0.1020916795834344,766.2766680868052,2462.057731944493,1.7024000000000008
39.98165,1,2,18.92,20.768,20.21855,20.21855,19.6691,0.7770396418458974,0.467392554778313,0.35061270318463,0.1651516499357037,250.9696186085487,354.92463837980904,1.0989000000000004
39.09367,1,393,16.82,20.624,18.26553358778626,18.4979,15.7515,1.04804105377585,0.424396007353547,0.1393183956222054,0.0554712720259001,876.6083364191378,2891.081000242797,4.872499999999999
-4.54135,1,13,19.69,21.0763,19.966600000000003,19.8137,19.2416,0.5638795719536811,0.499403274401882,0.3124297321016249,0.0927154248500938,475.35395142690953,1761.1428423724064,1.8347000000000016
50.32503,0,23,18.19,21.2766,20.042417391304348,20.3137,18.1565,0.9779896642194948,0.574246442265452,0.3311502705705032,0.1413879193686296,1042.5827343146009,3061.7881213427027,3.120099999999997
0.23857,1,367,16.5,20.67,18.42512261580381,18.4091,15.9385,0.7254164503609878,0.435474566108291,0.1507714893320946,0.0500919618852214,894.5178225303019,2964.8650940391017,4.731500000000002
5.06406,1,60,15.94,16.0274,15.854435,15.8511,15.7475,0.0355235793022145,0.0761361867207696,0.0653459881082311,0.0017580286849009,109.18516249020252,375.8882917822921,0.2798999999999996
32.86799,1,19,19.96,21.1121,20.023673684210525,19.9572,19.1082,0.5570167201181924,0.505701690727496,0.3007915852200882,0.1049159832758433,447.62881199771806,1895.8421928006935,2.0039000000000016
24.40525,1,212,18.83,21.5578,20.13183349056604,20.1577,18.5862,0.5454987876764511,0.5883508708884411,0.3062634765787256,0.0887023897426187,875.8789232572709,2992.9232740275984,2.9715999999999987
2.4017,1,341,16.49,19.5737,17.862368328445747,17.8725,16.4375,0.2954208339159743,0.579270612122501,0.1103563488549428,0.0300475853150252,955.0265727138382,2991.893793345,3.1361999999999988
11.74355,1,29,18.57,19.8112,18.475117241379312,18.4701,17.4861,0.5049299173923381,0.342571267700231,0.1515183169717048,0.05270612591287,811.3908083964061,2570.011995787092,2.325099999999999
17.08724,1,117,19.84,21.4059,19.854264102564105,20.0503,17.1326,0.9202767129268437,0.566623366806179,0.2797830678066613,0.1142105232488848,637.2824644652999,2952.946860497796,4.273299999999999
44.54011,1,291,12.91,12.9253,12.769319931271475,12.7663,12.5665,0.066050868703954,0.0529941351410634,0.0511557592567523,0.0002524237280659,834.4509115741507,2879.1675586342026,0.3588000000000004
31.51837,1,519,14.66,19.7451,18.04195394990366,18.4395,14.2813,1.2025821250738395,0.583439845459926,0.1320956522515295,0.0491558231044559,874.1212066276611,3079.254889780197,5.463800000000001
14.25937,1,177,17.42,21.0964,19.88303502824859,19.8641,19.0009,0.4013901948712473,0.519916405817891,0.2684991928342548,0.0664433920311886,939.9227992391384,2975.8600400345968,2.0954999999999977
20.34622,1,5,19.58,21.2217,20.65838,20.8108,20.0586,0.5108113320982607,0.553556706067472,0.404602627021938,0.1090317104337482,783.9028157644588,1880.9307453008005,1.1631
54.74031,0,243,15.44,19.9469,17.943306172839506,18.3002,15.1085,1.1792329069902516,0.290705161317318,0.1280858234881599,0.0464973064506769,819.7895715843022,2842.298589872604,4.8384
14.18913,1,307,19.49,21.1554,19.73284788273616,19.6813,18.4552,0.4333881090799682,0.5496529614403379,0.247737193802345,0.065939406530199,804.1052204025254,3122.2700632177,2.700199999999999
50.69658,1,233,17.48,20.005,18.724411158798283,18.681,17.9348,0.2871719136308299,0.314913019826525,0.147802131087168,0.0249399682024492,859.3087821444076,3058.3243248383005,2.0702
16.32974,1,379,18.92,20.9641,19.345927176781,19.3304,17.7332,0.4265906805169419,0.51039842633849,0.2037876409570744,0.0499717995236898,860.8033616293972,2994.906950289391,3.2308999999999983
34.97272,1,12,18.12,19.2377,18.624458333333333,18.6132,17.7663,0.4353908974250665,0.193585264982417,0.1566740986402172,0.0225625678611033,8.508562142280502,19.971177789389916,1.4713999999999992
46.00832,1,51,18.79,21.4772,19.99085294117647,19.8657,18.6307,0.8640513508705243,0.6203028589956721,0.3135364874637631,0.1443811260376332,780.3412998449309,3010.826700034995,2.846499999999999
-4.99438,1,77,14.29,14.3555,14.30475844155844,14.3047,14.2682,0.0214206390307732,0.0569922113885415,0.0548750570578702,0.000519266716824,259.3600680746717,1036.186503506702,0.087299999999999
20.43877,1,19,19.34,21.2158,19.85728947368421,19.7647,19.0034,0.6916187018668086,0.573936262044777,0.2950068819333154,0.1216725876578731,469.5988712635177,2303.7518341662944,2.2124000000000024
14.42148,1,233,19.41,21.3555,19.97872746781116,19.9425,19.0957,0.4215541466438344,0.582793221808051,0.2828877148879115,0.07203285287584,863.7876723869275,2984.936865347401,2.2597999999999985
32.64427,1,185,17.13,21.2602,19.666275135135137,19.6315,18.0189,0.5732894277459993,0.5657265947756851,0.2401924945835583,0.0734432964904372,805.3535242846158,2953.946305879297,3.2413000000000025
-8.66585,0,261,15.23,19.002,17.809472796934866,17.8494,15.0196,0.5698897501907998,0.479209021875096,0.1142195819129761,0.0343849164563034,886.0093897987624,2928.971693645697,3.9823999999999984
16.5649,1,35,19.49,21.3477,19.517214285714285,19.5012,18.1654,1.0379661674591878,0.54047079647411,0.2450512437630078,0.1358400471772238,589.6663751776557,2920.0546033214923,3.182299999999998
25.6663,1,128,18.33,21.4314,20.22089765625,20.265,18.0136,0.641965087291785,0.629228408425662,0.3291075479715552,0.1063506718942354,785.5751916871171,2971.9354403591933,3.4178
40.53385,1,129,17.81,20.6083,19.40532015503876,19.4005,18.2133,0.4299687562013668,0.3613457493835,0.2084811583862846,0.0461623099556013,821.4943958494525,2936.0275259026967,2.395
38.87672,1,2,19.21,21.3868,20.37025,20.37025,19.3537,1.4376187968303715,0.599900764639868,0.3996591534850905,0.2831844022465259,1513.2381995271917,2140.0419848723977,2.033100000000001
19.25694,0,18,16.65,19.2836,18.693466666666662,18.76985,17.852999999999998,0.3681552677559702,0.2154698677016989,0.1648620879681752,0.0210242826173625,734.7182063032267,2213.0276838309,1.430600000000002
-19.11352,1,107,12.78,14.7561,13.62213831775701,13.6774,12.737,0.4498333671870951,0.0613061093545128,0.0540231046584542,0.0020185338847153,917.5353343074764,2919.9880689466954,2.0191
19.43839,1,322,17.44,20.7932,18.48261956521739,18.4898,17.3504,0.329766812668443,0.719709529348424,0.1428384173572842,0.0468878416489239,898.4133697258135,2985.837932036702,3.4427999999999983
29.66957,1,18,17.52,21.3581,20.020805555555555,20.59595,17.2885,1.4771754384126743,0.629228408425662,0.373979778984647,0.1699793828468109,1003.2941648309704,2961.8943715854984,4.069600000000001
24.25517,1,25,18.8,21.2025,20.024416,20.3405,18.7295,0.7809071203201221,0.52207024622074,0.3079791608779499,0.1210059553002282,839.2875558263627,2919.0523467712046,2.472999999999999
11.4275,1,384,17.53,19.2546,18.43106328125,18.4501,15.5845,0.339289774224989,0.747488539088126,0.1395555145082047,0.0438167878234913,880.3255620656191,3130.286078217396,3.6701
27.46173,1,105,18.54,21.4561,20.200017142857146,20.1904,18.4865,0.6892306900641983,0.646013959527962,0.3417808067590399,0.1204523274464069,906.8619409743956,3016.8589505786003,2.9696
21.01027,1,239,17.0,21.1255,19.725460251046027,19.7693,16.3105,0.7758722252845527,0.535257801890461,0.2613906816690703,0.0830068121807698,882.3697065348206,2994.8815520256976,4.814999999999998
23.58124,1,13,18.42,21.1599,19.29073076923077,18.7452,18.2765,1.010342274004718,0.561591167542053,0.2290100059526896,0.1388589635748346,29.99657526719433,117.85913671320304,2.8834000000000017
49.18208,1,290,15.12,19.0563,17.969107586206896,18.17335,14.5042,0.8685145047690062,0.34995221026293,0.1198005314980602,0.0277505998838952,849.9910774756827,2874.160140787186,4.552099999999999
46.47226,1,14,17.82,21.3169,18.918557142857143,18.55925,17.7781,1.237410156312391,0.577372889410839,0.2058565707572073,0.1481869845491438,421.1441937534999,1534.991195567396,3.538800000000002
60.78988,1,153,15.08,15.165,15.083203921568629,15.0843,14.981,0.02493837373447,0.0876867646486238,0.059904867223967,0.0047008009349549,856.0996398044119,2716.7389163659027,0.1839999999999992
-20.33218,0,7,16.63,16.511,16.457357142857145,16.453,16.4064,0.0448531625470957,0.0790225826856067,0.0776760764326337,0.0007887667208371,12.788888346844375,23.941006481196386,0.1045999999999978
15.06296,0,121,19.38,21.2671,19.94347603305785,19.9626,18.6679,0.5760692929999538,0.562764483290414,0.3063045887763373,0.0978091241720045,812.2228582874546,2956.944033460706,2.5992
62.80001,1,22,18.85,21.0276,19.674722727272727,19.5238,18.7683,0.6226984020656106,0.48582464809561,0.2484250998202222,0.0894021962214304,596.5298867968402,1535.0849208914951,2.2593
0.97767,1,4,16.66,16.8072,16.7452,16.759300000000003,16.655,0.0690702058295276,0.0828766932920684,0.0815349309063677,0.0014379941054034,0.0102907058009815,0.0239143288054037,0.1522000000000005
-2.0756,1,341,16.53,21.0689,17.41613108504399,17.3384,15.5829,0.9915207612410576,0.497491227328425,0.1077704418269342,0.0535369923154152,891.0351367644254,2901.052661111098,5.485999999999999
8.15752,1,178,13.71,19.252,17.696765730337077,18.41485,13.2732,1.6404766716338557,0.211833071698293,0.1270244154795031,0.0385761191614493,961.7147499524774,2918.029967106406,5.9788
-0.72404,1,98,18.81,21.0006,19.61756020408163,19.54565,18.3251,0.5434560507728361,0.493105605538894,0.2380507178461563,0.0765432579634739,698.9453335837109,2862.1623483565927,2.6754999999999995
57.38614,1,174,18.3,20.2499,19.376982183908048,19.35395,18.7981,0.213029034830353,0.36152117626386,0.2130923613998765,0.0333165937415672,821.8976004705012,2724.6589348959023,1.4517999999999986
36.95551,1,79,14.41,14.5707,14.351401265822783,14.3491,14.2624,0.0379611491466078,0.0738170581046127,0.0559226523487042,0.0027013322196798,447.6163303390527,1166.9961582058968,0.3083000000000009
0.92024,1,325,18.58,20.4933,19.153037538461536,19.0964,18.11,0.3318360571629154,0.412276869792951,0.1865189247467197,0.0381332561907435,940.3131244303612,2981.8883955208003,2.383300000000002
66.45521,1,90,17.96,20.11,19.264512222222223,19.246,18.5915,0.3020688960135189,0.346711941261612,0.2044086643401103,0.0390408624324905,853.7006241032449,2716.780273518598,1.5184999999999995
22.62173,1,7,19.79,20.9587,20.304828571428573,20.2426,19.7904,0.4336351258615387,0.477120410657911,0.3326068861168455,0.0931592948160387,619.4461123332873,1816.055244780102,1.1682999999999986
-19.49326,1,33,18.66,21.1991,19.317542424242426,19.1545,17.8922,1.0686505310525705,0.533975464329886,0.2312484000798859,0.1259483449066739,977.3836341751974,2891.1119500463974,3.3069000000000024
-6.60458,1,15,19.8,20.1875,19.50441333333333,19.3079,18.9471,0.4415115527798733,0.3129166789035481,0.2303868697983601,0.0515563833049549,37.007660282454815,115.78123940980004,1.240400000000001
13.82892,1,26,15.21,21.0896,18.43760769230769,19.2109,15.1978,2.1995332028270136,0.520870729192152,0.225650515708921,0.1549552045832815,548.58559824733,1830.9144273607965,5.8918
-19.66406,0,10,16.74,21.1983,19.19416,20.4444,16.6704,2.138153377826556,0.531435279262704,0.2974305178829876,0.1990881235042353,409.1087673951317,1452.9623665741965,4.527899999999999
-15.23823,0,3,18.48,21.1913,20.91933333333333,20.9688,20.5979,0.2997767558256207,0.478827426740519,0.4598062864335213,0.0222576000808918,1231.284323531835,2278.831167210701,0.593399999999999
7.16164,1,354,16.36,18.4646,17.72040395480226,17.75095,16.8878,0.1931991087497784,0.353856688652502,0.1094626481142842,0.0287248194744491,927.0880703154072,2992.900671099793,1.5768000000000022
-15.7333,0,226,14.37,17.045,15.60857610619469,15.7886,14.0039,1.0478829119726738,0.190568033060231,0.0721630553088825,0.0239779779623503,939.3537676721415,2926.034397256997,3.041100000000002
9.92996,1,282,16.7,20.844,19.52684822695036,19.60285,16.5893,0.5526007067334016,0.487817898912728,0.2270467164796402,0.0529809233841535,803.9643015229284,3102.316120231721,4.2547
16.82447,1,69,17.49,21.1018,19.563736231884057,19.9281,17.4707,0.9204025567446336,0.558686157539815,0.2547062982023568,0.0968972524185132,750.0688623871858,2651.8436572225983,3.6311
2.50709,1,3,18.9,20.867,20.7822,20.786,20.6936,0.0867624342673704,0.455169274559224,0.4398562579201946,0.0132851352132081,913.7316082090202,1710.0948881246004,0.1734000000000009
32.4261,1,17,19.04,21.4997,20.020864705882357,19.9932,18.642,0.8293875465827005,0.6550798501434821,0.2980742387886391,0.1376018132753921,383.9301510084401,1752.163881018605,2.857700000000001
25.86859,1,26,20.07,21.3288,20.29818846153846,20.29435,17.3573,0.7522552052738066,0.573626523978025,0.3485242629867302,0.1212018298018811,797.016045615127,2230.0032792360944,3.9715000000000025
30.24328,1,16,17.87,17.8939,17.36465625,17.29085,16.8822,0.3377259618265473,0.106803767503226,0.0933769364601866,0.0094661116895815,1117.518410195061,2949.0920561226085,1.0116999999999976
29.84176,1,23,18.99,20.484,19.303491304347823,19.3656,18.2274,0.6116069466525662,0.355102293811402,0.204564299279347,0.0613450751356211,637.5466129540483,1801.9922122684948,2.2566000000000024
32.33773,1,118,19.87,21.3876,20.430395762711864,20.3926,19.1749,0.4790995011823494,0.641395241999151,0.3521535635201824,0.0979145027887227,725.7180936023268,2679.8310569910027,2.212699999999998
-5.80088,0,164,16.47,21.0355,19.572978658536584,19.62345,16.4265,0.7376370034971476,0.8544834844832958,0.254943420240011,0.0901767360743779,972.6666555053298,2916.984752337892,4.608999999999998
31.8031,1,2,16.4,16.2887,16.2851,16.2851,16.2815,0.0050911688245413,0.0808620685776698,0.0793212443671717,0.0021790544957192,0.0077216059069417,0.0109199997968971,0.0071999999999974
-10.32024,0,36,15.09,18.5479,16.812747222222225,17.0507,15.0423,1.18041274923795,0.136764827541554,0.087181208803254,0.0245369847807453,732.5518670160358,2335.679746469796,3.5055999999999994
-4.36279,0,59,19.13,21.3427,20.389989830508476,20.3812,19.4693,0.4696236999449346,0.5971291983694389,0.3547995895386964,0.0993954164409739,943.7016737666878,2957.996448101898,1.8734
45.65126,1,63,15.34,16.0599,15.335426984126984,15.3012,15.0058,0.2246047820752715,0.0669074714531117,0.0606592732661208,0.0020166376401055,630.0943014424265,2293.7739702662,1.0540999999999985
45.81615,1,45,19.29,21.3806,20.302515555555555,20.3277,19.1658,0.5266587587438535,0.5802257092938841,0.3376156815482368,0.1016559676622335,697.015972859316,2888.050530312503,2.2148000000000003
61.14982,1,154,13.63,13.6886,13.58981038961039,13.58385,13.5124,0.0303933110306004,0.0570695265221427,0.0531102320407999,0.0009017115561333,805.1437154367505,2843.2463681479057,0.1761999999999997
41.12721,1,28,18.96,20.964,19.76183571428572,19.73585,18.9563,0.5614421366012022,0.477498321497512,0.2523007093199527,0.0753662535279798,420.6005766346734,2480.9956221295,2.0077
18.29234,1,11,19.63,21.3876,20.65470909090909,20.9033,18.5753,0.8328172434028323,0.5636487791517819,0.4482669099660057,0.0859094804300806,1112.9735453401977,2678.7286726503007,2.8123000000000005
-20.44116,0,21,15.34,18.8722,16.61569523809524,15.743,14.4661,1.7519006799690977,0.16960105873259,0.0967506736442431,0.043528460268043,770.0240809789636,1558.8105644559982,4.406099999999999
0.14602,1,385,13.32,16.2756,14.683295064935065,14.7722,12.984000000000002,0.91397866738163,0.118140639716474,0.0595864045150388,0.0099350439182354,960.3810358580996,3082.728855336107,3.291599999999999
35.84581,1,38,13.97,15.1638,14.430705263157895,14.66345,12.5314,0.7278061116724464,0.060174061639327,0.0567467347938623,0.001673903541342,738.8489740005549,2506.954290196896,2.6324000000000005
-21.65617,0,12,18.78,20.1501,19.350383333333333,19.18765,18.7632,0.546824387354898,0.3319749725694539,0.2243888007092521,0.0604919369632435,508.7626323979189,1783.14589195609,1.3868999999999971
45.8058,0,372,18.17,19.683,18.52830887096774,18.53045,17.7018,0.1544928093540893,0.446909060960397,0.1445320820753777,0.025605382050729,837.4421374854659,3111.2677165511923,1.9812000000000007
53.41953,1,184,13.8,13.9982,13.83514945652174,13.8328,13.7397,0.0355196628332889,0.0643398492363904,0.0534994534158836,0.0017369723050352,560.3244743474852,1786.0483422109028,0.2585000000000015
15.0606,1,84,19.25,21.4108,20.260611904761905,20.24695,18.6628,0.5509135732197686,0.569336526205408,0.3357755315289839,0.1006531617806293,818.3236378576339,2898.092500636296,2.7479999999999976
5.79893,1,88,13.68,13.7842,13.503607954545457,13.48885,13.4517,0.0603404502468945,0.0581355434827182,0.05306345688908,0.0011731326320843,277.9674723424404,907.676250995304,0.3324999999999996
4.78832,1,28,17.78,20.8656,18.20335357142857,18.01705,17.528,0.7036756715472781,0.4428527351846789,0.127809651441784,0.0670821378259596,225.35947267137317,1216.7236023033038,3.337600000000002
15.66137,1,383,15.41,19.2025,18.14969477806789,18.1592,17.5168,0.146814365189729,0.496227480514791,0.1253577366494077,0.0403242717115703,913.8541308050948,3122.2911830092926,1.6857000000000006
8.99465,1,25,19.75,21.0454,19.903768,19.899,17.4982,0.6944232317302367,0.504600486774374,0.2777725473909632,0.0996790028778916,188.29161446747423,1033.0137542016018,3.5472
20.13901,1,244,19.18,21.1117,19.2819012295082,19.0648,18.1978,0.5738912217142058,0.5447403376006951,0.2063515844884325,0.0782150913572974,733.4451615983518,3070.7599668866023,2.913899999999998
36.97837,1,34,18.42,21.5995,19.260391176470588,18.55205,17.7872,1.2184998985010456,0.661763901457788,0.2425769937658858,0.1605137480690201,420.81569028238346,2653.7871864698973,3.812300000000001
-5.41905,0,10,16.16,20.8064,17.33434,16.79435,16.4446,1.470680039377099,0.505260432817715,0.1362341709608213,0.1361026517954806,322.20691595879623,1044.108612488504,4.361799999999999
11.83495,1,331,18.66,21.2788,19.218407250755288,19.0855,18.2521,0.5394839718533436,0.587359882133207,0.1985657860716406,0.0674483260447056,889.2608649852128,2987.962984340302,3.0267000000000017
46.66276,1,168,18.84,21.2262,19.47172261904762,19.34425,18.6585,0.5185735925233331,0.567523907442319,0.2269759990268473,0.0778627253607116,721.0988992273531,2737.7752240163973,2.5676999999999985
-1.75739,1,6,18.75,21.0982,20.6612,20.80405,19.7333,0.5019641301925869,0.508147297510756,0.4266134057123661,0.0894202314687558,1267.6737578628922,2838.17163397,1.364899999999999
19.44135,1,370,17.35,20.6809,19.457462432432436,19.46435,18.0881,0.4296918796736587,0.548551042978482,0.2175745470297632,0.0532789367670339,871.1007496363759,2992.887249097206,2.5928000000000004
50.708,0,248,14.56,20.876,19.148801612903224,19.41955,14.5637,1.200250347737648,0.5612988546296099,0.2131920414994862,0.0755809922971421,809.6491171488536,2904.0933166551986,6.3123000000000005
18.38809,1,20,20.3,21.2098,20.31147,20.1898,19.8245,0.4259342525245939,0.5370669885832811,0.3126212459636776,0.0891647984725371,32.07431115036622,115.81904537051014,1.3853000000000009
9.49163,1,21,18.65,21.4023,20.648147619047617,20.6932,19.4315,0.5223284844032989,0.564536772185196,0.4147676416870465,0.0999759629856231,975.0697498140836,2911.105246712905,1.9708000000000008
-1.70227,1,13,19.04,21.2135,18.6765,18.2852,18.0162,0.866732746198812,0.524248181031153,0.1615394209027366,0.1114715315073516,116.40450371371254,438.8190523148805,3.1972999999999985
20.70647,1,300,18.2,21.2724,19.18545466666667,19.0976,17.8998,0.7052831886546653,0.572084523202219,0.2091061851916012,0.0908904462184316,889.9500708713504,3068.795485763796,3.372600000000002
32.06875,1,12,17.57,17.6162,17.483808333333332,17.52235,17.278,0.1234409866979757,0.1033754272458579,0.0988612528686261,0.0036708367780889,306.5900691078249,1079.2380884605957,0.3382000000000005
-9.27114,0,349,15.72,18.8248,17.099578510028653,17.1419,15.0854,0.9383591163780164,0.458524004683242,0.1039438061885059,0.0524941218627915,982.140817571614,3067.7058997684944,3.7394
-11.59113,0,4,17.6,17.8295,17.627775,17.6324,17.4168,0.1703744772552518,0.113260298481036,0.1056378071863408,0.0061472686819402,0.008043524081526,0.0186816435016226,0.4127000000000009
23.74759,1,4,18.39,18.5761,18.317775,18.40625,17.8825,0.3013601541345508,0.146005008977575,0.1324963746343622,0.0148652853030894,0.0072155958916285,0.0167677774952608,0.6936
29.66281,1,64,15.32,15.4094,15.3434140625,15.34105,15.3084,0.0181756497422122,0.0706288300089539,0.0615025504601236,0.0019071422425615,210.60223707175544,666.1631737499993,0.100999999999999
11.38615,1,243,18.82,21.1946,19.468558436213996,19.4375,17.6234,0.5823977837823242,0.5365484195841121,0.2201680266503989,0.0730920684282221,767.8952765710303,3130.252597395811,3.571200000000001
8.80858,1,167,18.1,20.9574,19.5811251497006,19.5957,18.412,0.4984644897647708,0.5940513969402579,0.2658889283420034,0.0816877716957624,892.0277831150601,2946.0003049188017,2.5454000000000008
28.15477,1,106,17.98,21.3079,19.72607075471698,19.947450000000003,17.0939,0.951570265450192,0.565428519789496,0.2743459041474247,0.1084492616261484,841.8082589792665,2973.9570681941987,4.213999999999999
32.16115,1,252,18.23,21.1613,19.488366666666668,19.5651,17.1015,0.6219636551813422,0.511534095325648,0.2222647645806237,0.0656637441494521,903.1030158704486,3057.806135185012,4.059799999999999
15.96754,1,293,19.81,21.2913,19.75542081911263,19.6998,18.2536,0.4368819173046884,0.573317242516942,0.253742855459553,0.0709879654164015,741.9722929454286,3070.752018877298,3.037700000000001
7.90956,1,15,18.46,21.2289,19.72238666666667,19.5762,18.4606,0.9315623227879573,0.536807528664698,0.258758989440831,0.1301441778119021,530.3971472179475,2163.0315188540044,2.7683
4.34193,1,2,20.01,20.919,20.83355,20.83355,20.7481,0.1208445489047794,0.4195380035315999,0.3864499467324154,0.0467935786779779,830.7918859958872,1174.9171526849022,0.1708999999999996
-3.03535,1,11,19.77,21.2316,20.140172727272727,19.9835,19.5766,0.5144648464004297,0.469186749506406,0.296074355993545,0.0944930033748362,425.5331252882262,1076.1107818633027,1.6550000000000011
27.53033,1,5,19.07,21.1919,20.54802,20.364,19.9175,0.5257453537597836,0.529676314171166,0.4162413445619408,0.0957616267508743,615.6757963504197,1568.719413286999,1.2744
34.21059,1,74,12.8,12.8582,12.572716216216216,12.5821,11.5344,0.1931536240228439,0.0626445843431154,0.0513473540986707,0.0018142364370416,165.90133103277748,402.9952696760956,1.3238000000000003
0.56501,1,79,19.08,21.3607,20.21964556962025,20.2516,18.6101,0.5711738423222816,0.575804026577467,0.3361089914628023,0.1031316641617924,892.1307044972651,2945.9874779862,2.750600000000002
38.70012,1,57,14.15,14.2339,14.108270175438596,14.1077,14.0643,0.0211882461091752,0.0574767711338256,0.0544513583034127,0.0005241478580887,147.3645967384475,419.9470084025961,0.1696000000000008
20.36483,1,145,13.24,13.7921,11.33552827586207,11.2381,10.3577,0.4302946173688326,0.0529049525391247,0.0500408129848805,0.0004619143081784,398.2561749969095,2101.1504767704973,3.4344
17.39797,0,155,19.68,21.105,19.957809677419355,19.8495,18.9253,0.4680577303407299,0.5284294109010471,0.290478946700914,0.0760037528974359,703.5228681420997,2896.037711064804,2.1797000000000004
-16.05655,0,188,16.05,17.0736,16.76708670212766,16.78,16.0483,0.1394493517155187,0.0882780930331772,0.0783157236946258,0.0031601199118911,911.6728442882828,2947.939847893605,1.025299999999998
13.32936,1,128,17.96,21.4248,20.40804453125,20.3917,19.3657,0.4669325360244281,0.5818268862694821,0.3684250709343379,0.0921656341269085,910.4862096817236,2992.896755856498,2.059100000000001
27.41119,1,47,17.87,21.4462,19.761874468085107,19.7759,17.8735,0.7986775807731192,0.551595605001999,0.2624078373450395,0.1055723335013605,474.0355591652689,2705.8186473030946,3.572700000000001
20.39404,1,60,18.66,21.5497,20.328555,20.55105,18.3263,0.7983524591041393,0.7113974052414308,0.362378884769111,0.1363251863975877,860.3905950745076,2976.9123778589856,3.2234000000000016
6.30844,1,74,16.91,20.5583,19.651395945945943,19.82775,16.8981,0.8330618029399645,0.384792298984252,0.2461032768388074,0.0681924269542629,688.3618200871081,2863.064845497698,3.6602
6.38437,0,28,18.6,20.232,18.516535714285716,18.18585,17.5533,0.8280469476823988,0.335900563312306,0.1674526530535574,0.0660361543528916,680.6817044238932,1854.921360428096,2.678699999999999
-11.11331,0,34,16.76,21.158,20.041297058823528,20.3835,16.7155,1.2863522055245036,0.532955476537639,0.3253745192634943,0.1266995458331056,622.2949014643731,2561.0012489004,4.442500000000003
47.70862,1,176,13.75,14.4797,13.75266875,13.7383,13.4809,0.0966069520753328,0.0653010016159224,0.05368259327402,0.0018913231672864,879.365427490986,2952.947421006902,0.9987999999999992
-5.11609,0,325,16.81,21.1341,17.28962430769231,16.9804,16.2751,0.8547280109903452,0.532955476537639,0.1004482400632918,0.0483007715755636,884.8838996340226,2917.1346267474,4.859000000000002
7.6124,1,242,18.62,21.1509,19.71792933884297,19.6943,18.3708,0.485287064216456,0.741953396856875,0.2547096722350456,0.0775865360288115,960.115535887785,2990.9256837037974,2.780100000000001
-5.95301,1,6,16.62,18.0268,17.095866666666666,16.709,16.5628,0.7115183417640527,0.119506134203228,0.0969290713870922,0.0171154791761178,21.62309900100001,41.88078907399904,1.4640000000000022
8.57547,1,21,19.37,21.2957,20.59913333333333,20.6768,19.8477,0.4281185505596953,0.594391291086247,0.3996890186721785,0.1013368521433884,968.4969049292008,2713.647757604209,1.4480000000000004
33.51766,1,12,19.76,20.8598,19.729241666666667,19.5532,19.1516,0.5384335790189458,0.4497774730451359,0.2697513062029977,0.0770054421646649,220.1966638691697,771.9863173379999,1.7082000000000015
25.05173,1,141,19.45,21.3789,20.061025531914893,19.9691,18.9031,0.5220595108940085,0.59747378284723,0.2904188033597752,0.0905612944228163,670.3711519696351,2713.714450601503,2.475800000000003
-2.46888,1,345,17.95,20.9014,19.301619710144927,19.2602,18.4467,0.3599139632573178,0.440861997285868,0.2074440166438364,0.0451900298093683,991.579376326882,3098.668972766005,2.454699999999999
6.80874,1,5,18.74,20.3053,19.1977,18.8924,18.7371,0.6469068286855527,0.311414454250182,0.1966964488345077,0.0659896907202935,800.0776477558765,1789.039496573998,1.5681999999999974
12.97189,1,358,18.68,21.119,19.313630446927373,19.27375,17.9144,0.5907179645213118,0.50680938572919,0.206757873560011,0.0676303285731294,857.5911029295484,2896.0440418286016,3.2045999999999992
-2.98824,1,351,12.92,17.4581,16.599785185185183,16.8932,12.7835,0.9939118998079728,0.224228911023657,0.0816575853035937,0.0166769738941873,988.0307879606856,3087.6959036459084,4.674600000000002
-7.46958,0,16,18.79,20.9604,19.1830125,19.1187,18.1267,0.6502116638705687,0.459884867039544,0.1974387130697585,0.0779520948431269,392.67461542282825,1513.8261429052,2.8337000000000003
53.55242,1,41,15.91,17.0364,15.956670731707318,15.9462,15.8219,0.1799368475936797,0.1628535125092139,0.0693116263420795,0.0154195115827289,185.6225908546221,523.7811869563011,1.214500000000001
5.58545,1,6,17.85,21.0419,20.00828333333333,19.98605,18.9458,0.8175226955055536,0.497914429017561,0.3096357785856711,0.1415479570799069,1003.3655148169396,2422.2095209956024,2.0961
1.74806,1,295,18.4,21.1222,19.65047525423729,19.5961,18.585,0.4299683830701803,0.5259590752009791,0.2404129999421191,0.0623660790080534,846.2183882273491,2961.9296399886007,2.5371999999999986
-5.37967,0,49,19.2,21.0899,20.091857142857144,20.1923,18.8134,0.627509908952309,0.495180937452897,0.2995065456479102,0.1012366804791438,696.3332130761338,2611.911418877593,2.276499999999998
18.60746,1,83,17.43,19.029,18.556206024096383,18.5462,18.0787,0.1632046040041322,0.1944666237101619,0.1478193303970055,0.0147673737073739,284.27118267427704,1424.0362525695964,0.9502999999999986
-2.3397,1,192,12.67,14.2545,12.857300520833334,12.75845,11.6299,0.664126873286812,0.0569458947959027,0.0524285749478592,0.0017336063623991,1036.6124614774085,3106.635167395704,2.624600000000001
2.91547,1,318,18.81,21.0537,19.4364141509434,19.38105,18.2079,0.4690073138678987,0.5436645200760929,0.2181511808301879,0.0649093062465278,900.5380289653609,2979.8594200229927,2.845800000000001
28.79088,1,53,16.0,19.4342,17.385494339622642,17.105,15.3409,1.2722874515573988,0.288246113502948,0.1076610434693603,0.0475323340972224,548.6325136045402,2358.6869782404974,4.093300000000001
16.33124,0,11,18.9,20.8204,19.32689090909091,18.9641,18.778,0.6451251916559229,0.446751171863595,0.2260796851891767,0.1009758007361062,372.5755435912745,1595.876077176203,2.0424000000000007
48.80034,1,30,18.99,19.433,19.04399,19.0526,18.6538,0.2055533664240875,0.20925955462189,0.1770767101050394,0.0167187793942379,114.29320329250226,497.7624596878886,0.7791999999999994
36.83956,1,162,18.86,21.3546,19.392334567901237,19.44105,17.8925,0.6685381222558907,0.608424276178792,0.2252642976320004,0.0887734817852451,901.5573000465046,2981.9896982178034,3.462100000000003
35.78684,1,221,19.62,21.297,19.876235746606337,19.8408,18.3084,0.5015617481590592,0.586045437452873,0.2682476391906007,0.0761053365979507,761.3960953444023,2953.005236099292,2.9886000000000017
18.01923,0,381,16.49,20.2918,18.91147585301837,18.9391,16.4213,0.4169813130921092,0.359431712424779,0.1772994616417767,0.0362794308116668,897.6899456413672,2975.8776316432995,3.8705
15.58401,1,6,19.26,20.2791,19.427,19.22845,18.8698,0.5379216931859144,0.3171277588257999,0.2144072395372591,0.0675206339999906,514.0164809152429,1280.705217720002,1.4092999999999982
2.03338,1,305,17.42,20.5224,17.98328262295082,18.0046,16.9808,0.5618077832515701,0.87625881296643,0.121257608464801,0.0643949321092037,951.4553033105112,2963.8946887385027,3.5416000000000025
33.95655,0,8,18.48,19.7218,18.8653625,18.76075,18.4842,0.4200094724697119,0.2490150812118539,0.1683568887786607,0.0370243277655357,3.188102850581374,5.984904618002474,1.2376000000000005
32.41822,1,3,16.64,20.1058,19.90726666666667,20.0556,19.5604,0.3014421558663175,0.294243508781763,0.270157755881085,0.0391312942975436,157.96390767055425,306.9705045945011,0.5453999999999972
-8.58138,0,40,18.43,21.1959,20.3061075,20.3823,18.4263,0.7717835273049248,0.548002306187881,0.3659091661332637,0.1226885928452123,880.8541045476528,2641.7783173033968,2.7696000000000005
20.22756,1,109,17.49,21.6506,19.688066972477063,20.1576,16.8753,1.3632795631922316,0.589679082959057,0.2803801517599635,0.1398593197162666,825.346328960372,2942.028334942195,4.775300000000001
-7.73832,0,270,17.53,19.1798,18.128137777777777,18.12805,17.1938,0.1911417609217766,0.8458147380091469,0.1367374183300725,0.0636681424221854,918.7545387898582,2989.9005445138973,1.9860000000000009
-2.34794,1,119,19.79,21.1296,19.987405042016807,19.9998,18.8394,0.5248681608228398,0.519678584677693,0.2839713527110076,0.0851533045000946,721.0982396777786,2953.868437893696,2.2901999999999987
-1.36412,1,56,19.37,21.2092,19.911839285714287,19.81805,18.934,0.6186629720405328,0.5352577864529,0.278910387562614,0.0934219462567792,510.1357970372982,1843.9334871181927,2.275199999999998
55.30741,0,202,16.34,19.8529,18.78252673267327,18.8102,15.9035,0.4942021315656167,0.645167692979379,0.1671618400236638,0.0470615589546244,866.0654847640694,3075.744000346902,3.9494000000000025
36.77878,1,249,16.82,20.9294,18.93665903614458,19.075,16.4394,0.8233379814035356,0.484639234619024,0.1804655306290854,0.0575199994194138,893.532461429996,3033.8193249307005,4.490000000000002
12.05252,1,358,13.11,20.0804,18.377805586592174,18.41885,13.0962,1.09089940256805,0.595414109357109,0.1525846434204157,0.0566586320712483,877.5496578543265,3004.932900902815,6.984200000000001
13.79419,1,7,18.54,20.1677,19.309157142857146,19.1008,18.5405,0.6271133705509796,0.2888436338342069,0.1988257841895599,0.0515867647665432,607.294876252935,1536.904736122597,1.6271999999999984
5.08794,1,4,17.64,17.6423,17.627925,17.63095,17.6075,0.0155216783886269,0.103118709066613,0.1027215289340257,0.0004414201744044,0.0091689482347875,0.02129665530083,0.034799999999997
-7.30654,0,39,12.68,12.7035,12.627161538461538,12.6368,12.5173,0.0492167312981684,0.0513186141706014,0.0510916376081005,0.0001450517441376,129.06283290612996,417.8617669558007,0.1861999999999994
19.59443,1,388,17.81,20.7852,18.59786494845361,18.8414,16.4295,0.7186114595716199,0.627651795273897,0.1623583397664188,0.0614421621008406,881.0234197556769,3068.7933335765047,4.355699999999999
8.97996,0,14,19.26,21.0284,19.143085714285714,18.8408,17.9845,0.8448835676335185,0.507031717820165,0.200869300953344,0.1107994212460493,499.2612460975397,1879.8649644675024,3.0439000000000007
22.91992,1,195,19.41,21.3776,20.360646666666668,20.3947,18.4425,0.461948548621903,0.594731704750992,0.3406198763673196,0.0831413519684167,879.2280339831376,2983.004797940099,2.935100000000002
48.79117,1,160,16.07,17.7703,17.08851125,17.2254,15.372,0.3807623962372904,0.340701258784211,0.0916384439714953,0.0287201687506524,826.659369953296,2921.0579203699963,2.398299999999999
23.76836,1,34,19.6,21.5956,20.736752941176476,20.76225,19.8056,0.488607527469828,0.676164074543438,0.4032790267098521,0.123150569371684,642.3286500958478,1948.8245241320983,1.7900000000000027
0.49468,1,9,17.62,21.0846,18.85961111111111,18.7524,17.6249,1.2826316164866307,0.535515244849393,0.2035914644981933,0.1422890926324957,471.297656130941,1271.6531069790944,3.459699999999998
34.65765,1,180,17.14,21.4101,19.842339444444445,20.01235,17.1421,0.8066965477596203,0.577688028851418,0.2690564433831514,0.0901694589115583,837.7888473145646,2882.0332529628067,4.268000000000001
18.00233,1,151,18.71,21.3486,20.173984768211923,20.2259,18.5492,0.4973411256871684,0.613916824711063,0.3126770774441413,0.088988972088929,876.078531617983,3122.2260961458014,2.799400000000002
31.50829,0,147,18.97,21.2731,19.64620612244898,19.4995,18.6775,0.5545609139589881,0.5402069141485759,0.2422802815933945,0.0843531394863839,661.6130699884445,2598.0200091316,2.595600000000001
58.21538,1,151,18.85,20.6411,19.49596158940397,19.4953,18.4033,0.4809220148646335,0.423985268524395,0.2334070788052453,0.061314895495357,872.5228692339152,2716.7372765858017,2.2378
34.12236,1,16,19.77,21.2562,19.42215625,19.27825,18.4877,0.7676424245430511,0.545550965519109,0.2339062612608264,0.0954657230608317,370.4707116480784,1180.0229874423967,2.7684999999999995
44.55143,1,127,18.54,21.26,19.75184251968504,19.9028,18.229,0.7351535302903511,0.562764483290414,0.2664015866386098,0.0957335727031323,843.9506643190003,2861.102738785099,3.0310000000000024
50.84446,1,67,15.29,20.0051,18.06782388059701,18.6241,14.8089,1.5054366871835057,0.2827665289380869,0.1443717584555923,0.0565689991335561,996.037779185999,3074.722504224599,5.196199999999999
29.81739,1,8,20.23,21.332,20.153225,20.6048,18.2198,1.1381443678825898,0.556105658436151,0.3494158390279664,0.1716005228118534,552.1582768000651,1274.804536527503,3.1122000000000014
-5.08143,1,237,17.52,20.614,18.559632489451477,18.6117,17.1194,0.5593978263587353,0.626476176857461,0.148123683475207,0.0506497385815164,944.3410206183772,2955.052176863406,3.494600000000002
27.69902,1,18,19.72,21.3951,20.45365555555556,20.665550000000003,19.3461,0.6261480403999778,0.5985107270865079,0.3849788754640197,0.1173881507423383,819.0456819593832,2257.9439109259984,2.0489999999999995
22.3315,1,11,19.17,20.402,19.63787272727273,19.5885,18.9435,0.4605488379985545,0.33820397469104,0.2497669467012227,0.047644728001713,13.3767773731469,43.92196455990052,1.4585000000000008
36.04578,1,254,19.46,21.3547,19.551202362204723,19.49135,18.6463,0.4148402646944836,0.5569622852792591,0.2322661578797379,0.0624524244816703,771.5874031344034,2936.019526365715,2.708400000000001
-6.47469,0,46,17.28,21.1252,20.058234782608697,20.12975,19.1651,0.533275476535717,0.597818894804744,0.3022445659198239,0.0917858029452463,886.4656421145285,2860.0909362727907,1.9601000000000008
34.22522,1,28,16.57,21.3112,19.952525,20.42395,16.5693,1.4481388146130505,0.582793228264611,0.3533720500105027,0.1554218026186783,825.7350263389985,3029.9588337731984,4.741900000000001
41.91241,1,8,17.79,19.0814,18.1845,18.069000000000003,17.3582,0.661562719194916,0.177069998099743,0.1350382800199782,0.0253886072319034,12.326174814662735,23.082377569604432,1.7231999999999985
4.90026,1,8,19.48,21.2258,20.5098625,20.3223,19.829,0.5376737192692768,0.604478119403129,0.3930654799883966,0.1139908817106855,741.8153258342792,1822.0369279164952,1.396799999999999
12.88917,1,41,19.34,21.2577,19.836470731707315,19.8013,18.8527,0.5321850774138183,0.555820894490202,0.2652716167466043,0.0812898134938399,366.15609047937096,2274.890122882098,2.405000000000001
18.23916,0,23,17.51,21.1804,18.50568260869565,19.9057,14.7928,2.6412027576383688,0.5417954155274439,0.2752895601799022,0.1969816589607434,881.0942405273607,2624.861232268202,6.387599999999999
15.63605,1,2,18.39,21.1639,20.7795,20.7795,20.3951,0.5436236933762206,0.5546857174043629,0.4206479426385514,0.1895580389441207,1025.3882764358789,1450.118007233992,0.7688000000000024
52.83685,1,136,17.14,21.3226,19.29220588235294,19.43275,16.6089,0.9578359176551718,0.582148527142939,0.222344534276081,0.0945221616082554,802.7663902624943,2737.8147392362007,4.713700000000003
60.29814,1,140,17.92,19.2425,18.68163,18.67355,18.1929,0.1589798108081787,0.4820974427037679,0.1582066620355553,0.0511599305456389,781.7641638334571,2653.988779085201,1.049599999999998
38.04054,1,12,17.54,21.292,18.211791666666667,17.61775,17.2031,1.2578974907348257,0.573008407338234,0.1595135364313951,0.1403484416268661,867.4152304694837,2628.9250635993885,4.088900000000002
-3.06319,1,73,17.32,21.3728,20.27968356164384,20.2894,19.2085,0.5160411092080697,0.5499293590316321,0.3368357354995774,0.0911954322785291,942.6684693046604,2683.730535265888,2.164300000000001
35.05331,1,44,18.96,21.3953,20.27823409090909,20.4102,18.6718,0.7897200684326066,0.5837638612264039,0.3353787060170251,0.1271353843138038,681.8735497684888,2677.7686132289964,2.723499999999998
-12.3495,0,12,18.56,21.1791,20.150691666666667,20.3102,18.4967,0.8331615487334244,0.5569622852792591,0.3532208910311758,0.1180359509968663,858.2941943919374,2568.003168923205,2.6823999999999977
3.45666,1,14,18.86,20.8729,19.55634285714285,19.4742,18.7658,0.7244305750187376,0.4633357118614279,0.2738413451874902,0.1036993843057881,237.88030742105585,842.8388088196007,2.107100000000002
-9.15769,0,64,17.58,21.1695,19.381321875,19.9289,17.2364,1.3646476811981925,0.582470637549417,0.2623885465419311,0.1468528494444488,762.1782414347857,2948.0675419676263,3.9331
3.65813,1,44,18.5,21.3011,19.88029545454545,20.26625,15.6206,1.554953857380827,0.5751796303247779,0.3209695804009139,0.1518295636041186,587.0550678280548,2686.755916238289,5.680500000000002
-6.16045,0,182,16.28,18.7866,17.89875989010989,17.86535,16.0489,0.3240176845081476,0.487217595131943,0.1258997087303056,0.0387493381969569,854.6828362511807,2642.706385046702,2.7377
-9.94046,1,12,20.34,21.1489,20.411225,20.41625,19.2738,0.496997051619205,0.527932869961523,0.3493583338859021,0.089569731956862,632.1024920831962,1505.001246620399,1.8751
10.97362,1,37,16.66,19.9389,17.142062162162162,16.9185,16.4276,0.7035327345110028,0.28181835960255,0.0927777591238771,0.0379624815107868,331.9119783676431,2175.0260095142075,3.5112999999999985
22.38969,1,188,19.17,21.3602,20.12100265957447,20.1218,17.0623,0.6421984089126984,0.5916864482506651,0.3047987233941029,0.099714541900907,920.1029206936022,3121.250771539293,4.297899999999999
-9.56205,1,93,18.9,21.1777,20.00883333333333,20.0549,18.7314,0.6144033223085364,0.527437563418862,0.2938797725163535,0.0946953169577342,945.6058928513474,2948.0453575696083,2.446300000000001
32.06633,0,185,17.62,21.0074,18.881142702702704,18.9641,17.0655,0.8666606409607405,0.586045437452873,0.2066689844073281,0.0853281463907222,952.7931147465606,2951.0580079281062,3.9419
23.58958,1,34,19.84,21.2899,19.78464117647059,19.4791,18.2445,0.7913903056197226,0.552433807435583,0.2613575957756822,0.1079422506451423,633.6962933641844,2329.6630274880954,3.0454000000000008
14.34507,1,357,15.19,20.1813,18.7036731092437,18.6575,17.6936,0.3227842781640897,0.567223301936036,0.1531846356053665,0.0381111907464891,882.1847702984021,2994.8817936111955,2.4877
30.0572,1,2,19.84,21.2752,21.09745,21.09745,20.9197,0.2513764607118184,0.553275410401663,0.503231850518195,0.0707722810966305,524.7065302151553,742.0470912960009,0.3555000000000028
-12.22646,0,99,16.11,19.1521,17.53752424242424,17.5666,16.0812,0.5453084392305931,0.184105797103813,0.0992675146497422,0.0187086841887867,849.6208908850701,2843.1884265047997,3.0709000000000017
38.34372,1,76,19.67,21.299,19.951415789473685,19.851750000000003,18.5611,0.6370063359292716,0.576116887210896,0.2970332170850739,0.1022181125709765,854.0032820474203,2936.0163024189023,2.7379
-2.91487,0,258,17.36,20.9975,19.27368139534884,19.2729,17.3401,0.6988267012139439,0.507254292726356,0.2068209210562193,0.0681077668141158,847.110665695714,2967.060811180607,3.657399999999999
-19.67744,0,7,17.79,19.9245,18.16687142857143,17.8892,17.7343,0.7804091249985179,0.273059490240043,0.1322381018965701,0.0621993770640131,145.72841112160603,398.8341715508068,2.1901999999999973
30.02827,1,6,19.41,21.3067,20.30088333333333,20.0214,19.4137,0.7459298047850528,0.569033346783519,0.3552500749663533,0.1465510806900346,711.3847261513151,1450.8443782985996,1.893000000000001
4.01011,1,13,18.36,19.6588,19.0767,19.1734,18.2877,0.5159493563648805,0.24482661556315,0.1962211171823576,0.0472241103592868,13.570443611127528,44.90033158569713,1.3710999999999984
51.73799,1,23,17.72,21.067,20.479991304347827,20.4058,19.8075,0.3354191094911829,0.507923646205209,0.3843045605436267,0.0749964313668606,707.2614445678009,2565.0301740975046,1.2594999999999992
-3.18043,1,124,19.72,21.2307,20.11333467741936,20.1103,18.9345,0.4782650923324825,0.5378473870514711,0.2970144287622804,0.0772671256745615,735.3835746803352,2486.223696157802,2.296199999999999
65.19837,1,92,15.5,15.758,15.54813804347826,15.54065,15.4753,0.0487179048305131,0.103650273663184,0.0647530669891212,0.0082505078248727,829.7039030640836,2654.0059827197983,0.2826999999999984
-7.80057,0,160,18.42,20.1351,18.999084375,18.97795,18.0237,0.4399727818263702,0.355604016965112,0.1983997507392788,0.0418937425111649,838.8829103632348,2642.706385046702,2.1114
31.67164,0,165,17.24,19.5694,18.46969818181818,18.6202,13.8824,0.9218378482533052,0.269646898959735,0.1498542631661412,0.0370513056321354,1036.4949400481091,3116.6734981831105,5.687000000000001
33.22214,1,437,16.57,20.8721,19.305486498855835,19.2943,17.5998,0.4030222899177076,0.715799112322928,0.2036595233939381,0.0580714854617948,852.8947039333269,3084.350995729197,3.2723000000000013
32.3692,1,50,19.46,21.3234,20.296508,20.221400000000003,19.4611,0.5194827466012001,0.590346205535146,0.333156586107235,0.1059101666660314,840.5780693934695,2650.8743325810938,1.8623000000000007
-7.85612,1,224,17.0,20.5457,19.086818303571427,19.1464,16.9377,0.6143432848469751,0.479974667600452,0.1859150782619573,0.0496955465277828,890.435301994195,2968.955086424103,3.608000000000001
-4.43346,0,50,17.71,21.3819,20.114276,20.30465,17.5282,0.8648165766502041,0.524248173730664,0.3160657431131687,0.1034064486900779,844.6981367611313,2839.2579569792,3.853700000000004
-3.8865,1,117,17.93,18.1337,17.894264102564104,17.895,17.6309,0.0929735246533772,0.13416796345205,0.1092654400801638,0.006839436599394,374.8211713271956,1110.9802004053054,0.5028000000000006
33.34562,0,350,14.44,18.4743,17.533245714285716,17.471600000000002,16.9838,0.3200513129908971,0.1595425704322169,0.1055591818176276,0.0112234378285307,948.2661497488992,2951.059562638802,1.4905000000000008
35.30262,1,97,18.87,21.4302,20.18809587628866,20.1654,18.8734,0.5023930648899169,0.599204677930739,0.323004789101231,0.0994289367693946,657.8615510599293,2997.9105406366943,2.556799999999999
30.41368,1,9,19.29,19.8331,19.26211111111111,19.2649,18.693,0.4238523488328347,0.254878554370085,0.2037086469698591,0.0349919799112331,10.843166900585,24.990740682806063,1.1401000000000003
-23.42031,0,15,18.85,20.7314,19.11268,18.9293,18.4604,0.5891659021750267,0.432847705489964,0.1989443466140316,0.0742021784608834,18.2665659356246,48.94503626180813,2.271000000000001
12.09385,1,254,19.48,21.1969,19.93662007874016,19.9024,18.8011,0.4295324972525859,0.8019013903382991,0.2740128784034075,0.0782041300738546,773.2292042026697,2964.9884754745144,2.3957999999999977
17.97259,1,6,19.49,19.8657,19.65638333333333,19.7405,19.1469,0.2688971953492021,0.282896559439434,0.2346530942455681,0.0419631297585214,447.8646859495604,1119.9710822221969,0.7188000000000017
10.42807,1,46,14.23,14.2453,14.133308695652174,14.1296,14.0986,0.027065548631153,0.0584219413289672,0.0548482607244965,0.0009817951736115,123.133627560228,406.8886227659968,0.1467000000000009
9.6112,1,27,19.9,21.2923,20.057103703703703,20.0972,18.576,0.6728853785586838,0.551038700336465,0.3122944369493588,0.1146251441734628,670.4578504977898,2922.990028483713,2.7163000000000004
21.16783,1,243,19.53,21.4,19.90165390946502,19.8608,18.8528,0.5000363841463836,0.599204677930739,0.2766388188506513,0.0879320797836197,713.2308732713109,2983.921413668897,2.5472
11.15324,1,335,12.86,19.9555,18.512422686567167,18.749,12.8525,1.1347728225618978,0.8086829077322351,0.1593851472158381,0.0637685557291981,939.0394330814318,3081.753109872705,7.1030000000000015
16.58673,1,6,17.41,18.8156,17.50068333333333,17.28765,16.95,0.6621837884354058,0.153559661435706,0.1040594747198575,0.0254736006583804,420.22247515586446,1034.1769634839077,1.8656000000000008
52.79777,1,2,18.61,21.3466,21.2412,21.2412,21.1358,0.1490581094741235,0.598164549362653,0.5576230040946235,0.05733440315761,1025.2247029220605,1449.8866793523048,0.210799999999999
8.4301,0,7,17.71,20.6593,19.00467142857143,19.5995,15.2069,1.9243434401671355,0.420203577579596,0.2404202435519978,0.1415223088250072,625.0641019821377,1759.170338668795,5.452400000000003
3.53927,1,266,17.82,21.0341,19.505579323308268,19.4731,15.0998,0.5285180817180578,0.496437487506258,0.2356165908251365,0.0621157194324708,901.501825492342,3034.7943054745047,5.934299999999999
41.22928,1,34,18.88,21.6706,20.68673529411765,20.7246,19.0935,0.6251757924326968,0.591350611831675,0.4073177391115462,0.1219888086861987,806.2530687753434,2622.893038912094,2.577100000000001
-9.1333,1,9,19.39,21.0053,20.110888888888887,20.1266,19.3849,0.6193173609799016,0.498763728863527,0.3007435301744749,0.1100598969319271,480.1822784473839,1450.0263160761024,1.6204
-13.72956,0,201,16.38,20.5954,18.904638308457717,19.0494,16.377,0.6784249490364587,0.394308866123111,0.1771743827836965,0.0452079363209718,867.465566637029,2925.0226251739005,4.218400000000003
3.5225,1,42,18.22,21.1996,18.997307142857142,18.83775,17.7618,0.9015304689987474,0.559843350348527,0.2044958734941134,0.1101417443762503,757.4840717341833,3022.794962199405,3.4377999999999997
0.20332,1,233,15.74,18.8022,16.690891845493564,16.5633,15.6952,0.6211978694373954,0.167218111624917,0.0856725265276324,0.0203739316183112,860.3347136635296,2908.028595185395,3.1069999999999998
34.74687,1,279,16.4,21.3801,19.204272759856632,19.6886,13.5202,1.5861938725583438,0.56602509164384,0.2248982158254772,0.0887388014451697,842.9362621505277,3065.3264697449995,7.859899999999998
29.82227,0,2,18.58,20.4064,20.09635,20.09635,19.7863,0.4384769150137786,0.3273136164601889,0.289658201836028,0.0532527980582706,1048.6192103729554,1482.9715090743994,0.6201000000000008
-9.99834,1,28,18.48,20.9946,18.97085357142857,18.8224,18.0985,0.6993753252312598,0.4864203098251679,0.1881396155661426,0.0919149198449371,431.45464908278336,2271.9220780209,2.896099999999997
34.734,1,340,18.75,20.826,19.40885470588235,19.3787,18.0295,0.3119716652971719,0.4203370336409829,0.2094352848957845,0.0399087868108885,901.6614253650882,3061.7943847919014,2.7965000000000018
9.97402,1,371,17.13,20.5188,19.1064307277628,19.0912,17.9664,0.4116539734583683,0.8332278867229491,0.1857086242704608,0.05510784645463,937.2477057467498,2955.055911087904,2.5523999999999987
-0.56484,1,10,17.23,20.8467,17.26525,17.18035,16.1549,1.3842036453017534,0.4483370040453259,0.1190058267759787,0.1165004491942028,467.8921608106605,1534.9021594788935,4.691799999999997
3.57834,1,21,19.58,21.3264,20.01133809523809,19.9256,18.5672,0.6741383162795235,0.578636197355734,0.3109124468302281,0.1218236365324183,884.4248775177559,2920.921174305993,2.7592
9.64566,0,200,17.41,20.9657,19.1768845,19.2522,17.2048,0.73508559232922,0.4902392355791049,0.2100875212299156,0.0696075991247629,831.9967405412746,2938.0489750117995,3.7609
-0.93382,1,146,15.16,21.3504,20.162072602739727,20.15785,19.102,0.4961954401548051,0.608424276178792,0.3222091861759658,0.0922202010354418,783.3306338202835,2899.094612592402,2.2484
-20.32891,0,45,16.5,16.614,16.465224444444445,16.4702,16.3422,0.0546049329920909,0.0775341941347741,0.0740267343605168,0.0023930013511405,268.14656533981264,710.010480173507,0.2718000000000025
47.78795,1,116,15.49,16.1868,15.542174137931037,15.53235,15.3838,0.1016120269505021,0.0754253217099375,0.0631254901591794,0.0025192937688161,587.0934924280986,1599.8764814237002,0.8030000000000008
41.50258,1,112,18.89,21.3913,17.512491071428574,16.886200000000002,15.5954,1.6147789919653197,0.599204677930739,0.1374589671218197,0.1170237817336301,837.8876846444603,2896.1103786803,5.795900000000001
23.93426,1,56,19.08,21.3642,19.11332857142857,18.9853,18.6403,0.4922238100385141,0.583763854741244,0.1928574379398352,0.0707162638339405,236.81016923186328,1689.626861851495,2.7239000000000004
41.57071,0,16,18.02,19.1464,17.97333125,17.932000000000002,16.9605,0.7298237017424132,0.182077755881057,0.1237930441483483,0.031496533667504,16.53382472990842,44.90852576420002,2.1859
-13.08238,0,8,18.89,21.1132,20.64285,20.67685,20.1335,0.3754172878278243,0.54339643216192,0.4188053747297222,0.0975141108487576,997.153793538166,2234.9105546414,0.9796999999999976
4.69169,1,8,18.8,19.9497,19.047875,18.7611,18.5042,0.5878498417356016,0.270554662207523,0.1796460975709877,0.0550543567922551,766.656870598487,2184.015144687597,1.4454999999999991
7.83894,1,47,18.84,21.4205,20.166610638297872,20.4105,18.5189,0.8128133996868249,0.626867402359437,0.3320710488200795,0.1309099961921367,887.1326309368741,2886.077916991002,2.901600000000002
37.47186,1,283,18.29,20.3248,19.26489858657244,19.2423,17.857,0.3045987238173963,0.4004822537508579,0.1971429769403037,0.0343819878690917,889.2846061089954,3079.8183788657043,2.4678000000000004
9.75308,1,308,18.57,21.023000000000003,19.033680194805196,18.92495,17.8948,0.5651314918022804,0.8536063009424709,0.1946103502177682,0.0754895478117036,920.0075275394984,3107.7085785072923,3.128200000000003
26.77259,1,15,18.58,21.3181,19.289373333333334,18.9791,18.1976,1.010451478630551,0.589013983477055,0.2409847348893427,0.1528641133356298,1125.5749721557424,2885.049926006701,3.1205
6.51988,0,179,18.79,21.1561,19.715266480446928,19.8041,18.3715,0.6552992295268175,0.567223301936036,0.2661004725201653,0.0921165484515436,881.0490075929208,2946.9431519792124,2.784599999999997
54.57738,1,61,17.78,20.4915,19.54566393442623,19.6924,17.7465,0.7139699491885221,0.7588886623998791,0.2449482528559694,0.0933369794257825,844.4401814676634,2543.0559372455027,2.744999999999997
37.05902,1,37,15.52,21.1838,17.679708108108105,17.992,15.2716,1.9473156835298504,0.512905891409603,0.1489145500884071,0.1106543848830741,1133.619595718749,2909.137705034598,5.912200000000002
1.5716,0,8,15.8,16.7219,16.225225000000002,16.1782,15.7961,0.4136848584887497,0.0891279132891944,0.0742010250567155,0.0095324785114167,10.610428640781455,19.86797928249871,0.9258000000000024
0.46871,1,288,17.18,20.9316,17.334290625,17.22395,14.952,1.2542872042788806,0.4513929043334129,0.1098713751420491,0.0589242992004639,963.5623740676816,2963.924247581097,5.9796
33.18719,1,256,15.1,21.2733,18.376887109375,19.21095,14.4175,1.9439592412690991,0.573936271343313,0.1848213534639788,0.1026600772721669,807.7451429439643,3030.808996226704,6.855799999999999
-12.83925,0,150,18.12,20.9824,19.449522,19.47335,16.5919,0.6771012419089409,0.7563162869466071,0.2362127393910173,0.0897497311821579,1048.4440881122712,3067.727343796309,4.390499999999999
23.25419,1,6,16.77,18.0331,17.143649999999997,16.78595,16.595,0.6843787102182536,0.127921975520599,0.0937745379804544,0.0254450054387519,12.887973241925264,24.972276909706125,1.4381000000000022
25.69475,1,10,18.55,20.4436,19.44452,19.6326,18.5523,0.6971839655197033,0.496227474217611,0.2682129175056126,0.1188048663585894,27.4609443438647,106.75899504619156,1.891300000000001
-19.66461,0,172,16.51,19.6733,18.658298255813957,18.7492,16.2485,0.5699623058710979,0.615776993481396,0.1553253690840864,0.0451923728630828,1014.9686435844524,2972.8911787844045,3.424800000000001
29.86713,1,184,19.88,21.274,20.041696739130437,19.9621,19.0168,0.4827144998905791,0.544470869992558,0.2984411705642952,0.0835774540914851,920.4809377082928,2990.9692099307067,2.257200000000001
29.70154,1,14,18.32,20.1431,18.502692857142858,18.302950000000003,17.8694,0.6506065731469189,0.2975076932632819,0.1429534660878308,0.0585736053434533,12.024184019125032,35.83640356500109,2.2737000000000016
21.17979,1,37,19.26,20.937,19.901894594594594,19.7537,18.7675,0.5740738057204966,0.527932869961523,0.3019220961091405,0.1090567395745352,440.0959102393843,2262.0574984376944,2.169500000000003
47.72052,1,76,19.66,21.3957,20.195289473684213,20.1021,18.8631,0.6230976128085556,0.641395241999151,0.336375553019518,0.1171766137578501,786.6145866397505,2652.935709120502,2.532600000000002
37.62656,0,292,15.02,18.9471,16.503849315068493,16.9887,13.9049,1.042926475071482,0.492487575851989,0.0815508186608691,0.0328595941352481,926.4990000837432,2950.050106284689,5.042199999999999
17.11613,1,76,17.49,21.0782,18.50649605263158,18.1883,17.3109,0.9575736245937146,0.600249622684695,0.168760735052374,0.0985659821442111,933.9953683447202,3012.805986365798,3.767299999999999
3.19332,1,3,19.81,20.8712,20.3611,20.3996,19.8125,0.5303990101800727,0.517316120134488,0.3821869623521779,0.1177698647952269,411.4691146409154,815.9331957524046,1.0587000000000018
20.3023,1,16,17.76,18.2791,17.8060875,17.725250000000003,17.5266,0.2678007365561197,0.128721905567419,0.1114548940145839,0.0109338868133916,806.7001612495802,2103.181421944886,0.7525000000000013
-4.04319,0,6,18.62,20.9909,19.41595,18.6536,18.61,1.2110300157304112,0.481709588764394,0.2440695679114623,0.1804505701394856,255.85710071653395,618.2972962733038,2.3809000000000005
14.7957,1,16,19.61,20.277,19.545,19.58455,18.8639,0.3361260001844545,0.318221526123086,0.2156440388171209,0.0434547078053776,14.996571634013115,45.93366348420386,1.4131
19.25177,1,7,17.62,18.7302,18.01684285714286,17.6198,17.4568,0.6149287326109225,0.184610238804868,0.1270215935492664,0.049349174696752,3.7331161404402255,7.00093524280237,1.2733999999999988
41.5303,0,178,15.94,19.5152,18.25083764044944,18.40165,15.5487,0.6323840447865638,0.264171740979896,0.1388192234412693,0.0255962696662705,978.7141714227498,2947.009511435397,3.9665
16.39338,1,197,19.78,21.3179,19.88364517766497,19.7798,18.7941,0.5137378157248148,0.643903717480077,0.2689728900688735,0.0912963573757069,559.2549085578978,2746.326995289004,2.5238000000000014
18.63388,0,176,16.25,20.934,19.21838409090909,19.6568,14.9185,1.436498180826166,0.546909191442649,0.240892473234934,0.1017603364567436,907.0087983236358,3071.740732395592,6.015500000000001
24.46401,1,2,13.04,12.1403,12.1378,12.1378,12.1353,0.003535533905932,0.0505307397977635,0.0505257524614055,7.053158717526694e-06,0.0071279474806377,0.0100804399990011,0.004999999999999
44.57681,1,20,18.79,21.566,19.885405,19.99915,18.7103,0.8702011343271218,0.626476176857461,0.3049551242592954,0.1562902103152038,504.6665975817304,2130.1448257750963,2.855699999999999
32.51584,0,15,18.87,21.0318,19.07669333333333,18.629,17.9685,1.0942622964919393,0.528927235998336,0.2508401149046945,0.1607297335543389,1086.3114094487544,2860.112856805696,3.0633000000000017
26.48697,1,378,18.34,19.6867,18.72178148148148,18.7271,17.3209,0.2191404042878294,0.291601770698277,0.1655014626630509,0.0196795467403781,923.4225664596056,2947.010698610902,2.365799999999997
17.4278,1,335,15.58,19.9519,18.48813014925373,18.9486,15.4304,1.201346954034737,0.3212548343742349,0.1640030100708419,0.0561233418330462,862.5061558969703,2975.898462014193,4.521499999999998
-4.51817,1,266,12.79,15.1175,13.655944360902255,13.5208,12.6909,0.6009010068113949,0.0612221818906953,0.0533610135892475,0.0021470856225364,900.7653276085438,3013.877380034406,2.4266000000000005
6.13479,1,143,12.58,12.8605,12.644843356643356,12.6305,12.4999,0.0796905127682918,0.0519865746235775,0.0510616329383539,0.0002328864188448,333.5540894804085,939.6813999996012,0.3605999999999998
24.51484,1,5,20.25,20.2464,19.92052,19.9496,19.4879,0.2732250299661432,0.3042040875614,0.2645333944362543,0.0384017995319827,353.2064629247959,789.8036642941006,0.7585000000000015
41.2164,1,102,18.37,19.0634,18.667895098039214,18.677,18.1494,0.1942647735770975,0.227660260651667,0.1474744769811098,0.0194351839934278,285.70788880714605,1113.9927664927964,0.9140000000000016
-0.90095,1,33,17.51,19.6996,17.951836363636364,17.6954,16.9758,0.7160982914456356,0.290330048744821,0.1337298368188886,0.0509962389261316,981.8678370424484,2876.080782303201,2.7238000000000007
-8.16244,1,12,20.01,21.0855,19.977166666666665,19.7154,19.1142,0.7278231757449839,0.511079005617784,0.3009400684618823,0.1256362352789102,560.3632137780111,2572.9957918863947,1.9712999999999996
15.58405,1,12,19.77,21.0536,19.9623,19.80745,19.3459,0.5414990606891877,0.44040605919064,0.2652592449960541,0.0870241926112177,698.8034413030581,2836.134623773396,1.707699999999999
7.02025,1,42,19.28,21.2807,20.028442857142856,19.855,19.2127,0.5863192962395645,0.5541204443472679,0.2978404019376887,0.1127899538556919,388.9933272340649,2484.1373285418013,2.067999999999998
18.2724,1,141,19.56,21.3741,20.33243758865248,20.367,18.4726,0.5240048379737141,0.582793221808051,0.3403975877367433,0.0988555393011593,737.9981699406428,2920.0643564467973,2.901499999999998
26.92379,1,152,19.7,21.3162,20.02329539473684,19.99615,18.8438,0.4922882817646145,0.566623366806179,0.2902461694997291,0.0845595212479217,685.639971853736,2992.8840712038,2.472399999999997
22.10279,1,24,17.87,21.3536,18.251425,17.778100000000002,17.3673,1.2033572031937398,0.6218311064102039,0.1664249376624532,0.1457137654896349,431.9496609316218,1835.968826122502,3.9863
6.20636,1,6,17.92,20.6886,18.67693333333333,18.0057,17.845,1.189387414876527,0.410765584460241,0.2093217178497207,0.1396415620736789,958.1130958134826,2241.9121584259046,2.843600000000002
1.1011,1,15,17.78,20.3354,18.29526,18.1435,17.3819,0.7808081022706088,0.3334316852578119,0.1490297192596751,0.0610973457068738,205.7473113975802,784.8755657057991,2.9534999999999982
31.58255,1,6,16.32,20.6459,17.12366666666667,15.6193,15.4096,2.503539200944667,0.3990872442005561,0.1583131904840099,0.1501122726403003,330.96635158506786,880.8180055320045,5.236300000000002
-0.86992,1,42,18.05,21.1102,18.48928809523809,18.30585,17.723,0.6787302755351273,0.462293070260271,0.1565368817177637,0.0676913320843044,986.2267925989484,2981.8538184030986,3.3872
2.61774,0,277,17.05,20.371,18.08589566787004,18.0917,16.7186,0.5809630656111913,0.4130383006613499,0.1253614985472478,0.0423489871140694,910.715288880992,2996.861130856494,3.6524
-9.21001,0,56,13.12,13.2758,13.155407142857143,13.14705,13.0641,0.0551591939328768,0.0522451592105739,0.0518628871503552,0.0001591638929993,186.5153981396342,485.7840823377046,0.2117000000000004
27.56405,1,34,18.94,21.3102,19.967664705882356,19.72415,18.9407,0.6938223573545783,0.588350860956458,0.2916953411518115,0.11943726837719,501.6837867257243,2529.9790958793965,2.3694999999999986
58.42686,1,123,18.2,18.9089,18.20338455284553,18.1981,17.7022,0.1553981807985384,0.507254292726356,0.1366418061175699,0.0672129387357404,797.8036397356594,2651.985369004811,1.206699999999998
10.07293,0,249,19.55,20.9796,19.77343453815261,19.7458,18.9858,0.3741928497477022,0.573317242516942,0.2749133109378542,0.073506508448889,972.8493593102062,2958.8779275347915,1.9938
38.34009,1,9,19.31,19.4052,18.304855555555555,19.0803,17.0925,1.098101012101244,0.337407114789451,0.1597867956097951,0.0840611645156168,708.1949129320705,1373.2706686457896,2.3126999999999995
21.88682,1,5,19.58,21.1579,20.0518,19.6255,19.5314,0.7059903929941264,0.507700273138726,0.2874957028831065,0.1309521075321562,14.658591707381198,35.68665185201098,1.6265
0.76946,1,5,17.9,19.3784,18.1237,18.8717,14.534,2.018135815548596,0.1790505949121439,0.1497046026411765,0.0171242847194386,148.96044507047353,333.0948382405986,4.844399999999999
31.85057,1,239,18.38,21.4206,19.8649,19.997,16.4272,0.8529843400495403,0.590680503445439,0.2735841214332333,0.0935366715617799,846.2138568484711,2916.0269231712955,4.993400000000001
44.7793,1,308,18.28,20.7734,18.43123831168831,18.46905,14.2723,0.7605547531038122,0.508595383194366,0.1422063304744127,0.0470268853210487,839.7784194897218,2902.077661388997,6.501099999999999
20.12199,1,24,18.24,21.0863,19.339691666666667,19.11175,17.8425,1.0559762991068322,0.511306410827343,0.2255626340891225,0.1226798170956547,318.6299728218338,1634.6621948028917,3.2438
6.22365,0,9,18.73,21.2956,20.614144444444445,20.8458,18.4246,0.8514833793314914,0.565428519789496,0.4274491741630054,0.1211605703158232,981.7968164925344,2662.798828703395,2.8709999999999987
6.13471,1,13,19.63,21.0915,20.26752307692308,20.231,19.6307,0.4960709024488427,0.493105605538894,0.3201768975663692,0.0937885480644263,13.81537119727895,52.87502804399992,1.460799999999999
35.98713,0,6,17.73,21.3493,20.26933333333333,20.20005,19.5287,0.7259442090592543,0.524979596792609,0.3426802281566646,0.1276342604499203,745.9260910710603,1714.2096208099028,1.8205999999999989
25.46111,1,28,19.25,21.4457,20.103207142857144,20.11425,18.9415,0.7088786731736413,0.5681264081835171,0.3023936036959557,0.1116217280743124,557.0936593449659,2564.980542234196,2.5041999999999973
15.20085,1,333,18.0,19.8392,18.70128738738739,18.7175,17.8843,0.3531102544081034,0.475056314022012,0.1526779198497029,0.0310547829726225,907.3198487085596,2984.9288806943005,1.954900000000002
40.70548,1,333,16.02,18.0536,17.403143543543543,17.5148,15.9513,0.4715564053531405,0.2429622249941989,0.0955978562461102,0.0191700521086098,820.8465408986924,2739.775348923504,2.1023
7.99811,1,4,18.75,19.548,19.248225,19.24315,18.9586,0.24096611622107,0.225093404676545,0.1952714218989659,0.0229497275778689,0.0084325811256262,0.0196388191907317,0.5893999999999977
27.8232,1,9,15.18,17.0687,15.72888888888889,15.5726,15.0839,0.5773351246123097,0.182220949836847,0.0752714405001078,0.040174182847271,547.6244499963324,1649.2839779166025,1.9848
-16.59387,0,6,19.5,20.9816,20.663,20.82915,20.1343,0.3630614823965771,0.483853275278633,0.4126106260141555,0.0773154540339946,653.2860303323764,1740.150056052997,0.8473000000000006
10.23522,1,3,17.68,21.1086,20.2304,20.052,19.5306,0.8039844028337852,0.503505720180345,0.3420041649639107,0.1427605766180205,896.5032117045885,1785.1187763656053,1.5779999999999994
14.16917,1,9,18.73,21.0611,19.508266666666668,19.4362,18.7289,0.7640222624374241,0.524004982860721,0.2441535696303062,0.1166643702070069,250.2818158506745,709.0479397452,2.3322000000000003
-2.00752,1,12,18.59,20.3125,19.223466666666667,19.09925,18.5944,0.5537288938449832,0.320068819676474,0.1857967002590808,0.0614530904484206,12.808536116304728,30.037749178394733,1.7180999999999995
31.17956,0,348,16.69,18.5032,17.335752586206898,17.28425,16.473,0.3943180907328125,0.153663802578014,0.0996671564964616,0.0144637549471082,943.99905855926,2951.059562638802,2.0302000000000007
21.69074,1,8,18.81,19.1547,18.89395,18.9295,18.5303,0.214305529560018,0.17924859353331,0.1603255646531267,0.0147782155457364,4.736438284076143,8.88126129610464,0.6243999999999978
18.12231,1,378,15.37,18.8218,17.91205291005291,17.97,14.8028,0.433578740968876,0.272165316385893,0.1169957702362022,0.0253934141016411,878.3408708191565,2973.0124198263075,4.019
-7.69591,0,189,18.67,20.9184,19.162884126984128,19.065,17.008,0.4988654682226576,0.4880184551268739,0.2010963843158495,0.0643796311123737,732.4899295516789,2919.0364687037945,3.910399999999999
41.75598,1,16,18.73,19.8441,18.8312875,18.6712,18.3556,0.443047428424242,0.622983838169843,0.2099036955591326,0.1298164163376793,611.1318000721004,1668.2190028010882,1.488500000000002
25.91499,1,231,18.93,21.3611,19.69994761904762,19.5664,18.7097,0.527756754559748,0.5876897093719828,0.24389813630655,0.0757897523387665,647.2171567295135,2746.721091053194,2.651399999999999
-10.44264,0,59,13.0,13.279000000000002,13.012689830508474,13.0051,12.9577,0.0500823759176522,0.0524266899571353,0.0520495241898838,0.0002618507543142,186.7287623515483,491.7513039005062,0.3213000000000008
36.06323,1,118,18.84,21.3217,20.071515254237287,20.105600000000003,17.9028,0.5965437764332331,0.55782245828219,0.3073948596985708,0.095510691057714,892.6110409380512,2791.644129247783,3.4189000000000007
53.54643,1,50,12.96,13.675,12.975948,12.95035,12.6876,0.1486019189043015,0.0621032257622857,0.0518210320393546,0.0015441932831437,283.41239293074426,819.8630303012033,0.9874000000000008
38.80372,1,116,19.15,21.3948,20.078566379310345,19.98765,18.9579,0.4990946634864882,0.600599004671566,0.2957125173140429,0.0858405392709132,882.0175016645379,2936.0152622334936,2.4369000000000014
9.88828,1,382,15.44,20.5947,18.68710340314136,18.9831,15.2152,1.1399278774735742,0.458016495381972,0.1926664031150708,0.0673732467778803,920.1345819335291,2946.9803297914987,5.3795
18.13096,1,25,19.21,20.6617,19.61782,19.5729,18.6239,0.5461228799455311,0.511534088491226,0.2439464446650501,0.0914612508927611,181.39616887924703,1212.8244939927972,2.0378000000000007
28.4472,1,144,17.15,21.2706,18.584256944444444,18.2488,16.5944,1.307070614603448,0.582793221808051,0.1963113734688603,0.1274347952119716,978.0739569826096,3040.790527025296,4.6762000000000015
19.26115,1,325,17.35,21.4057,19.613588307692307,19.8095,16.1355,1.006426712043517,0.5447403376006951,0.2523864279634797,0.0857268145921087,903.5438089501322,3127.259965948826,5.270199999999999
24.3945,1,5,19.29,19.488,19.27492,19.2169,19.1623,0.1275360027600055,0.2560633202398999,0.2206006990843625,0.031750591824379,78.54574210795121,175.64167776628892,0.3257000000000012
12.404,1,164,17.34,21.2055,18.73453963414634,19.4539,16.0399,1.6783994138302951,0.569640123838901,0.2157111890673254,0.1289271826518443,924.1334838139292,2984.9845198839976,5.165600000000001
16.17724,1,2,18.33,20.6656,20.35535,20.35535,20.0451,0.4387597577262526,0.4005991155742779,0.3385201465097495,0.0877929199891959,775.7251001484701,1097.040957303194,0.6204999999999998
41.61521,1,5,19.83,21.3812,20.84748,20.9232,20.4331,0.4034162453347657,0.5745570563192479,0.468040343650263,0.0787868591115281,1157.9917210388949,2893.0822567706928,0.9481000000000002
32.09078,1,23,18.97,21.2242,19.949130434782607,20.0452,18.5809,0.794800581297988,0.523277201210503,0.2927719828549767,0.1113733929012999,484.1730519233266,2420.263356411604,2.6433
7.88469,1,4,17.48,17.5724,17.508875,17.4914,17.4803,0.0432592475662705,0.1005887114199169,0.0984962087055458,0.0017964788666109,0.0104095665438866,0.0242307986991363,0.0920999999999985
8.73068,0,3,17.7,21.0365,19.848166666666668,19.6876,18.8204,1.1167412606926168,0.503069602629778,0.3090610201284059,0.1739666992233324,1271.9465008953316,2240.931405589894,2.216100000000001
6.42945,1,25,13.82,21.2144,18.974132,20.2178,13.8212,2.87452766565222,0.541529784358711,0.3184373938010055,0.1617531898125197,813.981867505152,2869.976241585304,7.393200000000002
39.63821,0,16,12.88,12.9546,12.90185,12.8983,12.8787,0.020720006435005,0.0515232520299638,0.0513713605696636,8.006761589575056e-05,14.790727840531112,38.97787232650444,0.0758999999999989
13.87093,1,11,19.12,20.9621,19.823172727272727,19.9423,18.9972,0.6675136299595822,0.498551037560796,0.2739694231783214,0.1124830358012158,437.71659918538336,1136.920118726899,1.9649
-3.4773,1,122,17.62,21.2355,19.72871229508197,20.24165,16.2082,1.2978463129976647,0.720272713793837,0.2906909452105563,0.1314755343429267,977.7666204108448,2928.986299722499,5.027299999999997
61.50702,1,20,18.97,21.2588,18.22967,18.909750000000003,15.4442,2.385057526416457,0.5645367810838571,0.2261058084632108,0.1872268645569791,695.5110102056082,2220.020742176108,5.8146
31.3253,1,7,19.58,19.5913,19.1766,18.9787,18.7982,0.3445920873535359,0.222049556950279,0.1827531870456075,0.0307306634041828,3.21049806461467,6.025123217594228,0.793099999999999
30.67105,1,36,19.15,21.2466,20.090919444444445,20.1276,18.6207,0.7658596386953287,0.538108187261812,0.3195260683439963,0.1247390535271741,674.1041092905398,2677.642569317504,2.625900000000001
-24.07986,0,52,16.42,18.8461,17.316371153846152,17.33435,16.261,0.6649325878662323,0.159089506995309,0.1055658103350373,0.022676322456599,614.7743149039039,2188.0530740392933,2.5851000000000006
6.13467,1,248,17.35,19.5046,18.08140927419355,18.1515,16.8745,0.5042227798255606,0.267710765145056,0.1247538981385404,0.026483249932794,1039.5338264815286,2966.8944310414954,2.6300999999999988
-16.32057,0,130,18.78,20.8553,19.39815769230769,19.3496,16.0852,0.574371427630549,0.4880184551268739,0.2240688292590282,0.0688988514692402,680.9917291510567,2598.935249154704,4.770099999999999
28.1087,0,358,16.22,20.1162,18.24777541899441,18.3259,15.8289,0.6628266620134338,0.278737986198182,0.1361139482196776,0.0334342097121264,918.743924597936,2947.0091396063,4.287299999999998
35.45844,1,2,19.98,21.3802,21.2697,21.2697,21.1592,0.1562705986422258,0.598857436176814,0.5697962300579196,0.0410987518322604,497.798206767505,703.9929753356118,0.221
27.78828,0,13,16.47,19.8467,17.36846923076923,17.3116,16.4548,0.9027476302790036,0.8458147380091469,0.1493210034427927,0.2095953203429466,671.2333673172848,2429.314994837703,3.3919
-2.7161,1,27,14.1,19.8762,17.148774074074076,17.3664,14.0928,1.850690567701397,0.269835273373223,0.1119386950448259,0.05734194943718,17.618265495591015,52.89808570591413,5.7834
8.06319,1,19,18.16,20.178,18.772536842105264,18.6434,17.964000000000002,0.6482793304077482,0.320941496841636,0.1774427769080528,0.0710776959607961,176.26938247164455,776.8182867709984,2.213999999999998
12.68059,1,62,19.01,21.4425,19.622203225806448,19.20275,18.5114,0.8457884002646358,0.599900764639868,0.2482747309909899,0.1181063205043357,471.7091630223793,1901.904088692296,2.9311000000000007
-0.82999,1,53,19.45,21.2211,20.148403773584903,20.1449,19.1474,0.5526450557797419,0.5624705464684671,0.3222849966195001,0.0985327640454328,878.8624303733916,2944.0117150582955,2.0736999999999988
24.78646,1,22,17.91,19.8782,18.75141363636364,18.73245,17.8237,0.5842258828451091,0.294633611539961,0.1720568576161346,0.0507288575649451,14.662927592685154,43.93515384290368,2.054500000000001
-0.53847,1,6,19.37,20.5713,19.629666666666665,19.34335,19.1975,0.5574650362728293,0.411267638477737,0.2453739146072473,0.0881540606101015,522.2415311933611,1297.684526318997,1.3737999999999992
5.03941,1,24,20.17,21.1331,20.21925,20.22935,19.2275,0.610664276939822,0.530428243065504,0.3331503136154315,0.1185388012238855,778.6120333894743,2495.200052372602,1.9056
23.50856,1,270,17.82,20.983,19.750882962962965,19.72425,18.6439,0.3490559580709006,0.5050401793032621,0.2569940816012109,0.0550882949464577,884.5163589775276,2993.921188830805,2.339100000000002
18.89707,1,84,16.82,21.3236,19.73182023809524,20.1229,15.9503,1.2760769788106612,0.5960985627611679,0.2897329229360359,0.1303510876078385,938.4731270608004,2956.7648037727995,5.373299999999999
16.36518,1,269,19.47,21.3609,19.813220817843867,19.7629,18.5165,0.4901846522447888,0.546909191442649,0.2643569387666268,0.0743318634419435,822.7036329878192,3070.741579676098,2.8444000000000003
14.57182,1,41,19.72,21.2578,19.892541463414634,19.8335,19.0994,0.4795844461487515,0.553838383774299,0.2743328420348863,0.0850964642051767,305.07924934503416,1922.946413576603,2.1584000000000003
34.63593,1,20,18.97,21.4362,20.70334,20.86,19.6492,0.5613071646190092,0.608062722480777,0.4253814698308052,0.1249897123326543,853.3005690940048,2608.8869412849017,1.786999999999999
37.05481,1,328,17.64,20.6791,18.75254603658537,18.81995,17.4644,0.5255430307508498,0.6434838477273199,0.1626616934142256,0.0551200468867409,853.5160032741807,2917.017459525297,3.214699999999997
27.06744,1,340,17.51,19.8143,18.65123705882353,18.684,17.4494,0.2684979112714025,0.3203796997552619,0.1475385658692625,0.0211941257626021,898.9550049415614,2992.905302766201,2.3648999999999987
46.92154,1,64,18.32,19.2867,18.445309375,18.42455,18.0961,0.1710002169484836,0.195139728265461,0.1343612624729261,0.014547295462105,434.1065065562206,1183.0106119675038,1.1906
15.78567,0,185,14.25,17.5814,17.33988702702703,17.335,16.9425,0.1038198373873461,0.118167498823809,0.0957410696279534,0.0065775144642392,947.3479094516908,3072.6757294558997,0.6388999999999996
14.87052,1,8,17.74,19.3247,18.4490125,18.4049,17.724,0.717749404015278,0.233054107033118,0.1586356542240711,0.0489894826441888,16.522689493316395,30.93872689789714,1.6006999999999998
45.01409,1,58,18.88,21.3489,19.518251724137933,19.5408,15.6324,0.967400392667803,0.598164549362653,0.2448090553804935,0.1091912237464747,458.4581805364321,2650.883687025198,5.7165
30.68472,1,8,18.8,19.0482,18.1152,18.02005,17.3063,0.8274199072158837,0.166367852412102,0.1248012784289192,0.0328715209753997,268.7849112684223,502.8784510303012,1.7419000000000011
57.73755,1,5,18.4,20.7522,19.56292,19.7958,17.248,1.4110581444433823,0.407665619433921,0.2661244595393681,0.1276803509329725,192.0838754805524,499.8431856134048,3.5041999999999973
19.05477,1,297,16.31,21.0976,19.48697542087542,19.6703,16.2757,0.8393169018463196,0.594391291086247,0.2341550341659421,0.0794026399600311,914.3579821598448,2956.7874437385035,4.821899999999999
9.01377,1,393,12.83,16.6541,15.229300508905853,15.665,12.7427,1.0592145288188628,0.180164674299399,0.063438543459091,0.0119352830300193,874.8497415169549,2960.947292846992,3.9114
-3.90335,1,104,19.68,21.2886,20.181514423076923,20.14005,19.1821,0.4357409501242657,0.5558208859531191,0.3144455569473546,0.0833945905379552,724.2295217949054,2923.9318165160003,2.1065000000000005
17.79707,1,142,17.86,21.2375,20.193469014084503,20.11955,19.1472,0.474175195528341,0.546909191442649,0.315549943264878,0.0878715664510364,941.0405790947184,2956.8038875000057,2.090299999999999
-0.12319,1,5,15.77,19.3584,16.482419999999998,15.7766,15.7254,1.6078819365861412,0.209224986166053,0.0942665355908488,0.0642644501972421,323.7892203733404,724.0236765508962,3.632999999999999
39.90724,1,213,19.12,21.244,19.57414460093897,19.5549,18.5158,0.4418968356206686,0.5780036196340229,0.2327077094680667,0.0705227927896352,804.7267195284574,2925.084853009299,2.728200000000001
3.73073,1,230,19.36,21.2691,19.88663652173913,19.8454,18.5083,0.4937683857312805,0.568428293287317,0.2701822394484614,0.0789126301621291,832.2672634628549,2979.888326782806,2.7608000000000037
5.98343,1,105,20.06,21.3384,19.98398,19.9846,18.8916,0.411633187951454,0.550483286201957,0.2737123147171742,0.0628372003483551,623.3695500058926,2627.746781076108,2.4468
-0.49611,1,293,15.58,19.438,17.83754368600683,17.9313,15.5432,0.5924212361982748,0.687893610950156,0.1130641292281278,0.040144517680895,950.6591164703966,2991.8975672684974,3.8947999999999983
41.21567,1,82,18.63,19.0634,18.65411585365854,18.6613,18.1494,0.1947302531040143,0.227660260651667,0.1458032493008447,0.019205832443082,196.8207343917732,765.9835093863003,0.9140000000000016
-20.73104,0,108,18.15,20.7154,18.65568888888889,18.89945,15.9423,1.1759600769920415,0.497069013892834,0.174512902553517,0.0796270964369927,978.3711999989538,3060.7080011693106,4.7731
-4.59155,0,46,18.81,21.2109,20.21587391304348,20.47935,18.3302,0.807850756138307,0.5745570563192479,0.3456530593899862,0.1185526208466257,711.8788063067582,2658.7237314815065,2.8806999999999974
62.91911,1,113,17.84,20.5017,19.373969911504425,19.4863,17.8439,0.5449799629155695,0.359431712424779,0.2158611983598847,0.0502170300341825,802.5593994504209,2716.778617882199,2.657799999999998
26.90029,1,42,18.61,21.097,19.449419047619045,19.42805,18.4603,0.7374903241161374,0.526696927771379,0.2404504406625025,0.0936990494356115,1114.049928010313,3069.6864574537976,2.636700000000001
-1.78924,1,17,19.42,21.3081,20.552447058823528,20.7128,18.5876,0.7235010315452628,0.597818894804744,0.4022561710213549,0.132599162494289,936.361854295953,2840.1989022920025,2.7205000000000013
15.90972,1,234,14.5,18.1783,16.817895726495728,17.08715,14.2298,0.7814294933190511,0.224530300809848,0.0892023269950649,0.0177106877136435,866.303208085957,3112.3512607524026,3.948500000000001
10.52608,1,351,14.08,19.7392,18.085299145299143,18.2556,13.994000000000002,1.0142883178856326,0.36231357994679,0.1375799300007822,0.0436209056344524,933.121593987506,3107.7085785072923,5.745199999999999
23.68613,1,39,18.08,20.7166,18.774317948717947,18.9523,16.5701,1.1021550224976215,0.426605339866401,0.1795628091835485,0.0839156495994765,40.76262259617769,132.727174455802,4.1465
41.52798,1,116,18.71,21.0749,19.548086206896556,19.55745,18.1369,0.6776359615087063,0.510851872344853,0.2427135178281003,0.0866411382805715,961.8479617338515,2946.9958086461047,2.937999999999999
24.08762,1,21,18.32,21.5926,19.31334761904762,18.8255,18.1334,1.012252691583997,0.54772847627113,0.2245064807190989,0.132947880230002,398.2644733610725,2244.814276886602,3.459199999999999
-1.97452,1,12,19.28,21.3753,20.257666666666665,20.30555,19.2443,0.6140954698258294,0.496017687995604,0.3295024680471164,0.0914730851428077,571.7313840708126,1607.7428998728938,2.131
6.51592,1,104,19.75,21.0639,19.756671153846156,19.72545,18.6144,0.583499268254063,0.567523907442319,0.3052925583078232,0.1008861393642066,827.2802371086751,2906.890213819199,2.4495000000000005
19.51045,1,107,18.49,20.8395,19.125778504672898,18.9672,17.9676,0.5874276056605415,0.4773092703476889,0.1999179447339024,0.0695919817100691,832.7984651779133,3018.8426274074955,2.8719
53.12635,1,141,18.46,20.5877,19.450318439716312,19.4865,17.8024,0.3377300929108147,0.3963371947879689,0.2252486974107613,0.04133379168757,874.3509675311304,2701.688764201004,2.785300000000003
-1.97039,1,185,18.8,21.0709,19.511296216216216,19.5514,18.3173,0.6006940292520645,0.5360311424649461,0.2475357484797941,0.0790096247442021,722.9296059364307,3005.8102591899005,2.7536000000000023
35.0156,1,56,15.68,15.6968,15.662964285714285,15.66585,15.6173,0.0185139203507324,0.0642731699176829,0.0630880538773192,0.0008934082357102,192.6241646452529,506.8168932519984,0.0794999999999994
12.00729,1,188,18.81,20.9342,19.51117074468085,19.4672,18.4436,0.4493283747894024,0.443006889559419,0.2194166762287986,0.0504521194097231,729.7142602010805,2655.8254378126003,2.4906000000000006
48.19438,0,57,12.49,12.5444,12.436956140350878,12.4407,12.2843,0.0624617740746398,0.051331379535369,0.0508734893968882,0.0001565116980963,117.13375454097437,345.1202930206928,0.2600999999999995
-7.67847,1,192,18.97,20.9839,19.306282291666665,19.2823,18.2304,0.5812167648542158,0.516145673555291,0.2148396311769445,0.0772005924345039,734.1584833937487,2951.95538603,2.753499999999999
-9.89061,0,171,18.78,21.0313,19.5660701754386,19.5021,18.4304,0.5569539822467892,0.5063655281073101,0.2365984867989236,0.0785960515939698,922.0407776909624,2969.949339177998,2.600900000000003
0.52197,1,74,19.21,21.2353,19.44727162162162,19.34065,17.465999999999998,1.0055859874842792,0.541529784358711,0.2400750399061174,0.1179011044585137,618.9398287469859,2554.987551192294,3.769300000000001
23.79015,0,330,18.23,20.1099,18.921521515151515,18.93155,18.0609,0.2865014547576403,0.6572881107615369,0.1856678308339854,0.0481209395866528,865.5544950584807,2942.9677219097066,2.0489999999999995
8.49395,1,154,14.68,15.1183,14.667152597402598,14.6359,14.5015,0.1001820703291338,0.0607319944089306,0.0564448459557712,0.0011298722541023,420.6379905093349,1589.7902509951964,0.6167999999999996
32.16512,1,106,17.78,21.3624,20.20444905660377,20.176,19.1881,0.4653333437532988,0.585391153669409,0.3114537446499095,0.0873766235657511,799.9240913645483,2921.9598795025013,2.1743000000000023
-4.58075,0,15,18.38,20.3348,18.826886666666667,18.6567,18.1402,0.6163357154142858,0.3435552629872069,0.18414545709346,0.0569853455548755,311.772922869348,1552.7769978124998,2.194600000000001
-2.95464,1,54,19.64,21.3357,20.333074074074077,20.39485,19.0282,0.5884753918919071,0.520870729192152,0.3427363616463167,0.1069761312754861,835.4882623715215,2924.994104467798,2.307500000000001
7.79352,1,118,18.92,21.5376,20.105013559322032,20.09215,18.5136,0.6136264157491698,0.591350611831675,0.3036657206947905,0.0982523184635146,854.7011544178005,2945.0048977780025,3.024000000000001
10.61466,1,361,18.06,19.9662,18.839942659279775,18.8204,16.5899,0.2790427756090004,0.281861260699186,0.1746192984547284,0.0248381269994941,908.6094265065092,2945.991096470097,3.3763000000000005
-10.46064,0,15,16.7,20.0256,17.71324,17.4047,16.6064,1.0497127728233906,0.3641817007271749,0.1356309028793121,0.0853535519188109,18.71244814045809,52.99017277780513,3.4192
61.11249,1,91,14.04,14.4327,14.0507978021978,14.0382,13.934,0.0707045542742194,0.0698625523470147,0.0556030867966513,0.0043053642871384,880.6202288998114,2692.8652360416017,0.4987000000000012
26.13527,1,9,18.61,21.2548,19.11134444444444,19.0366,18.3905,0.8970357909681084,0.576743979294079,0.2045138466511287,0.142375405475233,100.75256326254149,306.0405591204035,2.8643
-3.48787,1,9,17.92,21.0252,20.453644444444443,20.5531,19.9226,0.4147546597420913,0.503505720180345,0.3797728536270273,0.0789159889528304,740.7837692054499,2601.857212917006,1.1026000000000025
24.87474,1,7,19.09,20.7589,20.551557142857146,20.6035,20.1533,0.215280621957657,0.4138036142979071,0.373917995657495,0.0401107931117685,651.4280643333126,1583.8542707987,0.605599999999999
6.10249,1,199,15.47,19.9799,18.576776381909543,18.524,17.4826,0.4410453721534252,0.28774333915557,0.1487998331508026,0.0326184004501987,803.5794044444725,2583.9197186342863,2.497299999999999
6.75503,1,114,19.11,21.2963,19.99526052631579,19.971850000000003,16.863,0.5799974578245208,0.5940513969402579,0.3250478333854024,0.0914871109811953,638.7235987786463,2843.2221922110984,4.433299999999999
22.2595,1,449,18.0,20.8931,18.887318930957683,18.8647,17.0911,0.6390150845125392,0.7431742240572851,0.173971401338265,0.067001181994391,896.2928899748603,3121.259263923399,3.802
10.06858,1,27,19.9,21.377,20.477325925925925,20.5063,18.8373,0.6599431435840011,0.559553455343515,0.3917739264352303,0.1235557933434936,902.5873179082404,2812.301124629601,2.5397
38.82511,1,277,18.66,21.2377,19.853316245487363,19.8433,18.2355,0.4466406175222253,0.538892654629623,0.2676198014229548,0.0694675230346976,973.1120959869216,3061.800560682896,3.002200000000002
22.4809,1,12,18.94,21.2397,19.590108333333333,19.26205,17.7591,1.0347249774771805,0.5802257092938841,0.2829931345288091,0.1574250162365375,544.5611429588135,2492.934055694496,3.480599999999999
-21.39814,0,22,17.62,20.9656,18.647845454545457,18.30135,17.5057,1.054911049613853,0.501983748397272,0.1797453336460177,0.1097007335014746,520.6950170079282,2306.716402534905,3.459899999999997
26.7735,1,131,12.57,13.1216,12.476990076335875,12.4723,12.2087,0.0892157142547991,0.052051056832649,0.0508282547761541,0.0002124355428046,228.55536957077783,923.248065150292,0.9129000000000004
-5.22021,1,6,19.56,19.993,19.767566666666667,19.765,19.5583,0.215326623218465,0.34516187030624,0.2450791298021451,0.0585991592921927,16.966829882180257,32.87307259280351,0.4346999999999994
-17.70596,0,12,16.2,16.0807,16.026608333333332,16.0246,15.9696,0.0305325000713351,0.0716223402959968,0.0686814715920298,0.0025026251451439,20.012354618245805,46.95198614580295,0.1111000000000004
53.41887,1,147,13.98,13.9764,13.830727210884351,13.8275,13.7399,0.0323585426416831,0.0643398492363904,0.053471497148135,0.0018627464541983,425.3800140627985,1448.0285876273992,0.2364999999999995
14.19224,1,23,18.46,21.3081,19.59547826086957,19.8647,17.1833,1.2307773179272146,0.5149823041778601,0.2665952862017388,0.1407538918889561,589.8703040408454,1898.986677905392,4.1248000000000005
17.03235,1,86,19.83,21.3693,20.2000511627907,20.161,19.1425,0.5072765218171132,0.606263409111586,0.3333503312667984,0.0982295386262102,897.5474149450367,2933.990031157213,2.226800000000001
38.69345,1,22,18.83,21.3727,20.680163636363638,20.71025,18.8542,0.5498518922188258,0.5900124057604941,0.3985136588909643,0.104455813163303,766.3933324215303,2382.7882740161003,2.5184999999999995
28.36127,1,60,18.65,21.2512,19.890171666666667,19.8957,18.488,0.550905829748981,0.5344874034573079,0.2732835182958742,0.0731856988281511,865.8302199253164,2599.8255598265096,2.763200000000001
15.33414,1,19,16.23,18.0623,16.947794736842106,17.1131,16.1777,0.6937620401146861,0.1031347447466649,0.0816525870578256,0.0123294459289945,350.716986516881,771.964013495497,1.884599999999999
-12.34684,0,215,16.93,18.1809,17.701702325581394,17.7285,16.8485,0.1778482295429886,0.132446708827555,0.1010815767898247,0.0066349318403923,904.7530570521712,2947.026682847194,1.3323999999999998
27.70585,1,4,18.1,21.4554,21.3336,21.3295,21.22,0.1218673322374257,0.616900276587505,0.5676867263832017,0.0475284393450615,345.96840497299854,745.9216267125958,0.235400000000002
21.22439,1,253,15.87,20.8937,19.532575889328065,19.5823,16.3438,0.6510090163559064,0.505260432817715,0.2490879026443559,0.0763783960215495,917.119592720441,2955.9458031482063,4.549899999999997
17.5131,1,5,18.44,19.7757,18.87222,18.706,18.4429,0.5187124415319159,0.381589374503321,0.2157770526614996,0.0938226354480041,10.2601834784436,27.983889953691687,1.3327999999999989
40.84016,1,13,18.73,20.1713,19.45472307692308,19.513,18.7257,0.5343727836661187,0.322010415516248,0.2192277466320772,0.0627134384907793,527.6526179657365,1190.9470595484015,1.4455999999999989
-22.20532,0,25,18.59,21.0145,18.998184,18.6453,18.2063,0.8543549519374235,0.492487575851989,0.201661940686099,0.1105223705576449,343.10146545574884,1835.9787680325023,2.808200000000003
18.96646,1,359,17.14,20.555,19.295307242339835,19.2885,18.4447,0.2945988373624965,0.8026476028782429,0.2079848182101536,0.0553612023902747,893.489818877191,3030.8836660188754,2.1102999999999987
2.40408,1,21,18.63,19.6468,18.826480952380955,18.8011,18.4002,0.3112816226812109,0.233102544798398,0.1612349543077213,0.0243087740718217,344.8318820602217,1190.8526296526034,1.2465999999999973
-12.27551,0,5,16.37,21.2841,17.32212,16.3688,16.2276,2.2156361472498123,0.576743969874083,0.176804317264539,0.2235946969680426,166.33363359047186,371.9475390626976,5.0565
35.39392,1,322,16.45,20.3584,17.853428571428573,17.874049999999997,15.9519,0.7553819952893359,0.330945515074141,0.1182406012661226,0.0374621065518513,857.5721967689069,3033.815405867994,4.406499999999999
6.13396,1,100,12.72,12.7209,12.615223,12.61425,12.4999,0.0525437611843112,0.0519865746235775,0.0511099731003417,0.0002368808410159,172.88611621426074,563.7051673493988,0.221
-12.58872,0,75,18.55,20.9819,19.798032,19.8155,18.5043,0.5650248885118584,0.5284294109010471,0.2700599535405387,0.0824325677546707,959.1217675520008,3034.8045698147907,2.477599999999999
-4.85165,0,98,18.29,21.2685,20.172567346938774,20.2122,17.8724,0.5956511031256008,0.5493769345751189,0.3147583812444912,0.0881630979683741,826.8645533812082,2945.9427761691986,3.396100000000001
-10.87685,0,12,19.73,20.9696,20.01285833333333,20.00295,19.0074,0.6635097772223832,0.479591430736981,0.3030804724212203,0.1100408484984517,711.586761645678,2329.6973389815976,1.9621999999999995
26.01723,1,4,18.44,21.1896,19.6587,19.6652,18.1148,1.493267895143621,0.5000450368424071,0.3098500968813613,0.160827029317778,631.2579276060187,1154.7873912502037,3.0748
16.46182,1,21,19.4,20.9737,20.242104761904763,20.1951,19.0743,0.5763586326899174,0.540999597261161,0.3949516473626203,0.1055514393812883,813.0055362651536,2595.826987893299,1.8994
30.57484,0,82,18.63,21.0539,19.98070975609756,20.08045,16.2869,0.7299478605783453,0.583116284260467,0.3565550355239052,0.1117702275199899,1030.5475263837152,2946.9785110991943,4.767
25.89788,1,40,18.83,21.3018,19.70533,19.6576,18.2309,0.9437929135633008,0.5621770184295211,0.2663465678488125,0.1285196205225771,783.9985105783335,2645.761687372804,3.0709000000000017
-7.31189,0,22,18.66,20.989,19.72528181818182,20.1204,18.4874,0.8905802900283692,0.775497602778402,0.2944312678272714,0.1573372944874016,486.3807431768011,2239.9932392016053,2.5016
2.24454,1,76,13.53,13.7215,13.557356578947369,13.5458,13.5076,0.0429385152220435,0.0533026345809192,0.0529654734189618,0.000173560179666,199.3823492722974,579.6202733684986,0.2139000000000006
32.13713,0,96,16.26,21.3566,18.573769791666667,19.26445,15.7465,1.8068634371325003,0.6020019555096761,0.2365050659299114,0.1630801863837376,1020.212418969636,2946.9443195253043,5.610100000000001
35.4766,1,291,18.1,19.6056,18.421570446735394,18.4135,17.9239,0.1646602167667163,0.299435594785723,0.1491062470142805,0.0198657034761548,918.7009304370196,2944.0317124771027,1.6816999999999993
50.56145,1,85,14.5,16.2516,14.529175294117648,14.4978,13.9706,0.2198128137139168,0.0686729422450552,0.0564669232444497,0.0020920931726092,591.9255164183568,2279.9688607522985,2.2810000000000006
8.78083,1,9,14.84,19.9623,16.021233333333335,16.1636,14.8222,1.629878751625409,0.275754924209347,0.0875952431662193,0.0707578553520999,338.27546648998293,1021.1205004281,5.140099999999999
-13.38445,0,231,15.37,16.1904,15.999663203463204,16.0199,14.626,0.134385115914146,0.0806576086994473,0.0676167453432286,0.002525691395906,884.5668967220922,2925.020407465301,1.564400000000001
21.6441,1,91,18.96,21.9328,19.254313186813185,18.8337,18.0623,0.908971696810162,0.520870729192152,0.2080403316489952,0.1077491531347026,585.2247316965613,2787.273265058,3.8705
-13.99989,0,6,15.68,20.7701,17.36975,15.68885,15.6667,2.6163333814710987,0.46828731741952,0.1942573102924412,0.202398951965706,137.9870816103377,421.8759202080983,5.103399999999999
0.93362,1,37,19.24,21.2797,20.01394864864865,19.9359,17.9399,0.7851707431513865,0.530428235531905,0.3088119573440041,0.1199056991488434,848.8837882369219,2581.085732465195,3.3397999999999968
18.92181,1,104,19.46,21.2672,20.059140384615382,20.0426,16.7087,0.6695166254480224,0.6184064446423821,0.3144157092941279,0.1081802968340955,838.4797451172332,2951.9919680900857,4.558499999999999
19.22832,1,3,18.8,20.5078,19.7798,20.157,18.6746,0.9730701105264704,0.3712702254976789,0.2687227344928612,0.1154238784149132,550.1270324406543,1072.1410606019126,1.833199999999998
23.61391,1,120,13.44,14.6038,13.480323333333333,13.46075,13.4121,0.1154071788493774,0.0561829130478377,0.0526539472483438,0.00052187052263,318.82679111043325,1134.887169201298,1.191699999999999
41.9601,1,295,17.68,20.9032,19.317444745762717,19.328,17.6383,0.4093382012774051,0.6272592732908872,0.2021537475260812,0.0547538122319551,810.9486317705224,2708.8076791782005,3.264899999999997
6.03343,1,3,19.01,21.2477,20.934966666666668,21.067,20.4902,0.3956338753612129,0.559843350348527,0.4711155201073976,0.1083000815267585,769.2467146828989,1484.930979918703,0.7574999999999967
24.58413,1,28,19.23,21.4429,20.276032142857144,20.15955,19.073,0.850459684873563,0.7353312181750721,0.35872505999445,0.163231513233239,578.3744107521845,2513.9917130906038,2.369900000000001
18.71367,1,105,15.7,18.2739,17.26228,17.307000000000002,15.6966,0.3741865925423591,0.2550058421661499,0.0967838185162756,0.0245967243436556,867.4890605493678,2936.0453904746028,2.577300000000001
30.24955,1,2,19.92,20.8128,20.43005,20.43005,20.0473,0.5412902409983005,0.5135955270947791,0.4721435389869395,0.0586219637694349,1720.53978191695,2433.2106941893944,0.7654999999999994
-4.41877,0,12,19.43,21.0538,20.212816666666665,20.23765,19.1542,0.6228833931926194,0.483461593257266,0.3304948349331101,0.0994811109122215,370.96782382620097,1406.2217706595984,1.8995999999999995
-12.292,1,108,17.24,21.0068,18.90839351851852,19.17735,16.7367,1.0764511682473794,0.490849669133044,0.2316190757506,0.0913327332086357,924.9835494809728,2921.012466655091,4.270099999999999
23.11355,1,158,19.57,21.279,19.84753734177215,19.7514,19.1023,0.5278349868188807,0.581184995956866,0.2778359582390934,0.0896833362188124,806.8437996060146,3017.9140114816983,2.1767000000000003
16.16361,1,233,18.38,21.1777,19.932688412017168,19.9098,18.8872,0.4193126927542198,0.523762087231927,0.26878480167806,0.0700499722936692,874.4660713018326,2913.998782720002,2.290500000000001
12.18669,1,368,18.24,20.1348,19.22949728260869,19.2233,17.09,0.3464055036552177,0.542861355248913,0.193648161260829,0.0434413792900209,899.1886886462974,2997.934471215609,3.0447999999999986
-3.28473,1,332,16.67,18.6189,17.557018975903613,17.69095,16.2227,0.6121669666658722,0.214136535329465,0.1038595028331919,0.0228247104177983,914.6993148938806,3020.805725011516,2.3962000000000003
31.6747,1,62,13.97,14.0795,13.87853064516129,13.8772,13.6939,0.0370531323810697,0.0568479195004976,0.0539040643423239,0.0004664366029526,173.8216097188951,493.7200079401955,0.3856000000000001
-17.01015,0,37,18.97,20.6515,19.38461351351351,19.4933,17.5958,0.5207263261606392,0.402600339003885,0.2343685446620032,0.0525452569695182,578.3968607819887,2238.838251249901,3.055699999999998
-3.96438,1,214,18.75,21.1337,19.52692663551402,19.4723,18.5348,0.4560688407501425,0.569944149731137,0.2257728278228487,0.0675983336270842,785.4292952440373,2956.049248876996,2.5989000000000004
45.33307,1,158,18.68,21.0009,19.556044303797467,19.40165,18.6812,0.5364482277741214,0.5254687236914249,0.2364278711756076,0.0749317081478611,922.376353447916,3031.8438281254057,2.319700000000001
19.63489,1,10,19.82,20.516,20.13974,20.2299,19.6198,0.3350216550214827,0.369485207656771,0.3021586479623557,0.052810750728554,217.34522046329596,699.0668896180941,0.8961999999999968
40.93014,1,211,17.21,19.905,18.72643886255924,18.7411,16.9276,0.4489613967991488,0.439649030199692,0.1621342823723582,0.0435655357808817,955.3789223873372,2947.0129417824064,2.9773999999999994
52.12912,0,28,18.09,19.7821,18.614085714285714,18.6607,17.9078,0.6057676774536742,0.326785195317855,0.1614604060940256,0.0559365561627191,859.292552406565,2614.920293205905,1.874299999999998
-3.34134,0,17,17.74,17.9018,16.849470588235295,16.5068,16.4002,0.5860111877821811,0.108991652416139,0.0802869110648817,0.0145019357623196,690.1167137118447,1830.992532951699,1.5015999999999998
3.10445,0,118,18.77,20.9389,19.62345847457627,19.52995,18.3147,0.6299551878413663,0.643903717480077,0.2706323790025198,0.0983080628683776,589.2543503315081,2900.008095451601,2.624200000000002
1.13494,1,33,18.48,21.2699,19.941539393939397,19.8408,18.4779,0.8237720812440305,0.5847387861838841,0.3095424677914411,0.1270495196497273,880.4545735804395,3063.7729478241017,2.791999999999998
-1.34832,1,392,18.29,20.9141,19.19568724489796,19.1741,17.4812,0.5135709436974537,0.668630178911723,0.2044531506737005,0.0620397879815088,969.6968227887218,3111.653788981392,3.4329
25.72818,1,171,16.58,20.29,19.06726140350877,19.0659,16.5593,0.6378382258722822,0.474311697456946,0.1925722412399444,0.053318951647378,892.1897002617943,3021.8079876504053,3.730699999999999
23.25562,1,5,19.09,21.2888,19.63608,19.4112,18.802,0.9718822727059082,0.589346289253874,0.2906413885394422,0.1699365104510693,330.10256342111694,738.143123692098,2.486799999999999
15.22806,1,348,14.48,18.461,17.907902298850573,17.952150000000003,14.481,0.3859210252718313,0.333711226834523,0.1130773009990256,0.0217956857110316,912.0147327749556,2984.909577650404,3.979999999999999
29.01223,0,9,18.39,19.2828,18.37188888888889,18.7797,14.7962,1.3630182825667116,0.185293892215825,0.1454742079581248,0.0351790362694278,1235.219942803537,2436.213173055497,4.486600000000001
-10.28453,0,253,18.36,20.4942,19.11153992094862,19.121,18.1994,0.3637796614579617,0.330468202911762,0.1795894671766941,0.0337777907571306,910.5950205650648,2951.030758217901,2.2947999999999986
14.77724,1,44,19.24,21.5049,20.368354545454544,20.5528,18.9035,0.7000380413100322,0.605547630856063,0.3533442037712062,0.1225022339971112,835.7286633411326,2841.1375950344955,2.601399999999998
64.57489,1,5,17.8,20.0463,18.42748,18.0648,17.8989,0.9084415622372186,0.282291275028028,0.1521669341113987,0.0728166692235413,770.690514689062,1723.3247849186955,2.147399999999997
-5.07894,0,220,17.0,18.7953,18.17238136363636,18.18685,17.0009,0.2485609704756443,0.267968984895161,0.1220773295005187,0.0189379122207689,826.9692849628624,2956.032938102202,1.7943999999999996
10.36749,1,282,17.65,21.1436,19.61437304964539,19.5572,18.4708,0.4830436293785412,0.50394284503612,0.2338682136776119,0.0689824553848961,882.2368647148253,2977.980770451497,2.6727999999999987
-4.40049,0,25,17.52,19.8101,17.377200000000002,17.1972,16.2935,0.7755145533773051,0.375011180908767,0.1166389531294855,0.0585025286774339,1129.740081247539,2960.9086250461987,3.516599999999997
4.90674,1,15,17.59,21.1664,19.75192,20.2784,17.47,1.4056057205753982,0.5399433762466229,0.3138979677003027,0.1596194977282962,848.2441323606228,2596.9744733451007,3.696400000000001
20.92909,1,131,15.76,20.9827,19.679541984732825,19.895,15.617,1.0039697200424846,0.468107997947693,0.2562441465017783,0.0791115633566275,853.2902337700023,2915.9734252778944,5.3657
-7.80915,0,297,15.7,17.3478,16.9567101010101,16.9849,14.7684,0.2368346534468698,0.193169476144288,0.0854712708984667,0.0161071524600841,890.8469053690384,2943.960248773001,2.5794
15.99118,1,210,18.18,21.1684,20.032165714285718,20.01545,18.7988,0.4049882052340216,0.54582188397115,0.2884842846578024,0.069417481007276,891.429535232847,2984.9136861688967,2.3695999999999984
35.29008,1,142,14.41,19.0516,18.03699507042253,18.29265,13.6971,1.1261526937098698,0.21661724871709,0.1259195062694509,0.0290205099279048,1104.5143538645416,3055.8724660532025,5.3545
-7.7394,1,7,19.42,20.5977,19.558314285714285,19.5026,18.6317,0.6918261762142559,0.374622630599169,0.2340728297464283,0.0793614094375108,428.689831384887,1422.1130292475937,1.966000000000001
-3.57461,1,30,19.34,21.0385,19.802686666666663,19.6226,18.7108,0.7002331630069464,0.50949475455462,0.2750894780129344,0.1066615498053011,276.6833074796381,1743.2623304975932,2.3277
-4.48551,0,294,15.05,18.4296,17.76738605442177,17.9075,14.8365,0.6385092522677166,0.376380038893348,0.1150199571265916,0.0317273801643182,951.458919697575,3063.757462360896,3.593100000000001
-6.23257,1,11,18.87,20.7418,19.2499,18.9846,18.4997,0.6948596534552857,0.413675789615805,0.213651552262936,0.0933501760692358,691.148153868275,1800.992889085799,2.2421000000000006
26.19468,1,167,19.47,21.5623,20.285119161676647,20.2699,19.0397,0.4824816009893751,0.5648336198009201,0.3358129809676577,0.092434486658935,792.6905381885429,2984.9650864703,2.5226000000000006
27.4481,1,36,19.58,21.2553,20.29078055555556,20.4685,18.4731,0.7249628474498128,0.568428293287317,0.3552250181770932,0.1186079604444097,927.2363715440542,2935.9853186922046,2.7822
3.83075,1,10,18.29,19.2693,18.6377,18.55915,18.2938,0.3457613531517557,0.2085032141483049,0.1551726760151655,0.0276577016079117,10.278407949193026,26.00743901639362,0.9755000000000004
64.14264,1,77,17.49,18.1716,17.62623766233766,17.6214,17.1941,0.1041697034435455,0.253334658561285,0.1034911482755318,0.019600755324141,734.8469888606213,2557.8686645721027,0.9775000000000028
40.60174,0,29,17.77,21.128,19.67596896551724,19.7402,17.7117,0.9905121096481384,0.537586917083812,0.2784541230241602,0.1211744446944981,840.1965379129742,2946.985041666296,3.4163
9.28709,1,22,16.97,20.4045,17.842395454545454,17.2242,16.5519,1.3106405636638954,0.3334316852578119,0.1316650760037399,0.0697577808494809,1095.2155595150182,3047.3641772454,3.852599999999999
41.42442,1,257,16.73,21.118,18.99740116731517,19.1318,17.4908,0.6772630589758477,0.55327541883481,0.1787429843205029,0.0584793593975613,793.8778170627074,2896.0606104284016,3.6271999999999984
7.27777,1,137,18.47,21.162,19.27545401459854,19.1281,16.9354,0.8535877892593909,0.512676588715357,0.2155116546944482,0.1015824404364969,788.5468172740195,2686.710155856301,4.226599999999998
43.99102,1,18,14.45,14.4834,14.445316666666663,14.444,14.4196,0.0190621661012219,0.0557451810158644,0.0553915546387532,0.0003577619377695,42.52012909987182,147.7723448842953,0.0637999999999987
3.39431,1,178,19.27,21.2645,19.93897528089888,19.87865,18.6092,0.5565919615857718,0.637680347988678,0.2835882135120575,0.0961734069962719,856.523117195438,2940.9250134840117,2.6553000000000004
-4.33155,0,5,19.41,20.9682,19.8109,19.4904,19.4136,0.6567288405422744,0.465263946884441,0.2434490436435326,0.1244080546298495,124.43104566118326,278.252798495203,1.5546000000000006
-9.19953,0,25,19.2,21.2308,19.80494,19.6798,18.8753,0.5482215367288422,0.5773728957090579,0.2692476969278412,0.0977613601434254,576.5027526215405,2563.9942609378995,2.3554999999999997
-0.60855,1,22,18.63,21.0753,18.88808636363636,18.77685,18.4012,0.5655756269546944,0.5201545552463189,0.1736431973072396,0.0809340144275664,621.6035481413076,2888.210993912093,2.6740999999999997
8.00216,0,330,15.41,20.6352,18.458279696969697,18.59225,15.3756,0.794202379317122,0.612071438909649,0.1606039911524903,0.0580300252291865,904.3195081997288,2947.856524236108,5.259600000000001
34.57302,1,366,16.3,19.145,17.465674863387978,17.41555,16.7417,0.2794606587782537,0.315686095434101,0.096663150847465,0.0218906378741269,852.2043813116321,2954.9919941317203,2.403299999999998
-6.78433,1,79,15.4,15.4329,15.387681012658229,15.39,15.2464,0.0277397986605997,0.0655338040662866,0.0613216796143503,0.0011796441869489,271.1452042016372,743.9031719444902,0.1865000000000005
12.88729,0,106,17.0,21.0925,18.226927358490567,17.4374,15.9926,1.56943879484617,0.5764302002496441,0.1888786765757642,0.1360717249810065,895.3327080026706,2906.9544230206084,5.099900000000002
18.73771,1,251,15.86,21.2041,19.57469561752988,19.7142,15.3448,0.9679715802546672,0.590680503445439,0.2641337686937033,0.0849690083594793,914.2289380638446,2975.8832195945943,5.859300000000001
33.88345,0,11,17.92,20.9853,19.09256363636364,19.1891,17.8758,1.089855664088348,0.450260444227404,0.2015190882481118,0.1126282217329341,440.2058829436841,1449.0662558330005,3.109499999999997
-10.86337,1,10,16.04,20.9006,18.06685,18.76075,16.037,1.7616457748682377,0.535515244849393,0.1816792751133119,0.1429922792074476,510.7864707896483,1473.990900150493,4.863600000000002
36.71587,1,2,17.45,19.9939,19.76015,19.76015,19.5264,0.3305724202047118,0.270061834388921,0.2415641302000934,0.0403018397603364,7.772742482284403,10.992317835283757,0.4675000000000011
-4.99524,1,128,14.35,14.3555,14.305753125,14.30565,14.2663,0.0192839165880889,0.0569922113885415,0.0548659451803595,0.0005004670000006,420.4290716071753,1439.067088634205,0.0891999999999999
7.64059,1,4,20.29,20.4189,20.0736,20.1072,19.6611,0.3463497461622662,0.402126969488455,0.300334704642005,0.0771284043265631,598.3471164455802,1196.7058979398062,0.7577999999999996
28.3252,1,68,19.06,21.3489,20.12381764705882,19.9993,18.9821,0.677134000041568,0.6210657411737961,0.3216941001495966,0.1144421460571574,910.7146714676408,2990.9608307177987,2.3668000000000013
5.91524,1,9,19.03,20.797,19.42325555555556,19.263,18.8102,0.5800164030247581,0.498976665138674,0.2188380431505219,0.1076504334638248,353.93704083627136,1067.1718952549054,1.9868000000000023
12.38222,1,286,17.79,20.5416,18.964885314685315,18.9882,12.9127,0.6688130993174924,0.393194398245896,0.1821467246827085,0.0509582056814691,945.5127213302848,2958.8163453243037,7.6289
-2.06956,1,36,17.99,21.1522,19.332894444444445,19.92185,16.6148,1.36733939834043,0.533719967693943,0.2886613955438774,0.1293179438307049,904.8690332654204,2933.0004140855963,4.537400000000002
22.8256,1,2,18.64,19.1964,18.9982,18.9982,18.8,0.2802971280623473,0.187833493535506,0.1741980645025634,0.0192834086671631,18.422578362205872,26.053460173709027,0.3963999999999998
30.96617,1,111,18.43,21.4492,19.647655855855856,19.7146,18.3365,0.6417045951192926,0.684911346608438,0.252418053267837,0.0942421582942918,934.327768992282,2949.968882800604,3.1127
-9.42087,0,36,20.09,20.9002,19.774247222222225,19.78385,18.9275,0.505858035695567,0.482875676484367,0.2592230967516278,0.0781744278508405,576.9932709930073,2181.9858332872027,1.9727000000000032
37.62914,1,492,15.4,19.1733,18.24903638211382,18.2867,12.7098,0.3573808404057558,0.260598763539602,0.1262360463888497,0.0154713373749799,904.8124033807402,3113.2508359839994,6.463500000000002
12.23727,1,302,15.46,18.4448,17.654327814569537,17.657850000000003,17.3685,0.1094150421546014,0.187541590059057,0.105441005646238,0.0105447114759235,910.9961313250808,2975.875937372897,1.0762999999999998
69.24623,1,48,12.98,13.1168,13.021577083333334,13.02545,12.9185,0.0509564780488385,0.0535679835001995,0.0518892534244997,0.0004114182356854,499.7747723699592,1535.0625636455952,0.1982999999999997
-15.5307,0,148,16.6,20.16,18.527543243243244,18.69305,16.5364,0.7018288970271437,0.504381033544923,0.1580722671796969,0.0515702477567058,832.9582463081134,2867.1017585992013,3.6236
-0.7024,1,4,17.56,17.8587,17.765,17.818550000000002,17.5642,0.1355380143477589,0.10564583632633,0.1025345838603018,0.0044141777616359,0.0083267999946061,0.0193398496994632,0.2944999999999993
44.0861,1,309,15.18,20.4975,18.44098867313916,18.729,14.962,1.0611340238900069,0.428564634047919,0.1524131237934005,0.0515523082221989,841.166962533162,2920.000257916603,5.535499999999999
-0.27595,1,170,19.33,21.4862,19.86293294117647,19.8025,17.5455,0.5961540158586833,0.564240360548964,0.2749397189717658,0.0920147178770365,711.7197546493923,2901.052697106192,3.9407
29.45853,1,198,19.23,21.4191,20.046134343434343,20.0158,18.9005,0.5093399243236045,0.594391291086247,0.2906017851550175,0.0917627070364346,761.1585412722442,2977.9453393402,2.5185999999999997
33.26105,1,320,16.47,19.524,17.5307978125,17.45415,16.2513,0.4246607832630596,0.263011097408855,0.1025591989083684,0.0246818782993065,940.428506362098,3051.777116840196,3.2727000000000004
-5.29468,1,439,15.16,18.5077,16.511451025056946,16.5149,14.452,0.8796059021246994,0.205677012499597,0.0812077020673372,0.0208182548605032,973.295478973228,3087.705360104301,4.0557
-0.12581,1,155,17.18,21.3567,19.729618064516128,19.771,16.4104,0.8316273651562638,0.560424352285433,0.2622995313547415,0.0972983224528395,869.9846623741587,3124.2777772225963,4.946300000000001
28.01361,1,17,18.75,21.0966,19.9789,19.9987,18.7276,0.8049503377538272,0.512905905177281,0.2774343661778748,0.1116557298218239,368.48831887492105,1973.7120708678997,2.369
32.31735,1,7,18.43,21.2082,19.529085714285717,18.5523,18.4307,1.3198298645767086,0.5373267844923599,0.2769281539498079,0.1831066995974889,429.8281998557323,1044.0348370139982,2.7775
-4.85955,0,285,19.26,21.238000000000003,19.39253157894737,19.3173,18.4596,0.458518352788989,0.572700014338573,0.2142867885025421,0.063124154918191,825.3443141412257,2956.030676713199,2.778400000000005
25.53758,1,6,17.53,21.289,20.06155,20.0481,18.7885,0.8181808669236904,0.560424343558476,0.3138256061286185,0.1364861611177423,614.993900215412,1518.7201490165023,2.5005000000000024
3.40932,1,353,17.73,19.8451,18.276916147308786,18.1525,17.678,0.3737326906069225,0.6069814310522379,0.13145720437322,0.0412329340351521,918.2622956993056,2981.8885268867016,2.167099999999998
16.02786,1,326,17.97,20.862,18.807754601227,18.9742,13.8902,1.1901425183023548,0.450583212590288,0.1807709759455086,0.0575405544204579,886.1635434697472,3106.7019642017985,6.971799999999998
34.33977,1,206,17.13,21.0763,19.33755922330097,19.38315,17.1277,0.6564786668184169,0.505260432817715,0.2059014503813716,0.0665154915928887,810.4241297566972,2732.762930219993,3.948599999999999
27.57377,1,33,19.8,21.5232,20.346596969696968,20.3146,19.0459,0.7587692054755731,0.579270612122501,0.3460505851175944,0.1364582220203115,631.8726096935872,1916.8771675926184,2.4773
23.3806,1,280,18.73,21.1352,19.21599107142857,19.1144,18.2858,0.5079479177280813,0.5513169635191179,0.2037993767637828,0.0722951803454865,814.8082083355868,3069.7984965046926,2.849400000000003
68.54855,0,27,13.86,13.8682,13.836907407407407,13.8333,13.8155,0.0126834212178406,0.0539366516127338,0.0535843204064715,0.0002218079191512,200.30296394070564,524.724929410113,0.0526999999999997
37.77177,1,256,19.1,21.3376,19.9884234375,19.9228,17.6849,0.481162510394684,0.547181916952802,0.27847515538572,0.0795263200238216,801.4807257347105,2738.757062476907,3.6527
24.73113,1,23,19.17,21.4059,20.48165217391304,20.4842,19.1655,0.6944046821621359,0.557535338491875,0.379227043431858,0.1306392772944246,948.8199969408862,2957.9498290509,2.240399999999997
6.6095,1,168,19.3,21.2424,19.649379166666662,19.551,18.3426,0.5451704964157295,0.518730107745889,0.2410335062732023,0.0800139171132856,537.7816609435122,2865.1218122337013,2.899799999999999
-17.51281,1,4,18.69,18.8591,18.72115,18.70815,18.6092,0.1040881837674197,0.166570881925357,0.1570335927931152,0.0070977710062994,0.0112019971572522,0.0260096872007125,0.2499000000000002
32.10206,1,379,17.36,20.3832,18.76493799472296,18.5537,16.9691,0.7627810832646827,0.406687210425089,0.1715349467303962,0.0642189398644569,878.5272144270591,3107.725637245297,3.4140999999999977
53.41833,1,96,13.82,13.9764,13.828816666666668,13.8262,13.7399,0.0334976249485392,0.0643398492363904,0.0535745149162534,0.0022803348444125,200.95288925316112,721.004861609108,0.2364999999999995
1.26317,1,45,17.55,21.1885,18.272224444444443,17.8113,16.7692,1.2358646434334517,0.585391147136135,0.1693224926320189,0.1112566021908301,834.8439907369038,3058.7469575461,4.4193
15.3022,0,6,19.35,19.3494,19.20736666666667,19.2265,19.0304,0.1127904192148718,0.536289614041235,0.2489277115565256,0.1410620236810285,397.5346035152712,1179.832089826501,0.318999999999999
39.03081,1,54,18.92,21.4749,20.402642592592592,20.48445,18.8668,0.6502152655450882,0.6172759066925301,0.3551552675326452,0.1167375899428285,802.5218256849929,2691.7846671987936,2.6081000000000003
25.2565,1,24,18.69,21.5332,20.01715,20.2158,18.6113,0.8785534513941216,0.544470869992558,0.2950378563046462,0.1248881936851004,903.659884476486,2827.1737213421875,2.921900000000001
6.04675,1,2,19.43,20.912,20.75235,20.75235,20.5927,0.2257791952328634,0.464034370285644,0.429227579865216,0.0492242350752472,1797.4643867570114,2541.998513634404,0.3192999999999983
40.72794,1,228,13.88,19.8173,18.634660526315788,18.8621,13.3332,1.0930182789737093,0.4138036066251571,0.1640477454556875,0.0422492028062578,872.4233179798154,2936.045374803216,6.4841
22.415,1,23,18.63,19.2688,18.26752173913044,18.2244,17.5306,0.4994506026685008,0.1812697262072189,0.1253660180665929,0.0242843665208474,715.5814178464965,2151.110524687494,1.738199999999999
-0.58676,1,21,18.32,20.5789,18.88365238095238,18.8254,16.7098,0.8342004079470632,0.3857363016394969,0.1741327448257947,0.072589269956816,40.49990279001658,118.82561133099809,3.8691
1.80468,1,286,18.43,20.7152,19.251166083916083,19.233,18.1407,0.4258529258555111,0.599900754182496,0.1986904462192965,0.0567753492920509,961.8855283320902,2963.924247581097,2.5745000000000005
26.91752,1,191,19.39,21.3149,19.894550261780104,19.9032,18.7736,0.5404724522776235,0.713589374071703,0.2786047744262359,0.0877862641751161,868.520824851643,2953.913773888795,2.5413000000000032
0.49367,1,181,18.52,21.3105,19.84322044198895,19.7508,18.6868,0.6280689129491582,1.06480750526391,0.2756587741747327,0.1142378313766069,901.7444757257782,2745.713928101992,2.6236999999999995
-25.90374,0,28,17.58,20.1283,18.78093571428571,19.0526,17.3345,0.8832588912927051,0.300051986107901,0.1724635576930051,0.0579061266714445,571.7153357744531,1470.957277731497,2.793800000000001
5.05489,1,37,18.94,21.3582,19.632954054054053,19.3534,18.5734,0.7982328776722973,0.593712017664007,0.2599730724462772,0.1276913666214497,504.0812597646459,1832.0399489816991,2.7848000000000006
14.64064,1,287,16.8,20.3169,19.05008327526132,19.1214,16.7458,0.5152968187342396,0.474869855661007,0.1883396479590661,0.0478077352954149,951.3674011852632,2958.806596805385,3.5711000000000013
6.48788,1,43,18.05,21.2834,20.1875,20.4074,15.7367,0.9891856881871516,0.590680503445439,0.3798297237367959,0.1297526251891202,836.8768246626623,2865.1622372567945,5.5467
18.21434,1,16,18.6,21.2532,20.23145625,20.21475,19.0956,0.5706014054997874,0.540735016007017,0.3322479441314864,0.1044762668788932,1038.6771137316296,2907.986110416692,2.157599999999998
2.17305,0,188,18.19,21.2657,19.115384042553192,19.0793,17.9345,0.7559910048559727,0.5493769345751189,0.1980583194836535,0.0831161243157586,972.2575478343232,2996.861093009298,3.331199999999999
20.92127,0,362,17.9,19.4732,18.053711602209944,18.0411,17.5231,0.2307990016113439,0.496437487506258,0.1295930231953925,0.033966804724402,891.1150292160391,2950.8980641552043,1.950099999999999
-14.46849,1,60,16.59,21.1583,18.484166666666667,19.11975,16.2497,1.8184603807884236,0.561298848787407,0.2294705403699601,0.1452537951508947,1036.084265729222,3038.772605960701,4.9086
5.70209,1,100,18.98,21.3036,20.050124,20.05415,18.3702,0.5550632660491692,0.986389322633903,0.3065977255791685,0.1140328390496392,920.1565812088928,2990.9104508450982,2.933399999999999
35.78588,1,23,18.44,21.2074,19.27140434782609,19.1114,18.4124,0.7785319894626052,0.527190377080127,0.2174321000693816,0.118190219776949,449.0681615104517,1772.027162800805,2.794999999999998
-3.22818,1,240,17.18,21.3234,19.14596875,19.08555,17.1827,0.5527174870435964,0.5815056945854461,0.1907538288876371,0.0629571849758644,953.4692653201948,2968.9935315973053,4.140699999999999
0.90423,1,330,16.16,17.5088,17.210760303030305,17.244,14.6697,0.2548840486719101,0.197563765099832,0.0896406120442594,0.0128333456712415,864.9222052740852,2908.028677476599,2.8391
12.13833,0,12,18.93,21.0256,19.8593,19.9991,18.9266,0.7833385242896985,0.48781790492571,0.2757509578052106,0.1110473222095358,286.54280689212595,795.9822157179005,2.099
25.19104,1,2,18.75,20.9574,20.0962,20.0962,19.235,1.2179207199157098,0.476743309626824,0.3396922014813349,0.1938195358776123,501.4909232431736,709.2152650575008,1.7224000000000004
-7.06275,1,30,18.25,21.2293,19.95322666666667,20.02335,18.2505,0.7322341649826344,0.554120438702223,0.2983917324439431,0.1087553725945776,634.6431435574249,2892.1145705785966,2.9788
27.18763,1,7,18.56,21.4606,20.944557142857143,20.9397,20.4041,0.3979128918793775,0.574868117625171,0.468880109022982,0.0771667793490861,1111.9207811131514,2653.774169375203,1.0564999999999998
7.47746,1,301,18.91,21.1951,19.463421594684384,19.4193,18.4626,0.4394299280872688,0.5496529614403379,0.2161432601244018,0.0597130626549136,827.2824555082254,2977.929541539401,2.7325000000000017
8.54542,1,23,19.81,21.0441,20.12231304347826,19.9998,19.4327,0.4996219901124777,0.501551172727589,0.3104992083817121,0.0905990951180722,416.8218743518404,1537.883866273296,1.6113999999999995
16.523,0,275,16.38,21.0196,19.80105163636364,19.849,15.4375,0.6102377292138461,0.542594324643371,0.2776519133243568,0.068868649123997,887.767037279873,2975.8613227199967,5.5821000000000005
1.26896,1,82,17.07,21.2472,19.48409024390244,20.0883,16.9306,1.431544976038882,0.551874642354795,0.2705188117105749,0.13439319103792,790.7926850913752,2633.957377014201,4.316600000000001
43.12268,0,11,18.31,18.4292,18.22548181818182,18.2921,17.9202,0.1485023556593076,0.141724823137048,0.1257456713031109,0.009348165521572,113.29333632026848,393.0823413654944,0.5090000000000003
16.47033,1,2,18.92,19.4796,19.0383,19.0383,18.597,0.6240924450752481,0.179931541168636,0.1596977769259654,0.0286148638098444,6.331403502224094,8.95395670169819,0.8826
30.24344,1,29,18.19,18.322,18.05925172413793,18.1025,17.6365,0.1444656499475855,0.143972908096994,0.1191176898297033,0.0074088859339031,46.43615829267824,162.7560049770982,0.6854999999999976
23.22481,1,155,19.71,21.3347,20.172807096774196,20.1509,19.015,0.4822380214840934,0.5940513969402579,0.3239471070342886,0.0912410379092581,810.25908437741,2988.9248414467,2.319700000000001
5.35505,1,8,18.58,21.0796,19.40065,18.91745,18.3834,1.091624270787081,0.5189667997867979,0.2517540323519542,0.1589531311555484,733.6784569532762,2191.939762187096,2.696199999999997
4.47999,1,32,13.94,16.6226,14.870353125,15.0592,13.6502,0.7764847575449233,0.0734716185887319,0.0592621127220683,0.0057980199588179,96.95196401214712,501.6659677085918,2.9723999999999986
34.14972,1,8,19.73,20.1507,19.7032625,19.6838,19.2522,0.3249236566927246,0.303349691725099,0.2670790670656862,0.0267360331429875,61.65035122432869,145.28074336789723,0.8985000000000021
24.00553,1,16,19.74,20.6852,20.0452,20.113100000000003,19.0285,0.4404185403302937,0.390991478372312,0.2883241938207411,0.0586988599649715,373.33940608960353,1505.8826895023958,1.6566999999999972
-12.61915,1,5,18.07,20.964,18.58832,18.0743,16.6999,1.7087992998008863,0.495180931191506,0.1972760321250466,0.1752892043035974,501.3187859109044,1120.9961929976052,4.264099999999999
28.45036,1,169,19.59,21.2024,20.0799100591716,20.0777,19.0825,0.4429164963013094,0.552154037322911,0.2967692579528421,0.0762937423322118,765.9110840499009,2979.9735768057944,2.119900000000001
12.80337,1,171,17.87,21.0614,19.748534502923977,19.6784,18.0,0.4738789076300642,0.5360311424649461,0.2554625215077112,0.070016146808507,963.90239257493,2948.925758634199,3.061399999999999
-13.78868,1,5,18.67,20.3923,18.92848,18.6654,18.4001,0.8332149044514262,0.479018118471298,0.2107813143843742,0.150266466866905,679.215910847472,1518.7841620946929,1.9922000000000004
-3.40165,1,4,17.78,17.7764,17.6466,17.61645,17.5771,0.0923335619732419,0.130084600904829,0.1104628384691814,0.0131724513785116,0.009197465156186,0.0213769908004906,0.1992999999999973
-17.93056,0,82,13.56,20.9373,19.331771951219512,19.55575,13.5562,1.398218218920807,0.5081473042240721,0.2405158534237687,0.0797141175761053,873.0882416744548,2925.954209073905,7.3811
24.74381,1,187,17.66,21.3351,19.972405347593583,20.0567,17.6027,0.7528611983292453,0.594391291086247,0.2943741545428459,0.107539461635279,974.9606792204976,2992.9079136340006,3.732400000000002
33.47032,1,12,17.0,21.5199,19.56455,20.56465,17.0034,1.8804982103397256,0.6507212912915871,0.3240882134965085,0.2038959814746264,896.5702071235653,2231.900778553507,4.516500000000001
23.04145,1,28,19.67,21.3267,20.330917857142857,20.2744,19.4739,0.4606159282667245,0.570553511498524,0.3389187367630696,0.0940965088225729,735.586940174501,2735.688344525697,1.8527999999999984
40.69156,0,75,15.33,21.2785,19.116086666666668,19.6675,14.9156,1.5891619374164905,0.554402880134858,0.2302539243856192,0.1117314618175761,840.2638393524101,2948.8356451154978,6.3629000000000016
27.00908,1,204,18.99,21.11,19.725604411764703,19.66525,18.7132,0.5105821691542626,0.554685725895003,0.2554086157352255,0.07744835535217,712.4827756445189,3097.723216145707,2.396799999999999
27.19048,1,21,17.58,19.4195,18.43713333333333,18.5951,17.2715,0.6567198895521084,0.217686074527549,0.1466902418460348,0.0376595864850551,17.709601952749793,55.794005440002366,2.148
-6.87366,1,14,19.8,21.3723,20.14,20.0245,19.2972,0.5692770367891051,0.521589542874472,0.3074391380810918,0.0974494772751863,515.9300123821836,1877.9113805438972,2.075099999999999
16.51445,1,167,16.8,20.9129,18.678262275449104,18.9779,16.2093,1.002723396051959,0.5569622852792591,0.1784899910416684,0.0770703178889092,884.1315745446944,3120.6502416203,4.703600000000002
3.89261,1,79,18.26,20.8141,19.90826329113924,19.9289,19.0141,0.4030762643932716,0.4410142578743989,0.2652007627936046,0.0590075963822322,717.7145916833433,2296.8121045139123,1.8000000000000007
16.13553,1,446,18.31,20.232,18.73029349775785,18.754800000000003,17.514,0.3478509418958868,0.759535334677587,0.1558544953413533,0.0436704802448314,922.9909461165776,3127.2607618286056,2.718
-1.28259,1,63,20.07,21.1665,20.006942857142857,20.0138,16.7533,0.6004912230333532,0.498126388083647,0.3091638773131967,0.0846433994347345,759.3939746805601,3040.7414638078044,4.4132
40.36879,1,14,19.41,21.3961,20.698585714285716,20.89535,19.8349,0.5074217557828571,0.6109712441188629,0.427029640201218,0.1218594585161587,859.0815915271786,2591.928485752098,1.5611999999999997
31.79626,1,115,20.4,21.496,20.398230434782608,20.3963,18.4714,0.6025159475466653,0.6066221371282309,0.3533329589457565,0.1102426151460035,805.3359679478635,2912.965426921197,3.0245999999999995
29.05543,1,313,16.91,19.5147,18.916035143769967,18.9492,16.4968,0.3166787107025663,0.28930573943916,0.1668769283899878,0.0213332296544422,937.852179808936,3057.774683310199,3.017900000000001
27.66234,1,70,18.68,21.4012,20.368035714285718,20.3453,19.2278,0.4529932104413974,0.570248607890352,0.3491897731926099,0.0894475622023807,825.3012650173139,2685.848471273195,2.173400000000001
19.46373,1,12,19.99,20.3279,19.8236,19.82245,19.275,0.347569095812095,0.346244850291403,0.2576267732405304,0.0491663160187614,10.34759358373834,28.0438804978985,1.052900000000001
11.51414,0,155,15.52,21.3888,19.70206580645161,19.8261,15.8483,0.8371551515216964,0.66448811191672,0.2621583988297319,0.0917518687193323,960.8810132492032,2948.8718445255,5.5405
33.31991,1,29,19.84,20.8676,19.57071034482759,19.4774,18.9732,0.4534304430393673,0.4305488626405049,0.2164183882631982,0.0598432171808553,28.34893213273384,80.90347967599519,1.894400000000001
22.30929,1,187,17.58,21.2784,19.82184438502674,19.8974,16.7942,0.7218963835695367,0.580545012386319,0.2914415840965961,0.0999998487043362,926.1344441559428,2960.9418951506013,4.484200000000001
-6.16089,1,9,19.74,20.3957,19.481366666666663,19.5768,18.5723,0.6357006233283088,0.439196519547474,0.2328691137714362,0.0949465763261494,136.49132182902065,427.8502224883923,1.823400000000003
14.48233,0,28,12.6,12.6809,12.591867857142857,12.6083,12.4566,0.066736125225045,0.0521345589776687,0.0512610621841022,0.0003535302075268,66.23759296769332,210.61360659710044,0.2242999999999995
17.10129,1,364,16.38,19.4179,18.50359642857143,18.49545,17.9416,0.1994176530433968,0.298670249221958,0.1397556478629678,0.0215649788254859,907.3936454624798,2956.8119750465994,1.4762999999999984
-3.51743,1,272,18.22,21.0962,19.28814117647059,19.35955,16.9048,0.562701219372663,0.614287666113567,0.2081556332137265,0.0571982906961969,912.2656489948134,2956.056453506899,4.191399999999998
26.56292,1,10,18.7,21.1688,19.49109,19.1992,18.7008,0.8264413301082602,0.563058841582997,0.2558248910985826,0.1437144880579119,261.73918450893615,951.2218729629968,2.468
-3.61663,1,41,18.91,21.1446,20.12345609756097,20.3309,18.2179,0.7536661220490076,0.4998308689530539,0.3170219714134558,0.1020908703144139,914.6365866853996,2958.850116261296,2.9267000000000003
14.49414,1,7,17.72,20.0909,19.2698,19.3227,18.6339,0.5208397546270824,0.357886743676622,0.2083717316338111,0.0721850376154157,866.5444166717306,1940.6566735534,1.4570000000000007
12.56052,1,271,19.55,21.0787,19.70122140221402,19.6154,18.6827,0.4391107949104844,0.525224025812102,0.2473080072305898,0.0618530701353305,882.2219176741164,2987.9775286922013,2.396000000000001
35.97487,1,107,19.69,21.3456,20.052659813084112,19.997,19.1496,0.4766970575643739,0.593712017664007,0.2907464249866914,0.0816740390068391,546.8415124191625,2653.906392152414,2.196000000000001
43.75387,0,14,18.36,19.7878,18.182021428571428,18.18855,17.6187,0.5663863986559157,0.273686684514957,0.1341442661208219,0.046355907600941,1179.9731633219217,2586.991308738506,2.1691000000000003
2.86507,0,84,16.84,21.2843,19.36050833333333,19.85045,15.4463,1.4001636522429242,0.523762087231927,0.252622749306483,0.1210192180971936,993.7875860831556,2900.0286870369964,5.838000000000001
52.1454,1,32,18.92,21.4581,20.0667125,20.11545,18.5782,0.998531999826455,0.6098762353609339,0.3487621507954996,0.1603873595884946,609.6278066507103,2184.1167159723045,2.879900000000003
8.08062,1,22,18.57,19.8775,18.49735,18.5695,16.7639,0.5538963722488862,0.258119307698004,0.1428356562003261,0.0316519858433389,1092.071940640662,2842.1852785067967,3.1136000000000017
20.54432,1,26,20.11,21.1142,20.47222307692308,20.55485,19.7672,0.3209128608300921,0.511762039128483,0.3579058566976536,0.0678740526860595,598.3212103468462,1875.8109664236035,1.3470000000000013
19.18389,1,47,18.85,21.2851,20.22322340425532,20.0906,19.1604,0.4531971800503072,0.563058841582997,0.3214835971463285,0.0812091728714742,378.3216843238097,1468.9608699306991,2.1247000000000007
17.42727,1,177,17.46,21.3196,18.95791638418079,18.8692,16.5637,1.0223906409136183,0.511990263259519,0.2034647580930857,0.0969809624616547,878.4561998621775,2971.016947199103,4.7559000000000005
23.15405,1,88,19.58,21.3049,19.45735340909091,19.2599,18.0779,0.8023197466411487,0.578953180129953,0.2388307680974378,0.1045048456001757,593.602445249401,2368.738757951593,3.2270000000000003
-8.32407,0,290,15.01,19.1652,17.779179655172413,18.2185,14.6926,1.03774055429455,0.452369804644302,0.1174602092923125,0.042613494666703,851.750565811311,2919.0246586229914,4.472599999999998
38.17884,0,6,18.12,18.1184,17.9811,17.95805,17.9266,0.0718746686948894,0.126979004788531,0.1206721386865735,0.0053122219306599,15.28292342786719,27.91834691009717,0.1918000000000006
-1.74223,1,355,18.48,20.7247,18.94546422535211,18.7686,17.9834,0.5025417046405184,0.410890948644754,0.178645098188859,0.0490734749666683,924.9204880166252,3060.747927477103,2.741299999999999
39.7081,1,29,18.88,21.5876,20.33013103448276,20.4195,18.6549,0.7576515746999539,0.6272592732908872,0.3575863389583126,0.1280433433171521,545.6981038764366,2170.2287521412945,2.932699999999997
40.59283,0,133,12.7,15.3861,13.68922030075188,13.6032,12.5865,0.6143443433745208,0.0790999227431895,0.0539244258796315,0.0031525175411681,1056.2016164777378,3108.8064816780025,2.7996000000000016
-16.33939,0,21,18.82,21.3039,19.3006,18.8199,18.089,1.0135122653426551,0.486221536441635,0.2276106402169665,0.1232309386880324,530.7222672636481,1815.044417534904,3.2149
7.98018,1,33,18.49,21.1903,19.82921515151515,19.8248,18.4891,0.8198292212105883,0.5206317056316451,0.2821974003087806,0.1227088744817197,689.8713537206543,2894.065608217905,2.7012
2.28129,1,243,16.79,20.889,18.836498353909462,18.8023,16.7301,0.5839544315239449,0.7141401691575501,0.1794623809886149,0.0670480409911637,940.2558714174174,3005.825420046196,4.158899999999999
7.67036,1,9,19.69,21.366,20.358666666666668,20.2754,19.5816,0.6413762429338958,0.6055476201359999,0.3543972255534886,0.1490887263523594,253.98373655856147,748.97650669,1.784399999999998
24.13363,1,16,18.97,21.2535,19.808375,19.5505,17.9948,1.0842437539594134,0.5681264081835171,0.3096804177523941,0.1466871100055878,766.1462783535106,2681.861097639099,3.258699999999997
-5.14424,0,14,17.45,20.8545,17.352621428571428,16.995449999999998,16.0543,1.4553805847367118,0.4585239996005379,0.1221987734163388,0.1153623689318065,516.681009654481,2626.8891952317936,4.8002
-5.90876,1,23,18.75,20.952,19.39886086956522,19.2474,18.2903,0.6167907931301508,0.463161493965068,0.2133719333237249,0.0776023344963581,493.9337555315099,2350.648397940204,2.6617000000000037
14.82502,1,16,18.97,21.3465,20.46903125,20.88785,18.6136,0.9835350735781272,0.585391153669409,0.4089627095214536,0.1592526312902957,690.1001644167133,2580.9478396992054,2.732899999999997
48.80136,1,27,19.2,21.11,19.12912222222222,19.0839,18.6538,0.4459231835653142,0.5586861661947901,0.1914178633926724,0.0751068348114885,89.06648613702187,473.8267053356758,2.456199999999999
-24.27347,0,13,17.16,17.1993,16.966746153846152,17.1155,16.5422,0.2752242195477009,0.0872719678291289,0.0818522589371023,0.0054314084665367,968.5045088607512,2239.8933594329064,0.6570999999999998
-3.03441,1,22,18.92,21.4112,19.9029,20.1,18.6285,0.7118346430510524,0.517551053739308,0.268763874876598,0.1017601580152487,430.5880515007185,1928.7634074305895,2.782700000000002
27.32749,1,24,18.5,20.2942,18.7784875,18.6364,18.0301,0.6377985352570884,0.324308134137656,0.1667354818331183,0.0641792379838604,145.69460266652027,734.1149646876074,2.264099999999999
18.42499,1,126,17.47,21.3029,19.940185714285715,20.161050000000003,16.8885,0.986777556511236,0.592696922933054,0.3101363041853374,0.1278063303358327,871.8501106389691,2975.8760774308103,4.4144000000000005
58.48208,1,86,17.32,21.2031,19.24904302325581,19.5564,16.9301,1.120949991280053,0.8651945258728672,0.2310069636687421,0.1161612152121079,843.0751999029211,2684.990879722296,4.273
9.33887,1,18,19.16,21.2626,19.677572222222224,19.4684,18.8479,0.7804152196525643,0.5764302065205611,0.2742804891669921,0.1306368022579004,681.6170191139184,2326.8628043397985,2.4147
14.8139,1,15,19.09,21.0224,19.704946666666668,19.6365,18.7623,0.6220510037272634,0.498126388083647,0.2496328209560719,0.0953945672936433,270.52898170044034,1429.9423328935954,2.2601000000000013
36.76736,0,55,17.59,21.2217,19.567269090909093,19.8905,17.4246,1.133433588355366,0.572084523202219,0.2737696630889202,0.1341999643008593,809.2678116791434,3045.7113090973,3.797099999999997
16.04377,1,3,19.3,20.3761,19.68913333333333,19.5078,19.1835,0.616631999926483,0.3501926700171711,0.246821613089243,0.0917191669022998,1253.794142166208,2489.216696203701,1.1926000000000023
29.48019,1,20,18.17,18.3188,17.637125,17.457349999999998,17.0393,0.4630088005017885,0.132741365629506,0.1048853644014167,0.0145544357761211,1186.705343369007,3120.749472951509,1.2794999999999987
-9.34962,1,23,17.35,17.6482,16.824643478260867,16.9451,15.9334,0.575641348905002,0.0993195072800893,0.0810960103772552,0.0109508788541147,1121.658600681209,2878.052988796,1.7147999999999983
1.35688,1,31,17.06,21.0731,18.57922258064516,18.7388,16.7959,1.360021351476924,0.561883886554092,0.19493776869741,0.1265467734790672,1068.2572462174244,2950.049834039506,4.277200000000001
20.97892,1,360,17.22,19.2405,18.45788361111111,18.46305,17.4613,0.1455882765768507,0.589013983477055,0.1409918049771089,0.0381463337231952,899.5599054195441,3037.7641976965024,1.7791999999999994
22.15563,1,343,15.48,20.5491,18.713233527696797,18.7016,15.4225,0.6540155495237137,0.517786302513275,0.1629868639681977,0.050037559560029,874.5680759305651,2952.983849352197,5.1266
34.67309,0,9,18.73,18.7288,18.290966666666662,18.2086,17.98,0.2421012030122942,0.149903739075275,0.1372562975644397,0.0107562920156975,3.1397967325515324,5.973999525405816,0.7487999999999992
66.81594,1,24,13.89,13.9049,13.869066666666669,13.868950000000002,13.8339,0.0179491471679845,0.0574771936516662,0.0538766361697581,0.0007871019785453,175.4919703129886,395.8811762266996,0.0709999999999997
21.86896,1,15,19.42,20.5752,19.80405333333333,19.8394,19.068,0.4583145221767425,0.377663712066545,0.2621357953715904,0.063106008161683,787.1824105646008,2810.371939201301,1.5071999999999974
39.1573,1,329,13.45,17.8922,16.956333738601824,17.4438,12.4607,1.351946584350692,0.285981286385996,0.0942360408881462,0.0282418772257514,911.9213459472174,3061.8024355786984,5.4315
-8.3614,1,312,19.36,20.17,18.924086538461538,18.8624,17.8612,0.4006660538393993,0.345856967066714,0.1731983475860831,0.0370992061147205,881.2127502063826,3067.6748062037004,2.308800000000001
-21.43715,0,5,18.55,20.7222,20.53242,20.5888,20.2814,0.1994812823299467,0.460569437165911,0.4077994802614434,0.0743022004118247,512.8204388010736,1205.7295506480004,0.4407999999999994
46.43451,0,22,17.29,20.9706,18.12635909090909,17.3051,17.102999999999998,1.4119418768082672,0.4616015129862461,0.1529899172614088,0.1157566000271847,970.9336087278588,2538.1222346527065,3.867600000000003
-1.50586,1,12,16.74,17.5076,17.069925,17.03365,16.7312,0.294304721875443,0.102152435935459,0.0896947162794461,0.0083538742972716,1156.353536896636,2701.764974907499,0.7763999999999989
8.00804,1,9,19.08,21.3105,18.76031111111111,19.0583,12.4652,2.544811773709621,0.571777453829556,0.2484565764591239,0.1715308291416893,436.012865278702,1379.1372675001985,8.845300000000002
20.66887,1,93,19.76,21.3225,20.04796989247312,19.9869,18.9714,0.5387506708933473,0.592696929684927,0.3013793163067587,0.0954803311578349,469.996813198056,2231.7433794793037,2.3511000000000024
-7.07578,1,187,19.18,20.9511,19.7127743315508,19.6751,18.6075,0.4872639526505543,0.519916405817891,0.2573123648190276,0.0690952857554746,840.8397205224578,2969.942981979308,2.3435999999999986
-10.40033,0,13,16.75,20.0924,17.35086923076923,16.7486,16.493,1.088440493997885,0.2629761616798919,0.1029326322377598,0.0528918401742381,1188.0365052246862,2564.0494340856894,3.599400000000003
-11.17699,1,46,14.3,21.2761,19.76641304347826,20.22515,14.2968,1.7664111438618757,0.5581099612588629,0.3101570067535885,0.1206547900689056,506.9212377381806,2243.892799224602,6.9793
-12.21545,0,4,17.31,20.9294,19.541375,20.8575,15.5211,2.6806286406674573,0.506587329321255,0.3904149396426704,0.2133956830669706,808.7131600993513,1966.715157395498,5.4083000000000006
50.56607,1,188,18.42,21.3725,20.14364361702128,20.16005,17.808,0.5450357133092928,0.607701736730766,0.3058403691909139,0.0880005785715408,818.1367460538273,2921.0236821178987,3.564499999999999
12.17383,1,83,16.91,20.2118,17.78151686746988,17.4894,16.6838,0.8899997662125306,0.321947247353727,0.1190786650623345,0.0581221973064975,853.7989703564081,2895.1212200000955,3.5279999999999987
31.55424,0,360,16.64,17.868,17.204360555555557,17.20565,15.0859,0.159561835272274,0.167991248562085,0.093215119764716,0.0075795441343711,919.034316244294,2951.068543449095,2.782099999999998
28.11336,1,8,18.58,21.6448,19.8439125,19.81445,18.1897,1.643292219415907,0.5678249495622459,0.3194259374852406,0.2074324152617834,979.8658986781222,2190.8653939119104,3.4551000000000016
11.65127,0,83,19.78,21.2101,19.92019156626506,19.8876,18.4708,0.667159137816388,0.561591158766578,0.3041913695291713,0.1052903992587021,672.4437717589501,2899.010789027896,2.7393
14.75465,1,2,19.3,21.2629,21.18105,21.18105,21.0992,0.1157533800802368,0.5995524536497989,0.5458145852532944,0.0759968222993572,1295.9922271076064,1832.8097843056892,0.1636999999999986
-18.14671,1,13,18.33,20.8988,19.90022307692308,19.9312,18.6833,0.6604634548984611,0.451230648330859,0.28651914979479,0.1028583433692894,1157.936683100421,2890.048226134306,2.2155000000000022
3.56467,1,22,19.28,21.1324,19.88916363636364,19.88865,17.2515,0.8410574282784369,0.53500065925789,0.2763316756342588,0.1263708968056465,798.257873239659,1920.7692025928045,3.880900000000001
-8.27326,1,5,18.54,21.2182,19.7788,20.5261,17.7929,1.5255494747794969,0.471182128604856,0.3248710745812377,0.1667329283826297,834.8926616830679,1985.6422516202076,3.4253
15.30534,1,14,19.32,21.2018,20.47534285714286,20.5015,19.2239,0.5447035435258966,0.524004982860721,0.3630531543806731,0.1018200238156611,662.2113816116606,1886.958777812295,1.9778999999999984
47.01062,1,24,15.26,17.8857,16.067295833333333,15.7085,15.2427,0.8693668768153195,0.106800873049679,0.0717723823713291,0.0161388925830528,9.2846764094399,27.906179039695417,2.6430000000000007
21.8542,1,15,18.35,21.3091,19.254,18.8646,18.3378,1.023756948694367,0.6214481126076871,0.234701972893745,0.1659098356762914,506.5661095949987,2631.798272257198,2.9712999999999994
26.38173,1,9,20.14,21.2972,20.24745555555556,20.14,18.3168,1.0090756154906215,0.533719967693943,0.3486696666240563,0.1505282677639402,471.9851118581269,1468.9561724309024,2.9803999999999995
2.9164,1,110,19.68,21.18,20.068090909090905,20.02655,17.9597,0.5589376879395115,0.527685075697676,0.299396818387292,0.0899106618634381,730.3680979607743,2953.9062089583967,3.220299999999998
17.72896,1,171,17.47,21.1146,19.46351111111111,19.5444,16.2219,0.6852108040119048,0.447542169076667,0.2209573087433071,0.053924007254902,813.9283316082551,3090.3432886917144,4.892699999999998
25.61313,1,283,17.21,20.9411,19.758120494699646,19.7199,18.7137,0.343669980040903,0.4773092703476889,0.251205301638885,0.0520472788115528,941.7707138220863,2952.951996955504,2.2273999999999994
35.35648,0,47,14.97,20.9913,18.54328085106383,19.867,14.8395,2.28395587862264,0.491462161259986,0.2196217563966053,0.1247451856375933,939.0797891930991,3041.7134364699014,6.1518
42.8755,1,223,19.52,21.1447,19.507242600896863,19.4178,18.5199,0.4527861060828541,0.8633853041984542,0.2295772753686859,0.0789681081834237,712.6398874057678,2738.8243375112,2.6248000000000005
-12.31077,0,7,17.42,20.6764,18.583671428571428,17.4426,17.2674,1.5831800778962648,0.4222178769038089,0.2011121087695181,0.153367200110158,617.1968729092412,1627.6528067011022,3.4090000000000025
30.67355,0,10,16.12,20.5157,16.86724,16.18255,16.1211,1.472446791492915,0.466857922534354,0.1392438397334673,0.1362530524179439,837.4052176535796,2626.7865144558964,4.3946000000000005
8.20224,1,4,19.04,21.308000000000003,20.899725,21.1874,19.9161,0.6608590236704547,0.569033346783519,0.4726928130447957,0.1420203584792261,395.8022616532061,818.7926873145989,1.3919000000000032
24.6919,1,10,18.86,20.1876,19.07426,19.05895,18.4846,0.4908825299623345,0.290564329731511,0.2012789765873912,0.0438717329417176,15.796508430081255,40.989340764099325,1.7029999999999994
35.27848,1,2,19.61,21.3696,18.85665,18.85665,16.3437,3.553847971565469,0.590012395753912,0.3301883456426436,0.3674466954980624,63.55957022252212,89.88680622729589,5.0259
44.3681,1,10,18.61,20.9937,19.43759,19.0845,18.6095,0.8481485619997378,0.487617583462017,0.2483557598056597,0.1174404762404531,160.68940805119266,415.0869235299033,2.3842
25.74003,1,326,18.37,21.1457,20.03213558282209,19.9817,18.1193,0.3661516887312347,0.548002306187881,0.2830575910070712,0.0646292426278777,891.7994894615753,3103.315203761704,3.0264000000000024
-1.97083,1,6,19.0,20.595,19.45395,19.24425,18.7788,0.6726042722136095,0.376478350031875,0.2212450637024373,0.0845436057158376,150.48150275714536,392.1192937848027,1.8161999999999985
16.18096,1,33,19.97,21.5873,20.45461212121212,20.4148,19.5384,0.5164744189923485,0.5681264081835171,0.3534908826824822,0.0946556054667565,565.0128403261392,1866.924386678205,2.0489
30.12297,1,356,18.54,19.9696,18.76711573033708,18.69645,18.0567,0.3264894050085624,0.835706515819803,0.1631864197378832,0.0602785462054477,918.8049346075072,3087.753194977005,1.9129000000000005
36.99602,1,89,17.35,21.3353,20.117805617977528,20.3204,16.9747,0.9264434119449834,0.567223301936036,0.3179492738948197,0.1138406677671566,736.6244823827633,2912.950873923692,4.360600000000002
40.82445,1,238,17.63,20.015,19.213134033613446,19.19485,18.3514,0.2390513829475723,0.3513210665122619,0.1948908299430802,0.0342463186276143,889.2230115977159,3036.8602517592008,1.6635999999999989
-13.86102,0,41,16.37,20.5589,19.053631707317077,19.4187,16.3687,1.210417370876472,0.3808763776190579,0.2032357006287955,0.0823460344432651,794.2968366078723,2598.9021828821933,4.190200000000001
12.62213,1,72,18.94,21.4544,20.08018611111111,20.25475,16.9159,0.8555917800976025,0.5916864482506651,0.314505649255309,0.1057785654040079,960.8316229571934,3130.2578397918915,4.538499999999999
9.13933,1,157,14.69,21.0634,19.58746305732484,19.8326,14.688,1.2378887080939445,0.646013959527962,0.2705252720297246,0.1012592380793449,916.9047269968652,2926.995548483421,6.375400000000001
42.14485,1,189,16.5,18.5807,17.902250793650794,17.9839,15.584,0.4279485349624338,0.42716261867272,0.1221391522513437,0.0371125559457014,980.7592837360932,2947.0084404279914,2.9967000000000006
7.11402,1,14,20.47,21.0216,20.353514285714287,20.44265,19.4425,0.4194189549605742,0.467392554778313,0.338618736353363,0.0772782516778354,209.2713334696329,819.7017048029011,1.5791000000000004
40.7353,1,11,19.45,21.1227,19.829254545454543,19.6382,19.1856,0.6923694004845047,0.495180931191506,0.2811986481466362,0.1106849539593548,681.8852596156889,1518.895346909696,1.9370999999999972
20.10368,1,34,18.97,21.2954,20.052767647058825,20.093,18.6535,0.731661914689029,0.5496529614403379,0.3360942623918803,0.1293797088081599,715.9776039777533,2780.2674752198945,2.6419
15.57571,1,185,17.99,21.2273,19.83055783783784,19.9173,17.961,0.5570318138948199,0.551038700336465,0.2585401972978236,0.068329276523446,856.2873759466519,2984.943017430218,3.266300000000001
46.96587,1,71,19.19,21.3528,20.229183098591548,20.2238,19.0129,0.5170856229141796,0.5581099612588629,0.3115843472478041,0.0950833701137772,804.1353115777893,2819.263125462996,2.3399
-11.05057,0,77,15.17,21.2134,20.009625974025973,19.9935,19.0604,0.4797148589479173,0.5513169635191179,0.2892318008833794,0.08146740703327,788.2687826464285,2594.927370404803,2.1529999999999987
34.70356,1,2,17.43,20.0007,19.1732,19.1732,18.3457,1.1702617228637358,0.275513917647924,0.2020642235991019,0.1038735534759984,43.1637771922991,61.04279910859623,1.6549999999999976
23.85671,1,9,19.5,21.0459,20.297733333333333,20.5922,19.4971,0.6426093292195506,0.541529784358711,0.3375061345952498,0.1394498133661487,844.9385998027452,2544.908292349799,1.5488
1.3804,1,5,17.84,21.4894,20.89046,20.9014,20.1698,0.4894723669422012,0.541529784358711,0.45925713919464,0.1164397054306499,621.3236397205061,1348.2779037154978,1.3196000000000012
1.48691,0,372,12.44,14.6739,13.085599731182796,12.9402,12.1193,0.7157520336064656,0.0622344433585391,0.0523723463032317,0.0021382994775682,895.575579891698,2964.8650940391017,2.554599999999999
4.9366,1,21,19.38,21.0903,19.59834761904762,19.3552,18.7848,0.6242585038419964,0.4920767168567899,0.2309948810894722,0.087267804152451,347.2460717003465,1263.736882858699,2.3054999999999986
10.96906,1,102,18.39,21.2778,19.89642450980392,19.99285,18.169,0.7413880903295055,0.557248609670683,0.2939233069520662,0.108670521056816,831.5047973361759,3042.8037424422,3.1087999999999987
-2.13321,1,8,18.52,18.2626,17.6622625,17.6362,17.182000000000002,0.4622706626379335,0.131543219308555,0.1076924324060931,0.0167530264354741,4.281148532709268,8.032874155302125,1.080599999999997
21.88067,1,101,15.13,21.341,19.359671287128712,19.991,14.7355,1.849619246944442,0.5818268862694821,0.2693716250770191,0.1333282836854858,829.7681582538144,2958.761941574099,6.605500000000001
38.0676,0,84,17.4,19.6511,18.04020238095238,18.60745,15.1151,1.4739370144768276,0.227682785319006,0.1376811325174563,0.0499724619721062,901.3775804137408,2879.990567407098,4.536
39.99064,1,3,18.93,20.6345,20.49783333333333,20.5913,20.2677,0.2004683848723609,0.396905782273651,0.3656809657251406,0.0414533351581421,199.6875414973305,364.9392350581038,0.3667999999999978
25.83643,1,160,17.49,21.3072,19.802711875,19.85955,17.4924,0.6640719742354873,0.542594324643371,0.2704007543206282,0.090831187139373,905.3921336203364,2993.934193749796,3.8148000000000017
23.92265,1,15,16.97,20.9317,18.17198,16.97,15.3976,2.3125005498686613,0.486221524521824,0.2015889619131297,0.1616252526032191,818.8347242280873,2442.2414130671023,5.534099999999999
7.34419,0,279,17.25,20.771,19.48510143369176,19.4211,18.2347,0.4066133044434913,0.6135465783046539,0.2243427652454719,0.0594366568683038,922.9178452785652,3125.306699976798,2.5363000000000007
-10.28434,1,14,18.86,18.8605,18.171314285714285,18.05805,17.4851,0.4680649870348262,0.155161407956471,0.1227670932709316,0.0204781610981114,152.7984798899985,356.06785814840987,1.375399999999999
9.63737,1,61,19.6,21.2956,19.857960655737703,19.9234,17.9365,0.8933075489958069,0.5610069469222779,0.2863902424488808,0.1285307181269505,935.58114976707,2741.653229814496,3.359100000000001
67.33957,0,20,17.84,20.9417,19.456325,19.63955,17.7549,0.9553005511493836,0.460398034583291,0.2440967171434769,0.1054185311899425,703.6441876466096,2509.1007041433118,3.1868000000000016
-15.91032,0,195,14.47,19.0051,17.146924102564103,17.857,13.1069,1.7288756539998449,0.3412219253795649,0.1187239159723094,0.0514990623016755,1059.4111727790023,3071.6790070370043,5.898199999999999
11.43206,1,75,17.72,21.6285,19.053192,18.7084,16.9885,1.4804519935041005,0.641811530272182,0.2297233441110586,0.1529591658585117,555.5527604957708,2872.043236110796,4.640000000000001
14.18294,1,105,17.71,21.1408,19.466222857142856,19.9386,17.0443,1.172035969047776,0.511079019253934,0.2593539526647674,0.1090780034103122,942.6273397892268,3012.802185602006,4.096499999999999
31.88796,1,77,19.02,21.2867,19.873710389610387,19.9305,18.4636,0.8012050221523926,0.573936271343313,0.2880654205608677,0.1219311367554388,796.9313099301997,2933.9496610416973,2.8231
-16.48305,0,65,16.83,20.7329,18.82890307692308,19.1141,16.6494,0.9689467040569804,0.479400108643045,0.1975689987117422,0.078129517300291,915.7259538463557,2612.8290795138964,4.083500000000001
51.25197,1,212,12.61,12.8585,12.659890566037737,12.6708,12.2238,0.093227704757091,0.0558384281709299,0.0510984317708322,0.0006853520987674,889.2539886236352,2875.125376388911,0.6346999999999987
12.59143,1,63,18.44,21.3839,20.158280952380952,20.4127,18.0888,0.8614822029983836,0.6210657411737961,0.3382788051451577,0.1369062039823378,821.718355231012,2685.8393671410013,3.295100000000001
3.06229,1,190,18.92,21.3731,19.85567157894737,19.96835,17.649,0.6484590168564783,0.529176605550354,0.27098869438474,0.0822565313941488,879.0431204641267,2980.856531655001,3.7241
21.83798,1,32,18.47,19.9244,18.76304375,18.60035,18.1455,0.4973839128217476,0.266977036851945,0.1508763476950468,0.0401657427046298,402.4704667968095,2235.853161713101,1.7789
17.76245,1,115,19.67,21.2773,20.05519391304348,20.0693,18.6001,0.5153456108737464,0.546093173161283,0.2868425716343721,0.084883266610349,419.0887914391569,1817.9603937616048,2.677199999999999
21.98784,1,33,16.31,19.4357,17.75540909090909,17.9118,16.2261,0.947738297000958,0.280160273599465,0.1203209123099425,0.0486019904306699,676.516317469536,2450.1433015625007,3.209600000000002
32.29438,1,35,19.01,21.4147,19.69927142857143,19.5595,18.9484,0.6235213027972801,0.494347974642341,0.2453302847329755,0.087311563786723,414.3042397737048,2299.8132920022035,2.4663000000000004
28.55118,1,300,14.06,20.4167,19.138665666666665,19.194650000000003,14.0536,0.6703276248746776,0.471182128604856,0.1932862427833808,0.046855560644751,922.0221680232388,3055.8409792473976,6.363099999999999
23.34863,1,12,17.53,19.2133,18.068258333333333,17.9068,17.4249,0.6418935927937733,0.192663754907105,0.1220375486607887,0.0347689631221591,14.03930373283721,31.912780324004416,1.788399999999999
43.90214,1,208,18.07,20.2692,19.20051826923077,19.1939,18.0237,0.354048305545716,0.4241220531086839,0.1941786972813387,0.0412540293182653,786.9725352843395,2920.031520925899,2.2455
35.18554,1,46,17.98,21.6185,19.851919565217397,20.14585,17.8463,1.0898994796910948,0.567223301936036,0.3001918670077051,0.1333173680793327,911.4893151900832,2902.086661990696,3.7722000000000016
30.04876,1,190,19.93,21.3029,20.255972631578945,20.204500000000003,19.2486,0.4363161086350266,0.560424352285433,0.3232407512160418,0.0833822953997354,756.860802665375,2977.9579173032034,2.0543000000000013
45.7386,1,10,18.62,20.7554,18.62873,18.51745,17.6582,1.1360772333389626,0.604834063792418,0.1905904769851671,0.1613360544322775,356.0053751599702,1210.8520135070066,3.097200000000001
24.32001,1,252,19.38,21.1047,19.521652380952386,19.4001,18.1218,0.5040263170126322,0.5050401793032621,0.2348597273808591,0.0706513580610962,830.0004286851668,3069.7935277083016,2.9829000000000008
-11.50876,0,143,13.01,17.7665,16.99074895104895,17.3914,13.0079,1.200335172432462,0.1175035138001699,0.0883981172374514,0.0135315274055756,795.4620402172918,2843.188444224601,4.758600000000001
11.73527,1,17,17.85,20.808000000000003,19.17970588235294,19.5034,17.8346,0.8569204765252354,0.4464358409628839,0.2137320227752861,0.0876755415211722,42.9095113319831,131.77154366899777,2.973400000000005
17.80215,1,7,18.13,21.2272,19.162857142857145,18.1262,17.4963,1.598420979026012,0.48902452459515,0.2704583415714361,0.1575583794057362,196.28446953872336,414.7850644330029,3.7308999999999983
8.95053,1,12,19.25,20.7217,19.152316666666668,18.8185,18.394,0.7819962320687339,0.546093173161283,0.2299104267486479,0.1412525184336216,524.9118146686038,2396.221979942304,2.3277
1.88635,1,168,18.62,21.1639,19.836586904761905,19.88975,18.2491,0.6764019449151308,0.5815056945854461,0.2727729194691956,0.0985862822481932,920.9893918239198,2963.908978715095,2.914800000000003
-12.24847,0,164,17.29,20.7595,19.244389024390244,19.2491,18.1095,0.4408676089150269,0.70122072908058,0.2222911511450206,0.0667351460362756,924.4284409719506,2928.0732766203946,2.6499999999999986
26.71786,1,322,15.76,20.362,18.839135403726708,18.83365,16.2654,0.4379556592031091,0.373559906459705,0.162748038100547,0.0365192455872895,946.4235814720984,2952.9185751503974,4.096599999999999
3.81994,1,268,17.39,21.1085,19.32492089552239,19.3174,16.5677,0.7220131006701126,0.848391493877022,0.2227395407948973,0.0879738899917468,892.3113174166775,2990.7569295252038,4.540800000000001
32.35255,1,295,16.2,21.1425,19.588257288135598,19.8479,16.1463,1.0143670712204211,0.522311019024571,0.2432822841212832,0.0894824408992398,878.6912877491546,2885.036594942205,4.996199999999998
4.0644,1,179,18.81,20.2529,18.589164804469277,18.4791,17.6658,0.4682984996405077,0.4057152764454689,0.14980325040772,0.0512904681221008,662.69852205637,2586.917610671291,2.5870999999999995
43.37722,1,272,13.08,15.4831,14.99659338235294,15.2269,12.9172,0.6547721859761612,0.0912359283250133,0.0598535066669033,0.0058005722008741,814.5046969506056,2918.986821573992,2.565900000000001
23.60789,1,22,18.44,21.5746,19.603977272727278,19.5958,18.2426,1.059188087048088,0.546636823422438,0.2450957667024337,0.1391365981503723,482.14509445239565,1995.814737418994,3.3320000000000007
9.41149,1,11,18.3,21.3702,20.724345454545457,20.7975,19.9736,0.5099018657813208,0.584088352063124,0.4328778684399758,0.1118001473336868,667.420678425998,1837.0529800463048,1.3965999999999994
11.33806,1,31,18.18,19.2517,18.672103225806453,18.6526,18.1431,0.2394270974414704,0.193356892892473,0.1569201905247457,0.0142099666038892,238.7453706862452,763.9610694331059,1.1085999999999991
35.24317,1,61,14.32,14.3426,14.297719672131148,14.2983,14.2483,0.0185707280387904,0.0583694009792699,0.0549507834763388,0.0009524297547355,150.9288500874652,503.74552834479255,0.0942999999999987
66.60894,1,23,16.23,21.1313,18.91660869565217,19.2512,16.7803,1.6084948452493326,0.647288887183068,0.2268239630372006,0.1534336708880004,889.5308354921417,2628.9568184143936,4.350999999999999
22.13333,1,8,18.27,21.0823,20.146125,20.7384,17.5878,1.205593208756585,0.5417953995800749,0.3535810168351774,0.1571278733879189,889.1506657108818,2548.999839074,3.4944999999999986
43.33652,1,236,14.99,15.5459,15.086078813559324,15.031,14.8751,0.1193121469100617,0.0925403625082025,0.0600777671913241,0.0056649722377432,802.9210315854401,2919.0110244215102,0.6707999999999998
32.92387,1,75,18.73,21.3892,20.501488,20.5392,18.3503,0.5588141000078358,0.5799068692430369,0.3803118445058874,0.0999750931030613,862.8494287106834,3030.7644191202926,3.038899999999998
1.13437,1,189,19.31,20.9162,19.784270899470897,19.7965,17.7623,0.3747186372122243,0.54339643216192,0.2625919885045358,0.0496538328526297,883.7426733506243,3005.832666180504,3.1539
-1.98379,1,3,18.09,21.1041,20.82283333333333,21.0825,20.2819,0.4685864843690359,0.522793518205487,0.4528658821236206,0.102225951345942,922.7623626331474,1829.9846308451013,0.8221999999999987
22.14688,1,362,12.74,14.258,12.861823756906077,12.76545,11.5701,0.681923018042754,0.0600635744023242,0.0517293057352442,0.0014629995600909,900.3834180101661,3037.7641976965024,2.687899999999999
15.45396,1,9,18.76,21.5148,20.53643333333333,20.6909,19.5024,0.7919801575797205,0.5886821744375229,0.3725724203368867,0.1395344769909879,417.4142544006641,995.2425730211036,2.0123999999999995
-9.12484,0,261,16.13,20.9773,19.038913026819923,19.2081,15.8292,0.9333313280430334,0.50394284503612,0.1920034478083419,0.0621058877636827,860.4867471590953,2954.9796943986003,5.1481
-1.41078,1,81,18.56,21.3495,20.16044814814815,20.1889,18.1175,0.616283852642415,0.5708588524217739,0.3245093134082403,0.098724174701556,797.8717554686209,2950.049436168804,3.2319999999999998
46.04204,1,36,13.61,13.6631,13.620458333333334,13.618,13.5939,0.0156276563456309,0.0550853500212052,0.053017575353274,0.0005556183096654,166.80806124244182,396.9608363192965,0.0692000000000003
14.20279,1,148,16.9,21.1958,19.82929324324324,20.04625,16.8905,0.8868780925868548,0.555536513571607,0.280658717809671,0.0995039217522467,910.8938847545448,2922.9476847453043,4.305299999999999
7.01288,1,137,19.8,21.404,20.15169489051095,20.0676,18.9534,0.5029858873182724,0.6098762353609339,0.3111668114805895,0.0857283309100963,712.386030872038,2709.7218035417973,2.450600000000001
21.88612,1,63,19.75,21.3318,20.35505873015873,20.4544,18.3096,0.634658111578124,0.553838383774299,0.3466509315953309,0.1023161411163817,739.551056857409,2991.9242878355944,3.0222000000000016
27.60554,0,6,18.22,20.4415,18.751083333333334,18.1545,17.8343,1.1365831749883817,0.345702158256563,0.1756703425501118,0.1040377136264451,285.7583013852836,771.9801602201042,2.6072000000000024
-13.88222,0,17,17.98,19.6658,18.793282352941176,18.745,17.8311,0.5815387339155654,0.268599210326526,0.180957914466415,0.0518607264921458,712.5988891182988,1856.003971805796,1.8347000000000016
-1.31513,1,161,18.51,21.2723,19.856763354037263,19.8067,18.5095,0.5698354984872219,0.569033337694856,0.2815756554650446,0.0907921780088216,952.0282316119144,3032.760009178397,2.762800000000002
-2.04277,1,24,16.75,17.5195,17.20895416666667,17.21495,16.7504,0.2351959016560395,0.0954149131001328,0.0880257927673047,0.0055236363718784,22.338979005663653,62.86731818269618,0.7691000000000017
9.14356,1,18,16.41,20.0908,16.986033333333335,16.381,15.5513,1.584504898364527,0.316404561843941,0.1098610703183161,0.0719727493789549,1085.2663437195542,2652.7950499540966,4.539500000000002
12.71394,1,33,17.29,21.4059,19.529142424242423,19.6606,17.1583,1.3962917874298122,0.680015393125871,0.2952475069450278,0.1761849508992412,920.117331423714,2641.944981122804,4.247599999999999
-18.0577,1,47,15.17,20.8848,18.815693617021275,19.3118,15.0547,1.5285730607056025,0.612071438909649,0.2129900427086814,0.1204527664825045,639.9224718509572,2445.195909363094,5.830099999999998
-23.02121,0,28,18.03,19.8148,19.289432142857144,19.34165,18.7134,0.2911492248844118,0.261246982107932,0.2047253061553718,0.029220317240828,615.3020921216411,1833.9706473378028,1.1014000000000017
1.37123,1,287,17.49,20.7565,18.90443379790941,18.8757,17.4633,0.355548813749396,0.445806999727761,0.1620374947928056,0.0316767247129257,883.7813178129369,2902.015678043892,3.293199999999999
9.7962,0,8,16.53,18.3079,17.3184625,17.2777,16.5254,0.7535654771769057,0.1345451862731859,0.0988759787651357,0.0234843478450363,3.737574164175933,7.011861203696753,1.7824999999999989
27.57445,1,5,18.93,21.2999,20.77228,20.6284,20.3208,0.4346356255531748,0.581185002366204,0.4492085852997372,0.1088849499525719,766.7099934666878,1849.9138375814075,0.9791000000000024
5.38577,1,314,17.54,19.7078,18.27025668789809,18.2657,17.4959,0.300076617218228,0.4733853859954771,0.1295081297308713,0.030176170603696,924.285722587908,2962.960496990483,2.2119
-22.49742,0,6,17.67,19.2219,18.945416666666667,18.89895,18.7295,0.2276414937278938,0.209104139268004,0.1784309903392626,0.0242685091153561,595.0865915956701,1454.0694967246018,0.4923999999999999
17.63429,1,180,18.86,20.2584,19.341377777777776,19.3154,18.606,0.3023276025769895,0.597818894804744,0.2105247482222284,0.0486259952255387,918.0556785367054,2977.9071220140977,1.6524
-10.99031,1,4,19.33,21.0466,19.897125000000003,19.60495,19.332,0.7798636948210895,0.428423871887149,0.271905296793814,0.105622493583363,146.09355980398433,292.1939573724085,1.7146000000000008
-9.69357,0,246,15.89,18.9069,18.45824308943089,18.499,14.7128,0.3228758078248964,0.337190710783169,0.1392959929999642,0.0181312495044641,927.1416058782412,2977.939912650807,4.194100000000001
-11.21095,0,230,17.16,20.7612,19.031262608695656,19.09975,17.1028,0.4929046670735215,0.468646538543193,0.1774838836235301,0.0373314889868056,855.8453012858555,2965.010711423587,3.6584
2.0638,1,126,19.96,21.2934,20.170240476190475,20.11295,19.0542,0.5043661084852672,0.8102101366985609,0.3217869113326907,0.1023365872374335,646.8296291749522,2615.948315416397,2.2391999999999967
3.89605,1,19,17.41,20.9648,18.8693,19.3625,17.3454,1.2603259547522694,0.533975464329886,0.2573438019605732,0.1222089491130913,795.952883251289,2313.8562437613,3.619399999999999
36.00571,1,297,18.31,20.67,19.48475824915825,19.56,18.0884,0.5286904652519064,0.493932906686598,0.2192511894200386,0.0556879060713408,856.4711354868873,2917.001727234092,2.5816000000000017
7.77994,1,264,18.98,21.2026,19.9593,19.9342,18.7049,0.5277671172382985,0.563353613454563,0.2807893919288011,0.0833366502980901,838.7421587171084,2930.9886516434926,2.497700000000002
65.78785,1,4,18.96,18.9612,18.808425,18.83375,18.605,0.1696130571821241,0.1695318436384159,0.1582760767595012,0.0118660385283329,0.0058766698748335,0.013656527706189,0.3562000000000012
-6.89379,0,57,18.89,21.4069,20.10055614035088,20.1282,18.6031,0.6825680965550898,0.516145673555291,0.3137819849840311,0.1042220980239366,884.8655364133998,2960.954310983914,2.803799999999999
47.27473,1,192,17.17,20.5612,19.33532083333333,19.3812,17.0325,0.4487386922355246,0.401537417804717,0.2058544451512677,0.0408064273290918,804.9242135927187,2921.035021319294,3.5287000000000006
-2.4915,1,297,14.27,17.3067,16.67392558922559,16.8106,14.2714,0.5273647624308924,0.182276126951975,0.0831985488234911,0.013926069067089,907.4944988804951,3094.641327453799,3.0352999999999994
21.96282,1,236,19.31,21.3349,19.68559152542373,19.6296,18.7976,0.470942272394267,0.602706680476522,0.246700053847016,0.0717485225126559,760.8693252952617,3070.768135231403,2.537300000000002
45.69314,1,183,16.76,21.4306,19.70582021857924,20.0429,16.4493,1.1293070402606935,0.582148527142939,0.2746686809377291,0.1131720096471952,865.1932865564086,2874.1637188657987,4.981299999999997
21.1112,1,10,19.25,20.5326,19.51092,19.31405,19.1178,0.4528355546504218,0.375108494820191,0.2251305439360379,0.0608176318838071,10.757459887456616,40.00561294009822,1.4147999999999996
18.29273,1,4,17.58,20.9153,20.5046,20.85495,19.3932,0.742143629405163,0.5054809320622171,0.4070530507690907,0.1351587264547865,874.0634469498452,2113.1504470603977,1.5220999999999982
-22.90672,1,37,18.03,20.6554,19.20012972972973,19.1479,17.8858,0.6308637209171009,0.443934912445932,0.206301996988908,0.0742566883101176,660.1765822598845,1875.8641501274035,2.7696000000000005
26.81287,1,150,19.95,21.259,20.229665333333333,20.21505,18.9774,0.5068362362082846,0.574246442265452,0.3159583834914325,0.0932838607737888,759.2397834467438,2972.963507291701,2.281600000000001
7.19069,1,286,18.68,21.2202,19.31019335664336,19.2919,18.1723,0.5704350305960797,0.5391548376949811,0.2077467056855538,0.0684488699036809,997.6313350806718,3099.247305717814,3.0478999999999985
11.40942,1,12,18.25,20.22,18.642958333333333,18.3701,18.0234,0.6982028039035558,0.309087308817534,0.1528010641064464,0.0602514717545566,10.367131746766232,24.08653273159871,2.1966
22.11284,1,356,17.73,20.8606,18.662866292134836,18.6057,17.2632,0.6760893242416547,0.4910536141032371,0.1632887904287934,0.0561938695928248,864.810480593767,2953.010045879506,3.5974000000000004
8.72046,1,41,18.35,21.244,20.51366097560976,20.6688,18.9361,0.5311341416619948,0.575491614190353,0.3854968266554869,0.1009277553723764,937.4355401317958,2976.9005158101936,2.3079
9.76,0,44,18.94,21.1496,20.19335909090909,20.2404,18.2534,0.7522285118908226,0.665402725050527,0.3741980007275492,0.1281919289381826,704.0846386467858,2932.006282164308,2.8962000000000003
-4.58597,1,298,18.05,19.3235,18.46022516778524,18.42185,17.5248,0.3184727503750513,0.245960649034557,0.1391613929665485,0.022638250934681,893.9919017771005,3013.8333412498105,1.7987000000000002
-22.03678,0,51,13.51,17.1703,14.719484313725491,14.5818,13.3028,1.0730037903702947,0.0897643608260469,0.0594626896444167,0.0087237073474114,822.636553193786,2596.942817118296,3.8675000000000015
50.68163,1,225,18.16,19.8122,19.073114222222223,19.0673,17.2223,0.2678394729664919,0.314263144983605,0.1836107253795604,0.0289098395940807,877.6370612303963,3083.756679641396,2.5899
30.01461,0,3,17.02,19.9894,17.9968,17.0153,16.9857,1.725705684640344,0.271817782414849,0.1535817462688441,0.1024115563237447,691.0268645618116,1196.8990891665962,3.0036999999999985
35.67976,0,44,15.39,21.0508,17.944975,19.154850000000003,15.0374,2.176879237565065,0.460398024304346,0.1702231928065407,0.1107329182119064,1002.0543648571842,2919.0545976502035,6.013399999999999
25.17276,1,21,16.41,21.0946,18.911761904761903,19.7591,16.3875,1.8375956667548488,0.4780667122037079,0.2298576652087706,0.1418110069993781,271.3351814280865,1284.7746473494117,4.7071000000000005
-7.78149,1,100,18.2,20.8984,19.704732,19.7923,18.0739,0.587908296786416,0.442698727453779,0.2541806866395623,0.0713903216972917,1039.5298074137834,2979.9165581827983,2.8245000000000005
37.51321,0,24,13.2,13.2568,13.193366666666668,13.18795,13.14,0.0313877110633621,0.0525185958758622,0.0521235558313049,0.0001829018308627,153.87561630422897,395.9697287961972,0.1167999999999995
-18.60654,0,75,18.1,19.061,18.48952266666667,18.5462,17.8855,0.3216000998274211,0.451717889675283,0.1542009545219537,0.0574196128925584,753.938513891139,2209.956663344994,1.1754999999999995
37.99764,1,5,14.28,14.3977,14.20896,14.1648,14.15,0.1057605928500781,0.0567748934835182,0.0549330717765917,0.0010297429346907,29.88413551941668,66.83050350660051,0.2477
-20.13682,0,42,16.22,20.1505,18.36726428571429,18.7532,15.697,1.1666623734274737,0.321380401171724,0.15199119339662,0.0615600618166727,851.8611996147032,2596.9359995371924,4.453500000000002
18.0634,0,52,19.12,21.4107,20.341426923076924,20.33005,19.3175,0.5194688588735288,0.65158689776548,0.3662589231607566,0.1008309087198379,626.150026626178,2619.8573432522026,2.0931999999999995
19.48573,1,56,19.46,20.7799,19.80876964285714,19.74925,19.0752,0.378410201150043,0.4661476587147079,0.2546933985073889,0.0548371955617635,206.66584122543824,1583.8285216200966,1.7047000000000023
25.84702,1,23,18.66,21.372,20.290404347826087,20.4857,18.2299,0.9177656878024538,0.5978189017124059,0.3694590161987606,0.1404288105255647,970.9070423337644,2977.943090740504,3.1420999999999992
34.25391,1,50,20.37,21.4355,20.281996,20.2052,18.8863,0.5265982719148187,0.577688028851418,0.3464905714252015,0.1023164098612939,539.7271387411898,1926.8979176157156,2.5492000000000026
7.3552,1,292,15.55,21.1121,19.188690410958905,19.34515,14.3684,1.031352575784749,0.788769719621292,0.208903262197746,0.0858772742696524,915.1887670514956,3099.2284054631164,6.743700000000002
28.90503,1,65,15.9,16.0966,15.932093846153846,15.9317,15.8651,0.0312561687757544,0.0984467799825631,0.066616885959073,0.0045151206828773,138.44322035672243,445.9516241667079,0.2314999999999987
24.7077,1,49,18.44,21.5316,20.30207551020408,20.3799,18.2322,0.881485597946873,0.595072659668016,0.3569064911052391,0.1400806049461912,838.578977232485,2992.905845994996,3.299400000000002
27.93102,0,256,18.12,20.7629,19.53648828125,19.51945,18.4477,0.3383307974299475,0.544201718102131,0.2228217503629975,0.0457813674319143,947.1330757178506,3031.8237638078062,2.3151999999999973
14.96876,1,434,17.86,20.1963,19.12516405529954,19.11715,18.1212,0.257219122441934,0.569944149731137,0.184065045247007,0.0366895759419178,919.3095110082168,3122.2590353587,2.075099999999999
7.53544,0,20,18.73,19.5877,18.431735,18.15545,17.7502,0.6240753364399455,0.233906270292533,0.1481393083869481,0.0394381619811354,1007.0960648799715,2691.4291259371093,1.837500000000002
9.17442,1,312,16.99,21.0142,19.241553525641027,19.2852,16.9251,0.6744836853387712,0.673785866762016,0.2107869904053974,0.0753911430982503,903.0938926158532,2990.925761492996,4.089099999999998
35.62038,1,17,17.68,20.114,19.026305882352943,19.0627,18.062,0.6355257798376359,0.287470180031092,0.1882279151643196,0.0564004823772335,653.6021877340048,1846.0342275808,2.052
-2.03542,1,213,18.6,21.2109,19.05611971830986,19.1374,16.0289,0.8962304734779357,0.537066996372115,0.1932543479208998,0.0751373449676906,925.9986340441563,2742.708757117798,5.181999999999999
32.02782,1,10,19.81,21.5965,20.92562,20.9569,20.0536,0.538587074977977,0.6332160757549301,0.4741728160931776,0.1338962925773104,762.4430476435431,2602.990257673402,1.5428999999999995
16.75942,1,10,18.01,18.1198,17.88055,17.9052,17.5824,0.1810325645966632,0.205726120115431,0.1218685863544883,0.0302326029919046,41.69844291001289,98.87781652779812,0.5374000000000017
28.9455,1,6,12.54,12.6887,12.664483333333337,12.67075,12.6173,0.0265138014374904,0.0510319230360332,0.0508914363231881,0.0001127253740288,46.589034761789954,115.74014042829369,0.0714000000000005
25.96802,1,48,14.46,14.4283,14.3796125,14.37695,14.3454,0.0216339334025992,0.0576667655664307,0.0551804750693748,0.0008720248641134,38.99050034322428,142.66917871530313,0.0829000000000004
16.23967,1,13,19.25,21.056,19.317938461538464,19.2541,18.4364,0.6752701330312946,0.495598832841616,0.215325754763937,0.0925879766463441,285.2104175966935,1043.085065405292,2.619600000000002
1.89144,1,343,14.15,20.1625,18.91755801749271,19.0131,14.108,0.7630158893585391,0.960603692139348,0.1764645287151951,0.0682690947666449,898.6968530985214,3005.846736828797,6.054500000000001
57.81053,1,15,18.52,21.0031,19.881500000000003,20.018,19.1279,0.5638076343678108,0.487617583462017,0.273273069329798,0.0806247069831627,203.71877024636677,523.817721354193,1.8751999999999995
-8.74638,1,259,15.64,19.3327,17.544207335907338,17.916,15.0586,1.0287145102265376,0.4332824941220189,0.1131230943683344,0.0447023266801497,879.8814646006557,2926.002918715203,4.274099999999999
-2.54484,1,56,17.8,21.5046,19.767330357142857,19.9215,17.7956,0.980256312292332,0.649428536627944,0.2760921697809408,0.1287263704614213,777.6137198333278,2635.9012440279985,3.709
6.08221,0,50,15.44,21.2045,19.897002,20.26025,15.3772,1.4714908210813047,0.521589557277535,0.3325849811169044,0.1190882785822725,986.30923643899,2904.977222731308,5.827299999999999
32.68981,1,320,17.44,18.7571,17.651738125,17.605649999999997,16.2426,0.3358194855580696,0.151592711261998,0.1018221225014053,0.0122593270152152,735.8170592139544,2346.712220798501,2.5145000000000017
-11.15906,1,15,18.18,21.1925,19.83988,20.2603,18.1086,1.1225974244708443,0.534487395768244,0.2956482094737145,0.1359937258131254,912.5070125735384,2864.190871585597,3.0839
24.31702,1,10,20.12,21.2526,20.82248,20.78405,20.5998,0.1973755630489469,0.578003625950549,0.4653570028875645,0.0642211491579211,614.057654525317,1908.9364243983075,0.6528000000000027
1.18913,1,164,15.43,21.053,19.6728,19.6907,15.4334,0.8494619181749391,0.517551053739308,0.2552584918924191,0.0820741779460976,974.8801472846358,2941.8526420719063,5.6196
20.6383,0,203,16.44,18.6317,17.048437438423647,17.414,14.7791,0.9625539446769756,0.21879152963534,0.1012715617057088,0.0258937285865041,903.081391664648,3111.250944224193,3.852599999999999
12.01342,1,10,18.44,20.4542,19.26532,19.23,18.4426,0.6632293600256258,0.342722131001907,0.201254500386221,0.0697308676436486,473.77388303925386,1453.9650636920996,2.0116000000000014
21.12768,1,282,17.73,20.4992,19.219146099290786,19.21795,18.3722,0.3210671268307437,0.595414109357109,0.2328773648246038,0.0508371885163101,905.1877292559832,3121.244360150304,2.126999999999999
-8.18196,0,7,17.38,17.3928,17.01075714285714,16.8312,16.5969,0.3221093543976583,0.0982546421367773,0.0877003455759829,0.0088374352508595,803.8558443614368,1503.8931064699063,0.7958999999999996
-20.45101,0,87,17.42,19.3238,18.62590804597701,18.6063,17.9266,0.2165831867781396,0.552994487532461,0.1561640175019738,0.0477388826230571,665.0798582908124,2593.9073709375957,1.397199999999998
-13.19903,0,4,16.76,20.852,20.1352,20.0838,19.5212,0.7064814081064,0.465263946884441,0.3336896809114682,0.1228133831137762,705.6343019154225,1429.027267014193,1.3308
6.17496,1,185,19.03,21.3781,20.240569189189188,20.2479,19.0911,0.4392847604121017,0.606263409111586,0.3191501193324844,0.0777722781050321,808.4651968479187,2960.9708732062063,2.286999999999999
14.75962,1,7,18.92,21.0504,19.30044285714286,18.9235,18.6844,0.8417315840122741,0.4926933531719749,0.2138977033231338,0.131887850735954,433.03076473958834,1154.8819491322065,2.366
25.03738,1,129,18.48,21.362,20.159739534883723,20.1899,18.2405,0.619400730219668,0.5799068692430369,0.316373347730885,0.1041105040514344,936.4703690695428,2992.9129465277147,3.121499999999997
18.02361,1,10,18.95,20.505,19.25449,19.12285,18.9021,0.4724882607595194,0.3665325417882529,0.1982940441652185,0.0610953687583878,11.40344904115388,36.87838718759304,1.6028999999999982
7.129,0,42,17.66,21.2282,18.64567857142857,17.7827,16.5946,1.5522783369561253,0.496227480514791,0.2191045875995027,0.1415993334670347,590.5376274709078,2517.0703605208982,4.633600000000001
-23.74877,0,4,18.56,18.5553,18.386075,18.4623,18.0644,0.2251317447629281,0.159193658948357,0.1484914870381262,0.0135501076789569,0.0086960206901595,0.0201981715144938,0.4908999999999999
29.95906,1,13,18.63,21.117,19.41390769230769,18.89,18.4467,1.0298983909926405,0.523035209627525,0.2373874759895673,0.1446966987002375,154.65867403037075,744.7799531132987,2.670300000000001
34.82955,1,181,19.63,21.2784,19.94220718232044,19.9284,18.7419,0.4548328917834849,0.55639081764499,0.2797343952721084,0.0774145295581933,708.4439955872396,2925.0480960877903,2.5365
0.9993,1,236,17.94,19.7368,19.019388983050845,19.01735,18.1958,0.2430039084823219,0.7974614969835458,0.1837933953471881,0.0774225497226984,891.6977990203603,3005.8320679511016,1.5410000000000004
3.89406,1,123,18.47,21.5723,20.20032032520325,20.2665,18.4675,0.6150381698083481,0.5687305997826271,0.3201604564703996,0.0958730329941551,939.5452912216546,2979.8686922337,3.1047999999999973
33.30612,1,113,18.02,21.1964,18.646176991150444,18.2014,17.222,1.1330652008103033,0.588682181068745,0.186259231160954,0.1170391063829116,913.0040329764532,2941.0073673148,3.9743999999999993
-4.42389,0,85,13.0,15.1584,13.849344705882354,14.2081,12.1446,0.8807619752380371,0.0601540900363697,0.0558627607995423,0.0028677594271434,1206.3750726890537,2976.893057268608,3.0138
4.78119,1,346,17.5,19.9147,19.030228323699426,19.06265,17.3545,0.3361573481744444,0.274754822799007,0.1761438718165028,0.0286849732030237,894.3968504196373,2992.8624563655103,2.5601999999999983
45.02496,1,101,17.94,21.3539,19.89948712871287,19.9155,17.7149,0.7963596650588669,0.6098762353609339,0.2919573782098033,0.1178100497123114,871.2871754432266,2931.017167071812,3.6389999999999993
30.01828,0,203,12.14,14.6506,13.68794236453202,13.7469,12.3878,0.479055517337408,0.0658193283094516,0.0549497177547739,0.0018537552848229,927.4013667548024,3110.3086374302075,2.2628000000000004
18.4896,1,21,19.81,21.3356,20.45113333333333,20.5107,19.4861,0.5625703878923358,0.569336526205408,0.3897005325779296,0.1074304035392608,845.3436878610398,2947.908200011603,1.849499999999999
28.48262,1,224,16.51,20.5692,18.29943973214285,18.2474,14.2252,0.9690294989109324,0.447067116847811,0.1504210680127183,0.0642628058936236,911.7334891651672,3033.893306041602,6.343999999999999
29.78796,1,203,19.02,21.141,19.844002955665022,19.7995,18.5648,0.4582537567066692,0.588682181068745,0.2708818946985593,0.0725378184636975,951.7101697824814,2990.915794849803,2.5761999999999965
23.74039,1,15,19.13,21.3513,19.801806666666668,20.1147,16.0504,1.3377563473788423,0.588682181068745,0.2982096055900901,0.1423025102859852,733.0643701996593,2204.981967071799,5.300899999999999
11.19919,0,230,16.23,20.9786,18.855451304347827,19.20375,14.8556,1.286045985810142,0.530679530049164,0.1996522409769623,0.0787094546735384,933.9150383082916,2938.053816226806,6.122999999999999
19.69909,1,9,16.73,17.0255,16.638,16.7335,16.2163,0.3141604804872824,0.0824159180046756,0.0751217311541772,0.0057362021025417,559.7539588320448,1062.0778736690918,0.8092000000000006
24.0498,1,429,15.72,21.1265,18.919586247086247,19.438,14.6994,1.5252487042557288,0.595756075497911,0.2085399973688335,0.0845361165149037,921.3315652426832,3119.6901940162134,6.427099999999999
33.01628,1,5,19.81,20.7906,19.889,19.807,19.2156,0.5728668082547647,0.4523697948465379,0.2792166856888915,0.1014272299017235,850.6345995645448,2181.0356583217945,1.5750000000000028
-4.26168,0,6,18.23,20.181,18.980266666666665,18.5704,18.232,0.8977901217248209,0.31309136098525,0.225184331030117,0.0630560352103756,21.59303826419668,41.8286306250011,1.9490000000000016
-15.16072,1,4,15.88,15.8832,15.862,15.8688,15.8272,0.0263352741900802,0.0691180524691616,0.0688165023668266,0.0003878647062755,0.0100622810442651,0.0233840393048012,0.0560000000000009
-13.21931,0,200,16.03,16.5086,16.319232,16.353250000000003,12.8051,0.2940198097383789,0.142420916959134,0.0724366782783916,0.0099949412032062,844.3906602968717,2637.8274089815022,3.703500000000002
38.20694,1,33,14.74,21.2321,17.847854545454545,19.4676,14.7222,2.786115290719644,0.5648336108897889,0.2223489782964487,0.1759422634000306,877.0930361051225,2727.7681152894947,6.509899999999998
15.26653,1,7,18.84,21.3195,20.421142857142858,20.4498,19.3649,0.6546139647587289,0.5558208859531191,0.3722775858088979,0.1195863785606007,768.4996408893967,1869.8055548379048,1.9546000000000028
6.49304,1,175,19.11,21.1881,19.545052,19.5025,18.6852,0.5018664516272862,0.541529784358711,0.2404902188907102,0.0767483627326169,649.2554792852908,3056.7843874766986,2.5029000000000003
20.24496,1,9,18.05,18.0557,17.588044444444446,17.8887,16.8423,0.529224692619097,0.113860604513468,0.0989079295447997,0.0152891341245221,12.760388591209455,30.012429791990144,1.2134
31.78769,1,4,19.83,21.4169,20.888225,21.0512,20.0336,0.6029155351290931,0.5742464360575121,0.443641415726413,0.1213259157022539,426.30303158223205,982.1222427429092,1.3832999999999984
-14.93363,0,4,18.4,18.4991,18.410425,18.42775,18.2871,0.0910821378390589,0.139970774443661,0.1348110891963419,0.0051141410351407,0.008822867457164,0.0205038311105454,0.2119999999999997
-4.17702,0,14,13.81,14.2492,14.187185714285716,14.20705,13.9209,0.0791479418765686,0.0560886703414322,0.054996405341114,0.0006989436677863,29.74549225462383,71.80104795139778,0.3283000000000005
-6.24468,1,90,17.52,20.6459,18.990594444444444,19.1613,17.4659,0.8096570517382413,0.453024268315787,0.197208380497084,0.0763691999823784,936.5428342706608,3062.752234316904,3.18
-3.26732,1,7,18.81,21.2447,19.721414285714285,19.3527,18.8067,0.851497712716779,0.5745570563192479,0.2670338273741391,0.1514343621541453,133.4159862170291,424.810740729401,2.4380000000000024
16.66758,1,362,16.62,19.6478,18.315678729281768,18.30455,17.4434,0.2061722497871972,0.602354046824447,0.1347688242203494,0.0428574099933554,936.7857049750417,3032.903168136305,2.2044
21.595,1,154,17.74,20.9432,19.68324805194805,19.8187,17.6555,0.731919394846001,0.566324029290547,0.2633362520085694,0.0873678388460319,798.1435002253252,3120.6492028240973,3.287700000000001
6.25603,1,101,19.59,21.2115,20.184176237623763,20.1841,19.1917,0.4451907292719633,0.544201718102131,0.3043697278053653,0.0801864698290125,737.00936843735,3093.229451481704,2.0198
10.81756,1,10,20.03,21.276,20.69844,20.69425,19.7955,0.4603465704106945,0.573936262044777,0.4235014145628297,0.0993646598100323,525.9818591681347,1760.1534216203,1.4804999999999993
-3.09341,0,210,17.21,21.3005,20.06545476190476,20.11425,16.1292,0.6234337904714643,0.5592639660189019,0.3079049495442067,0.0792219389996077,875.7448050786749,2967.0265924307023,5.171299999999999
18.3191,1,346,15.05,17.9101,16.531959826589596,16.421599999999998,13.9943,0.3041850251752031,0.154618796626991,0.0797157722768428,0.0088223578722253,849.4379692770074,2950.9224081714056,3.915799999999999
-19.11451,0,20,19.12,19.9353,19.121355,19.0417,18.4906,0.3834814062259769,0.272825388492565,0.1886442144215055,0.0382982388090691,17.733857525464412,48.99533436349884,1.444700000000001
5.38016,1,125,12.65,12.6841,12.5100232,12.5152,12.324000000000002,0.0833324484064843,0.051784928506737,0.0509107134943798,0.0002446329778924,337.8817844102602,1185.8362175807997,0.3600999999999992
40.2051,1,242,17.78,21.048,19.209161983471077,19.13975,17.5285,0.6809902373470759,0.53219391207627,0.2028619180958919,0.0731181689173168,883.9589084574782,3033.8448849306005,3.519499999999997
-5.22984,0,295,17.4,19.2934,17.932341355932202,17.7695,15.9059,0.5001842804470397,0.7782434669222971,0.1304057278899741,0.0787950909229363,874.9951431008319,2973.9645490506955,3.387499999999997
-13.32812,0,3,16.93,20.0511,19.54583333333333,19.4518,19.1346,0.465429654548713,0.304096906281046,0.236937837435246,0.0604610187976316,29.348207366345576,50.83627511560189,0.9165000000000028
2.5221,1,24,18.52,21.0599,19.82220833333333,20.0313,17.8859,0.8276153700826862,0.5592639660189019,0.2883691899693633,0.1190586630112287,772.7745964724885,2681.7092237499965,3.1739999999999995
58.05213,1,105,17.69,19.4261,18.804846666666663,18.827,17.6902,0.2774293558959118,0.2611443144926939,0.160054476997949,0.0231226898143648,812.1690817495335,2673.789339606701,1.7359000000000009
-3.8131,0,334,15.24,18.7627,17.47715359281437,17.85355,15.0941,0.9255139920722912,0.164050290344516,0.1035595868253613,0.0243241902731582,907.6512102522472,2967.0316362153026,3.6686
9.12737,1,158,13.86,21.1522,19.81265506329114,19.9553,13.8544,1.08469290987457,0.572084523202219,0.2870155850988542,0.0829503152678139,871.1621875433792,3100.708393229106,7.2978
29.34237,1,19,16.51,18.1437,17.195789473684208,17.1155,16.5111,0.4215916097820217,0.1190868560536319,0.0841867919008909,0.0105750248182796,21.50314574054528,77.79967798620055,1.6326
-18.14373,0,42,17.42,20.8239,19.398138095238096,19.72835,16.8167,1.0829140785123206,0.480551096075861,0.2495290128296127,0.0844411260255792,1082.9283160985517,2951.9809573032035,4.007199999999997
6.88764,1,108,14.22,21.0983,18.53931851851852,19.36,14.1037,2.097829138430102,0.8299524452144911,0.2167285339166974,0.1255599742519496,847.4083825713839,3100.7029740857038,6.994599999999998
-22.47703,0,67,17.43,19.2636,18.4874552238806,18.5804,17.392,0.4315000664642603,0.343859647893441,0.1521791635100393,0.0447035991597436,754.8620750872944,2503.0869536805917,1.8716000000000008
25.62575,1,331,17.06,17.6995,17.391284592145016,17.4074,15.0015,0.1530064329348746,0.116031401074666,0.0924988610252679,0.0054430007976216,952.1799299653194,2956.905637604097,2.6980000000000004
-9.70794,1,53,18.85,21.1825,20.221375471698117,20.2444,18.7808,0.5732277547448907,0.5558208859531191,0.3277768231806677,0.0990923534704715,849.3661906311087,2907.0478347800963,2.4017000000000017
-10.4441,0,9,18.67,21.2455,20.7235,20.6385,20.2648,0.3266232041665136,0.5636487791517819,0.4088575022635659,0.0869227505546419,860.8998764089001,2571.947709074302,0.9806999999999988
30.01413,1,20,19.44,21.3396,20.183115,20.17085,19.1334,0.7061313172006882,0.5802257092938841,0.3261411500071924,0.1313258575949339,539.7728781551223,2552.911660601901,2.206199999999999
45.38435,0,248,17.87,20.8172,19.61753185483871,19.618450000000003,17.6992,0.5765915105460653,0.5436645200760929,0.2456598926609272,0.0735350039135502,765.3595312934316,3111.242045925996,3.1179999999999986
1.80873,0,7,18.92,20.6751,19.480071428571428,19.2689,18.3498,0.9650748912464178,0.428142711310256,0.2366766581464528,0.1131181266300861,819.7238294176224,1991.6642295487984,2.325300000000002
37.10897,1,62,12.94,12.9407,12.698340322580645,12.70355,12.4661,0.0813182323025549,0.0520335145380222,0.0510947251018361,0.000223698094846,262.4363128473863,991.1225138078008,0.4745999999999988
11.51499,1,41,19.62,21.3194,20.116065853658537,20.0939,19.0251,0.5316076657694829,0.588682181068745,0.3143700595496305,0.0980450881369973,641.1726351522442,1950.8508233679968,2.294300000000004
23.98215,1,20,15.85,17.4233,15.527545,15.3361,15.0838,0.5269682058470748,0.190274684250446,0.0780209917557892,0.0340140557510482,506.27599165343366,1495.863297708187,2.339500000000001
39.42291,1,169,18.26,18.6903,18.32552662721893,18.3397,17.5067,0.1397018259709877,0.180945532783176,0.1303482508905632,0.0125848166744879,596.5819740719896,1960.747813680602,1.183600000000002
51.40934,1,156,16.26,17.9649,16.63561217948718,16.6265,15.2784,0.5050961012798678,0.151232045517241,0.0807141058438178,0.0144542417903284,884.3020224653962,2701.6977686919054,2.686500000000001
7.40328,0,38,18.05,21.19,19.487115789473684,19.48965,17.2497,1.0868396605995103,0.5850647350250009,0.2793846637872733,0.1437667002762699,629.2614400411486,2911.9253415623025,3.9403000000000006
30.59575,1,75,19.69,21.4302,20.172558666666667,19.9887,19.141,0.64139004979121,0.5844133223308001,0.3158662362780935,0.1224813246161785,564.8400451695483,2683.750463391101,2.289200000000001
41.08191,0,129,16.69,21.1034,18.757507751937982,19.5746,15.6075,1.663611178544114,0.515214398699779,0.2131332581395054,0.1168443132199149,901.9059911028572,2947.029606250093,5.495900000000001
7.09452,1,17,20.26,21.3035,20.22902352941176,20.2566,18.8714,0.66475469303478,0.526450678349479,0.3476303867928696,0.1183235833702475,805.5202488735284,2601.9322011223994,2.4320999999999984
16.08481,0,5,16.83,20.5565,17.62338,16.9294,16.8288,1.6408268897114036,0.519203767960155,0.1681883441920704,0.1962270756014452,171.71590775717095,383.9765860765037,3.727699999999999
26.77274,1,200,19.62,20.5307,19.7026695,19.73265,16.8482,0.3821233095984125,0.3648104454131529,0.2398936407507626,0.0413448614651964,701.2150647092001,2662.799700844997,3.682500000000001
2.53915,1,8,17.56,18.21,17.8928625,17.88975,17.6171,0.2528001465726281,0.125127414558618,0.1119306579448708,0.0097920942044485,1.6147310526018313,3.0426295371944434,0.5929000000000002
28.01902,1,273,17.48,20.8245,18.96333882783883,18.9694,16.9822,0.5737009609583236,0.465087761148842,0.1992323212983682,0.0586203307826558,914.503453576747,3120.321494039097,3.8423000000000016
-10.82931,1,241,17.48,21.0482,19.169497925311205,19.4182,17.0592,0.8458597797728362,0.484442412047511,0.1994434808138421,0.0629518625814149,902.7906347932332,2969.9126335992914,3.9890000000000008
24.4422,1,92,19.91,21.3861,20.185130434782607,20.0971,19.3571,0.4503312736049113,0.612439338715435,0.3104296861974359,0.0925464780116239,441.93392584375977,2557.0506214466004,2.029
33.90599,1,68,19.98,21.5433,20.14837058823529,20.087,19.2887,0.4851761043748588,0.6184064446423821,0.309826905795526,0.0941390801287299,619.2972640250287,2575.950621921591,2.2546
3.35961,1,8,17.96,19.7277,18.676625,18.44185,17.8833,0.8560020856950556,0.260191835158277,0.1717539687935171,0.0658838005267423,6.413954472326667,12.01393314820598,1.8444000000000005
39.99755,1,448,13.57,15.3017,14.118225669642856,14.07685,12.8078,0.5009641342366699,0.0611308704442446,0.0547047179791798,0.0019909373672892,914.4892410083608,3113.247913425803,2.4939
29.19375,1,445,15.72,20.1812,17.742435280898878,17.8904,14.2074,0.9262701944839832,0.587359882133207,0.1145311264551389,0.0465306811044606,862.4187165672603,2984.9759113195905,5.973800000000001
37.03085,0,105,18.8,21.1337,19.47040857142857,19.456,18.464,0.4194073437864162,0.525468731037611,0.2347966642751842,0.0573968986924535,688.7871867984894,2587.074919073799,2.6697000000000024
10.99469,1,93,19.76,21.4299,20.110686021505376,20.0493,18.8131,0.542332470143585,0.584413328835138,0.3083217417493419,0.0940448361558144,723.3554974692171,2987.923091469805,2.6168000000000013
61.55811,1,13,18.96,21.2636,19.38136923076923,19.4084,18.46,0.8038396942017473,0.559553455343515,0.2341733941224683,0.1132512287188239,35.42791528175172,133.74823425950308,2.8035999999999994
21.09563,1,314,18.89,21.0726,19.13315350318471,18.9942,18.2467,0.4979291471632459,0.519678584677693,0.1870944521769309,0.0544390363394322,722.2987309529353,2991.951819316884,2.8259000000000007
39.05827,1,174,18.26,21.5794,19.88899367816092,19.89035,16.7992,0.6674156833285129,0.628438815043573,0.2810898648167523,0.0956913969705065,897.1828425615422,2945.955201238401,4.780200000000001
28.33195,1,308,15.05,19.3137,17.789871428571427,17.91855,14.9996,0.8023743001163501,0.649858695017091,0.1191021666852358,0.0418334894289812,951.0416288553928,3049.9615225926973,4.314100000000002
-7.09099,0,34,20.07,21.1678,20.381764705882357,20.33175,19.4918,0.3918789035916762,0.5480023007077349,0.3566182034631194,0.0883908092321334,793.3399740557212,2952.906568726503,1.6759999999999984
52.54313,1,39,16.6,20.709,19.24853333333333,19.6281,16.5967,1.2063969165143933,0.4447123346723811,0.2367818091368074,0.1100850408919947,1028.7898889840951,3074.7376790739945,4.112300000000001
16.42066,1,214,19.26,21.3285,20.135814018691587,20.0856,19.2479,0.4514463944175446,0.651153724784935,0.3053340931965376,0.0875793535068539,753.9549389082789,2994.903970509302,2.080599999999997
61.40397,1,14,17.49,20.8101,18.940385714285718,18.18235,17.5289,1.3166942982958625,0.4248078630224509,0.2327694256112185,0.1072912378665411,584.3902452389204,1845.9447455671907,3.2811999999999983
27.58305,1,25,18.94,21.3122,20.044072,20.1618,16.1279,1.0723592209547448,0.5529944959541839,0.3268392333876689,0.1249375251588769,858.3667638453329,2656.778732210405,5.1843
32.93307,1,2,20.03,21.3732,20.7761,20.7761,20.179,0.8444269180929765,0.6055476201359999,0.4621907506712009,0.2027372290564682,647.5211686374153,915.7332186107088,1.194200000000002
35.13713,1,152,17.86,21.4504,20.075013157894738,20.17465,18.1163,0.6825926265829833,0.605905242009425,0.3040252115203126,0.1032688072777358,930.7361947590382,2936.027722256709,3.3340999999999994
14.34093,0,79,19.68,21.0431,19.95181772151899,19.9791,18.7149,0.533668192015508,0.5639443661355009,0.3219405328441964,0.086885301239452,644.5349845290996,1879.8543300233,2.328199999999999
10.36606,1,58,17.94,21.0366,19.931872413793105,20.0107,18.5462,0.6348084432145863,0.538108187261812,0.3078806827499987,0.1034143959675314,1044.5912700616434,3071.6569766779,2.490400000000001
1.64201,1,6,19.06,21.2763,20.8034,20.8279,20.3619,0.3446844818090879,0.573936262044777,0.4418222614861806,0.0834528833022216,961.183201322554,2171.0803444097983,0.9144000000000004
-9.54402,1,28,16.25,21.2085,18.231735714285715,16.77395,16.2081,2.034366076932455,0.535773035125762,0.200028618494499,0.1636934524802904,364.5110710274918,1448.0233391551155,5.000399999999999
10.47503,0,13,13.41,13.4429,13.423646153846152,13.422,13.4035,0.011996570022623,0.0536088608811202,0.0527061178199701,0.0002804581798914,13.951899934122926,38.955763078796735,0.0394000000000005
18.41671,1,344,18.33,20.5724,19.13579331395349,19.2213,17.9798,0.4931526447896577,0.41405959865525,0.1983542533775621,0.0497912513041777,922.406809592917,3117.6712885536035,2.5925999999999974
33.46444,1,28,19.57,21.5548,19.834307142857146,19.784550000000003,18.754,0.7644950853358353,0.652455539871672,0.2698130977591348,0.1302875156801032,462.5329136204149,2188.9274662729003,2.800799999999999
-5.57015,0,2,18.47,20.5281,19.4296,19.4296,18.3311,1.553513598266843,0.372601073277766,0.2569924076667415,0.1634953428349669,1011.1880460567504,1430.0358488430063,2.196999999999999
68.07786,1,11,16.84,21.0416,20.006345454545453,19.882,19.4373,0.5575668289337811,0.5223110334811839,0.3063804599718833,0.1055935696889758,798.7283619462917,2182.0592597337018,1.6042999999999985
8.2384,1,4,18.34,21.0099,19.956075,20.51935,17.7757,1.472480882445222,0.509269510455183,0.3476005486165234,0.160251193852049,1158.3230184512092,2468.081659572097,3.2341999999999977
12.35661,1,472,17.04,18.1634,17.181646398305084,17.1863,15.3281,0.1401751418419012,0.345084881578942,0.0895004193243981,0.0210010442811765,918.8948532585874,3096.311809675688,2.8353
-2.59891,1,157,19.67,21.2627,19.883012738853505,19.8823,18.6658,0.4776266957339243,0.532955476537639,0.2679546885251502,0.0725712695622387,531.1629535140938,2526.0706470020014,2.596899999999998
32.39069,1,499,17.59,19.686,18.78024869739479,18.7729,18.158,0.1671698221902237,0.550483294521959,0.1579125413282662,0.0354298038190412,885.3248465404687,3093.257592430309,1.5279999999999987
-4.71229,1,274,18.99,20.4935,19.131363503649634,19.0457,17.2685,0.4509486969798532,0.426605339866401,0.1885043347747565,0.0485107342875935,915.960249185801,2971.891363009301,3.2250000000000014
64.05279,1,12,17.22,20.8583,20.03398333333333,20.01245,19.1953,0.6520263768135501,0.475429799224982,0.3071218990256147,0.1075453644995229,807.815980053512,2603.9044359838954,1.6630000000000005
18.5418,1,127,19.81,21.0826,19.753114173228347,19.7587,17.1046,0.5252400774920688,0.516847097420702,0.2547675186985949,0.07068620933353,672.0274046219837,2951.878388738798,3.977999999999998
37.08434,0,10,18.21,20.5867,18.54663,18.55535,17.3905,1.1637412876389477,0.449616796704421,0.1824263662671684,0.1259806311389535,842.6969717034559,2189.082062569396,3.196200000000001
20.83725,1,5,19.46,20.6482,19.60702,19.4092,19.2595,0.5886544334327233,0.3771685445223761,0.2313769252909213,0.0818982842494895,424.5196889659381,949.2687024072948,1.3887
-7.99803,0,241,17.03,19.5577,18.11092531120332,18.1106,16.9325,0.588200038590903,0.246908334455172,0.1242002356549134,0.0315726528016216,829.8937821459668,2865.2284121415,2.6251999999999995
0.07643,1,2,15.97,20.7783,20.50345,20.50345,20.2286,0.3886965976182461,0.4120239257809389,0.3616331913666369,0.0712632600266465,487.9051030859559,690.0020139352055,0.5497000000000014
11.84214,1,29,18.56,20.6533,18.703610344827588,18.439,18.0882,0.6209638103929519,0.397934975850558,0.144458985625253,0.0559790129970719,29.574527523072614,94.83869802080152,2.565100000000001
-2.89324,1,67,19.0,21.2476,20.39029104477612,20.4093,19.1219,0.4716078837118772,0.556676355843265,0.3494520571675525,0.0865030675454899,899.3331231128238,2865.217469664305,2.1256999999999984
-11.84435,1,178,17.86,20.9792,19.08309887640449,18.9209,17.6964,0.837916089807361,0.457679013255031,0.1946367327977897,0.0812553243248521,855.4667384496837,2922.9979287036986,3.282799999999998
-4.33285,0,275,18.78,21.0511,19.255446181818183,19.2529,18.1957,0.3813074648016618,0.50394284503612,0.2011999577655956,0.048758326769815,898.4324343046525,2956.056453506899,2.855400000000003
23.33347,1,11,19.84,21.2066,20.38456363636364,20.3295,19.3506,0.6395663941651825,0.536031157962306,0.3701444949505372,0.1233318905571147,661.7904108898565,1938.988856574004,1.8560000000000016
-5.80361,1,17,17.27,19.3494,18.05415294117647,18.1741,17.0545,0.8316197374083043,0.259249694359165,0.1301114958407807,0.0479443326718266,58.41362138625979,167.75817195620766,2.2948999999999984
-3.35705,1,36,18.02,20.7581,18.914125,18.87965,18.0229,0.5575653654825705,0.4246704611920039,0.1684874948087316,0.0580374098540262,236.42826115536744,1467.976315451393,2.735199999999999
3.66358,1,39,18.91,21.1814,20.31402564102564,20.3359,18.2871,0.5809889910715081,0.542861355248913,0.3587582146731389,0.0981038425277968,894.3039776752332,3094.6220588656,2.894300000000001
17.9279,0,191,18.91,19.9936,19.17196858638744,19.1548,18.4046,0.3547725930754303,0.345007941520932,0.1983711364390792,0.0375347584059565,719.2065600335668,2601.849839907096,1.5890000000000022
22.95888,1,97,18.71,20.783,19.866290721649484,19.8444,17.4425,0.5258783695879834,0.5648336198009201,0.339715180133507,0.0946596927049612,900.6179107714158,2912.9749657754,3.3405000000000022
26.81183,1,6,19.3,21.5148,21.1302,21.0605,20.819000000000003,0.2874446242322171,0.6272592811349279,0.4943170513463628,0.1041512699810463,784.2430324111551,1883.9410024187964,0.6957999999999984
21.92205,1,14,19.37,21.2322,19.79147857142857,19.78265,18.3436,0.8926311023542189,0.559843344546622,0.2974211482673781,0.1383845847219175,698.833676210024,2495.048378194704,2.8886000000000003
11.85077,0,3,18.54,19.595,19.29126666666667,19.3124,18.9664,0.3148324210327338,0.231094484099207,0.1978954870224449,0.0320745743796441,409.3380441045105,737.9201059951156,0.6285999999999987
-21.2193,0,28,14.77,14.8942,14.860303571428572,14.86805,14.7721,0.0310052024564442,0.0585368488635049,0.0579565731282301,0.000291849635165,182.7215647787519,392.9596433103943,0.1220999999999996
46.19443,1,9,18.88,21.4528,20.550844444444444,20.7994,18.9304,0.8890071936029427,0.612807838613243,0.4010259174321098,0.1560818119388375,983.7540894178596,2881.027721979197,2.522400000000001
19.99589,1,60,19.09,21.3489,19.377963333333334,19.17335,18.4345,0.6424754699443603,0.576116887210896,0.2080626362215932,0.0815585773279074,172.8093011769449,874.3164913192959,2.9144000000000005
40.67602,1,52,19.18,21.4074,20.52900769230769,20.5962,18.1658,0.5889716521179029,0.5923595908457379,0.367888542276362,0.1077239077052961,763.2053288096643,2678.826913646008,3.2415999999999983
-0.24037,1,7,18.76,20.4569,19.1962,18.8309,18.6967,0.6987955781199535,0.3771685445223761,0.2408129730894342,0.084123039137535,565.9627906533532,1506.9115968750048,1.760200000000001
26.61202,1,322,13.54,18.7897,17.63267701863354,17.9144,13.5137,0.9969120668358468,0.434009818525455,0.1094425656566854,0.0321538195218332,922.6106786636158,2992.931051955995,5.276
31.97667,1,85,17.82,21.5116,19.409764705882356,19.8818,17.2048,1.3743616155896372,0.659964000646127,0.2607906913793513,0.1480536953464361,784.589864887607,2934.958233645695,4.306800000000003
48.5485,1,26,17.56,21.4575,19.144315384615386,18.8773,17.4615,1.3598746685462766,0.6169002840940679,0.2397802310737316,0.166321902023414,557.9816736532388,1846.9509889698093,3.995999999999999
37.4398,1,307,16.98,19.0004,17.975758957654723,17.9847,15.1987,0.2304923284480851,0.575491614190353,0.1165418553362313,0.0324449019988019,877.1983402230696,3079.826847800497,3.8016999999999994
40.23974,1,8,16.17,16.579,16.293375,16.27405,16.1404,0.1562139169765071,0.0752868199890894,0.0708040578967056,0.0024086082009327,7.477086657358824,14.00717646999692,0.438600000000001
-5.28702,0,67,14.76,21.0073,18.6017552238806,19.0832,14.7642,1.355726715140828,0.4906459834538599,0.1926508544912222,0.0800261296958019,714.7390286656139,3045.7769376737924,6.2431
43.28819,1,218,15.66,21.292,19.739369724770643,19.747,15.659,0.6986529123178743,0.579270612122501,0.2576836937204022,0.081394018234617,769.7229112627267,2918.979483483592,5.633000000000001
20.05015,1,18,17.73,20.9678,18.58521111111111,18.44245,17.305999999999997,1.113086843971405,0.537586917083812,0.1834158458596902,0.1162143545774938,824.8321978993289,2193.0221585994004,3.661800000000003
-9.05922,0,142,16.08,18.1335,17.059974647887323,17.1117,16.0252,0.5660602915581976,0.1304192113049269,0.090639941266299,0.0136628269270008,1014.5368889182098,3067.6862316322004,2.1083
22.13557,1,227,15.12,18.5167,17.389833920704845,17.7742,14.755,0.9210463287397676,0.181074980590245,0.1059613317465529,0.02463584899336,945.0822483012556,3073.688800092801,3.7617
13.71504,0,16,17.59,21.2441,19.7400125,20.0537,17.3348,1.2684581075069057,0.545280384557757,0.3177115384069754,0.1498769339065897,929.1808793949556,3033.818883507003,3.909299999999998
-8.26167,1,6,18.94,20.4777,19.99045,20.01615,19.373,0.4095178860562737,0.431694084833304,0.2995539976493881,0.0847475116046077,128.03587600129617,343.0338635302978,1.1046999999999976
61.42064,0,147,18.33,20.9233,19.49233333333333,19.4853,18.2016,0.6171013251688189,0.5751796303247779,0.2377862729034061,0.0835202517282096,808.7173477988104,2820.277469536799,2.721700000000002
44.33969,1,172,18.48,21.0473,19.504651744186045,19.52435,18.0759,0.5437974686921629,0.520631698465571,0.2287082635111297,0.066845398706999,765.9938405301106,2920.0288125695006,2.971399999999999
46.94032,1,146,19.5,21.2086,19.975215068493156,19.9551,19.0446,0.4387147972072719,0.5883508708884411,0.2808362481950986,0.0791248235704357,698.5017631975473,2736.750617847203,2.164000000000001
20.31778,1,14,19.44,20.9978,19.565914285714285,19.53,17.6466,0.780810596414091,0.490645971238472,0.2456978700535311,0.0990717421569413,578.9777674257921,2197.059038020707,3.351200000000002
38.10102,1,344,18.29,20.1336,18.79818895348837,18.7538,18.1079,0.3376559962905641,0.5101720922034749,0.1639991223289504,0.0365203215996827,898.5758545261058,3061.703684676293,2.0257000000000005
7.80837,1,396,16.3,18.2289,17.712246717171716,17.7093,17.2409,0.1079622257631216,0.301295931018901,0.1055308170004229,0.0263562678037716,931.238935452654,3099.220905254595,0.9879999999999995
59.02286,1,52,13.13,13.1598,13.053326923076924,13.0449,12.9541,0.0421656495981404,0.0527576379064539,0.0517505672453183,0.000304918467537,423.0042660747184,1159.890312037096,0.2057000000000002
7.72688,1,22,19.35,21.456,20.65226363636364,20.76455,19.5416,0.5606244083039437,0.590346205535146,0.4180084578889554,0.1023639379393147,950.0357098957436,2956.982284421596,1.9144000000000003
-7.41954,0,27,17.37,19.8899,19.0006,19.0498,18.1623,0.3369329686816283,0.269121540573859,0.1743453247502665,0.0332087734887806,655.5372562146808,2237.9226484027968,1.7276000000000025
26.61578,0,309,13.34,18.4081,17.49541359223301,17.6957,13.3241,0.862288222867024,0.278365054962231,0.1021285165268958,0.023394222731419,954.0601824132484,2951.022061400494,5.084000000000001
14.76087,1,80,19.48,21.517,20.37732375,20.33795,19.1847,0.51987376638286,0.612439338715435,0.3424873434632381,0.0985355353774364,887.2798588371238,2955.0545458333,2.3323
1.81968,1,56,15.69,21.4955,19.88117857142857,20.39885,15.6107,1.6294341417932685,0.605190552873945,0.3239315427288263,0.1388961004297021,786.1815411401014,2864.0390237850006,5.8848
49.72891,1,56,18.44,21.4864,19.955080357142855,20.1199,18.4057,0.7633559792532484,0.641811530272182,0.3053456451722024,0.1212124658043154,867.1378104151555,3083.7330083333945,3.0807
-15.43896,0,166,14.13,19.6706,18.12309578313253,18.68475,14.0186,1.4214145698692748,0.408650564864123,0.1467536944626569,0.0548213426989819,913.0362405745208,2945.939193090373,5.652000000000001
34.84488,1,13,17.85,21.3763,19.145330769230767,18.6689,17.861,1.1844489825685591,0.591686438168588,0.2347595638820625,0.168203568956584,150.31945411797062,452.9590118173946,3.5153
46.84929,1,56,17.67,21.3063,19.6510625,20.12845,16.5638,1.3735330980639948,0.6241422412063199,0.2885712307563968,0.1308054127322351,907.165064504772,2910.9930512849023,4.7425
34.27662,1,17,16.78,20.693,19.4521,19.5192,17.6532,0.7805348070393782,0.391758588771562,0.2219328052715088,0.0761868614762347,570.1109611443512,2004.6947861459196,3.039800000000003
26.07988,1,86,17.37,21.1681,18.97811860465116,19.1113,16.9699,0.9672768198597694,0.8267101199255921,0.2059435862047493,0.1041119196882771,709.7306141048125,2533.976057673506,4.1982
26.79012,1,225,19.19,21.3661,19.82771555555556,19.758,18.6417,0.591851192821677,0.566923123042634,0.2689193201404651,0.0890083489692731,945.7143386092488,2952.9442010759085,2.7243999999999997
17.33137,1,121,17.74,21.1928,19.474748760330577,19.4915,17.0824,1.009866520314748,0.7180268163747321,0.2539421623965331,0.126465218133632,573.499086547146,2559.9379953589014,4.110399999999999
33.62338,1,23,16.59,18.2668,16.844169565217392,16.5904,16.1774,0.6632313975973192,0.124720089922946,0.0815195620204975,0.0171855726148258,811.7863721472506,2235.006055833299,2.0894000000000013
15.33282,1,10,18.19,19.5893,18.65752,18.41985,18.1893,0.4930673557774168,0.224963068992556,0.1497632811102064,0.0368072173871505,26.829326672662223,66.91384429390746,1.400000000000002
5.22537,1,2,19.61,20.4528,20.238,20.238,20.0232,0.3037730731977413,0.3497121978102889,0.3157438403413384,0.0480385118241271,263.0124521136308,371.9557768520972,0.4296000000000006
8.76635,1,221,19.33,21.3692,19.932909502262444,19.9201,18.8699,0.4892509915911602,0.559843344546622,0.274633087721705,0.0807430472986583,804.5033678484652,2955.0504369790942,2.499299999999998
17.11017,1,13,14.96,14.9984,14.968776923076923,14.9735,14.9268,0.0199420892355068,0.0596613417706216,0.0589336550513565,0.0004624189232236,49.99973030312511,124.7799728471,0.0716000000000001
32.01113,1,346,13.87,16.7361,15.400356358381504,15.91205,13.5952,0.99528971042812,0.0966813252109478,0.0633327567950435,0.0076356796256147,951.3764785070492,3057.7997429394018,3.1409
30.17704,1,48,19.08,21.699,20.43876875,20.48405,18.8269,0.691650090219419,0.66448811191672,0.3822450917487087,0.1332329759376119,782.7374576387336,2978.9279793401,2.872100000000003
25.02899,1,241,17.46,21.1683,19.658754356846472,19.578,18.4717,0.5331969413278324,0.4989766779222089,0.2474002679865422,0.0702045414329226,933.6337654089758,3069.798418043996,2.6966
17.45976,1,6,19.43,20.892,19.7553,19.53765,19.0501,0.6823633782670342,0.38458339003301,0.2486234238807489,0.0824227900600838,97.95814571480884,242.22208377321655,1.841899999999999
-0.96434,1,186,17.88,20.5825,19.230972043010752,19.255650000000003,17.6451,0.4960879994660049,0.387324081493793,0.1972616617255454,0.0495925923565376,887.7068808450662,2996.852549988296,2.9374
-11.08843,1,29,19.59,21.0816,19.550693103448275,19.5136,18.8277,0.5046998860221179,0.488219216400211,0.2264073313961368,0.0700280491559396,38.78404731325621,120.7419209261061,2.2539000000000016
4.92529,1,9,17.59,20.4929,18.041733333333333,17.7127,17.5915,0.9275874702689764,0.387324084687585,0.1369697105172302,0.0940050288950946,527.6722423569298,1666.307435555398,2.901399999999999
33.35341,1,3,19.48,21.7142,20.98166666666667,21.4249,19.8059,1.0284668508675086,0.6109712331428729,0.499059358659657,0.1681766627953475,937.0606548968778,1861.898800925592,1.9083000000000008
40.61777,0,17,17.97,19.917,18.28871176470588,18.2386,17.8997,0.4731015534247814,0.2650970480676869,0.1374979490818474,0.0357287697223186,264.5711331961561,1112.9560678471023,2.0173000000000023
27.60082,1,8,15.7,17.8705,16.762375,16.74005,15.7019,1.0876662404958082,0.106767612149757,0.083413241523461,0.0214706780488453,4.307385487465244,8.077841423510108,2.1686
6.09098,1,224,19.0,21.1565,20.028467410714285,20.05915,17.0388,0.4738910122950966,0.820322603600715,0.2947480356167185,0.080638690607674,948.3327816122862,2958.0034027662987,4.117700000000003
9.1682,1,67,19.73,21.5819,20.218047761194036,20.4088,18.3192,0.7524779051137022,0.572700014338573,0.331257788374413,0.1113329119289603,895.9914664742078,2925.960601296305,3.2627000000000024
26.39677,1,32,17.05,19.872,19.253296875,19.3148,17.5988,0.445317461596581,0.306809738660605,0.2056041954129033,0.0426962041094687,929.189992821464,2880.111502592503,2.273199999999999
17.34747,1,78,19.11,21.3259,20.274876923076924,20.233600000000003,19.3616,0.4906794917421999,0.5818268862694821,0.3362393392488713,0.1007026961252327,651.8474570293815,2933.994048657398,1.9643000000000013
42.72006,1,125,15.72,19.9925,18.6778896,18.9407,15.6195,0.9294438384553324,0.260973463143776,0.1602124742750364,0.04253015949039,950.6078499678388,2933.055205694909,4.372999999999999
18.9942,1,11,18.32,20.0319,18.406336363636363,18.0565,17.7026,0.8266318736568624,0.305934018217402,0.1465402703568823,0.0684080544858417,532.7962103442668,2267.9885640275024,2.3293
-2.56422,1,15,19.82,21.3828,19.622846666666664,19.4297,18.1358,0.9868744173013152,0.482680797741646,0.2597207315673874,0.1267206994996327,390.38266030350667,1358.2036176732945,3.247
2.55029,0,361,16.18,19.847,18.485615789473684,18.5248,16.1723,0.5178927129885754,0.247342781965762,0.1469792464312134,0.0304892046729566,909.365074462296,2964.864053588397,3.6747000000000014
66.10329,1,52,18.31,20.7427,19.88579230769231,20.06965,18.1732,0.6205497287260879,0.443779864227747,0.2842939923132599,0.0761897934599871,870.3630586447576,2599.7999595371,2.569499999999998
22.91717,1,60,19.27,21.5885,20.24647,20.32525,18.686,0.7008782834681698,0.599900754182496,0.3223970172893567,0.1209878001317551,679.8489452054141,2941.0391188542053,2.9025
-7.67108,0,194,19.24,21.1313,19.801252577319588,19.75585,18.937,0.4213649045864627,0.53500065925789,0.2615273145610093,0.0666460235786578,797.0161647959355,2658.8050155094024,2.1942999999999984
31.94722,1,25,18.74,20.6408,19.656928,19.9775,18.4828,0.7586711455564897,0.392751046016118,0.2509925219477955,0.0853596478476334,598.5573738821375,2199.9764664354952,2.1579999999999977
-20.52785,0,7,16.86,21.0002,18.45772857142857,16.9188,16.8244,1.993138763955222,0.4947639920952029,0.2007697749050938,0.1644865514830832,293.1536891219501,735.8778850348972,4.175799999999999
41.33624,1,253,18.36,20.6476,19.14568656126482,18.9307,18.0143,0.6069111074600418,0.453352470113767,0.1933742059634489,0.0633977915155666,871.7743542664278,2917.025160601799,2.633300000000002
-4.3761,0,123,19.56,21.379,20.174534959349597,20.1135,19.1558,0.5099034254405659,0.521589557277535,0.3083468771258204,0.08484426817289,631.1754973058078,2951.0395394098014,2.223200000000002
6.48875,0,22,18.34,20.2895,19.33626818181818,19.27035,18.3362,0.5777719325843468,0.339593067842613,0.2273116094982533,0.0618920923043693,444.1961986081929,1738.2990509374067,1.9532999999999987
38.50361,1,338,16.76,19.2749,18.584294378698225,18.70445,16.7639,0.4718857254895823,0.2290929382922339,0.1421633959517856,0.0244754434146579,754.4555945666353,2805.3468580786,2.5109999999999992
25.81441,1,4,19.44,19.6609,19.466175,19.53985,19.1241,0.2490045163579708,0.218950888006484,0.2009270007562502,0.0232734670463301,0.008645511385346,0.020107361007831,0.536800000000003
32.96005,1,2,19.11,21.2221,21.20885,21.20885,21.1956,0.0187383297014438,0.556390811938019,0.5505655788144099,0.0082381236873927,1123.4485025672125,1588.7961089582968,0.0265000000000021
7.85002,1,239,19.48,21.3677,19.891992050209204,19.8696,18.7198,0.465758988126444,0.8771973444143499,0.2744245882542627,0.0879710038655619,823.6305953272903,2714.719377199101,2.6479
3.96318,1,4,19.65,20.6411,19.836025,19.90995,18.8831,0.752638440753595,0.368370155220137,0.2554330384251917,0.0922993648762768,0.0085949845072968,0.0199609491974115,1.758000000000003
-21.92476,0,2,17.49,20.5519,18.86655,18.86655,17.1812,2.383444827345495,0.300723937242307,0.1952215849616531,0.1492028574575647,1246.7826897510315,1763.2169891779122,3.3707
-3.29261,1,10,17.28,19.5227,16.97665,17.2316,15.5575,1.3831030782266376,0.191587008709879,0.0952656212297733,0.0435718411219332,788.5213698244721,1818.0031598150017,3.965200000000001
30.51223,1,155,18.53,21.3411,19.759793548387098,19.8541,17.5955,0.6479843735767596,0.567824958599617,0.2637774998440725,0.0775144662253101,933.4622372800992,2990.9379379976963,3.7456
-15.81578,0,42,15.89,20.9871,19.346957142857143,19.75295,15.8436,1.3327906913311451,0.489024530648435,0.2539404067990291,0.1117211218085488,659.8684648532444,2187.0362037726954,5.143500000000001
10.00458,1,123,16.72,19.3268,18.29542601626016,18.4321,15.4889,0.6516525960011088,0.589013983477055,0.1461874697373904,0.0714414324933318,798.6083407285344,3130.2944481940067,3.8379
15.05694,1,303,18.42,21.2796,19.179186468646865,19.0316,17.8371,0.7192317354325969,0.587359882133207,0.2025799104800293,0.0861236438934985,845.9791531640959,2984.933804583299,3.442499999999999
23.09558,1,22,18.28,20.9005,19.25548181818182,19.16295,18.1347,0.8306465293953482,0.450744833779257,0.2062435425222234,0.0933353874812718,154.88118853303885,748.0235947225956,2.7658000000000023
19.20259,1,4,18.87,19.6997,19.20105,19.1166,18.8713,0.3607895554659712,0.2375159041385,0.188794981325282,0.0341042973191913,0.0101639838410928,0.0236187387054087,0.8283999999999985
1.08775,1,5,18.07,19.0326,18.40318,18.1599,18.0724,0.4155127699602007,0.178224880501071,0.1411373124221666,0.0234920341594789,9.854291928043263,18.004848657197726,0.9602000000000004
0.99579,1,17,17.19,21.0856,18.64604705882353,18.4192,17.0249,1.572059041956459,0.5024173248445689,0.2054688526456242,0.1641833578595931,703.7334204964881,2563.017175208297,4.060700000000001
15.4706,1,332,17.7,20.9862,19.347138855421687,19.5047,16.6235,0.6654562306800859,0.480743665654437,0.2096091251401096,0.0646725590363326,861.2132206660552,2994.9019287269984,4.3627
-21.97263,0,68,12.84,15.4252,14.018261764705883,13.9288,12.3384,0.8914504801256449,0.0651879802226983,0.0567214928196378,0.004471990193566,817.2706644672088,2912.006796481597,3.0868
-16.66983,0,128,15.06,19.5299,18.1083234375,18.61215,14.6643,1.3517197199044793,0.41039014367118,0.1389934753502532,0.0461424128762891,752.4969336318426,2637.779558992901,4.865600000000001
55.7423,1,112,17.14,20.3239,18.350111607142857,18.3141,17.0314,0.5257659839358764,0.396110395487225,0.1450412496303611,0.0544185718562804,802.9384619880404,2936.0396123957034,3.292499999999997
1.0085,1,328,15.59,17.5542,16.01031524390244,16.43035,13.944,0.9208593455367252,0.215488838879915,0.0705080070761764,0.0147577113305186,866.6741221771107,2908.028677476599,3.6102000000000007
-13.88536,1,29,17.85,20.4854,17.843117241379307,17.3648,15.9751,1.5415744644145395,0.460912764110367,0.2004641987103987,0.1009343603759864,599.0666611824022,2210.868330729296,4.510299999999999
15.28929,1,59,19.51,20.4639,19.760854237288136,19.7497,18.87,0.3489766093940247,0.3670811212230739,0.2488220792695905,0.0420777695531276,391.0015860941747,1417.1346422801944,1.593899999999998
28.88286,1,27,19.36,21.2798,19.85634074074074,19.6945,18.8625,0.721882477255586,0.5681264081835171,0.2815835157631403,0.1207208862765138,363.1407263920216,1799.104826319497,2.417300000000001
-16.21745,0,155,14.96,19.7721,17.7069335483871,17.5486,16.386,0.7481500776831637,0.253647450658591,0.1146465117390523,0.0385633993010305,804.0729459219375,2589.033102882211,3.386099999999999
11.96645,1,32,18.83,20.7058,19.6691875,19.7428,18.7375,0.4992165324689507,0.4619469446239821,0.2643845802346904,0.0761296322553467,902.435593233279,2888.0164667592035,1.9682999999999995
41.23468,1,11,17.7,20.2659,19.443818181818184,19.4594,18.3141,0.5674515747060385,0.317491145413543,0.219061254000514,0.0565966359818503,818.6650407628939,2099.0227870833987,1.9517999999999984
-3.82111,0,35,15.31,16.8141,15.847774285714284,16.0658,14.6997,0.6571403249476238,0.0769496779378283,0.0666750709701638,0.0060262926900138,702.6039554424373,2565.997104502305,2.1144
35.54637,1,279,16.48,20.694000000000003,17.631594265232973,17.6174,15.6388,1.1582912699982006,0.468107997947693,0.1262302895289225,0.0591195879996546,931.8675626841332,2944.0317124771027,5.055200000000003
41.1486,0,10,18.4,19.06,18.29683,18.19155,17.8572,0.397464774260282,0.2237791642170189,0.1584987684703525,0.0314242591138937,886.5078985830676,2301.8092170367017,1.2028
40.84917,1,13,16.69,20.1168,17.86282307692308,17.4485,16.6818,1.1220828944080188,0.38979441685576,0.1285011707757816,0.08768297062803,186.830462399456,689.0783538660107,3.4350000000000023
31.50749,1,14,18.18,19.6423,18.050307142857143,17.84405,17.6213,0.5913083153408286,0.2429347281530549,0.1249607712989757,0.0377295224553586,609.8517669289075,2292.944377303211,2.020999999999997
-9.18844,0,5,19.0,20.7989,19.26098,18.9965,18.6461,0.8804813212101643,0.453188290634727,0.2211014213489948,0.1305029842401467,306.37917219120743,685.0958807984862,2.152799999999999
32.82285,1,28,18.21,21.4651,19.817764285714283,20.0941,18.1738,1.1269743689662506,0.62491765664946,0.2973602894097848,0.1562775136390848,576.1280369800868,2625.805767661899,3.2913
32.61928,1,300,17.61,19.2695,18.516804666666665,18.57345,15.9052,0.3737531124621429,0.429129002251806,0.1422985376850621,0.0299689220482984,957.5359608382264,3055.893312002001,3.3643
33.01002,1,450,14.82,20.631,18.885009555555555,18.86605,14.5763,0.5210889341160048,0.395770862649656,0.1628364932916171,0.0350070772571871,855.8610124319789,2938.024039965196,6.0547
13.56004,1,24,16.22,21.3473,19.069325,19.67245,16.2105,1.6237130955741936,1.04667517289504,0.273974442294798,0.2137424405141774,922.0975974830584,2709.78813978011,5.136800000000001
11.77195,0,64,13.3,14.4524,13.735475,13.498,13.2503,0.4221448596627502,0.0768926955921351,0.0551407685035565,0.0045394307146965,740.179816272829,2838.079438391098,1.2021000000000015
-20.90793,0,2,18.58,20.0764,20.0099,20.0099,19.9434,0.0940452018978114,0.304043356691921,0.2879691277941245,0.0227323925119533,1293.2971077716672,1828.998309988594,0.1329999999999991
30.66962,1,4,17.28,17.4204,17.311625,17.35095,17.1242,0.1399741017712456,0.0867574776890351,0.0845290412367472,0.002979768324095,0.0079127655330477,0.0183927080943249,0.2962000000000024
7.74965,1,20,18.81,20.918000000000003,20.41683,20.5342,19.6546,0.3852783943564641,0.512447527224054,0.3944086803226623,0.0796509005591257,1047.943500933907,3009.94654905099,1.2634000000000043
31.4202,1,456,15.86,19.9686,17.8280125,18.16475,15.2295,0.8968063061099495,0.5149823111368971,0.1189273174243309,0.0416924913298455,888.8882687467869,3100.323634479202,4.739099999999999
-25.59633,0,8,16.29,17.1465,16.6801875,16.659599999999998,16.1994,0.4555043623360183,0.0866959432477279,0.0778688020980651,0.0083473241934258,12.79710126218994,23.96361263879953,0.9470999999999988
29.38722,1,2,17.23,18.911,18.8499,18.8499,18.7888,0.0864084486609994,0.166101155162139,0.1616713383770829,0.0062647069762542,0.01041154984795,0.0147241550002945,0.1222000000000029
36.51784,1,70,18.94,20.8408,19.100085714285715,19.06465,17.9005,0.5645294878848316,0.4203370336409829,0.1865510829084858,0.0549940396939782,816.1359827933063,2689.893424502108,2.9403000000000006
23.01434,1,367,18.23,20.405,19.02476757493188,19.0153,17.9312,0.2550351153585738,0.5192037821869671,0.1830106894889657,0.0342236087494907,916.2699619394456,3097.7376022915123,2.4738000000000007
-22.59132,0,41,18.29,19.377,18.50829268292683,18.3884,17.9985,0.3356363257979116,0.2051554940971149,0.1366298937174118,0.0200486539278529,834.1176093469933,2192.984969213001,1.378499999999999
-13.93905,0,23,19.19,20.9399,19.636852173913045,19.5337,18.7892,0.6284969818901753,0.487617583462017,0.2562530296588414,0.0876609117979247,530.3432652675228,1864.8538583798,2.1507000000000005
31.21454,1,14,19.07,21.5211,19.747557142857143,19.42055,18.8792,0.8592487816640819,0.628833284755203,0.26864177141928,0.1530889534977069,150.35289129288554,425.8601112383985,2.6419
0.25384,1,9,18.51,18.9681,18.61993333333333,18.5911,17.9393,0.3395944566685391,0.231307085164309,0.2023022797127336,0.0252899164343947,157.14559914880675,298.18318912020186,1.0288000000000004
41.23615,0,364,17.09,20.1316,18.186764010989013,18.28905,16.3192,0.7568588822590336,0.569336526205408,0.1351422904998279,0.0508836127994075,907.6416628280016,3069.7102882289983,3.8124
17.6486,1,27,17.54,20.7999,18.17621851851852,17.5437,17.2901,1.1724497053464402,0.505040192509922,0.1586591464165571,0.1125466093273213,908.5408325179092,2947.9696509255955,3.509800000000002
42.26656,1,253,15.28,19.1713,18.320834387351777,18.424,15.2296,0.511806364017999,0.2827665289380869,0.1322091566404482,0.022828475533746,956.383920990258,3112.19452119201,3.941699999999999
19.53748,0,12,18.7,20.6839,18.21059166666667,18.008850000000002,16.497,1.2046178869503006,0.439196519547474,0.1549264123327495,0.1098424125745839,665.5944062449446,1857.8094433332008,4.186900000000001
55.79416,1,89,16.78,20.8801,19.7037595505618,19.7924,16.3523,0.8003365287517129,0.4573421976585171,0.2583796464112692,0.0655657723666565,735.9471307964432,2537.0403986456004,4.527799999999999
7.10863,1,345,16.29,20.8343,18.65494492753623,18.6524,16.2867,0.732975263141132,0.432992503467168,0.1600123166918274,0.0570983400597597,929.1873923759264,2979.9357742360007,4.547599999999999
29.19982,1,7,19.05,21.2599,19.660171428571427,19.379,19.0466,0.7919434969623472,0.546636823422438,0.2530052199759363,0.1352428659746238,404.5540902024081,1082.01936297449,2.2132999999999967
9.79056,1,6,19.43,21.5393,20.93515,20.92695,20.2713,0.4171665554667588,0.506587329321255,0.4298332874829175,0.0623473337009213,896.6520782902312,2149.077049814783,1.268000000000001
22.17613,0,202,13.88,15.7862,14.57882178217822,14.6646,13.3244,0.7234751151969555,0.0704696823483292,0.0590463561353614,0.0043485925958904,900.9581996918188,3111.250944224193,2.4617999999999984
35.35331,0,119,17.6,20.7801,18.358331932773112,18.2548,17.0119,0.8979054290292116,0.5309311212552489,0.1688382866692287,0.0837528576985211,603.5399572966251,2850.0554303009994,3.7682
1.36865,1,20,18.97,19.9554,18.780585,18.5219,18.1906,0.5387027725300652,0.275193542974463,0.1584584622405349,0.0441219399976653,817.1249373441427,2232.983156064496,1.764800000000001
-9.57972,0,9,16.79,21.038,17.967200000000002,17.252,16.7879,1.6899989156801254,0.52134964005932,0.1643613524110843,0.1685657158370563,826.1479361707195,2533.148752095003,4.2501
-2.30791,1,327,18.27,20.1157,18.60355259938838,18.5732,17.7667,0.3542941498060384,0.3027134444639059,0.1480831259806512,0.0308255001513731,931.2960667603091,2984.914593715199,2.349
13.35518,1,128,19.55,21.5431,20.2898328125,20.29585,18.6648,0.5774550709058336,0.654201990151167,0.3389164559529148,0.1106508811746566,781.940760206705,2978.8881254974112,2.8782999999999994
-8.97069,0,11,17.82,20.345,19.03700909090909,19.1952,17.8164,0.9252086883017734,0.430691559444803,0.2077102000480697,0.1068091136932994,241.49626716644087,809.8490625230988,2.5285999999999973
3.36424,1,36,12.55,12.6068,12.537788888888889,12.53575,12.4705,0.0367762639116805,0.0512540910274321,0.0508945996579105,0.0001092153236726,51.698638290999504,199.7124019098046,0.1363000000000003
36.20122,1,5,20.01,20.9122,20.12904,19.9631,19.7963,0.4453939918768544,0.428846565275113,0.2935118695386584,0.07764530919721,12.0410035457289,26.934551504498813,1.1159
12.66524,1,47,19.18,21.3725,20.43067446808511,20.3971,19.615,0.4132699562335186,0.577372889410839,0.3593588310144557,0.0861048394188838,606.8582351106625,2924.917852627106,1.7575000000000005
0.22334,1,2,16.48,21.2252,20.80575,20.80575,20.3863,0.5931918787373964,0.531687839816706,0.4380410035588374,0.1324366259092101,456.2214499108208,645.1945619093967,0.8389000000000024
22.42513,0,3,15.81,15.7643,15.608533333333334,15.5589,15.5024,0.1378241754313571,0.0671724586527216,0.0653647574036939,0.0015870362819414,0.0064672799856014,0.0129345599052612,0.2619000000000007
0.4819,1,223,19.04,21.1535,19.53980582959641,19.5185,18.5755,0.3719172176273436,0.511079019253934,0.2179468662684118,0.0477075787671911,687.9640743157369,2761.653919837896,2.5779999999999994
27.58069,1,103,18.14,21.2527,19.18983689320389,19.3454,16.7819,1.0603398688387968,0.580225718865787,0.2250932235048683,0.1134869439357891,987.1812067219656,2910.8895009491025,4.4708000000000006
11.50432,0,183,18.84,21.0909,19.68467486338798,19.6341,18.3695,0.4988596548016855,0.530931106149733,0.2485110602492103,0.0700745921264652,796.1904696077364,2892.033253923597,2.7214000000000027
-10.41678,0,112,16.93,20.8515,18.92566517857143,19.1607,16.3324,0.9563397826859016,0.470817623987164,0.2075991100185812,0.0822121962771383,835.9201024358058,2951.9639638774024,4.519100000000002
2.30717,1,283,16.96,20.1471,17.978432155477034,17.9859,16.8499,0.2147358360439819,0.414187739408664,0.1185138843114436,0.0375621236398203,965.0396917270602,2991.8938037618063,3.2971999999999966
-4.99628,1,99,14.33,14.3555,14.307222222222222,14.3057,14.2663,0.019275492293963,0.0569922113885415,0.0548627791674767,0.0005628996223204,331.09641890858575,1060.0833463427043,0.0891999999999999
27.56958,1,2,17.6,19.4451,19.1226,19.1226,18.8001,0.4560838738653215,0.213213023885983,0.1864479564623845,0.0378515213482833,232.68577484253515,329.0673785536055,0.6449999999999996
10.64601,1,19,18.49,20.1753,18.91694210526316,18.7113,18.2862,0.5424398024110756,0.795265304146261,0.228123767028839,0.1653057035143197,10.788283777060588,38.889224259102775,1.8890999999999991
48.70786,1,173,15.13,16.3802,16.112223699421964,16.1086,15.9533,0.0494301899577368,0.124773162341048,0.0705990875905131,0.0083029453551938,878.1577894289295,2939.9363303705977,0.426899999999998
12.5476,1,123,19.57,21.6045,20.045526016260165,19.9237,17.7766,0.6593373006579553,0.582470637549417,0.3034870123281732,0.1085226047406434,868.1651375367627,2956.0054124073067,3.827900000000003
28.49189,1,110,13.06,13.4525,13.018386363636363,13.01655,12.8872,0.0647127732627249,0.174603870417096,0.0529662754349956,0.0117768448994088,391.2969821061548,1143.951926481699,0.5653000000000006
38.86553,1,29,19.87,21.5513,20.533372413793103,20.4642,19.5567,0.5485214319921147,0.6117041266388199,0.3672241728791957,0.1203960650838256,229.59861428083863,850.7970483797035,1.994600000000002
14.01333,1,218,17.78,21.2962,19.435937155963305,19.67845,14.6664,1.292640803887818,0.67049294058838,0.2503493929288709,0.097437228028256,972.5706003465089,2958.891984235903,6.6298
-4.60007,1,248,12.86,15.0042,14.37609879032258,14.478750000000002,12.8047,0.4036919223073237,0.0624400103771622,0.0554660023632933,0.0016344186965262,951.847924412611,2955.056539687306,2.1995000000000005
6.63433,1,20,19.27,21.4675,20.605305,20.68075,19.5659,0.5266718137961908,0.5541204443472679,0.3782247322368653,0.0988589919024041,598.264237747407,2036.3284941433008,1.901600000000002
53.28169,1,86,18.56,20.9113,19.80014534883721,19.8098,18.4123,0.5182115322477698,0.489833434320927,0.2676089017098872,0.0741175248309216,815.5937659572128,2682.8407859255967,2.4990000000000023
-9.89738,0,188,16.91,21.0337,19.09689734042553,19.25745,17.361,0.7875273411047645,0.51039842633849,0.2047889896166204,0.0759906137721222,947.5798874413672,3067.686297488406,3.672699999999999
39.92433,0,8,17.77,18.9882,18.0104625,17.9802,16.8645,0.7875426499788527,0.2232685949601939,0.1521569644838541,0.0511059063210878,775.4957915765799,2198.0781823494035,2.1236999999999995
6.86942,1,28,17.49,21.5019,18.96970357142857,18.7693,17.377,1.363580716616185,0.6507212912915871,0.2220310795966723,0.1476157295139902,1125.7770606593967,3075.3235441664947,4.1249
3.75222,1,18,18.87,21.2664,20.72358888888889,20.90695,19.6101,0.5524147226057916,0.558974872808053,0.4024620508720142,0.1131568267437328,673.1367862249111,2190.0401460188004,1.6563000000000017
1.24346,1,7,16.91,20.8032,17.839085714285712,15.764,15.7313,2.6108085991563166,0.4746836068616279,0.2303488632228485,0.1635543021105122,1141.0340523530317,2440.174356227202,5.071900000000001
-14.2413,0,2,16.01,20.7182,20.5266,20.5266,20.335,0.2709633185506853,0.459714156998164,0.4077009916172784,0.0735577239036031,526.0552846196944,743.9545180672067,0.3831999999999986
16.74137,1,3,19.54,21.0347,20.475566666666666,20.9405,19.4515,0.8881175672923791,0.4972800091826,0.4001762429170923,0.163351572572493,381.6326619328745,759.9031137962957,1.5832000000000015
0.78193,1,144,19.5,21.0837,19.979389583333333,19.9672,19.0217,0.4310709294934776,0.5192037821869671,0.2848391762121711,0.0732594480236659,805.9553428194598,2987.894057060199,2.062000000000001
11.67512,0,271,18.36,20.6256,19.464052029520296,19.4511,17.842,0.2965611355146147,0.403313279738641,0.2198788088085486,0.0400326881375754,950.9403346299048,2958.8844985649994,2.7836
7.06287,1,13,17.0,19.1148,17.616792307692307,17.3016,16.9956,0.6273280261839871,0.193841546995718,0.1048639536774849,0.0307123416860755,13.020902397539237,46.94542462960089,2.1191999999999998
37.43124,1,35,19.2,21.4645,20.099651428571427,20.1405,18.312,0.7603809433711611,0.599204677930739,0.3215358432782195,0.1258647165237441,844.6234739863628,2775.223844525397,3.1525
11.35424,0,76,15.35,15.4849,15.26503289473684,15.26345,15.2206,0.0323842899697074,0.0721363653564725,0.0601748859412562,0.0018196887749314,148.48320904551545,444.8101492942951,0.2643000000000004
5.69954,1,161,17.66,21.1145,18.73507267080745,18.9625,16.7659,1.0413652700894365,0.553556711697203,0.1888040618490893,0.0879509684256226,956.986855371944,3103.6912120255,4.348600000000001
37.58635,1,91,18.76,21.2702,19.87445054945055,19.8679,18.3789,0.6289182894062599,0.602354046824447,0.2772562874681133,0.0937656281695099,819.0988998900116,2936.0175986919057,2.891299999999997
23.39671,1,11,19.37,20.3031,19.20420909090909,19.2258,18.2216,0.6939805709881887,0.3196350294153239,0.1959428006590089,0.0659081099178628,16.635036631658924,60.03125134259608,2.081500000000002
-9.21014,0,95,13.09,13.2758,13.14991894736842,13.1396,13.0641,0.0469855394113319,0.0524038879091335,0.0518205300686778,0.0002346967695948,299.0423367743962,871.6630206713089,0.2117000000000004
2.31931,0,9,18.43,21.0552,19.0193,18.4314,17.5087,1.213101213831723,0.48681851096447,0.2001435510590229,0.1317607220804735,1079.865174100387,2242.934929931005,3.546499999999998
29.52818,1,12,18.57,21.248,20.58749166666667,20.48145,20.0076,0.454722379756611,0.5648336198009201,0.3959984234235309,0.0971293753937424,1044.6883401783375,2927.001006227001,1.240400000000001
-8.16243,0,79,16.35,20.7315,18.744249367088607,19.3386,15.7216,1.4945229681323855,0.463859426581005,0.2195273700451525,0.1111699027190404,789.6964907868343,2589.0027929860958,5.0099
-23.54615,0,116,13.65,15.5055,14.244002586206896,14.25565,13.0478,0.8765707255833805,0.0629939877832409,0.0560612371117413,0.0040872779075055,975.642446944354,2951.948959490801,2.457699999999999
9.6118,1,15,20.17,21.2239,20.32097333333333,20.4477,18.7352,0.758617783930246,0.52818099886055,0.3456880052524721,0.1184969663291967,859.7801649657002,2593.985530902595,2.488700000000001
35.36965,1,10,18.45,21.2885,19.51205,19.6088,18.4145,1.051527254626441,0.591686438168588,0.2967706123275562,0.1798647305097785,368.0077735088469,1182.7292680671962,2.8739999999999988
-10.24931,0,39,16.62,19.9596,19.386615384615386,19.3768,18.9838,0.2389503356661792,0.268524837662611,0.2133647440022869,0.0260396371734578,780.0820687688988,2343.724430740804,0.9757999999999996
-10.4064,1,222,18.28,20.1635,18.93298783783784,18.91065,17.9806,0.3966852662245574,0.2968564043761789,0.1750025803125312,0.0354399933294026,824.1763514797752,2926.002918715203,2.1829
6.93477,1,5,18.61,19.1637,18.53432,18.4002,18.292,0.3557182129157844,0.183526777212328,0.1407665202016054,0.0240547679341508,31.187084784118003,69.74823539379577,0.871699999999997
-11.67624,0,15,18.92,21.2296,20.085753333333333,20.4859,18.3682,0.9533608497360924,0.565130862764857,0.3611065566764351,0.14095835910176,874.6874771938537,2598.863706967298,2.8614
-2.20803,1,16,19.48,21.2373,20.70731875,20.91365,19.5534,0.5093250543202583,0.5624705464684671,0.4378449496661544,0.0974930874944845,783.3431409955816,2680.751210427792,1.6839000000000013
39.4654,1,140,18.29,21.4869,20.014431428571427,20.0441,17.5236,0.7248196936877858,0.6241422412063199,0.3035382880198603,0.103504470243301,957.086742801134,3061.800560682896,3.9633
28.49184,1,62,13.21,13.4525,13.031895161290322,13.03565,12.8925,0.071989852261705,0.174603870417096,0.0538284934434436,0.0156806167342719,162.93779421928323,402.9948074886852,0.5600000000000005
2.96198,1,4,16.85,17.0264,16.88255,16.83995,16.8239,0.096308549291673,0.083465558048114,0.0805039483809266,0.001981482541484,0.0044222719810145,0.0102618746022926,0.2025000000000005
17.13738,1,22,19.02,21.2693,20.089077272727277,19.909,19.0239,0.7257121762739047,0.575804020324647,0.3278652113334574,0.1305975047393426,658.6138398674752,2648.859228530004,2.2454
36.51854,0,106,17.66,21.2842,19.827769811320756,19.966900000000003,17.4168,0.8920312172809728,0.599552446688936,0.2954206711206066,0.1144762645502548,775.1495641414648,3053.77393553251,3.8674
21.27265,1,30,18.46,19.778,18.357523333333333,18.283900000000003,17.4292,0.7227137071761055,0.247662858323663,0.1418953044715578,0.0463083362170572,561.9454483266504,2262.954491365701,2.348799999999997
46.10122,1,264,17.89,19.8275,18.74051022727273,18.70075,17.9888,0.3629159492841491,0.390446099930467,0.1560177615514457,0.0383776740663826,842.9092157551137,2902.082149363603,1.8386999999999996
52.31566,1,221,17.17,20.3462,19.19967556561086,19.1816,18.3794,0.2897450728113051,0.4203370336409829,0.1869236870518932,0.0394273104155012,843.0049445654295,2875.149694618304,1.9667999999999992
-4.90858,1,293,14.5,16.5759,16.362856655290102,16.3602,16.2151,0.0418316300463675,0.172433043711153,0.0720904562340893,0.0099625560034301,915.5842823997956,2963.9587797452987,0.3608000000000011
32.58849,0,345,16.85,19.3214,17.788596811594203,17.6087,16.8047,0.6123690420192096,0.225158660635682,0.1198070077999374,0.0308557563207705,947.0028022162184,2951.059562638802,2.5167
61.57109,1,12,18.27,19.8858,18.5504,18.5574,17.477999999999998,0.678606355300734,0.273098565128834,0.1517753181718627,0.0503372120237735,26.08242931490685,59.86386866870453,2.4078000000000017
24.96945,1,4,19.15,19.7579,19.42135,19.39025,19.147,0.2697775935840482,0.241788221597267,0.2067459716935517,0.0275866063458724,0.0083615766751632,0.0194290974031901,0.6109000000000009
8.10976,1,212,16.66,17.5943,16.727209433962265,16.6642,16.3964,0.1976282147998769,0.116580445407218,0.0772984295234549,0.006315251540636,730.0509733656498,2469.224999930695,1.1979000000000006
60.09378,1,22,18.78,21.238000000000003,19.886868181818183,20.19885,18.4357,0.9692373041709323,0.57362653326322,0.3106936388378017,0.1475435945877675,795.6935568010869,2603.8749851277025,2.8023000000000025
31.11877,1,258,16.26,20.9789,19.40316124031008,19.650550000000003,15.8036,1.0246199964713174,0.468107997947693,0.2322904907517539,0.0709560303040615,896.8342022096855,3059.724422789499,5.1753
0.33114,1,12,18.91,21.2785,20.50370833333333,20.386,19.1027,0.6331384732330511,0.556676355843265,0.3955578237492395,0.1235974996208096,519.0179395402542,1707.2618631367004,2.1758000000000024
-7.28285,1,12,19.64,21.231,19.59873333333333,19.6157,18.4943,0.6929948370965148,0.545821889393224,0.2447856608731481,0.1061131793479732,127.95810416507656,462.8139658332948,2.7367000000000026
51.49261,1,25,18.79,21.3495,19.857832,19.8853,18.3166,0.9868182257133278,0.590346205535146,0.3088883397036062,0.1499835534010676,882.2958294649951,2402.6531764119864,3.032899999999998
31.8824,1,31,19.08,21.4378,20.15011612903226,20.2373,18.8563,0.6312138676638703,0.6009489223607359,0.3365055983304781,0.1144257790682961,890.3957715373863,2645.7973310649904,2.5814999999999984
-10.51662,0,59,17.46,20.7405,17.96891186440678,17.7472,17.0495,0.9083418065989416,0.541264501254804,0.1377538806410281,0.0917520383457978,987.0909990730744,3041.7480461574014,3.6910000000000025
19.87282,1,11,19.42,21.2722,20.608254545454542,20.5793,19.7441,0.4686049687394204,0.645590459085732,0.4523373588638835,0.1090774392778434,984.5034050202264,2937.043012719696,1.528100000000002
27.1956,1,17,18.69,21.5675,19.35644705882353,18.8443,17.9334,1.2809811718550197,0.609149125777203,0.25048420222447,0.1759320628083131,472.14414912162346,1549.9694826966006,3.6341
34.78424,1,4,15.71,15.7053,15.66555,15.67455,15.6078,0.0412239816935077,0.0635155026987332,0.0632818529294425,0.000309983657359,0.0051719756490541,0.0120237613955396,0.0975000000000001
47.45431,1,19,18.47,21.1531,20.117068421052632,20.536,18.3427,0.9723701867388151,0.567223307943967,0.3474931406116854,0.144589453126285,621.7018428770874,2395.333119884097,2.810399999999998
-5.38147,0,257,18.54,20.4525,19.16423852140078,19.1171,18.1457,0.4607934444751179,0.583439845459926,0.1943118841996579,0.0570275470920014,849.7586179929633,2956.056453506899,2.306799999999999
37.82764,1,20,19.34,21.294,19.99821,19.736,18.9246,0.8560985333722422,0.554120438702223,0.3130935689043572,0.1411287141076452,697.5112715746345,2182.8686540509007,2.369399999999999
32.07157,1,359,18.22,20.6999,18.910685236768803,18.9083,16.8103,0.2768477951021943,0.610605645384531,0.1739050356588948,0.0483918405746801,915.2756884672316,3059.7331526156995,3.889599999999998
17.83119,1,11,18.67,21.5623,20.090481818181814,20.6456,18.4547,1.2729686436186731,0.6210657411737961,0.365827438864599,0.1792823640821091,242.05739375078952,820.6882240855994,3.107600000000001
0.81998,1,19,18.54,20.4978,19.43668947368421,19.3629,18.4831,0.579746529762732,0.376576733021715,0.2296674184371507,0.0684036817016346,562.584480718332,1646.3506345949063,2.0147000000000013
-4.98494,0,22,18.88,21.3831,20.326195454545456,20.3605,19.3593,0.5646746804490702,0.537586917083812,0.3498261571920331,0.1017515924962731,713.9752073576838,2591.8077392359046,2.023799999999998
13.81072,0,46,13.09,19.0586,18.45760652173913,18.4236,17.7878,0.3380121118159813,0.1898563667543089,0.1434562633665325,0.0229700600241075,242.46961611646068,763.9752946877998,1.2707999999999977
40.6971,1,387,16.69,19.3088,18.36827622739018,18.4241,15.9325,0.4190244682942223,0.330128472827742,0.1338914824179078,0.0231504045920307,854.4047556933638,3112.185876782009,3.3763000000000023
-17.47819,0,11,17.26,18.4352,17.842963636363635,17.8994,17.2568,0.3768759033759721,0.145954060050047,0.1085862347988487,0.0159000492831128,9.930088529186555,23.991837245695933,1.1784
34.05791,1,20,17.96,20.2908,18.7699,18.74375,17.6992,0.671706499188917,0.415346059126368,0.1868528712986308,0.0684176369541407,423.47288751510297,1260.7382702663965,2.5916
30.49729,1,13,17.34,19.1251,17.814892307692308,17.3269,16.9844,0.8695755904094219,0.210674997648487,0.1237627878685455,0.0457310845591562,417.4507075224128,1908.819054814805,2.140699999999999
14.02029,1,9,19.27,20.9846,19.362222222222226,19.2677,18.3869,0.6851326655797736,0.5024173313558871,0.2141624980842185,0.1104227422172553,366.1772242242727,1101.9680395600951,2.5977
36.95569,1,67,14.35,14.4049,14.345405970149251,14.3478,14.2624,0.0250355739662041,0.0738170581046127,0.0559017852863758,0.0027426186759617,399.0295806288081,1142.893068946396,0.1425
17.38626,1,248,18.78,21.1723,19.29179677419355,19.23565,18.1849,0.527647156431222,0.569944149731137,0.2104181930821029,0.0706463413848639,893.4574155918134,2975.867926898398,2.987400000000001
11.18759,1,27,18.71,20.5973,19.141477777777776,19.0301,18.286,0.71253419854949,0.515214412634725,0.2069028748439524,0.0945185125248714,366.8025056688121,1776.1243586455969,2.3112999999999992
38.48687,1,167,20.02,21.3143,20.12620898203593,20.1094,18.7674,0.5066803959041006,0.566324020316648,0.2985438184329021,0.0857931737518103,571.4622858284262,2309.3050345251977,2.546900000000001
5.29194,1,5,18.29,20.4594,18.71866,18.2915,18.1224,0.981641723339019,0.388607497746664,0.1771764254088702,0.1183602900351794,243.1498548824829,543.709262002194,2.337
-2.87795,1,9,18.95,20.5177,19.20675555555556,19.0268,18.8997,0.5053145656695225,0.370233856041321,0.2075344540315643,0.0618133906943778,9.494899732502022,29.852733889107185,1.618000000000002
49.65527,1,83,15.33,15.4046,15.352926506024096,15.354,15.3057,0.0203268540650008,0.0645634870962131,0.0599643776970371,0.0014077862322304,184.7612576397101,666.0386509491,0.0989000000000004
67.56025,0,114,13.78,13.9355,13.799409649122808,13.7843,13.6974,0.0533520350182052,0.0600489249067306,0.0539837486467768,0.001341800173703,693.9827302002466,2519.1284688080923,0.2380999999999993
3.67593,1,123,14.42,14.5922,14.40359430894309,14.399,14.3592,0.0297135375142151,0.0572350167963139,0.0550309107500987,0.0007261293395062,306.68333004587697,887.7113192710021,0.2330000000000005
31.49115,0,260,16.88,20.7233,18.66015230769231,18.76,16.4461,0.7788458488362666,0.503724167938715,0.1843802705091179,0.063697335854903,938.9238359810208,2966.962122522804,4.277199999999997
-3.26527,1,12,17.63,20.4071,18.781883333333333,18.66465,17.4999,1.1051829275433702,0.454837480813248,0.1994327697189781,0.1238053201762472,435.4687453635639,1721.1651089466031,2.9072
23.35657,1,259,19.58,21.1087,19.813167567567564,19.7859,18.5787,0.4164174125828537,0.5876897093719828,0.2581624625796556,0.0684540794030193,813.8049499375671,2992.891348148194,2.5299999999999976
41.03644,1,11,17.74,20.331,19.08266363636364,19.6675,17.4725,1.110483934393225,0.325344534585626,0.1970441643232755,0.0864587995213273,859.304908757307,2485.0907472222025,2.8585
-1.5371,1,44,13.62,13.4057,13.370204545454545,13.3687,13.3349,0.0168997998411905,0.0552462334343151,0.0530301043369632,0.0007218718222043,122.79875753114814,418.89779133120464,0.0708000000000002
37.83702,0,269,16.94,20.7221,19.09907843866171,19.168,14.3288,0.6678856017842328,0.4491357160486729,0.1958733318865619,0.0530088531913358,928.3602222149776,2947.0482826619045,6.393300000000002
47.7874,1,52,15.45,16.1868,15.56131923076923,15.5289,15.4152,0.1443512614484192,0.0754253217099375,0.0632894918337414,0.0031530070162383,305.386560068251,826.8362049073039,0.7716000000000012
32.61874,0,9,17.66,20.0693,18.055044444444444,17.8937,17.5398,0.7895641204346708,0.2907051641360039,0.1264598753145168,0.0621749942622651,471.396760429727,1445.9178117480917,2.5294999999999987
17.99791,1,41,12.78,17.0972,14.282219512195123,14.4892,12.9658,0.8112569843210945,0.22948434521895,0.061471113979508,0.0272689946354077,661.0612544983202,1902.8059505208005,4.131400000000001
19.95082,1,67,18.2,21.2135,19.975311940298507,20.0471,18.0031,0.813849743134888,0.5527139562978891,0.2933572589614879,0.1161302831815538,726.7870633482672,2703.708229328302,3.2104
57.4097,1,111,18.98,21.0002,19.40009189189189,19.321,18.5786,0.4264055828849793,0.4677499127003169,0.2151515845029591,0.0592188435152794,789.3645768411764,2651.9504922568085,2.421599999999998
-3.51307,1,27,18.52,20.4247,18.614262962962965,18.495,17.9419,0.4879211988301039,0.685901661789726,0.1883441299969671,0.1332894311200854,1125.6999762824555,2894.078661736101,2.482800000000001
-9.21232,1,13,18.07,20.9033,19.09493076923077,19.6107,13.5911,1.951350544445486,0.4659705513103429,0.2541648126715878,0.1458015001562037,553.4722665778764,2458.0989731481022,7.312200000000001
-11.55091,0,10,13.91,21.22,20.0908,20.06765,19.12,0.5904883986065143,0.463335722319851,0.2982505422729127,0.0906103019041917,630.8249856036188,1864.8449081825968,2.099999999999998
13.06606,1,31,18.35,20.7745,18.979751612903225,18.9109,18.3464,0.5583341931561341,0.430977342941867,0.1693869125640784,0.0649654905153421,674.870666270233,2195.0210396758994,2.4281000000000006
23.93244,1,168,18.85,21.3477,20.06221547619048,20.10575,18.1569,0.5881856680660755,0.576116887210896,0.2940419657094907,0.0866865099759598,826.4495275387902,3120.2840837966,3.1907999999999994
-10.73257,1,32,15.87,21.2197,20.064528125,20.07685,19.348,0.5022111695899323,0.66448811191672,0.3092288499299516,0.1158364842048683,829.5882161270883,2939.099431643808,1.8717000000000008
41.78641,1,8,19.15,21.3771,19.9483,19.38725,18.9085,1.0934505959183918,0.580225718865787,0.3146089523980453,0.178399908286655,884.9586404769907,2353.8557544216965,2.4685999999999986
17.90453,0,26,17.33,21.1071,19.442334615384617,19.6771,17.5156,1.0742267615144616,0.507254292726356,0.2583022930990438,0.1312072724928899,1019.0230256710196,3018.809714513889,3.5915
32.01257,0,94,18.12,20.8086,18.952381914893618,18.7748,17.9135,0.6805778321275187,0.526696927771379,0.2071329131467739,0.0768164106832448,896.0066066850667,2921.030537985709,2.8951
10.30003,1,404,16.56,18.8479,17.532590594059407,17.544249999999998,16.5209,0.2464914527696237,0.281947102578004,0.0993127516843255,0.0185004844202418,852.363048749767,3102.3251972918006,2.326999999999998
11.53402,0,226,18.59,21.1175,19.90283539823009,19.8948,18.1898,0.4095838726035872,0.577688028851418,0.287051903045109,0.0706582722308787,972.17659804513,3072.7293314236013,2.927699999999998
49.26293,1,16,19.63,21.4238,20.5373125,20.4986,19.3395,0.5605295161719851,0.599900764639868,0.3919694923405713,0.1048888928532949,912.993954218708,2652.9286226620025,2.084299999999999
12.53462,0,26,18.03,19.6794,17.202738461538463,17.2917,15.57,1.311399702021294,0.252681560614962,0.1059973143704609,0.0525259772451946,262.214741305362,763.9752946877998,4.109400000000001
18.96359,1,4,18.97,20.3741,19.63495,19.59685,18.972,0.5820878427408245,0.602706680476522,0.2983784274026225,0.2047602428825362,82.87324650157683,165.75608796309098,1.4020999999999972
28.9494,1,374,17.29,20.8132,19.287230213903744,19.27745,18.4748,0.3390947993881243,0.5857180530110511,0.2073521848519355,0.0521078208583604,931.340837781726,3116.6847019678025,2.3384
45.81134,1,13,19.74,21.1501,20.40320769230769,20.423,19.7114,0.5017898140017351,0.551595605001999,0.3695591091444074,0.1028349489069667,841.6641887437956,2617.8399091781976,1.4386999999999972
18.29149,1,362,18.2,20.8997,19.363102486187845,19.30995,18.6404,0.3468187729064542,0.903557884820832,0.2082660265820385,0.0595481333024101,866.0473663158899,2994.924875613302,2.2593
8.63291,1,332,15.45,20.6309,18.99906144578313,19.16165,15.2724,0.8437778605206773,0.454506315893204,0.1920677554741452,0.0516498274612158,922.8659678441333,3107.7077465275,5.358500000000001
42.41496,1,33,18.4,21.4229,20.065469696969696,20.3042,18.2603,0.9134361340170593,0.610605645384531,0.329068113684802,0.1438348793378603,884.5400376846121,2650.970832581188,3.1625999999999976
-7.64272,1,4,17.26,17.3157,17.290575,17.29615,17.2543,0.0270290430216584,0.0883859105801692,0.0876995857060046,0.0006534027603616,0.0076059861612958,0.0176702081007533,0.061399999999999
-16.7912,0,31,18.13,21.0582,20.200735483870968,20.2867,18.4026,0.6001876476282992,0.500904189772154,0.3278632574010508,0.0918089440247873,777.5383247771873,2690.702106758901,2.6556
-5.92191,0,96,15.98,20.3456,18.63310833333333,19.2246,15.9848,1.3140405688415369,0.325279481425839,0.172399642888533,0.0740234035127413,858.3608490180513,2860.100490682693,4.360800000000001
5.7851,1,93,15.73,21.2883,19.300463440860213,20.0523,14.6353,1.9191965626376597,0.5808647699906191,0.2731779254576129,0.1316688045177218,954.557741740197,2742.6946362383023,6.652999999999999
-2.68354,1,49,17.69,21.1757,20.11684081632653,20.2109,17.5153,0.9028100113715244,0.5507608118622321,0.3465472396987764,0.1208921850435957,846.6422504679583,2992.840408773096,3.660399999999999
7.17931,0,11,18.78,20.3896,19.31554545454545,19.1227,18.7194,0.5971327798130611,0.48307076840388,0.2349171960536078,0.1126643294135274,223.913976389164,966.1720971643008,1.6702000000000012
7.25683,0,14,17.64,20.3364,18.049335714285714,17.565199999999997,17.2799,0.9941606104627188,0.3359718699229979,0.1355703339849527,0.07683531940342,14.31581352258491,41.9794760533041,3.0565
41.51476,0,231,16.66,19.6055,18.439066666666665,18.5967,16.4183,0.6485202620726985,0.27982369122259,0.1422359180416015,0.0311276364308538,857.4319405834078,2921.012938819404,3.1872000000000007
-8.8657,0,18,17.12,20.9322,19.54977222222222,20.05585,16.9121,1.4425719913957449,0.5013352549913871,0.2770600262197216,0.1305709687298736,1183.8345468610055,2570.018292673696,4.020100000000003
25.28363,1,18,20.07,21.4172,20.22585,20.181,18.9401,0.6786785232650111,0.590346198854073,0.3364234685930623,0.1243549645924555,116.37988130952418,389.8883693632961,2.4771
52.99462,1,48,18.3,21.2862,20.403245833333333,20.35375,19.3791,0.4420455112596697,0.5773728957090579,0.3624096659414234,0.0841437725999825,743.008927161704,2568.878572453796,1.9071
24.92506,1,160,18.56,21.2497,19.711486875,19.9561,16.3032,1.0480669394533324,0.5474550088984621,0.2719850708610864,0.1035328018651463,861.4117633255321,2958.755428333301,4.9465
35.51416,0,53,17.93,21.2352,19.163303773584904,19.6999,17.0556,1.2888976669056076,0.5482764911824239,0.2277111057067467,0.1139035689171461,700.8620348677692,2726.632269664202,4.179600000000001
-1.68097,0,88,20.05,21.2812,19.905231818181814,19.888,18.8476,0.5080795013239768,0.508819825280132,0.2791165352272022,0.0779530015603505,806.3862366097194,2940.9558735881,2.4335999999999984
47.07785,1,8,16.48,21.3942,20.916675,21.0942,19.7406,0.5426197241162549,0.5940513969402579,0.4923065851175228,0.1106269576915403,1059.1575492848604,2659.8510793172027,1.6536000000000008
30.61,1,134,18.42,21.1267,19.272990298507462,19.77555,16.5669,1.3497525920812228,0.561883895341763,0.2423850058198387,0.11860554699495,954.868080904756,2950.962945301093,4.559799999999999
14.60941,1,28,16.67,21.1986,18.948539285714283,19.47195,16.1956,1.7316105991007311,0.5477284844803799,0.2454886756317201,0.1446824887588014,785.9032194121281,2388.218771145999,5.003
8.51253,0,7,17.36,19.5198,17.825042857142858,17.3611,15.9812,1.223456558086068,0.234892012252477,0.1319252205776975,0.0594935826707579,27.039714100751134,71.93265049780166,3.5386000000000006
-6.32648,0,4,18.46,18.4627,18.35335,18.3673,18.2161,0.1051486091206158,0.129396231649443,0.1238931778943787,0.0049387386281712,0.006721851939468,0.0156144677093834,0.2466000000000008
-7.71942,1,287,18.07,19.0227,18.412510104529616,18.4403,16.3712,0.2454992931547852,0.470090879000461,0.1397003747955377,0.0346246066145493,924.2239510887912,3016.821565393897,2.651499999999998
32.76675,1,3,19.67,19.6734,19.5605,19.6339,19.3742,0.1625448553476873,0.235190234683251,0.22256423090311,0.0175802159797083,0.0122578936818687,0.0241758678967016,0.2992000000000026
7.31079,1,11,19.39,20.2317,19.79372727272727,19.8066,19.2294,0.3540718008848201,0.316645099848056,0.2577752725475103,0.0461413563443126,624.1241232266096,2545.0048051388003,1.0023000000000015
21.2268,1,272,17.21,19.2605,18.564717279411767,18.6048,16.9455,0.3034427889370324,0.33149341479582,0.149197543972067,0.0286852952518912,929.4369289762616,2944.9580308329023,2.3150000000000013
17.40665,1,347,17.61,19.2415,18.32981412103746,18.368,17.4519,0.355775615055649,0.28824611625238,0.1334682542943665,0.0251368586832968,894.1478387579483,3030.881104768203,1.7896
20.64948,1,263,17.89,21.2831,19.3627783269962,19.4382,16.8478,0.8954031604789349,0.5436645200760929,0.2238474692360745,0.1001601172206023,892.4450963713074,3121.236520289407,4.435300000000002
12.50259,1,372,17.21,18.3709,17.686863709677418,17.701349999999998,15.8845,0.1501443079432735,0.3680928671671121,0.1072994574072228,0.0225586337334382,913.392959202238,3055.789890520704,2.4864
8.13962,0,37,18.71,20.9342,18.96405135135135,19.0454,16.0889,1.1258351657082597,0.470453884032692,0.2068875364802377,0.0994835764737974,938.51019699298,2712.409266516115,4.845300000000002
33.95692,1,20,17.94,21.4638,18.27726,17.69025,17.3024,1.3909508343499948,0.622983838169843,0.1775285514777491,0.1729251844444653,1038.918349244915,3010.8860943057007,4.1614
33.74023,1,190,18.57,19.1404,18.511695263157893,18.51585,18.0251,0.191186363078487,0.316584916008224,0.1443023741432733,0.0246092328268404,553.9295947997874,1823.022676365901,1.1153000000000013
0.51201,1,364,15.76,20.3164,18.91781346153846,19.0692,15.725,0.6542214931962171,0.439196515028742,0.1794626547168548,0.0410672225590898,967.2114989746096,3080.7363149421,4.591400000000002
25.27894,1,44,18.57,21.4037,19.78996590909091,20.1456,18.3108,1.08687296233398,0.6037679019583609,0.2995013962566956,0.1539356246411615,731.3473186708525,2906.0400624187023,3.0929
33.31484,1,67,19.78,21.3005,20.2969104477612,20.2848,19.3457,0.4677851278079275,0.573317242516942,0.3297182170187402,0.0882808699216853,439.7115961053386,1911.942764606698,1.9547999999999988
17.94076,1,49,17.12,21.1646,19.201116326530613,19.3996,17.0542,1.1115717993654546,0.628438815043573,0.2435487632282565,0.1252172840539419,613.0173986910789,2920.967943020696,4.110399999999999
13.26448,1,385,14.97,20.3012,18.474386233766232,18.811,14.5663,1.2537513889958247,0.5808647699906191,0.1604885469849133,0.0659295997649454,948.6557639394044,3130.282175636894,5.734900000000001
34.13554,1,300,17.95,20.2705,18.957916,18.96805,16.5429,0.2760807093422185,0.59747378284723,0.175183068172795,0.0429100136526968,850.2826966377468,2936.027747036911,3.727599999999999
49.41889,1,256,16.92,18.4094,18.00709140625,18.0287,16.6049,0.1748019598882109,0.141779682963226,0.1109436233055233,0.0084172820912223,870.3587421231321,3058.3373445835896,1.8045000000000009
30.88533,1,6,18.53,20.524,18.75613333333333,18.51655,17.5037,0.9981917965334468,0.345547545697185,0.1830154578891608,0.0868238666934461,344.0932762206637,849.794068356503,3.0203000000000024
-16.53156,0,11,17.95,19.1416,18.50216363636364,18.6483,17.9453,0.3949484985988107,0.162508570285266,0.1381125198494454,0.0192756756167095,10.45944541219512,24.96201064789784,1.1963000000000008
-12.62771,0,25,14.93,19.1223,18.035368,18.0831,16.8123,0.6123611207993748,0.202004593214232,0.1334464030735401,0.0310435959263083,854.9456581279129,2247.7711420949054,2.3099999999999987
18.85427,1,16,18.41,20.1459,18.9582875,18.9212,18.1002,0.6277830685568604,0.30077580689095,0.1769169087994331,0.0519741898591413,12.502151952851989,32.018828634194506,2.0457
-6.05978,0,98,17.96,20.6764,18.45023163265306,18.25865,17.6687,0.5612643709908003,0.470090889878552,0.1617819454976801,0.0573143163133505,611.1500437748053,2300.6749272685847,3.0077
34.29767,1,37,18.95,21.3851,20.30249189189189,20.4602,18.945,0.6620973847379824,0.6030598683992751,0.3404929978233548,0.1171737677785337,606.3569591407586,2298.953806655001,2.440100000000001
-10.5664,0,209,15.07,20.9556,19.059133971291864,19.1279,15.0436,0.6974793100350312,0.4602268106882339,0.1836983528700529,0.0457875236730797,846.7985705914804,2965.0107358446985,5.912000000000001
12.09303,1,368,17.27,19.0308,18.4077339673913,18.4439,15.8691,0.2472191851754673,0.3803693655479439,0.1361127406269541,0.0275439475955374,911.965224768384,2987.976428414695,3.1617
2.37259,1,176,18.1,21.0818,18.994738068181817,18.8189,17.9602,0.6782992685278301,0.513365394530699,0.1893477791040429,0.0747644998135246,850.7563981437155,3005.836539329008,3.121600000000001
36.50115,1,20,19.74,21.4051,20.52311,20.5962,19.4551,0.5275525485424982,0.5930347784858921,0.3919871712371675,0.1105077676163895,619.0284785856508,2251.8779121525004,1.9499999999999995
25.52539,0,217,18.97,21.1444,19.758105069124426,19.724,18.4699,0.5075471188873489,0.537326768894512,0.271328582564675,0.0784254974871688,792.7445155601096,2932.0113381595,2.674500000000002
-16.35722,0,124,19.16,21.1588,19.737356451612904,19.75435,18.0348,0.5624712347827548,0.5474550088984621,0.2587757098256724,0.0789758886668103,978.729631916984,2962.915755185306,3.1239999999999988
22.8667,1,295,18.88,21.2364,19.463704406779662,19.3427,18.3351,0.5471921219405912,0.582148527142939,0.2209613816495241,0.0755456484760991,712.5195371025204,3120.306843298902,2.901299999999999
-3.14753,1,8,18.49,19.9213,18.7992,18.68115,18.0657,0.7076768491742144,0.2550058421661499,0.160538571269954,0.0534238141091729,103.73121381741112,301.19688453710114,1.855599999999999
2.15946,1,263,17.16,21.2956,19.261342585551333,19.446,15.8256,1.019417008634114,0.574868117625171,0.2244247146148203,0.0860620283827357,901.6141925462748,3005.837117095005,5.470000000000001
8.81058,1,12,19.67,21.1374,20.54948333333333,20.46005,20.0192,0.3259361505608484,0.532955476537639,0.4078051199333468,0.070849731288742,1230.4692443847148,2937.973452488492,1.118199999999998
8.87136,1,139,19.82,21.2366,20.08241726618705,20.0068,18.9805,0.5357730068948136,0.546636823422438,0.2944414270402278,0.088107896696139,714.133168899857,2945.0517047108005,2.2561
-8.38858,0,163,19.63,21.1648,19.720533742331288,19.634,18.3598,0.5187907916100319,0.527685075697676,0.2591268471748394,0.0775585710321871,756.0383605697627,2916.0293887964945,2.805
32.2194,1,186,17.97,21.0134,19.563875806451613,19.6697,18.261,0.5806591757515636,0.52207024622074,0.243602415510621,0.0667382882115892,1011.2495082102494,3051.776318078795,2.752400000000001
-12.74036,0,223,16.29,19.9497,18.304026457399104,18.8734,14.4993,1.3711986924610011,0.285668354190938,0.1475404315497715,0.0477258864754347,885.5290914474941,2948.050776457901,5.4504
10.84978,1,152,18.61,21.1774,20.10610789473684,20.1307,18.7273,0.4852826228531374,0.5436645200760929,0.3044670882430249,0.0817550408479364,876.4339105342954,2929.956364062098,2.450099999999999
10.79409,1,6,18.49,20.2102,19.095016666666663,18.8192,18.4711,0.7252496188669577,0.359691032118813,0.2136944955038118,0.0948731318828908,602.9927618825915,1571.8373196760003,1.7391000000000003
13.4679,0,13,17.45,20.5293,18.634707692307693,18.4426,17.1425,1.1929693076951162,0.503069602629778,0.2193238167626134,0.130200515963253,407.2612180908258,1495.0547688082006,3.386800000000001
-13.12347,0,14,19.0,20.9535,19.557285714285715,19.5137,18.9606,0.544946965460708,0.465087750582506,0.2351818536845229,0.0737562296087769,876.4274724055728,2573.906771574104,1.9928999999999988
30.40685,1,152,16.77,19.4251,18.316125,18.33075,16.767,0.3306070006930959,0.20114550979069,0.1287346887898665,0.0153954463765226,829.028503155243,2588.878988889104,2.658100000000001
17.46079,1,65,12.77,12.6155,12.510144615384617,12.5151,12.312,0.0521663446066083,0.0511556506642894,0.0508958742528207,0.0001594939510592,176.28032151416545,531.7681718520107,0.3035000000000014
5.25583,1,4,20.05,20.053,19.795425,19.74675,19.6352,0.1872311294452218,0.2765222455795589,0.2398981811623319,0.0256141362799313,0.01016069236447,0.0236177314000087,0.4177999999999997
18.4854,1,25,18.5,20.3195,18.336848,18.3922,17.083,0.9818843105308618,0.332874599854083,0.1406181953411296,0.0743337482661944,162.66396206041003,851.8269383217994,3.236500000000003
-14.81902,1,33,18.38,20.7119,18.88122424242425,18.8599,17.5548,0.8703261572645861,0.468466829044721,0.1971825531190787,0.0944501395337444,1017.5286043039388,3031.788724398088,3.1571
35.58038,0,4,16.24,16.2991,16.099275,16.2343,15.6294,0.314759287657515,0.0706668356010359,0.0683033789393902,0.0035006779054624,0.0080379795133088,0.0186651963012991,0.6696999999999989
29.50857,1,14,18.24,19.8693,18.79082142857143,18.763350000000003,18.0181,0.5231700623323918,0.267306471496391,0.1609348007012952,0.0412624539407564,14.509808903655513,42.99847571740247,1.8511999999999984
9.44568,1,21,18.2,21.259,19.107980952380952,18.6792,18.1202,1.0065345958381395,0.569944149731137,0.2251840999055971,0.1449338346473397,483.2163634786529,2575.9407945368,3.1388
19.15423,1,49,13.33,13.3188,13.233071428571428,13.2238,13.1668,0.0326112582809476,0.0522618207724967,0.0520131397858009,0.0001099085166485,140.29804372548548,425.86922395830334,0.1519999999999992
37.24588,0,241,16.33,21.1546,19.39741244813278,19.6056,16.3301,1.0069558468114344,0.54582188397115,0.2396956561580876,0.0883565475773125,938.702405183256,3069.705026631702,4.824499999999997
-7.98628,1,17,16.88,21.3076,19.179417647058823,19.4026,16.852999999999998,1.552001614140308,0.564240366473111,0.2523882496574927,0.1587925287815358,539.9100723035382,2543.999346284698,4.454600000000003
35.994,1,116,19.68,20.6283,19.757210344827588,19.77475,18.8483,0.3340193994312332,0.395206771676926,0.2476995080150979,0.0484783781732567,673.4176693037082,2725.694121944201,1.7800000000000011
24.41828,0,155,15.38,15.9215,15.476771612903226,15.4656,14.9988,0.1480925372142379,0.1158102775840969,0.0630330131153316,0.0047300988776268,502.4899321413607,2235.949779537099,0.9227000000000009
18.72357,1,24,14.31,14.3201,14.281254166666663,14.27875,14.255999999999998,0.0146257360771046,0.0567026950412854,0.0560272613689306,0.0002928856610494,17.52730746643448,53.91475998840178,0.0641000000000016
20.55627,1,20,17.54,17.7311,17.46615,17.49225,17.1993,0.182941602704251,0.102060572934586,0.0937803073164577,0.0055154894545045,9.518606570142811,23.990091134306567,0.5318000000000005
13.86267,1,395,15.64,18.5302,16.804380253164556,17.0905,15.1372,0.7927586377523115,0.220218711851492,0.0860620459160992,0.0215633117710874,879.9148654583767,3100.7109984490016,3.3930000000000007
31.53773,1,289,14.76,21.3303,19.40725294117647,19.4608,14.1159,1.056291848612136,0.5561056669849089,0.226714573893479,0.0828763479382119,776.4142326641755,2933.0390179976966,7.214400000000001
-7.80232,1,9,18.86,19.422,18.959844444444443,18.9285,18.8407,0.1790506360719722,0.213821124769847,0.1715549389504387,0.0164372526013728,8.079791326330525,23.985012488497887,0.5813000000000024
18.48258,1,47,19.09,21.3722,20.5409914893617,20.616,19.0655,0.5866646404554967,0.599552446688936,0.3742680158696214,0.1127651670276241,757.6304666501845,2724.7301813192025,2.3066999999999998
18.30759,1,5,19.84,21.5506,20.72382,20.7343,19.9948,0.5596778153545121,0.615403775520838,0.4182176318207538,0.128749340508606,518.6804398494156,1178.8828953705088,1.555799999999998
-4.26839,0,5,19.37,20.8466,20.39666,20.4316,19.8853,0.3683247113621343,0.537586917083812,0.3894505167242313,0.1059694893184344,1033.0517487657598,2168.958183657298,0.9612999999999978
10.10048,1,284,18.97,20.1348,19.276160915492955,19.28005,17.6888,0.2688527878620713,0.566623366806179,0.1975168451220396,0.0366597353007845,954.1163614305268,2979.999336944413,2.445999999999998
18.85798,1,19,19.19,21.6189,20.132673684210527,20.2161,18.5909,1.0590932598963576,0.622214724192516,0.3417463847977584,0.1621490892652667,797.390419296985,1966.727167314406,3.0279999999999987
-8.33589,0,232,14.31,20.7607,19.05534698275862,19.18565,14.3064,0.8434749192387394,0.708142124846918,0.1906614932458184,0.0602040648242384,867.1518691690787,2951.0272519560967,6.4543
12.0271,1,318,18.95,21.2346,20.019556603773584,20.0023,19.0017,0.3602740425632914,0.526450693115624,0.2816163476993443,0.0587819161898902,838.4067765760511,3130.253645706005,2.2329000000000008
33.96506,1,375,15.1,19.3805,18.038854666666666,18.0095,14.962,0.6246933511460903,0.27733680863614,0.1207910377339443,0.0298531028308838,855.7275770501975,2953.98880260421,4.418500000000002
34.14903,0,89,16.35,21.1948,18.342808988764045,18.1636,15.8244,1.827115255149521,0.5147504696948,0.1905904223863561,0.1333647061644676,1105.1466221871883,2950.0104608913025,5.3704
-7.83581,1,34,19.72,21.0608,19.32071176470588,19.17125,18.2037,0.7397044138420416,0.499403274401882,0.2190803238767051,0.0988415142616742,577.8006408619814,2808.3325968053978,2.857099999999999
20.85613,1,56,18.81,21.333,20.52530357142857,20.62625,18.8129,0.5312974544244711,0.593712017664007,0.4123050141906566,0.1055860364414696,855.6892054487017,3059.7570590045,2.5201
24.54564,1,14,19.62,20.8742,19.772992857142857,19.58065,19.1951,0.5158254198769266,0.449938306250133,0.2680646018202001,0.0770266417218035,206.0794993507586,797.9052363657975,1.6790999999999985
-26.30118,0,5,18.32,20.0732,18.78768,18.5033,18.3194,0.7305898486839258,0.29473137327078,0.1689103006160705,0.0707037802153538,331.3906409144825,741.0262998725084,1.7537999999999982
29.70415,1,27,20.42,21.3069,20.006303703703704,19.9264,19.0271,0.4944263579617221,0.53810819509113,0.281427999676737,0.0850019819403516,365.9569790482699,1952.798236967501,2.279799999999998
34.4758,0,27,17.99,21.1101,19.73931851851852,20.0373,15.0025,1.2823141745828837,0.520870729192152,0.3527097520413391,0.1232914885952038,804.5523771605391,2813.258443356492,6.1076
53.07588,1,210,13.78,17.136,16.18738666666667,16.4291,12.8172,0.8967569856458464,0.1380750587513469,0.0735024411627176,0.0129058651071918,869.5037663636576,2712.846597094496,4.3188
-26.97631,0,4,17.61,17.1952,17.142225,17.14515,17.0834,0.0474091675382158,0.0854907267054325,0.08479977290252,0.0008465729735077,0.0103610623652151,0.0241759144992101,0.1117999999999987
33.05112,1,332,17.09,20.2548,19.114628614457832,19.1515,17.0921,0.4697292819944578,0.442391155647077,0.1920850615101566,0.0469442100725876,910.0780004620096,3040.8039285995983,3.162700000000001
-1.87116,0,311,16.83,19.7586,18.39011125401929,18.6069,15.447,0.829145658300995,0.276036893169415,0.1465459441352276,0.0356418560232683,878.4401065485415,2943.079973900698,4.311600000000002
20.12269,1,12,17.07,20.9111,17.991358333333334,17.379849999999998,13.8931,1.927705541668329,0.474126047328935,0.1873226769821553,0.1392305433200384,691.061594061979,2153.068804305498,7.018000000000001
40.36607,0,148,16.65,20.4871,19.611901351351356,19.61595,18.9298,0.3132937401500544,0.500045049699907,0.2477182004943781,0.050589128050654,957.3165675159548,2947.0084404279914,1.5573000000000017
38.69039,1,83,19.36,21.4496,19.981646987951805,19.953,19.086,0.4467752314076434,0.589346282602782,0.2725078707091522,0.074097137693394,633.7462820633805,2653.8537985648,2.3636000000000017
-21.74218,0,6,18.16,18.7078,18.3972,18.4238,18.1407,0.2196189882501054,0.152323417653716,0.1314243468858236,0.0133224458820002,4.342577448062154,7.952024039404932,0.5670999999999999
-3.47402,1,141,13.99,17.5265,17.124062411347516,17.3546,13.9468,0.7336846539935076,0.121599374434224,0.089391224005013,0.0114231585679566,841.1805534907228,2902.062615451396,3.579699999999999
42.9432,1,2,15.56,20.807,20.50895,20.50895,20.2109,0.4215063522653008,0.468826413862317,0.393371513959265,0.1067093427904004,10.474857625280972,14.813685717599585,0.5960999999999999
7.24606,1,399,14.36,19.4153,18.33076666666667,18.4384,12.8492,0.7711737033707255,0.536289614041235,0.1412573849514948,0.0369776831020677,941.7129468146496,3107.68094487262,6.566099999999999
12.8576,0,305,14.72,14.866,14.654533114754098,14.6317,14.5528,0.0603967860208471,0.0619755452587241,0.0566680998482111,0.0010601720416535,962.7518523900764,2958.816301909297,0.3132000000000001
39.04737,1,242,18.09,21.3242,19.46929380165289,19.3831,18.0928,0.7092395901727961,0.604478119403129,0.2339843597704209,0.0953165280518916,963.9529280646118,3061.800560682896,3.2314000000000007
59.0761,1,68,17.53,17.8556,17.575480882352938,17.577849999999998,16.7943,0.1505647728490647,0.126235298400221,0.1000764795974116,0.0096048093407033,502.27041790894464,1594.7689461459013,1.0612999999999992
-0.40492,1,18,18.53,21.2037,20.62835,20.66305,19.9567,0.4144259789863851,0.551595605001999,0.4127363778429229,0.0931333211069729,1073.29389064595,2873.107068344798,1.247
21.9453,0,107,17.0,21.1734,19.288959813084112,19.4764,13.1909,1.1933774107556463,0.5815056945854461,0.2729595798090181,0.1227576752986585,918.346189690204,2947.928021111089,7.982500000000002
33.32159,1,54,17.11,21.1511,18.790785185185182,18.1474,16.6861,1.557994054704113,0.573317242516942,0.2118434510323296,0.1432988805912184,1124.2595875534091,3041.7567865510864,4.465
-6.45544,0,16,18.06,19.8403,18.58529375,18.503,17.8145,0.5440539501051347,0.259652214751335,0.1481812315987463,0.0410038978466996,1030.966238722042,2579.863603854101,2.0258000000000003
-5.81313,0,15,18.55,21.0638,19.66501333333333,19.6805,18.4837,0.8822170884981165,0.517081458826594,0.2578951671983981,0.1250207641951144,356.4689403655474,1442.9593639816012,2.5801000000000016
-12.31528,0,22,19.44,21.2587,19.760236363636363,19.66005,18.822,0.5959451153583526,0.5407350239390251,0.2661665544430155,0.096561645890363,921.3058045399772,2913.0102571994,2.436700000000002
2.6552,1,352,14.82,19.7972,18.39955965909091,18.58285,14.1988,0.8744433683251656,0.330536272920944,0.1394944038817278,0.0325388548444409,868.7606453952355,3124.283312476909,5.5984
33.51239,1,314,18.05,20.9217,19.52826242038217,19.50755,18.2117,0.4869606931430186,0.8642886714847671,0.2278457538965969,0.0663992524844303,884.8737348590538,3078.7604061224997,2.710000000000001
21.35224,1,64,17.92,21.3078,18.753178125,18.6944,17.9146,0.5050688827667825,0.581184995956866,0.1657766558031605,0.0633090027532468,1011.21513389903,2896.033829016189,3.3932
13.15146,1,11,18.71,19.7119,18.94421818181818,18.7827,18.4636,0.3884366713331321,0.200508849637516,0.1550955763941046,0.0208379476148628,5.375554595002646,12.984509213201818,1.2483000000000004
40.09321,1,2,19.67,21.1024,20.77335,20.77335,20.4443,0.4653469726988689,0.47191345306431,0.4003800010749819,0.1011635779666723,5.645743515071213,7.984287048697297,0.658100000000001
-7.07864,0,10,18.73,20.9845,19.29746,19.01455,18.7308,0.6885423108116004,0.519441027024221,0.2268602332769315,0.1100230507732457,9.251750541005594,24.021385740903497,2.253700000000002
51.20975,1,15,17.14,21.218000000000004,20.446573333333333,20.641,19.363,0.616764552745868,0.549929364563407,0.3692486096046294,0.1191337665973114,885.128199045589,2331.940791794201,1.855000000000004
18.94078,1,15,18.83,20.9574,19.792806666666667,19.7393,18.7808,0.6680578219913377,0.490442495547108,0.2548579220056984,0.1043456587874692,297.83557813985897,822.7389275577007,2.1766000000000005
30.0246,1,124,14.28,15.0551,14.285730645161289,14.2651,14.1793,0.115666656716632,0.0586071343874537,0.0550152734257662,0.0008140407883581,374.3204220280194,1186.8064517242965,0.8757999999999999
24.93546,1,3,18.77,21.255,20.7052,20.6974,20.1632,0.5459417917690489,0.4726478671117029,0.3786043728997059,0.1090829275066328,1098.0971972743764,1901.963262360805,1.0917999999999992
21.41067,1,4,19.15,19.149,18.898875,18.89715,18.6522,0.27884097469107,0.189995470854504,0.1708989277789304,0.0218132896551368,0.006607770649731,0.0153536922007333,0.4968000000000003
18.71911,1,118,18.1,21.3708,20.156533898305085,20.1619,19.3832,0.4212314233333939,0.600249622684695,0.3155022811657446,0.0832597595596491,841.2957971279083,2897.1221447335997,1.9876000000000005
4.51678,1,9,18.79,21.2821,19.75662222222222,19.7443,17.9329,1.275185996999828,0.5723920502033311,0.3070936288257211,0.1816241045768858,511.55254395604135,1489.8745555905043,3.3492
4.49821,1,21,19.09,21.2663,20.67970476190476,20.6138,19.8677,0.4280600010234432,0.564240360548964,0.4041789021097648,0.1018820141134624,627.8697537666326,2294.786377731303,1.3986000000000018
28.8287,1,491,14.88,18.8705,17.99510346232179,18.0827,14.8382,0.5044438922383333,0.314913019826525,0.1153988560520838,0.0179958031824075,881.118912970958,2963.018446666581,4.032299999999999
12.90952,1,41,19.55,21.4707,20.20677804878049,20.2248,18.3862,0.718902371853159,0.63161302452257,0.3253275573349296,0.120672202733803,744.1537851512053,2605.9323987039024,3.084500000000002
15.81099,1,45,18.58,21.469,20.156788888888887,20.1561,17.4137,0.8155465134224752,0.719709529348424,0.336867750443837,0.1475364210379791,771.1937973468636,2690.7157205436088,4.055300000000003
-8.37234,0,10,18.41,21.3227,20.71062,20.64995,20.3285,0.3496066958423109,0.5900124057604941,0.392755162384565,0.0961143264401914,559.0065954970023,1562.7040351158066,0.9942000000000027
3.60305,1,232,19.03,21.2295,19.647352155172413,19.6386,15.686,0.6192575326014558,0.56305883274627,0.2398794754899096,0.0781819317447221,841.6777864143039,2962.9651034836133,5.543500000000002
15.25049,1,36,17.21,21.4321,19.070038888888888,18.28565,17.1729,1.532523894621974,0.5808647699906191,0.2433725102694876,0.1714672765603869,1126.4634262478244,2984.9288806943005,4.2592
15.33632,1,288,15.21,18.6319,17.793594444444444,17.9202,15.2052,0.52100435327958,0.432992503467168,0.1110580505961263,0.0301098004938048,904.843799199531,2946.006376874706,3.426700000000002
-1.26762,1,2,18.67,21.0257,20.99985,20.99985,20.974,0.0365574205873459,0.513135504631079,0.495506274771733,0.0249314959612797,248.1996457261369,351.00730516210024,0.0517000000000003
20.85394,1,11,18.73,20.2311,19.30454545454545,19.2333,18.514,0.5460478245788294,0.333921322102238,0.2367353619825135,0.0591302077950411,311.3022357675527,1048.0443068751993,1.717100000000002
21.44544,1,12,19.72,20.6089,19.923358333333333,19.82365,19.5384,0.3371907834886613,0.395544964882529,0.2772568727614916,0.0542716128575074,9.462773253014548,29.055385161605955,1.0704999999999991
2.29211,1,19,19.25,21.0815,19.713510526315787,19.5662,18.8428,0.6272063561670701,0.50949475455462,0.2406038925657752,0.0880576868073213,515.7280635841282,2508.1204131600025,2.238699999999998
9.12398,1,102,18.94,21.262,19.195407843137254,19.0936,18.0827,0.6335470802617387,0.8725303147734879,0.2246290052567032,0.119800985224667,589.0660466077328,2883.0445900583,3.1793000000000013
-18.29639,0,47,18.64,20.2844,18.931782978723405,18.6998,18.0132,0.5875037684686336,0.334765489514611,0.1732302388350986,0.0516255239964704,734.9139016073175,2637.7772434722065,2.2712000000000003
30.55014,1,333,16.61,20.3936,18.257876876876875,18.1964,16.6134,0.5526600079918841,0.402837597923411,0.1410050000096891,0.0451389771998517,959.4134583007112,3049.9635743055987,3.7802000000000007
2.35178,1,231,14.48,17.3683,16.324616017316018,16.3809,14.4769,0.4893814628013961,0.1989745768096799,0.0769143623135394,0.0154954210534854,862.183301390946,2908.028595185395,2.891400000000001
-16.74544,0,40,18.3,21.203000000000003,20.0740175,20.29305,18.8032,0.6897728867728304,0.525224025812102,0.3088162961441646,0.1055168734191919,919.2172807311936,2946.0158822224985,2.3998000000000026
24.15011,1,5,18.57,19.1912,18.65562,18.5744,18.3873,0.3189779412435899,0.1821107674042749,0.1425761315963649,0.0228817701427125,16.080352727310654,35.96672334479808,0.8038999999999987
-1.58605,1,10,18.88,21.1634,20.13221,20.122300000000003,18.6771,0.8594016050588789,0.577058216008813,0.3555579862206225,0.1421947987861243,752.8929757000168,2217.9003475810023,2.4863
5.11232,1,40,12.58,12.5899,12.5429525,12.5517,12.4585,0.0319037413407664,0.0512731194743343,0.0511364123054532,7.011886048547631e-05,58.13172861447809,221.64402126189816,0.1313999999999993
0.26266,1,39,18.94,20.9645,19.098353846153845,19.0662,18.1031,0.4053985055967529,0.4803587468525619,0.1855831397560024,0.0541668420695795,262.2348414557205,1489.9370660186032,2.8614
15.61606,1,3,18.64,20.8019,20.39773333333333,20.2957,20.0956,0.3640371180708544,0.463335722319851,0.3914614881212836,0.0640028058978598,1617.8743880094617,2806.2452735646,0.7062999999999988
41.52191,0,13,16.91,20.6812,17.827246153846154,16.9144,15.7244,2.046854021262624,0.411267646021376,0.172182547277649,0.135151666652016,1174.4716745689946,2876.167424652791,4.956800000000001
-10.73134,0,14,18.19,21.1576,19.351421428571427,18.96785,17.7677,1.232871121331501,0.543396440198774,0.264641144537809,0.163732535385506,636.3635223825994,2297.763800775705,3.389899999999997
-20.78879,0,4,17.48,20.4915,18.209125,17.46965,17.4057,1.5219132177952843,0.4192725858508239,0.1755036568367176,0.1625153201122262,890.0456075616909,1780.0988799771949,3.085799999999999
-0.29793,1,2,18.82,21.1232,20.9801,20.9801,20.837,0.2023739607755905,0.434301691538003,0.405587002736276,0.0406087023427251,224.2720796981896,317.16861677080306,0.2862000000000009
-9.75163,0,175,16.2,21.1492,19.13208285714286,19.5682,16.0625,1.1798913456905546,0.529176605550354,0.2180117402821158,0.0964503480264352,863.105932996226,2964.9923451622017,5.0867
53.1596,1,240,17.77,18.2876,17.74450375,17.74405,17.4826,0.0982738907387999,0.269609280899441,0.1052943277795665,0.0220548413263481,851.9372555020062,2875.125082164602,0.8049999999999997
24.96631,1,6,18.05,20.283,18.8946,18.6727,18.0224,0.98574004483941,0.26819091741852,0.1608497774579105,0.0629781220607327,14.254489532369252,26.04390425920428,2.2606
13.13678,1,55,19.19,21.496,20.316983636363634,20.3809,18.5151,0.6895508438170153,0.595072659668016,0.3380673758973402,0.1043428786762566,770.3507319652665,2956.046750636808,2.9808999999999983
32.76172,1,281,14.72,17.0167,15.684619572953736,15.6801,15.2802,0.1562584418559391,0.168496616250962,0.0653032516346318,0.0107367150654641,841.3734033403565,2982.056029791908,1.7364999999999997
29.32336,1,211,18.92,21.143,20.0691663507109,20.065,19.0046,0.4217220780329492,0.640150640549219,0.3021709910302464,0.0773929087193169,937.8877434268508,3087.748693205802,2.1384000000000007
3.57514,1,385,16.47,19.966,18.382432467532468,18.5699,16.1659,0.8191122424869938,0.3352607463322019,0.14778995487579,0.0452541028970913,937.1871997864928,3093.7194657525906,3.800100000000001
5.381,1,68,12.6,12.6841,12.48109411764706,12.46095,12.324000000000002,0.0944998726720341,0.051784928506737,0.0509289549949449,0.0003113674052293,237.73447171878357,774.8865411919978,0.3600999999999992
-16.45394,0,30,18.58,21.0889,20.389760000000003,20.3422,19.3095,0.4662579858611649,0.514287662195717,0.3571727871276111,0.0863086399691417,910.9882612042402,2618.849294027801,1.779399999999999
55.07689,0,4,18.94,19.1273,19.00255,18.97245,18.938,0.0872286841201536,0.18090245291871,0.1708851253534287,0.006975622625047,0.0075672389798405,0.0175436111021554,0.1893000000000029
-7.34798,0,8,15.06,15.8968,15.4684125,15.455,15.0567,0.4176137225355506,0.0647154581392867,0.0612365849701971,0.0024126394206385,13.356283646060026,25.00838758079772,0.8401000000000014
39.45981,1,217,18.17,21.2546,19.579347004608294,19.5511,18.3171,0.5520487714152442,0.466324954559389,0.2287365010022358,0.0660006838878026,883.6067474211496,2738.7718886690054,2.9375
1.68507,1,10,16.21,21.1039,18.56214,18.9733,16.1652,2.171047096679388,0.576116887210896,0.253472281839135,0.2082038011794853,15.83148115206198,49.9083014469943,4.938700000000001
17.54776,1,333,17.18,21.0664,19.027825825825825,18.9711,15.9532,0.5967181462617059,0.47154740044319,0.1870041177528002,0.0586717790684128,901.2625056736146,3106.7019387385008,5.113200000000001
6.60114,1,150,19.29,21.0638,19.625656,19.568,18.2564,0.5432902076504408,0.496227480514791,0.2476173538062992,0.073500259758027,624.051639428463,2922.058624803096,2.807400000000001
21.40786,1,3,18.35,20.7152,20.19473333333333,20.1134,19.7556,0.4849426495301597,0.449456276985024,0.3360286561983226,0.1124228560830137,223.8456432579076,406.9693714353998,0.9595999999999982
45.96818,1,10,19.43,21.384,19.84561,19.53895,19.4141,0.7045060877427995,0.5933731384746921,0.2911069458666347,0.1355042349238938,215.3335722052082,689.079381192103,1.969899999999999
2.2431,1,10,19.43,21.3621,19.9707,19.7302,18.5267,0.9099996166055356,1.0195156274329,0.372415511809358,0.2666711511029059,617.9195844535636,2457.1649191895995,2.8354
13.08691,0,151,17.34,20.2563,18.582401986754967,18.8156,16.8268,0.8782875203083337,0.429411942174377,0.1705005222121869,0.0612553102289627,981.1758566245256,3102.6979990392065,3.429500000000001
-7.1799,1,277,15.38,19.1621,17.585059205776172,17.9866,14.3171,1.1996436667336472,0.188545150354766,0.1117922752478376,0.0320389497905265,864.0181197481525,2969.942981979308,4.844999999999999
66.64391,1,95,16.59,20.4086,18.61090315789474,18.9062,15.9934,1.0122628175520585,0.363288751915814,0.164793499058422,0.0617061711782661,848.1994971028846,2790.308639988296,4.4152000000000005
4.98707,1,184,19.27,21.2382,19.60960760869565,19.62775,18.3994,0.5021206974475173,0.532955476537639,0.2337740893545699,0.0647123239844926,965.511340956817,3008.9060515854,2.838799999999999
12.51425,0,2,16.84,19.1802,17.5122,17.5122,15.8442,2.358908222038321,0.2033313776588869,0.1349878091343799,0.0966524015083327,722.6942295507204,1022.0439808794036,3.3359999999999985
52.57255,0,88,18.3,21.3732,18.629485227272728,18.248150000000003,17.0693,1.3344046458906906,0.600249622684695,0.1876016603614189,0.1265429145061963,811.6927339470162,2827.1837555323,4.303900000000002
24.36155,1,10,19.53,21.227,20.68065,20.57205,20.1214,0.4158248222241879,0.5561056669849089,0.4173033416456153,0.0846721352589071,1092.4968659613328,2882.075210104005,1.105599999999999
-16.53438,1,24,18.96,20.9079,19.010716666666667,18.84945,18.274,0.6916842674205486,0.479782959862155,0.1865776305555599,0.0866560743461099,231.89363478251076,1444.0440640394008,2.633900000000001
45.37911,1,145,18.95,21.3929,19.334918620689656,19.0663,18.2346,0.708660796854241,0.575491614190353,0.2155221578428465,0.0909414860970606,736.6734705023262,2704.820101273195,3.158300000000001
12.79119,1,389,17.15,18.6621,18.27381336760925,18.2901,17.4019,0.145923146437458,0.4149589655004529,0.1318293058691963,0.0298666261141607,906.121051100649,2992.904096967599,1.2601999999999975
43.64583,1,35,18.97,21.432,19.93114857142857,19.8192,18.9745,0.6067215241488847,0.606263409111586,0.2884739651950395,0.1058470765999948,804.3852572411399,2729.3907605438,2.4575
44.63617,1,4,19.25,21.3585,20.59485,20.91185,19.1972,1.0049535594576835,0.574868117625171,0.4199488521916747,0.1887091998406416,561.6684746341488,1229.8957487497971,2.1613000000000007
22.43613,1,292,17.48,20.0041,18.845186643835618,18.84205,17.3865,0.3291654435119867,0.278489209949706,0.1628670707521619,0.0264907811702123,937.9493258259864,2944.956991897896,2.6175999999999995
1.84931,1,290,17.7,20.3667,18.795750344827585,18.796,17.6584,0.2673568523946439,0.391100806557879,0.1581193716447996,0.0288158745836434,962.231117654113,2963.924247581097,2.7083000000000013
19.57569,1,8,18.46,21.2889,20.6861875,20.6363,19.9735,0.4032577461393991,0.499616948290601,0.4054900198489446,0.0614535656186828,876.008027756045,2149.099838367598,1.3154000000000003
51.58081,1,85,18.28,21.2843,19.66236823529412,20.0442,17.4623,1.0845782261422403,0.572700014338573,0.2754805235384395,0.1185323830531,799.1337785883815,2712.8299489006968,3.8220000000000023
30.22423,1,53,19.6,21.7437,20.327732075471697,20.2779,19.2328,0.5151267031493638,0.606263409111586,0.3488184044016943,0.0931292411232875,833.0244423888449,2990.906405219699,2.5108999999999995
29.08975,1,18,18.46,21.322,20.60422222222222,20.7876,19.3642,0.5631881856167623,0.542594324643371,0.3960606977856855,0.1108891934025266,956.5163412810974,2952.899784907204,1.9577999999999989
14.93839,1,25,16.64,21.0878,17.848488,18.177,15.7035,1.6448227347042603,0.536031157962306,0.1578585743671969,0.1305830762659363,684.3229742254795,2294.793128205893,5.384300000000001
19.20462,1,95,17.37,21.0394,17.450797894736844,17.4132,17.0123,0.3925016500789136,0.469728666231326,0.0979544471424765,0.0392835501932503,292.2555681048625,1957.8129595713035,4.027100000000001
14.17756,1,17,19.41,20.8536,19.02254705882353,18.904,18.4484,0.5671673663012174,0.462813592193235,0.1961439129035804,0.077217177815745,433.5778407596191,1856.023767384308,2.4052000000000007
-6.30077,1,28,16.01,20.8145,18.67531428571429,19.60835,15.6738,1.8672135047661127,0.45351682672431,0.2086639581285123,0.1144422700123369,551.1804209712698,1829.0324535072068,5.140699999999999
9.88676,1,43,14.07,15.4771,14.486623255813951,14.3643,14.0661,0.3836559841944281,0.0718583851380628,0.0577021365441348,0.0048897411569376,29.46555303471384,95.96061837949674,1.4109999999999996
-5.70941,1,121,18.38,21.0647,18.324092561983477,18.2197,17.5708,0.5216408343175868,0.4894285276687289,0.1352856284458701,0.049756226722658,643.4169459133404,2900.058901423603,3.4939
37.55633,1,57,18.08,21.0167,19.38498947368421,19.4964,17.7846,0.8124743790870781,0.448656019240186,0.2161702882851377,0.0813010648075507,720.0786640208365,2383.735379791302,3.232099999999999
33.33753,1,232,19.85,21.3494,19.760066379310345,19.6656,18.1564,0.4826204902053504,0.573626523978025,0.2494396525485943,0.0781955660184516,658.4549760172903,2738.7211494672883,3.192999999999998
15.68983,1,47,13.44,13.3356,13.288957446808512,13.2896,13.2362,0.0224616653596929,0.0528538147868428,0.0521045189618527,0.0002929126899717,54.49102875180684,189.76458446730976,0.0993999999999992
8.10972,1,208,16.57,17.5943,16.727278846153844,16.66145,16.3964,0.1994451926328733,0.116580445407218,0.077315113656603,0.0063662426467287,721.0280503741413,2210.9842978473025,1.1979000000000006
24.62151,1,524,17.83,18.7146,18.29064675572519,18.3195,16.2467,0.223333479077015,0.384792298984252,0.132789386694643,0.0300000262227688,918.85048378863,3126.2710936111034,2.4679
56.8515,0,84,17.96,21.2331,19.903860714285717,19.9375,17.733,0.6475204489524121,0.5399433604446671,0.2865763967322451,0.0845086512716981,915.8744773952064,2712.7459400580046,3.5001
43.9377,1,30,18.37,20.296,18.813346666666668,18.8238,14.8909,0.9127830477336246,0.393194391585327,0.1877086694772224,0.0564554875600375,762.1192788220866,2025.3171200116997,5.405099999999999
38.79563,0,119,14.71,17.4986,16.55800504201681,16.8676,14.5908,0.8454118332333501,0.106355030509613,0.0790569609749358,0.0138185883991843,1016.5510916552308,3065.7281086229923,2.9078
-1.19849,1,226,19.27,20.9238,19.575710619469028,19.5275,18.5553,0.4296170196013688,0.665861277583364,0.2355579530217634,0.0671373210373148,727.1423033004094,2987.912259467397,2.368500000000001
9.99322,1,134,20.13,21.5432,20.06856343283582,19.9998,18.7836,0.5195897565569927,0.680015393125871,0.299561564408621,0.0961070500946921,623.7189196527925,2947.9914842703947,2.759599999999999
32.44271,1,17,19.57,21.363000000000003,20.32553529411765,20.402,19.1809,0.6172839985990813,0.605905234851541,0.3301517797022925,0.121721554055304,649.5031826226462,2239.891428854294,2.182100000000002
56.4354,1,167,18.37,20.0416,18.69087904191617,18.6568,17.8216,0.3229478794966246,0.485428635080575,0.1549847815235456,0.0412311127701543,834.5626006455874,2680.9543079048963,2.219999999999999
10.0707,1,9,17.72,21.7299,21.08315555555556,21.1893,20.3981,0.3827663030855485,0.575179639676989,0.4990295089919087,0.0768761523974271,1017.1523203644712,2892.041677905297,1.3318000000000012
14.68924,1,10,18.69,20.3259,19.17173,19.08835,18.7501,0.4655539306389047,0.328044202934052,0.1934850521302877,0.0502306256804725,114.46688084546592,378.0790552315011,1.575800000000001
14.57996,1,25,19.75,20.7254,19.53256,19.4584,18.5394,0.697861353230951,0.397934975850558,0.2240625491681478,0.0871905137270872,150.89457914764466,770.8587658913093,2.186
29.46097,1,9,18.66,21.3219,20.71008888888889,20.554,20.0165,0.514113446732441,0.556676355843265,0.4131150908733279,0.1136917750815309,719.5505355578097,2585.848654814501,1.3053999999999988
16.08809,1,383,17.35,19.0171,18.014562140992165,17.9699,17.3187,0.2049491104058212,0.345007936905988,0.1161377304464503,0.0167102372490796,910.9921003619075,3127.2617940739874,1.6983999999999997
17.27342,1,281,14.38,20.5843,18.60320071174377,18.9611,14.3476,1.3231972002905068,0.429129002251806,0.1761743881038454,0.059559250198605,919.4244064370394,2975.8832195945943,6.236699999999999
30.38311,1,74,18.98,20.131,18.461212162162163,18.41845,17.6142,0.4643066142559639,0.291176058475163,0.1388231124585109,0.0328614639782715,871.0392209457274,1940.819438668892,2.5168
-0.62005,1,5,18.22,20.9397,18.77302,18.2851,18.0824,1.21503725333835,0.468466829044721,0.1895822995811533,0.1559695785277329,290.3129285435221,649.1699225347911,2.8572999999999986
45.79017,1,12,18.65,21.4952,20.836458333333333,20.75505,19.9741,0.4515217591823799,0.6814745323313579,0.4494480786856744,0.1281621102421483,707.305455968196,2130.1392900580977,1.5211000000000006
9.41097,0,428,15.36,18.4979,17.933479205607476,18.00415,15.1236,0.4501342439494554,0.2549740003612569,0.122235684279302,0.0194456931141985,901.1493267722396,3125.305209849401,3.3743000000000016
29.03744,1,7,18.7,20.6791,18.599742857142854,18.5586,15.3809,1.6620010337513258,0.482875676484367,0.2531546184978461,0.1411460403303623,133.4748902214657,377.96257234919904,5.298199999999998
11.04723,1,28,16.07,20.8006,19.36055,19.7151,16.0702,1.4485363682006749,0.438745272945932,0.2618276132853559,0.1084600617433695,817.3456562275866,3060.678225532196,4.7304
52.64905,1,36,17.41,20.9293,20.0465,20.0033,19.2276,0.4101834244753018,0.494555859006142,0.2987262175444117,0.0766883097326774,804.4444453454773,2682.7865217014987,1.7017000000000024
-4.72195,1,100,19.48,21.2426,20.134196,20.135150000000003,19.0229,0.508771084425477,0.537586917083812,0.3168403360195205,0.0909966889676801,843.6064648819572,2929.996523935406,2.2197
46.43432,1,6,19.35,21.254,20.97491666666667,20.9673,20.7293,0.2150874279605087,0.5808647699906191,0.4729094025718929,0.0647043800849682,941.4968487996018,2652.9673215047005,0.5247000000000028
-11.42263,0,223,18.14,19.9697,18.692896412556056,18.6892,17.9932,0.3715480876394297,0.2917915751507999,0.1556225768153659,0.0306805405082624,831.5408249787902,2658.736116851702,1.976499999999998
-9.60415,0,4,16.32,16.324,16.29325,16.31355,16.2219,0.0478776565842562,0.0705705433456373,0.0701527582338176,0.0006651719815519,0.010110284325452,0.0234988773954683,0.1021
-4.83855,1,250,18.28,20.6557,19.3442528,19.29025,18.3382,0.350060336985328,0.398856057197557,0.2022703333854812,0.0417379491591426,914.6674588426292,2971.9185159607005,2.317499999999999
15.04946,0,10,18.49,20.7886,18.8979,18.5653,18.334,0.7601214025842611,0.449135706440919,0.2056185720851827,0.089285226129259,322.9372453682386,830.7714233794977,2.4545999999999992
7.54693,1,11,18.3,19.7795,16.85250909090909,18.3004,14.5481,2.215482403204569,0.276319706899109,0.1329857707400759,0.0788040985679773,558.0520578888465,1862.8615191548013,5.231399999999999
-16.89388,0,160,17.04,18.6012,17.750231875,17.758049999999997,16.3111,0.2139484221544385,0.14305412197029,0.1066727447968549,0.0103063956784586,896.069570434938,2926.0409190506034,2.290099999999999
13.47403,0,36,18.29,21.1693,19.01473333333333,18.9312,18.1308,0.7604013436525295,0.5549689315509949,0.1974491516911689,0.1075946910300234,206.95877126123148,1213.6679897223005,3.038499999999999
20.72589,1,6,18.79,20.5276,18.988916666666668,18.7795,18.2969,0.7982707345673302,0.546909191442649,0.2487253749326751,0.1730732267396279,738.5042089451462,1816.0314475811028,2.230699999999999
39.67348,1,98,19.58,21.1206,20.06887857142857,20.10285,18.8914,0.4870764406339311,0.5439329216326071,0.3051659179990111,0.0808625806520093,801.7740979706238,3028.862665983899,2.2291999999999987
21.37956,1,387,14.78,16.3386,15.682994832041343,15.7841,14.6502,0.2933120423203135,0.11411848847938,0.0641205219858749,0.0058535907817919,904.3333574446148,2994.8965658680027,1.6883999999999997
33.11253,1,15,18.48,21.2692,20.82618666666667,20.8889,20.1693,0.3163271879075905,0.546636828866174,0.4431586784929671,0.0685652240128012,778.4500559221474,2567.960138495502,1.0999000000000017
6.27063,0,320,17.24,19.8271,18.355950625,18.3211,17.5484,0.2881531861406249,0.28181836217573,0.139114454116896,0.0247399202875472,933.3486819845868,3103.695647661996,2.2787000000000006
17.78732,1,13,19.56,21.3004,20.10430769230769,19.8588,19.5558,0.563166355620223,0.572700008175005,0.2984339365823379,0.1116615788612408,497.3080879862479,2219.862481643795,1.7445999999999984
-1.19989,1,12,18.24,19.555,18.8028,18.65585,18.1205,0.5163326940152941,0.221716908369646,0.1620233469853367,0.0376641849257526,11.508974772697668,27.001390324003296,1.4345
18.20544,1,136,17.87,21.1697,19.368680882352944,19.23085,17.8061,0.9774622815884528,0.565130862764857,0.2439340373757559,0.1285186238364348,875.3261426210106,3019.8775062034983,3.363599999999998
-24.91401,0,5,17.94,20.7381,19.25542,18.9322,18.7379,0.8383926329590444,0.481129397961221,0.2231416627958393,0.1444954505647457,326.47722049095404,730.0350579055012,2.0001999999999995
29.35037,1,45,18.41,21.4342,20.28396,20.574,18.4071,0.8883901508806927,0.582793221808051,0.3531690014506213,0.1370855844977037,801.063360895995,2915.971227465096,3.027100000000001
-3.88719,1,90,18.02,18.1337,17.895773333333334,17.89665,17.6309,0.0998282736739383,0.1210848635648489,0.1083946733460049,0.0061595646845455,291.2864189218423,1001.2058721530047,0.5028000000000006
35.31716,1,52,20.16,20.9113,20.05825,20.00905,19.01,0.3937737264560172,0.469547838471161,0.2873613753182807,0.0728175283824745,1113.6003327419064,2635.9613172918034,1.901299999999999
18.6564,1,46,16.55,16.9514,16.572263043478262,16.53465,16.4726,0.0904579813042637,0.0832114319450562,0.075594340559759,0.0020519688455188,82.88545819512585,449.8838321297008,0.4787999999999996
14.56804,1,358,15.73,16.9289,16.494659497206705,16.497549999999997,15.4603,0.091127877993762,0.1913144028996389,0.0766466370394036,0.0121979799147874,860.6427709846582,3032.827879826502,1.4685999999999986
-21.92344,0,5,17.86,19.7282,19.56714,19.6323,19.3166,0.1611528715226631,0.2098500074276489,0.1962730093428795,0.0155895065253962,138.25573527620884,309.1584240854936,0.4115999999999999
2.96573,1,12,12.01,12.0217,11.965508333333332,11.968,11.9072,0.0343565650292065,0.0505231704550466,0.0504319676561348,5.4349523729277656e-05,126.47506336588826,293.0789478933948,0.1144999999999996
-15.39531,0,17,18.62,19.1242,18.745288235294115,18.7208,18.3999,0.1907806229755558,0.181574060695997,0.1589506540224141,0.0125449426640926,377.1632527226641,1120.9454918172996,0.7242999999999995
0.49358,1,193,18.28,20.9541,19.765304663212437,19.6982,18.4202,0.3908223920319276,1.02228985833284,0.2578400720024196,0.0994237509005501,933.888224339224,2987.9359044329976,2.533899999999999
-18.78831,0,5,15.7,17.9251,16.1241,15.6825,15.639,1.0070696177524183,0.112750347825783,0.0739009651023056,0.0217178929482101,158.76201614612273,355.0130965392891,2.286100000000001
32.17588,1,333,18.31,19.9391,18.73618798798799,18.7618,17.7825,0.3221369121297377,0.300000475327178,0.1538326638431652,0.0269410669288852,939.2387348245476,3057.806135185012,2.156600000000001
6.47258,1,309,17.39,19.6852,17.89053203883495,17.8788,17.1483,0.4128413167717322,0.260022838739491,0.114437807639237,0.0212025686522065,965.3003738469628,2966.895459675696,2.5368999999999997
-6.7957,0,211,14.51,19.3734,18.56962890995261,18.7687,13.5797,0.9415750638302302,0.243127426923051,0.150069228337758,0.027995842841999,774.0099051001944,2648.8750015972983,5.793699999999999
17.68883,1,6,17.79,20.0508,18.48975,17.85545,17.7866,1.0451428643970158,0.2731376565990639,0.1528197303202654,0.0743910572609128,25.291922940363424,48.987349965602334,2.264199999999999
-3.04758,0,8,17.7,18.2173,17.892312500000003,17.9484,17.5183,0.2608942228868141,0.129766373286575,0.115204079563418,0.010823722120499,790.2249654728005,1791.0918518752078,0.6990000000000016
7.0402,1,313,16.98,17.9609,17.60652108626198,17.6178,17.0692,0.1278302314774793,0.187154693407426,0.101838115129736,0.0108439305294356,947.5944418840676,2948.0438822916985,0.8917000000000002
-4.87228,0,254,16.15,20.4612,18.790781102362207,19.02915,15.2755,1.073905886399295,0.415993448348156,0.1778694868127761,0.0648520153672968,954.7378337599016,2968.930565914597,5.185700000000002
9.82956,1,349,16.72,20.7008,18.4495558739255,18.7576,14.9902,1.0225307492783318,0.6854060504233879,0.1569025103880623,0.0668543760098631,948.615356158943,2992.900709641108,5.710600000000001
46.14254,1,205,18.24,19.5045,18.55723902439024,18.5197,17.8264,0.3455741855019246,0.346789972818726,0.1454673215868255,0.0295027470647676,826.2597686901695,2902.047254629404,1.6781000000000006
20.51454,0,80,20.04,21.2413,20.08698125,20.12845,18.4949,0.5398947675461716,0.578003625950549,0.3115659510439801,0.0926339423351018,716.2328740516466,3031.770250891393,2.7463999999999977
26.38937,1,300,17.62,20.5589,18.67873133333333,18.6538,17.4471,0.5272258792751725,0.502200426740133,0.1600046781498426,0.0459755971920776,946.8582710973166,2952.916548564601,3.1118000000000023
-9.28879,1,10,17.26,20.4033,17.313740000000003,17.003349999999998,16.6069,1.1127975309502125,0.511762039128483,0.131836451521429,0.1341500129368051,363.8832586749176,718.0497875694055,3.796400000000002
65.19289,1,105,18.17,18.6231,18.318066666666667,18.3128,18.0263,0.1206557329654747,0.2220287182493389,0.1362007236336778,0.0148919979187225,670.6207094334625,2843.1698639700044,0.5968000000000018
9.30717,1,159,18.14,21.013,19.75210503144654,19.776,18.1428,0.6367966908029289,0.599900754182496,0.2722031918216689,0.0914380454633836,840.0290425551107,3107.6873112036046,2.8702000000000005
19.85943,1,19,17.37,19.0517,18.09774736842105,17.9733,17.3653,0.4909124569710537,0.184025963723679,0.1268534844861694,0.0238827101102668,19.321408456856613,53.9722021990965,1.686399999999999
-3.60505,0,185,17.18,20.8379,19.3314745945946,19.4237,17.0751,0.6563242522407011,0.432703044610462,0.2108407924915364,0.0576038077210841,1019.6547159202864,3034.818322326508,3.762800000000002
-10.69291,0,18,17.68,20.0344,18.098944444444445,17.834049999999998,17.5508,0.7379367031856433,0.2988737785751539,0.1320761760217022,0.05783088475295,995.1941523922156,2655.790260219997,2.4836000000000027
30.5785,1,20,17.28,18.3863,17.734105,17.7949,17.0536,0.4027818953687488,0.154826210779672,0.1110455100098919,0.0168539510789344,27.756013756393703,79.84918504630332,1.332699999999999
-8.0243,1,111,15.92,18.4611,17.044127927927928,16.9754,16.2638,0.391119668776517,0.2403115101969989,0.0921154935112744,0.0277994109033884,686.7763101104497,2604.9318761455943,2.1972999999999985
17.62905,0,129,17.06,20.6927,18.63984186046512,18.4752,16.7927,1.0663481710886036,0.485230944010022,0.2003049699299029,0.1011471449583382,966.3211989690986,3100.3129114467083,3.899999999999999
34.50839,1,16,18.18,19.1505,18.65798125,18.675400000000003,18.0761,0.3488928512093652,0.184277251609001,0.1522295088997749,0.0216882666326576,10.990768841535928,28.974443333201634,1.074400000000001
-0.12179,1,3,18.6,21.3562,21.08263333333333,21.0136,20.8781,0.2464124658643182,0.608062722480777,0.5169746126515257,0.0796288060582153,781.2468829776758,1527.869387337887,0.4781000000000013
12.5901,1,25,18.52,20.6121,18.786104,18.5948,18.0955,0.610392616463645,0.416773982967603,0.1766022478611503,0.0609567229148411,199.22449844695043,524.7437488888972,2.5166000000000004
22.27011,1,324,18.02,21.1038,18.94352314814815,18.96895,16.2701,0.8264835177220505,0.51039842633849,0.1836452318125506,0.0743063189827835,895.7646963067886,2994.886607801098,4.8337
14.87758,1,14,19.5,20.78,19.768264285714285,19.6807,19.0773,0.4619074992432392,0.423167020231647,0.2442404583165578,0.0743592607474104,495.8298958794439,1871.8223704281045,1.7027
4.2263,1,278,17.99,21.0049,19.100320503597125,19.16905,17.3426,0.7493191944757949,0.5477284844803799,0.2120735097595735,0.079509360276885,880.8002587334125,2947.8639028821854,3.6622999999999983
6.77902,0,167,16.72,20.1813,17.903550898203594,17.8482,14.2222,0.6324328966612238,0.3777629578643039,0.130536675430901,0.0371479996335514,790.1045665365085,2838.083897407196,5.959099999999999
8.96926,1,54,18.8,20.819000000000003,19.17326481481481,19.0441,17.6644,0.8772075314695751,0.417821013446902,0.2180977252827036,0.0809373558586796,591.5138119792242,1947.855901064897,3.154600000000002
60.27495,1,151,14.3,14.3821,14.264652317880795,14.2574,14.1608,0.0364636071253462,0.0617485821093852,0.0553701498090066,0.0014580472613085,780.3448873287869,2843.2463681479057,0.2212999999999993
17.97057,1,7,19.74,21.5225,20.73548571428572,20.8301,19.7425,0.6495468046481104,0.5967851263393771,0.4301529010854873,0.1281561663876002,148.89599193667513,410.7864653935103,1.7800000000000011
47.1697,1,5,13.18,17.2589,15.83462,15.2473,15.101,0.9377864613012916,0.102185506837993,0.0703574831896517,0.0184363321985814,430.98453679679295,1001.1507069559956,2.1579
12.17606,1,164,18.97,21.2835,20.10201280487805,20.0023,18.5733,0.6105729622474835,0.591015304025047,0.3183261800885865,0.1086791577000624,889.4828757514182,2992.904096967599,2.7102000000000004
24.77525,1,414,16.72,20.0023,18.49200555555556,18.4985,16.5289,0.3241593881906126,0.591350611831675,0.1478520791060611,0.0365164844768108,892.530780257471,3119.6680626161037,3.4734000000000016
33.83609,1,2,15.82,15.874,15.83515,15.83515,15.7963,0.0549421968981948,0.066553537446421,0.0658198372975335,0.0010376087012717,5.733529987005726,8.10843586789997,0.0777000000000001
37.47967,1,5,13.99,13.9148,13.89686,13.8966,13.8742,0.0167274624495165,0.0535079479302425,0.0531364563676418,0.0002129140257287,22.302238552834567,49.87849182851642,0.0405999999999995
-5.24146,1,128,17.92,21.2265,20.1224359375,20.16565,16.1503,0.6147180856620855,0.5880200319416989,0.3236682825865187,0.0935419826397138,948.8454357007512,3060.74909673581,5.0762
12.23034,1,302,18.25,20.9293,19.28847582781457,19.29635,17.9566,0.5358494303487924,0.503069602629778,0.2111953385643709,0.0615238084706925,906.6008060490968,3055.789890520704,2.9727
8.7637,1,5,18.9,21.0942,20.7102,20.7341,20.1731,0.3595573528659925,0.523277201210503,0.4474875308882063,0.0598981014348288,379.0122790460966,758.8739525810015,0.9210999999999993
15.40876,1,222,19.29,21.2401,19.81397927927928,19.79685,18.1786,0.4406418684377325,0.549101274891715,0.2636931222702611,0.0635183418366761,717.7496467426845,2989.9186576852007,3.0615000000000023
0.7884,1,292,19.2,21.0028,19.591841438356163,19.5437,18.7608,0.4129794037640598,1.01676055612846,0.2357671050790171,0.073006949200267,828.2068773368145,3005.836539329008,2.242000000000001
29.37193,0,153,16.39,20.4421,17.659985620915034,17.9817,15.1917,1.1624274848587517,0.38979441685576,0.1207154949571381,0.0542706398273835,1103.6244940074885,3125.641325254801,5.250399999999999
23.2833,1,268,18.85,21.2498,19.85503208955224,19.90025,18.4774,0.5894660663565618,0.558686157539815,0.2638449923265031,0.0831229904860678,806.7809039558572,2975.951402535189,2.772400000000001
-7.29638,0,25,18.62,20.9225,19.290268,19.2246,18.3929,0.6697314130306262,0.446751171863595,0.2038053863968356,0.0791133986770646,800.781138901076,2265.891786909997,2.5295999999999985
29.59458,0,369,13.18,17.7616,14.15620894308943,13.7017,12.9109,1.1249298685392617,0.116010659824607,0.057544562616042,0.0096045270947578,918.0492805872632,2951.0622179861966,4.850700000000002
18.42242,0,83,18.8,20.5169,19.39650361445783,19.3976,16.3961,0.4477534988344406,0.835706515819803,0.2270967741174861,0.0920392899030483,872.328957743832,2887.094462025496,4.120799999999999
55.75493,1,91,14.49,21.2126,19.70870769230769,19.5807,18.517,0.565045991290536,0.554685725895003,0.261195234790655,0.0857696059301154,883.9775627527081,3067.790791851883,2.695599999999999
27.33436,1,12,19.46,21.1303,20.587466666666668,20.61255,19.6476,0.3856042020077844,0.513135504631079,0.4054234115931599,0.0599071681368757,748.0207207341922,2332.817785023195,1.4826999999999977
-3.55918,0,4,18.45,20.9132,20.3734,20.31305,19.9543,0.4259747019092404,0.4864203098251679,0.3723581895522677,0.0875393659069742,927.6984247579873,2241.92456107631,0.9589
25.70558,1,357,18.92,21.3735,19.617533053221287,19.5623,16.7659,0.4840243795802235,0.5639443661355009,0.2315518922872184,0.064092297508895,842.6465462921618,2984.9446757406986,4.6076000000000015
26.74813,0,322,18.24,19.9802,18.86215590062112,18.8755,16.8394,0.2655982899638863,0.650721304253001,0.1664172450148916,0.0448669732745701,957.1391634494804,3031.831730196805,3.1407999999999987
29.07344,1,348,16.34,17.475,17.18196293103448,17.19265,15.2724,0.1579939942663558,0.111945643761937,0.0897091828290697,0.0053414577387099,902.7548779245484,2950.9747989233947,2.202600000000002
31.74703,1,374,16.7,18.4203,17.6245871657754,17.65715,16.6862,0.1842921111922858,0.384166522198399,0.1019570670645839,0.0231153310436323,878.3226378644836,2954.984567731495,1.7341000000000015
-2.19916,1,108,19.83,21.205,19.97721481481481,19.86075,18.8782,0.5315655713088486,0.530931106149733,0.28957714436397,0.0859241268127008,674.6901500528907,2902.1181984261057,2.326799999999998
30.16838,1,92,18.69,21.4367,20.187394565217392,20.1732,18.8346,0.5784372932979247,0.6165252611959681,0.3283058241700014,0.103308544555993,960.4633263128252,2896.000857488704,2.6021
22.45222,1,131,17.85,21.2415,18.63327251908397,19.704,14.5046,2.1483457308805862,0.559553455343515,0.2251993632309343,0.1424595952164645,1041.7938278837155,2956.7714181136907,6.736899999999999
8.006,1,138,18.86,21.0778,19.671528985507244,19.5888,18.2678,0.5181737334001218,0.613176921686291,0.2514517867417986,0.0809087954655089,544.8918526186584,2815.227864617904,2.8099999999999987
39.71087,1,161,18.58,21.3464,19.249167701863357,19.0873,17.9976,0.6648631084293265,0.565130862764857,0.2047965051811728,0.0834534248333183,680.682268775032,2716.758503518402,3.3488000000000007
33.94331,1,18,18.25,20.2315,19.169583333333332,19.2386,18.2442,0.6353909840775671,0.328110851392239,0.1980358624133049,0.0634052367517531,391.9704704700025,1687.2786992707988,1.9873000000000007
12.22972,1,68,19.65,21.4826,20.39478676470588,20.4209,19.2859,0.4922887427517745,0.582470637549417,0.35001341944475,0.0918291284038869,669.7455112861525,2925.044125879598,2.1967
-12.39922,0,198,17.16,20.002,19.04185404040404,19.03765,18.433,0.2298809770577674,0.337190710783169,0.1762450792566429,0.0247637232527554,803.7612100469591,2637.858178680799,1.568999999999999
2.69285,1,260,19.17,21.2987,19.50354653846154,19.452,18.7625,0.4002916072532548,0.5808647699906191,0.2215376695657167,0.0632826053270881,730.3360903783646,3005.8148607174007,2.536200000000001
47.55692,1,2,19.12,21.4392,20.96825,20.96825,20.4973,0.6660238771996082,0.6150311474374,0.4921649277419544,0.1737590742508113,15.53852583970865,21.97479398179712,0.9419000000000004
-12.04752,0,14,18.64,21.0822,20.50407857142857,20.675,19.5772,0.4944238327877917,0.5309311212552489,0.3848187856732232,0.1032584253384802,911.6220139044276,2338.666655972105,1.504999999999999
-16.63006,0,50,19.26,21.0148,19.898328,19.7809,18.792,0.5707032954564909,0.501551179208688,0.2853837555284552,0.0938264190314243,718.3771426854727,2912.0470327432995,2.2227999999999994
-1.46866,1,22,17.5,20.0209,18.408763636363638,18.2001,17.4055,0.7846350061655631,0.278779516867629,0.1438586753656957,0.0527464010003254,1119.166419825474,2603.911793402804,2.615400000000001
19.23218,1,8,19.33,19.3648,19.207375,19.2178,19.0379,0.131480837821659,0.198959865912412,0.1847851677088273,0.012161357783801,4.217479183071287,7.909156041605456,0.3268999999999984
32.49155,1,315,17.27,19.8201,18.24462507936508,18.3214,16.4963,0.4869863219278524,0.397019778511224,0.1316437234326462,0.0345514722350109,832.8042814597522,2982.032504085495,3.3237999999999985
40.23026,1,6,18.26,21.2954,19.3795,18.7241,18.4404,1.2321802173383578,0.545821889393224,0.2502311584828586,0.177696628266027,309.9964875867546,778.9241556595007,2.8550000000000004
34.31435,1,2,18.69,18.8338,18.74455,18.74455,18.6553,0.1262185604417985,0.1601277396807,0.1570867426980295,0.0043006191760282,20.455194918266468,28.92801407440129,0.1784999999999996
2.09713,1,227,17.52,20.861,19.13807092511013,19.1363,17.3756,0.5169353432982797,0.485428635080575,0.1998836235738003,0.0563704141637887,916.7849292853545,3005.8175322450043,3.485400000000002
2.07747,0,153,16.93,21.2087,19.363269934640524,19.7356,16.2391,1.274893626836382,0.5799068692430369,0.2532549718596888,0.1125846276926198,940.3946100962762,2964.8403545254987,4.9696
25.95942,1,287,17.07,20.5028,19.326245296167247,19.3044,18.3144,0.3087688604762867,0.384792298984252,0.2040645934328199,0.0367906623463689,920.7739578861764,2992.9179896524947,2.188400000000001
36.0049,1,31,18.96,19.4112,19.05611935483871,19.038,18.5739,0.1794632059213524,0.268710884331096,0.1775669551941761,0.0237371835176916,221.82738672792945,1130.988047106206,0.8373000000000026
57.76938,1,5,18.91,21.4197,19.33396,18.8322,18.7347,1.167729640370577,0.6087864137425949,0.256502635972384,0.1969999793620843,347.8975323427697,777.9339210533872,2.6849999999999987
-10.45056,1,172,16.51,20.837,19.046611627906977,19.2202,14.9724,1.0350438692760764,0.436212038941992,0.2001860893351281,0.0687303847753668,887.9862406280143,2903.023123923704,5.864599999999999
18.2909,1,283,16.86,21.1693,19.631011307420497,19.6701,16.8552,0.6917373400887853,0.547181916952802,0.2538019475550188,0.08399290784128,882.3688905391725,2934.002904132009,4.3141
37.40586,0,6,16.99,18.718,17.839650000000002,17.844900000000003,16.9836,0.8999227761313736,0.150782658349062,0.1154823623262277,0.0354517763667358,9.841552828838935,17.985696678493696,1.7344000000000008
-2.11801,1,12,17.91,18.1708,17.528008333333332,17.8497,16.6884,0.6235899037877864,0.132880694665977,0.1041515214900574,0.0208765687086899,7.458064747929775,17.051892801202484,1.4823999999999984
17.66625,1,116,18.07,21.3887,20.321555172413795,20.2847,18.8474,0.5049340849526069,0.579588507073604,0.3338226721071359,0.0937626790930336,812.3093194656195,3064.3150170603917,2.5413
-12.31894,0,40,15.29,21.0055,17.834290000000003,16.917450000000002,15.2739,2.184065518154102,0.577058216008813,0.2112231879676904,0.1614254319340706,1028.142823217892,2827.187547314897,5.731600000000002
30.6909,1,185,17.72,21.1948,18.475347567567567,18.3635,17.3969,0.7066861560550137,0.546636823422438,0.1470741522691324,0.0591713639192412,805.9732057365436,2588.864366863396,3.797900000000002
8.87056,1,92,19.56,21.2284,19.847963043478263,19.8135,18.558,0.5429281873702837,0.5592639660189019,0.2697946185287094,0.0811673225492317,719.7120424299504,3056.785177326703,2.6704000000000008
-10.8689,0,10,19.01,19.9668,19.22287,19.1356,18.6711,0.3633221559442787,0.312278575016103,0.2121012316093489,0.0452449011123942,596.2722591751242,1516.9026960879055,1.2957
-1.51161,1,17,18.91,20.9427,19.46877058823529,19.3827,18.6843,0.5525374373794806,0.45384600334053,0.2313256140969194,0.0814614849781024,470.2651786636852,1955.7016691551037,2.258399999999998
-17.26908,0,13,18.55,20.0584,19.34965384615385,19.5887,18.5486,0.5600239483203434,0.323986194184569,0.2127237324115305,0.0567952990785138,308.92382212065786,800.8633489005879,1.5097999999999985
-3.08772,1,327,16.03,20.9428,19.275451681957183,19.4127,14.9876,0.831849307739712,0.788769719621292,0.2262757991371499,0.0745177548606886,969.8062522020604,3081.713396469597,5.955199999999998
-11.22362,0,37,18.61,21.0567,19.667445945945943,19.3434,18.3905,0.8908247962155927,0.519678584677693,0.2784913782523817,0.1212907918201378,644.1667527263036,2900.9532965743056,2.6662
16.73499,1,17,18.73,21.1889,19.170241176470583,18.9745,18.4357,0.6866587562782028,0.538369341900554,0.2035612922567329,0.0938381064553192,582.045581752152,1572.838099861205,2.7532
21.41818,0,13,18.92,21.0649,19.12773076923077,18.9955,18.4275,0.7700232825317854,0.549376929058174,0.2441851938402857,0.1218490732222693,71.94368984206517,274.189600485799,2.637400000000003
27.52616,1,41,17.37,21.2637,20.09038780487805,20.402,16.4916,1.1640348077259377,0.579270612122501,0.3426364601125134,0.1274971436792366,814.2161183420177,2926.9243305670097,4.772100000000002
-2.66467,1,327,13.96,19.3029,18.22949296636086,18.2763,13.9583,0.6177171063504564,0.629228408425662,0.1376036875480364,0.0410907209866459,1008.8776015915532,3111.6551616200013,5.344600000000002
30.38389,1,82,19.78,21.1131,19.73444024390244,19.69695,18.3161,0.5140478374865817,0.582793228264611,0.2580207073626641,0.0813488593863136,958.710926019546,2238.844255821794,2.7970000000000006
-11.07134,1,101,17.01,20.5198,17.415583168316832,17.298,15.9808,1.0333634328801604,0.459543609170414,0.122397225440947,0.0659918871602293,919.81875095238,2924.0296344216986,4.539
25.26845,1,314,16.83,21.0145,19.79695541401274,19.77525,16.6561,0.4446937280238591,0.4642094935705679,0.2567148734872548,0.0584181039289602,920.1508853152328,2992.938702396096,4.358400000000003
26.98409,1,50,20.23,21.0409,20.117916,20.0432,19.3628,0.3706094376145583,0.513365380729822,0.314826206811675,0.0775753609212773,918.8361772060144,3037.8005694325984,1.6781000000000006
18.35874,1,268,19.63,21.3432,19.99821791044776,19.95915,18.5062,0.5549049812174068,0.609149125777203,0.2866645207611127,0.0894559444031198,791.8382864145062,3127.2367821411026,2.837
30.19768,1,124,19.89,21.1764,19.998853225806453,19.92155,19.0235,0.5065421594080805,0.542861355248913,0.2936032326830869,0.0911304671898461,555.7867018185575,2615.0485322450986,2.1529000000000025
29.23899,0,58,13.19,13.2822,13.123837931034483,13.1202,12.928,0.0730268391603358,0.0534463941752448,0.0518049172484378,0.0003465789748829,372.37456005486166,1115.997380150489,0.3541999999999987
20.0634,1,344,16.84,19.1474,17.934074709302326,17.94345,16.1114,0.2435825457392963,0.440102824175469,0.1162141974366016,0.0270406815846199,893.3518523749169,2994.918949571904,3.0360000000000014
27.82209,0,308,17.61,19.143,18.14486038961039,18.18545,17.4435,0.2372630695215818,0.497069013892834,0.1245030792304849,0.0376103906690448,952.270538968594,2951.022061400494,1.6995000000000005
14.4593,1,18,19.32,21.2144,20.42931666666667,20.58015,18.667,0.6480188425455838,0.5041618110077051,0.3877707942274643,0.1032576538704001,996.7361559313337,2895.237029907301,2.5474
10.29478,1,9,18.42,21.1363,19.487922222222224,19.0915,18.125,1.2367088539524755,0.385946958528291,0.2391210564270924,0.099007057293672,789.8620994604375,1830.0025796525008,3.0112999999999985
35.26351,0,226,18.63,20.3412,19.12158893805309,19.13205,18.2721,0.3228516834732855,0.336830920932096,0.2141942951284911,0.0366638015402807,919.4150035401024,2949.865992465493,2.0691000000000024
-3.26442,0,25,15.5,18.0855,16.212156,16.3708,14.9663,0.8895260273876195,0.115832928195689,0.071950955227317,0.0163562768991165,20.47703264508586,62.80413371510076,3.1191999999999998
46.74891,1,108,18.92,20.9575,19.80564537037037,19.74475,19.084,0.358780948030904,0.501551179208688,0.2609393232450681,0.0573793916164748,836.4473324832725,2952.9342547455017,1.8735
14.63762,1,205,15.74,21.3695,19.17813073170732,19.4948,15.5098,1.2861537582210865,0.6066221371282309,0.2219464332198978,0.0849646934590448,914.2855407834676,3070.7460196297907,5.859699999999998
40.27986,1,19,18.66,21.4507,20.180357894736844,20.6017,17.8102,1.0939322898586192,0.6364546127591489,0.3517892138806032,0.1483810282550399,857.5203580247664,2535.136605266096,3.640500000000003
10.26437,1,229,17.03,20.1127,19.20453711790393,19.2145,16.3312,0.3687513732029013,0.612439338715435,0.2120776192982381,0.0464993057269903,967.3544454973012,3102.705108993301,3.781500000000001
62.41419,1,62,17.8,21.2891,19.511761290322585,19.93585,17.0994,1.110068564173187,0.580225718865787,0.2618961484581836,0.1183831401771899,825.3231509534747,2706.773621446904,4.189700000000002
28.50465,1,220,13.31,18.343,17.502341363636365,17.954349999999998,13.2248,1.3165912396757118,0.144973397622228,0.1049726734957208,0.0194242334331851,901.9274532386522,3090.3192196529053,5.1182
43.51587,1,45,19.67,21.3835,20.382344444444445,20.4548,19.4221,0.4269575306512326,0.5799068788009699,0.3353693140779089,0.0851941380083338,362.1150932405985,1884.853174791686,1.9614000000000007
24.16978,1,256,15.89,18.2715,17.2439984375,17.26305,15.8739,0.424044642578477,0.2917915751507999,0.0957957146915243,0.0239114170375772,1001.6492289045176,3020.7998810071003,2.397599999999999
-3.57524,1,16,17.09,20.2145,19.0561,18.861,18.000999999999998,0.8028792055263764,0.314322059080193,0.1924972557581054,0.0738994256918245,537.1312880454515,1996.7094108448143,2.213500000000004
1.92886,1,60,13.84,13.8625,13.837636666666668,13.84065,13.798,0.0142970539417182,0.054422687841769,0.0535683657432959,0.0003895437898921,155.2418626942607,377.9353469331036,0.0645000000000006
-0.54908,1,56,16.84,21.0143,19.028807142857143,19.3334,16.6373,1.4784107700632332,0.5334648135674871,0.2365645110543786,0.1402108483344883,864.3516062722567,3061.737659097198,4.376999999999999
-18.61397,0,251,17.72,19.2856,18.39589282868526,18.4144,16.453,0.2699104548333884,0.5837638612264039,0.1491891240089148,0.0528264169449182,969.5999390590484,3058.7540491437976,2.8326
20.828,1,12,18.86,20.8527,19.33321666666667,18.9595,18.6112,0.7581668260090288,0.517081458826594,0.2434944008441665,0.1407570752588251,766.3206424520097,2686.7328275929976,2.2414999999999985
30.1079,1,184,15.43,21.0772,19.415377717391305,19.68955,15.0643,1.355430369293645,0.604122736138085,0.2415953034488502,0.088209517020999,844.0184456672399,3090.2957404394983,6.012900000000002
23.61044,0,6,19.7,20.9576,19.912866666666662,19.7125,19.2656,0.6596695192796673,0.54259434065371,0.3076838049792173,0.1385360442197457,589.1286604946628,1858.993547881997,1.6920000000000002
-22.63482,1,79,16.53,19.1236,18.151274683544305,18.3271,16.4915,0.6278771140728894,0.378260312528743,0.1383991616915764,0.0499912673087216,827.4785481383377,2971.938292118204,2.632100000000001
27.63726,1,23,18.3,21.2748,19.846860869565216,20.082,18.2831,1.066243292950932,0.566923123042634,0.3075542273581192,0.1548028576097034,570.9399430192515,2241.770118194101,2.991699999999998
35.75019,1,124,13.7,15.5196,14.411725,14.3649,13.2646,0.6404812638710975,0.0632212890389707,0.0562811856518679,0.0030186685848118,899.3307459279695,3109.7760610766054,2.255000000000001
-0.09169,1,135,16.78,20.5604,19.13282148148148,19.2595,16.7568,0.749774160762455,0.452696713834731,0.2054520238995633,0.0610261964395759,949.4905901968436,2930.047317592805,3.803600000000003
21.04192,1,13,18.72,21.4984,20.71613076923077,20.7606,19.9685,0.5083982221720411,0.589013983477055,0.4053872191010649,0.1254008648759454,789.0279253409146,2837.046118842307,1.5299000000000014
39.37439,1,171,19.42,21.327,19.6342081871345,19.491,18.5895,0.4892294325746182,0.579588507073604,0.2378355490023991,0.0728429355489397,789.5445895828419,2936.0121134375004,2.7375000000000007
0.75221,1,35,18.58,21.5927,20.449777142857144,20.4023,19.5957,0.5595941681179285,0.583116284260467,0.363347204611754,0.1089976795972597,908.1601170227176,2963.874806504602,1.997
19.18863,0,202,16.25,21.3231,19.29230792079208,19.6052,15.9424,1.2915539073375302,0.586701695794902,0.2492447863164479,0.118140989991458,871.4048518939734,2975.898462014193,5.380700000000001
33.36756,1,15,19.03,21.2454,19.726066666666664,19.41,18.9554,0.7588285799899241,0.545550965519109,0.2636611879885997,0.1289029798519481,466.4492934811207,2146.273694675794,2.289999999999999
-3.12131,1,379,16.88,20.4639,18.159509498680737,18.1458,17.4292,0.2048903418530717,0.493932906686598,0.1306750769108101,0.0395502092475706,969.3676842267168,3085.703211041604,3.0346999999999973
24.46366,1,19,19.41,21.3924,19.964178947368424,19.9597,19.2559,0.4938354770781994,0.569640117762578,0.282786758636039,0.0884342018878111,459.743893940024,2038.1256022568923,2.136499999999998
50.18645,1,12,17.45,20.6657,18.503866666666667,18.2154,17.3753,1.099836421170591,0.529176613036394,0.1871624455586784,0.1350765391368443,656.0832051634256,1974.412461481501,3.2904000000000018
-19.61449,0,69,15.22,20.7569,19.060189855072466,19.4239,15.1505,1.4406741553201157,0.448656024030065,0.2153842860624382,0.0908235462615915,844.3690499571827,2546.0041594444046,5.6064000000000025
21.19074,1,16,18.79,21.4049,19.75665625,19.697850000000003,18.7906,0.678169131282897,0.601299387581521,0.2650946533516323,0.1137289920290366,585.4170067371034,2108.0534922686056,2.6143
62.73839,1,77,13.48,13.7746,13.511344155844156,13.5023,13.4401,0.0518146278205864,0.0636301502420122,0.0532591992378945,0.0024306890975353,760.276757799257,2558.9461640278023,0.3345000000000002
-18.96829,1,4,17.8,18.0718,17.906174999999998,17.87825,17.7964,0.1176163927066874,0.11910073435086,0.1118853752558519,0.0050887943063847,0.0090004138420279,0.0209126155968988,0.2754000000000012
12.27075,1,380,18.93,20.9218,18.988749210526315,18.9691,17.2355,0.5967226207771332,0.479591430736981,0.1816592035437383,0.0593404216201849,884.2241069079892,3096.2965364466,3.686300000000003
5.81453,1,355,15.41,19.7964,18.45811859154929,18.7937,14.7536,1.123593544109812,0.6859016717116428,0.16105088957404,0.0638900800481704,926.9799790568846,3081.759400891009,5.042799999999998
47.3733,1,175,16.49,19.4479,18.26284628571429,18.3243,16.4872,0.4047071270775802,0.681962728818509,0.1368732044122717,0.0617573451931274,846.2062105378913,2921.0597117708967,2.960699999999999
23.79099,1,94,19.41,21.3929,20.020762765957446,19.9427,18.729,0.5627143003936674,0.615031154883998,0.2932260712224792,0.0954681621155415,700.7345669774256,2734.6887786924053,2.6639000000000017
1.84514,1,9,19.14,21.2871,19.916422222222224,19.5973,19.0308,0.9122425017200444,0.484049438661457,0.2834401291297632,0.1338014211899903,773.5938993751316,1775.0863460188991,2.2562999999999995
-17.78427,0,20,12.56,12.5189,12.484005,12.48735,12.4244,0.0275439643785025,0.0509153178665815,0.0508666451922465,4.217297975270455e-05,139.19104520764768,382.9259601271988,0.0945
24.75043,1,226,16.99,21.2199,19.79244955752213,19.80915,16.883,0.6208968497082112,0.5402069141485759,0.270190549218259,0.0790133022173073,947.0948908748268,3030.9327168171003,4.3369
22.61223,1,26,18.52,21.427,20.48387692307692,20.48625,17.7068,0.7270375788404283,0.599552446688936,0.3808766882387343,0.122082949078934,929.4686664370448,2592.864547372803,3.7201999999999984
27.39625,1,7,19.56,21.0485,20.060957142857145,20.0147,19.3138,0.7221824027606488,0.510398419544819,0.3186580393322576,0.1345617723323736,884.91568243591,2869.0550181246,1.7347
51.65704,1,144,15.63,20.6469,18.51060555555556,18.73575,15.1886,0.9215821704503612,0.7989343474970971,0.1637243909185269,0.0835662653816867,867.863141049552,2737.8221766551,5.4583
51.68464,1,8,18.36,21.4446,19.7674,19.6158,18.1528,1.6151537812675485,0.618784492800682,0.3488450873376815,0.2427437597382307,618.4094231726457,2189.080819340299,3.291800000000002
17.67984,1,394,18.78,20.7063,19.227701776649745,19.12795,18.1787,0.4525608960155857,0.409393591363247,0.192681030473455,0.0516002023007323,885.5757974263172,3122.288070590199,2.5276
26.97022,1,180,18.31,21.3222,19.964581111111112,19.98675,17.2284,0.5785412049167004,0.5876897093719828,0.2864748722034481,0.0800545816479024,871.8007267445793,2992.913902407396,4.093799999999998
7.12085,1,12,18.99,20.2295,19.1604,19.0961,18.4451,0.6198350147051591,0.30062027588792,0.1946322788831125,0.0649844379318859,20.802024484200302,67.0006329050957,1.7844000000000015
35.33956,1,257,18.9,20.7391,19.27489922178988,19.1773,18.0749,0.4810420284386653,0.5147504696948,0.203462237110753,0.0592322260841539,844.0040703864696,2980.979854016099,2.664200000000001
15.83453,1,10,15.67,20.8144,16.7171,15.9004,15.6249,1.9419532761286156,0.493932912905468,0.1284371072083384,0.1422148976989484,323.64749373958387,920.375964467894,5.189499999999999
26.89378,1,22,19.99,21.239,20.25849090909091,20.2087,19.2231,0.6786795231561917,0.5687305997826271,0.3516118581690601,0.128574910116059,644.5165346659874,2600.9687267709014,2.015900000000002
33.65985,1,221,18.16,21.1963,19.807749321266968,19.8258,18.1605,0.4664347929307545,0.554120438702223,0.2585522334193326,0.0691776315698421,943.8441463517314,3055.9328229167004,3.035800000000002
35.14796,1,5,18.26,21.4477,20.8969,21.0862,20.3928,0.4760897026821735,0.620683998131875,0.4611646124177236,0.1239403864176307,1184.6312025603488,2531.053618009697,1.0549
14.5266,1,273,18.51,21.4542,19.57884432234432,19.5024,18.0924,0.7499550836885931,0.612439338715435,0.2466189218485752,0.1031283400873042,849.8747735966352,2994.9019870599004,3.361799999999999
2.97622,1,42,15.95,20.4451,17.388833333333334,16.604750000000003,15.9402,1.4258277107746946,0.401067509768079,0.1226985969779744,0.0801884397901288,795.1953489850482,2770.310529803399,4.504899999999999
35.80164,1,195,15.71,21.2336,19.58493333333333,20.0091,15.4457,1.4147744511385911,0.577688028851418,0.2732012417124884,0.1113428275368493,881.8719470581349,2952.015700833399,5.787899999999999
23.94849,1,6,18.51,19.956,18.994716666666665,18.9167,18.062,0.7487112698942541,0.269722204515251,0.195005094740993,0.0506550022180974,711.6802940421459,1910.8609750347025,1.8939999999999984
32.11092,1,8,18.21,21.1935,18.4785875,18.1457,17.8845,1.107010334753023,0.545550965519109,0.174959477472111,0.1498808948329564,787.7243553353089,2261.9203172568014,3.309000000000001
36.84519,1,30,17.06,20.3477,17.760936666666666,17.6387,16.9659,0.7910393335542079,0.325084545260897,0.1181304209157444,0.0580648659931305,676.363781248224,2201.0483599072904,3.3817999999999984
-9.45623,0,75,14.66,21.1716,20.209505333333333,20.1772,19.2302,0.507610235636087,0.544470869992558,0.323369956573603,0.0918114714934407,844.6012196948079,2924.024770972297,1.9414000000000016
41.34627,0,42,16.94,21.1425,17.910228571428572,16.92205,15.7979,1.8774427335341937,0.51591242197914,0.1714495384131523,0.1386004409655122,560.6402089408602,1853.9352914701008,5.344599999999998
36.33299,1,5,19.71,19.7132,18.85668,18.6272,18.3235,0.6030247067906923,0.232044024403117,0.1746292605095319,0.0356060143409391,14.507787312201096,37.95085390051099,1.3897000000000013
-12.93237,1,21,17.64,18.1718,17.173838095238096,17.0941,16.7029,0.4192099145728677,0.141963110964646,0.0913628572616726,0.0127287255541582,797.1911972305513,2198.008560242997,1.4689000000000014
32.58257,1,8,19.21,21.4631,19.9942375,19.39425,19.1641,1.0088641391436213,0.6087864137425949,0.3306938531785876,0.1816016718513388,539.1697136506677,1901.9625659836963,2.2989999999999995
23.69652,1,255,19.28,21.2774,19.97102862745098,19.9256,18.9124,0.4737516664879185,0.5681264142169511,0.2781588197664673,0.0829189890246355,787.3962312226628,2983.002880555497,2.3649999999999984
26.7963,1,327,16.47,18.9777,17.275812232415902,17.2453,16.3618,0.2564841378696614,0.45384600334053,0.0939680759212284,0.0332946985519761,920.9940471703992,2992.9006622456,2.6159
34.73323,0,22,17.42,21.501,18.47957272727273,18.28645,16.5974,1.5543616583456588,0.622598967571516,0.1987420133246251,0.1575001535301684,1029.755824087151,2691.8008841319024,4.903600000000001
8.77765,1,5,18.76,21.6869,21.039160000000003,21.1171,20.1166,0.5706807671544586,0.538892654629623,0.4274024011132473,0.1094779757083113,779.0082733707915,1881.7722163655928,1.5703000000000031
-17.92347,0,37,19.14,21.1677,19.765624324324325,19.5802,18.788,0.666308331782669,0.53500065925789,0.270002574761269,0.1053411483345374,543.588314727535,2543.090601493095,2.3797
19.54498,1,337,17.06,21.0302,18.817627299703265,18.8405,15.9439,0.6094078690008248,0.886727463170754,0.1757845697637168,0.0614533244170786,907.8855979721188,3117.6712885536035,5.086300000000001
-7.97425,0,152,18.83,20.8939,19.595598684210525,19.54655,18.3871,0.5596751561357811,0.4840494445495871,0.241427250393025,0.0765460941980308,841.1536995719679,2951.028404328994,2.5067999999999984
54.58396,1,186,17.81,19.1842,18.36383494623656,18.3993,16.5119,0.2505465977358778,0.492076723012731,0.1421106345170554,0.0513729152192101,898.1184533536832,2706.9200037032933,2.6723
9.7859,1,356,13.24,18.0623,17.241361516853935,17.3994,13.2366,0.7237189512137001,0.2671965298259899,0.0967470149991957,0.0244177876576127,905.1161906195122,3080.7606149305866,4.825700000000001
20.61387,1,89,16.65,16.6615,16.58513146067416,16.5862,16.4687,0.0362805344612873,0.0906795057603443,0.0749918319211431,0.0033872541322373,188.7401771516499,528.7175079866065,0.1928000000000018
-1.90048,1,27,12.99,13.0342,12.936803703703704,12.927,12.8752,0.0509108306557911,0.0518871176475487,0.0517466530359365,0.0001094141080714,90.08225349930191,333.133990509501,0.1590000000000007
11.68959,0,93,18.89,21.4302,20.073759139784947,20.1039,18.1072,0.655058533434487,0.599552446688936,0.3133953308624968,0.1027151140388306,882.7532084193241,2948.9423976269973,3.3230000000000004
44.06806,0,385,15.72,19.3317,16.926286493506492,17.1749,14.2945,1.138584780172304,0.2094500017698839,0.0919000107524821,0.0291681824165078,838.0648482021331,2915.022243900705,5.037200000000002
15.44821,1,132,19.15,21.1524,20.05954090909091,20.0209,19.0314,0.4236951280340371,0.537066996372115,0.2864728299880807,0.0671947009445586,678.1649501812412,2676.8035222338003,2.1209999999999987
10.64936,1,8,17.98,19.6624,18.7009,18.61825,17.8573,0.8698322941808958,0.211492474085203,0.1515502981380569,0.0501602568018519,792.6234683198105,1482.881224085504,1.805100000000003
1.73662,1,270,17.54,20.4019,18.97734407407407,18.98915,17.5361,0.4445449648184348,0.355018863183696,0.1730592213285707,0.0382610911205115,967.5193002734144,2963.924247581097,2.8658
43.346,1,160,19.78,21.365,20.151520625,20.20155,18.2625,0.5328472533082043,0.589013983477055,0.3086947444237378,0.0880151230961187,841.54437177343,2720.85989907389,3.102499999999999
11.8382,1,235,19.43,21.3983,19.70448212765957,19.6426,18.4621,0.594564545621404,0.6312139366076099,0.2555749939106275,0.0937859000657552,812.210020786119,2997.945354872798,2.9361999999999995
-20.33671,0,27,18.53,21.0201,19.99299629629629,20.2478,18.5263,0.7156600119316879,0.5101720922034749,0.2987586549936516,0.098114335923803,760.2866954852809,2214.923848668899,2.4938
34.13218,1,122,19.71,21.3782,19.889159836065573,19.8489,18.8078,0.46977100552261,0.595072659668016,0.2730558749105204,0.0765162063317692,715.0867352224603,2665.876598252493,2.5704
17.57022,1,114,17.24,20.8445,19.04689649122807,19.50765,16.0122,1.245720108475474,0.490849669133044,0.2031012755576825,0.0895727018822666,809.5350099991663,2945.928289455908,4.8323
51.45706,1,32,17.02,17.0738,17.00753125,17.01145,16.9034,0.0379264605689789,0.0905253525600544,0.0853749682385218,0.0022510953498126,134.2388300444705,355.0323041781812,0.1703999999999972
37.85319,1,10,18.54,21.4689,20.86181,20.9327,20.3576,0.3961562751406733,0.599204677930739,0.4441851987299586,0.1053003534238513,616.9884075134443,1856.0899572686976,1.1113
22.38142,1,68,18.31,21.2812,18.859530882352946,18.56765,16.8361,1.3028712899921404,0.53500065925789,0.2046755417134609,0.1375207509016635,948.7547629353268,3090.2334809489985,4.4451
0.09878,1,21,19.04,21.168000000000003,19.368938095238097,19.1315,18.3436,0.9376261379015584,0.535515244849393,0.2395543535036106,0.1441048906387594,1031.1924214262338,2920.000603518507,2.824400000000004
14.77145,1,168,19.68,21.3666,20.053314285714286,19.98855,18.1624,0.5307133142765367,0.587359882133207,0.3004643302421085,0.0920540670550773,689.6297517849466,2930.0870612034923,3.2041999999999966
36.07183,1,340,16.08,20.2759,18.86666323529412,18.891,15.3151,0.6100153289104514,0.3900113027330329,0.1675178525644044,0.0417403702302365,868.6575262799657,3061.798565821998,4.960800000000001
37.13471,1,97,19.7,21.6547,20.12041855670103,20.1312,18.5824,0.5559668913122391,0.573317248698197,0.3006059396856985,0.0908023145154988,637.4192601920909,2177.122655346997,3.0722999999999985
28.34609,1,276,19.45,20.6481,19.29490144927536,19.23695,18.3505,0.405120466211406,0.561591158766578,0.2093234670724926,0.0564515350358684,931.2967149857282,2990.930947291592,2.297599999999999
37.01441,1,20,18.22,18.9955,18.54735,18.70485,17.554000000000002,0.3811777324086631,0.4017729552066479,0.1752958188090233,0.056769721465886,1102.1033902018792,2931.9587004744026,1.4414999999999978
50.47095,1,2,19.59,21.0559,20.8842,20.8842,20.7125,0.2428204686594622,0.549376929058174,0.5016938838550525,0.0674340092215037,101.64737325095624,143.75109383110248,0.3434000000000026
26.59398,1,43,20.22,21.3532,20.23664186046512,20.1949,19.4346,0.4539112679350019,0.592696929684927,0.3339947369356518,0.0872468289406241,365.4691880985079,1975.7616222687063,1.9186000000000012
-8.91033,0,178,17.42,20.907,19.181964606741573,19.4461,16.6505,1.0669110377747306,0.529926639538863,0.214937998703488,0.0947280102950166,991.1906078077226,2968.9636345254985,4.256499999999999
-6.97823,0,259,14.51,19.5931,18.39561003861004,18.6115,14.489,0.9637655142657784,0.23713189826041,0.1390512929419177,0.0274832551208218,883.6322048969073,2945.050270613297,5.104099999999999
32.25772,1,147,19.88,21.34,19.983914965986397,19.9499,18.6786,0.5679199477345014,0.598510737479804,0.2903358539567323,0.0963120430218006,694.4747525178225,2690.807971573893,2.6614000000000004
19.40458,1,486,15.95,19.4682,17.948713580246913,18.2107,15.9222,0.6713669351011826,0.367081118474412,0.1195614627345995,0.0325040946930949,908.1232057684076,3127.259934919486,3.546
38.59387,1,422,17.63,20.3899,18.88565971563981,18.91165,17.5466,0.6370803837667892,0.334272311984188,0.1710519034334571,0.0524429946398407,852.7159737584865,2912.0184360067,2.8432999999999997
61.15294,1,3,18.79,20.8291,20.2501,20.2929,19.6283,0.6015430491660597,0.461774138307705,0.3378597908536256,0.1177780822788279,1341.4787158520865,2680.824393622992,1.200800000000001
21.05116,1,12,19.31,21.2943,19.72406666666667,19.42625,18.7099,0.8468037535165365,0.570553511498524,0.2863569142588542,0.1352888314323284,822.954988757919,2681.7621310069007,2.5843999999999987
20.1069,1,205,19.93,21.4327,20.137419512195123,20.0409,19.1207,0.5171252708907966,0.575491614190353,0.3007099260494876,0.0918525054538404,711.9323850277987,2952.9516408220006,2.312000000000001
-8.38629,1,229,18.23,20.9374,19.15805676855895,19.0698,17.541,0.4841479275082808,0.517081451791045,0.1896508466723935,0.0567891332272654,866.7350451463833,2969.9521335419995,3.3964
8.60175,1,340,17.34,20.6882,18.90136382352941,19.11445,16.9938,0.8682838101681306,0.413548070009352,0.18361569583838,0.0593151224313974,942.6291764361272,2987.9624917012843,3.694399999999998
34.26457,1,247,17.17,19.5585,18.87386558704453,18.8968,16.8247,0.3101875000593163,0.289723490713866,0.1654525306739179,0.0237049501803543,769.9463194052895,2593.9538330444047,2.7337999999999987
-4.17498,0,39,14.13,14.7908,14.162379487179487,14.1913,13.8658,0.168520509730211,0.057102610239322,0.0547807533960138,0.0006513376900002,183.92867069386335,457.6764089813951,0.9250000000000008
42.26923,0,43,18.08,20.465,18.68093023255814,18.4637,17.4174,0.7345043516791837,0.46473590166276,0.2066156161187837,0.0779443769598629,874.0068220403898,2858.029059178203,3.047599999999999
41.06672,1,18,17.02,19.6914,18.084722222222226,18.01945,17.0231,0.8869341918392806,0.268636419650179,0.1335268083093129,0.0551283989948852,22.633362737372916,69.93307526640274,2.668300000000002
44.96966,1,161,17.41,21.2951,19.984329192546586,20.1007,17.409000000000002,0.8205051305171502,0.828327204737048,0.2971965458275906,0.110978417970677,795.8798984771468,2707.851050358702,3.886099999999999
14.52229,1,158,19.22,21.3229,20.222466455696203,20.20495,19.1201,0.4186936647700418,0.5783196722766459,0.3235803885453859,0.0784824964902634,797.1857606498536,3070.753114988104,2.2028
13.419,1,56,19.55,21.2953,20.461021428571428,20.47905,18.4207,0.5152165915998252,0.5624705464684671,0.3657182357510732,0.0919789946797888,923.4251369215846,2752.696637511697,2.874600000000001
10.89389,1,27,19.82,21.2242,20.255303703703703,20.3119,18.9918,0.6953788289522387,0.472647872631446,0.3332028312219943,0.1058365582026747,767.73215041205,2663.7295593983,2.2323999999999984
32.92911,1,286,13.2,20.7691,19.24541573426573,19.37975,13.1963,0.9882796309646552,0.407665619433921,0.2033142883608065,0.0557656605442435,917.246830944939,3057.801655393603,7.572800000000001
1.16408,1,32,12.58,12.6042,12.538371875,12.5477,12.4457,0.0367786511915233,0.0511324612034546,0.050962862634695,0.0001003514353253,47.02665880203241,133.7365543052074,0.1585
0.60498,1,4,18.43,18.6111,18.47015,18.4331,18.4033,0.0950384308231847,0.146425260510607,0.1380629734415984,0.0056511618633138,0.0066253767338485,0.015382742996735,0.2077999999999988
0.9855,1,118,18.78,21.3163,20.01058305084745,19.9878,18.9175,0.5459949320864799,0.5783196722766459,0.2980695571567886,0.0954826875612272,785.0694404347782,3005.8456995026063,2.398799999999998
27.55036,1,35,16.23,21.1348,19.539554285714285,19.9426,16.2024,1.4139052354763972,0.5271903622582679,0.2891128071922066,0.1444656175534578,858.133211907413,2947.861941111296,4.932399999999998
52.66872,1,111,17.66,19.26,18.614584684684683,18.6776,17.7634,0.4023765981804964,0.256710673426004,0.1451232477266503,0.0309006443235268,790.6711258806796,2531.0250525926967,1.4966000000000008
26.19828,1,132,17.63,21.2987,20.1674553030303,20.13995,18.9845,0.4716461136663253,0.5815056945854461,0.3075128517464867,0.08363190462191,890.8338521934771,2977.9450891781016,2.3142
4.77056,1,5,18.03,19.4527,18.33206,18.1125,17.8628,0.6388730726834576,0.6260855794867121,0.2208987525361866,0.2265712053830603,1195.7162909335768,2673.713020752198,1.5899
39.05512,1,8,17.21,17.2811,17.1858125,17.18375,17.1146,0.0577584486707967,0.0952265635631746,0.0901092635794453,0.0046182175339889,133.4717194133123,411.9400357406994,0.1664999999999992
-13.33644,0,101,18.59,21.1168,19.95308415841584,19.9138,18.3782,0.5963326579573985,0.525713764453997,0.2873716042342527,0.0882890217109181,935.4710787496568,2979.9205899885856,2.7386000000000017
10.94597,0,147,18.99,21.2981,19.62508095238095,19.5534,18.2922,0.6345995879544551,0.6253063171846429,0.2591247960471638,0.0986567557278037,1117.1465564271584,2938.022009236301,3.0059000000000005
6.79824,0,61,17.81,20.1216,18.616168852459012,18.76,16.6103,1.03775152750887,0.309989470875725,0.1668417823876564,0.0663958520230496,637.2098046961718,2548.9613488656105,3.511300000000002
46.17542,1,6,19.42,21.2915,20.5391,20.58235,19.57,0.7247040720183657,0.566324020316648,0.4243445560566528,0.1393184776578928,790.3493239149208,2110.203657141399,1.721499999999999
7.50887,1,37,18.92,21.2515,20.16617837837838,20.2219,18.7324,0.6915179740313401,0.545010202523499,0.3291500255647713,0.1192162766038543,942.4289119667876,2869.0567339927948,2.5191000000000017
7.5638,1,294,16.86,20.5072,18.926977551020407,19.033900000000003,16.0109,0.8450892697798589,0.522311019024571,0.1845077498213555,0.0655747510802255,968.3888418590388,2938.104040023114,4.4963000000000015
41.19302,1,29,18.54,21.3461,20.644010344827585,20.8901,18.3411,0.6255641672835512,0.598164549362653,0.4096708691859972,0.1145880958749912,746.1680427562085,2622.92901702589,3.004999999999999
-16.29014,0,177,17.76,19.4335,18.381725423728813,18.4243,17.5712,0.3586133792406731,0.680987250883308,0.137323764555255,0.0465058339356231,854.572406077226,2960.964795578795,1.8622999999999976
10.89569,1,13,17.85,18.0656,17.265161538461538,17.3652,16.4704,0.5946187189262014,0.111933180671669,0.0911485043847237,0.0135833850342599,413.3141773675516,822.9282521760178,1.5951999999999984
-0.58158,1,91,16.53,19.8186,17.915584615384613,18.1253,15.7938,1.021264056497642,0.252898693951997,0.1246148563242497,0.0413598702318724,613.4416207795242,2351.675145104011,4.024800000000001
11.65246,1,10,19.57,21.3591,20.35558,20.39835,19.3208,0.6769887522453143,0.5870305391741689,0.3562741943665546,0.1370902994252098,486.7656286371182,1836.9415646876005,2.038300000000003
15.86463,0,14,16.98,21.2329,19.18752857142857,19.36615,16.9759,1.5258274231625035,0.498338597152707,0.2419766592092805,0.1380596555390625,474.8910413432677,1603.7022754857971,4.2570000000000014
-4.82158,1,25,18.75,21.2676,19.804616,19.5577,18.596,0.9057219269179688,0.5284294258165121,0.2755285057159603,0.1346135122378905,545.7699877189091,2645.885028541401,2.671600000000001
28.26005,1,336,18.14,19.8215,18.64014851190476,18.6011,17.4748,0.3581755080473051,0.395997139360241,0.1508096053561973,0.0317348819308975,935.1076351646288,2984.974859062495,2.346700000000002
-7.59798,0,148,15.13,18.8408,17.55708310810811,17.6619,15.1257,0.8207160049207831,0.3257356453561189,0.1085815117332029,0.0389776042159636,920.100607885319,3067.691026550805,3.7151000000000014
-9.96065,0,33,18.21,21.1349,19.6665696969697,20.1728,17.7325,1.2431318482679268,0.518257634955637,0.2887015050451486,0.1464318889642178,792.0636974575915,2640.8689574883974,3.4023999999999965
-7.57561,1,8,17.96,21.2332,20.603725,20.53585,19.9861,0.459611652065399,0.550483294521959,0.3840704258263563,0.1040351475046191,826.9812254951489,2538.035780277598,1.2470999999999997
33.37095,1,363,13.65,14.6483,14.19799834710744,14.299,13.4424,0.3192896761407705,0.0711321335201124,0.0552534263563244,0.0029524757843248,866.6672031345132,3078.760442361301,1.2059000000000015
35.89374,1,310,18.18,20.7386,19.442620322580645,19.50745,17.9585,0.4678710385824645,0.469909688695483,0.2147294295787391,0.0491292705078926,814.6242678973531,2908.0251322686017,2.780100000000001
8.27376,0,3,19.83,19.8268,18.076066666666662,18.5555,15.8459,2.0332937425107405,0.279949771409997,0.166303634058281,0.107146187608489,0.0085094035855009,0.0170187503026681,3.9808999999999983
-8.70925,0,12,12.77,12.9709,12.8498,12.8203,12.7662,0.0761169554638841,0.0514739355055538,0.0512479016505239,0.0001155876674249,40.191127646794456,88.77080232649314,0.2047000000000007
-11.62134,0,123,15.99,20.8775,19.332459349593496,19.6474,15.9302,1.2023139770116644,0.615031154883998,0.243959289556459,0.0980664684665669,823.0967145645345,2877.132738113898,4.947300000000002
54.56785,1,4,18.31,18.5275,18.36795,18.36515,18.214,0.1354460901367524,0.1387018441229119,0.1301859201480322,0.0070797936510418,0.0067839342039054,0.0157591667957603,0.3135000000000012
19.86692,1,296,17.75,20.7352,18.804997972972973,18.90465,17.4047,0.6007789165509615,0.4228952416361789,0.1657703114568351,0.0497298867618586,878.0730968248608,2984.962947500004,3.3305000000000007
-8.82649,0,32,13.67,13.5876,13.555525,13.553999999999998,13.5337,0.0136278651914898,0.0534730758808205,0.0526723178381258,0.0004765035191289,109.9513594254378,359.07048144669534,0.0539000000000005
-14.60368,0,177,18.58,20.644,19.23969943502825,19.2604,17.5781,0.5205618999191213,0.421408968645073,0.199766847961579,0.055195103281449,892.2820119217602,2940.974354455706,3.065899999999999
24.32189,1,60,13.5,13.5878,13.510721666666663,13.51175,13.4246,0.0344690531389217,0.0541635269184306,0.052650117023614,0.0004083043612344,184.0461255965858,710.988786562295,0.1631999999999998
-5.1916,0,16,18.16,18.9777,18.22423125,18.1249,17.5731,0.4605460233516296,0.1597250691617789,0.1220555047378902,0.0211124052880272,816.1557964210499,2185.060963263699,1.4045999999999983
17.55268,1,468,17.01,19.2122,18.565291452991453,18.57665,17.5952,0.1593138912459377,0.349712193014887,0.141308263680639,0.0241280228215056,887.5054927205339,3121.300427534596,1.6170000000000009
4.67999,1,24,18.78,21.0881,20.030329166666668,19.8951,18.4783,0.8121907756610152,0.5101720922034749,0.309267056091316,0.1259438751415692,515.3649381646311,2210.968387488807,2.6098
1.06163,1,7,19.8,20.5834,19.907057142857145,19.7973,19.6127,0.3236087857127435,0.3928617546293039,0.2734044810890634,0.0562315660860401,3.186228565607274,5.974867314507719,0.9707000000000008
19.23886,0,17,18.36,20.0346,19.072770588235294,18.8168,18.1598,0.5797481875399721,0.338131311538811,0.2095072363702019,0.063795170707553,581.8989243180177,1458.0546677431994,1.8748000000000005
5.44634,1,58,20.2,21.4234,20.26880344827586,20.31995,19.3656,0.4393949200632327,0.5334648135674871,0.3271450210858456,0.076761075442204,580.7715577618754,2598.892264907292,2.0578000000000003
31.5319,1,8,19.1,20.6428,19.6567875,19.5696,18.7279,0.7108351314525343,0.3983947746817029,0.257206149712137,0.0959487335164605,9.196202907618256,27.88819449050061,1.9148999999999996
-9.8979,0,34,19.69,21.1245,19.812473529411765,19.70465,19.0466,0.5149248467135016,0.52522401113808,0.2636929752614347,0.0883621172453081,33.611755417059065,138.70474682890926,2.0779
20.7972,1,255,17.6,20.3146,18.769759607843135,18.8944,11.6801,1.0232087627561393,0.620302870420346,0.1716789126138823,0.0510452417472697,933.346573209555,2944.9580308329023,8.6345
29.82556,1,34,17.54,17.5761,17.479432352941178,17.48485,17.302,0.0682227799891452,0.1020417769323129,0.0957855568023706,0.004121660012783,154.71353272033886,397.07756693279225,0.2741000000000007
-21.69836,0,152,16.77,18.5061,17.92269539473684,17.95935,16.7018,0.2622856012082394,0.151458556621912,0.1116803814712,0.0123613442383241,967.8123739534192,2951.954740567111,1.8043000000000011
18.9598,1,127,16.55,21.258000000000003,19.49797244094488,19.8606,16.4587,1.1672101484918664,0.9851211295579052,0.2603714379092055,0.126173787672661,978.7350872720434,3096.6789327548104,4.799300000000002
17.30089,0,5,17.39,20.4304,17.99752,17.4033,17.3567,1.3601829645308736,0.37108118985821,0.1507621908041282,0.1231634843706885,147.60007378878615,330.05145489610004,3.0736999999999988
12.26677,1,313,18.54,21.0248,19.973511182108627,20.0172,16.8645,0.4387636300420039,0.5474550088984621,0.2762055468170167,0.0621740019680468,838.4048538206904,3130.253645706005,4.160299999999999
0.63775,1,56,19.64,21.1482,20.251126785714288,20.2566,18.2029,0.6089220697984769,0.596441575842659,0.3481369160303053,0.1078071841590007,997.006257671658,3060.7363457520987,2.9453
-10.45838,0,188,17.06,19.873,17.659847340425532,17.62885,16.9961,0.4224695522912975,0.288383678519487,0.1128242346699631,0.0242436561638807,827.3928510483612,2635.7679988313976,2.8769000000000027
-14.06689,1,96,13.08,13.2318,12.985769791666668,12.98355,12.8767,0.0670516974466902,0.0620732924768609,0.0519047183913858,0.0012224378930356,258.7618024830903,911.6350293982978,0.3551000000000002
21.22232,1,6,19.55,20.166,19.23465,19.27,18.0715,0.7261141225730294,0.307084893151161,0.2112660955268521,0.0548971107304886,248.3588341974603,770.7779162963925,2.0945
37.47047,1,307,16.82,19.0667,18.144207817589574,18.184,16.8154,0.2792978887454044,0.5271903622582679,0.12735877590231,0.0416366071463857,964.0246647890276,3053.7986494326037,2.2513000000000005
33.74087,1,8,18.38,18.6687,18.5695875,18.56325,18.4779,0.0685944278765731,0.156052916582838,0.1442088166285318,0.0081121979848473,45.19658444770933,115.77100378509932,0.1907999999999994
23.61225,1,64,17.14,21.1311,19.7561328125,19.91425,17.0759,0.9108149147363864,0.566324029290547,0.2824636213687561,0.1004188294646646,961.5276361728972,3033.771773217697,4.055199999999999
45.1814,1,127,15.39,17.7494,15.554974015748032,15.589,14.7444,0.3615664134064267,0.12118655973283,0.0644154119928344,0.0086272737978131,940.056243600821,2921.0597117708967,3.005000000000001
39.47018,1,2,17.49,20.4567,20.3246,20.3246,20.1925,0.1868176115894876,0.3687407896663139,0.3350705334768163,0.047616932951764,1048.628368755994,1482.9844609838983,0.2642000000000024
25.21519,1,6,18.58,21.6244,21.131183333333336,21.06685,20.475,0.4316189820509135,0.595756075497911,0.5138107506425459,0.0849278109416384,1146.3445269387364,2897.0804240047078,1.1494
-1.96798,1,346,17.75,20.8612,18.71176069364162,18.79615,16.4022,0.5775618069326797,0.494555859006142,0.1666661311218932,0.0493427025438353,940.952855724812,3060.7506408099944,4.459
25.7386,1,14,19.17,21.246,20.372907142857144,20.48885,18.8928,0.6165489680025866,0.5365484040466799,0.3564077049314801,0.1010459506886917,956.5760517171648,2788.2036935414944,2.353199999999997
26.39646,1,3,19.83,21.3632,21.149966666666668,21.2416,20.8451,0.2709324700609602,0.5808647699906191,0.505933807155262,0.0648960940757366,1020.7785775863832,2018.2981141780983,0.5181000000000004
17.05601,1,365,16.31,19.6528,18.59100301369863,18.595,17.9469,0.1865907868080897,0.268376273761098,0.1591656432892929,0.0188138071342971,872.3706687243888,2950.8811842711,1.7058999999999995
40.92277,1,10,17.33,21.2622,18.24951,17.7763,17.3301,1.2394864038965685,0.557822452535965,0.1602306144831497,0.1456846758835659,344.1534076165919,1083.0266136574064,3.9320999999999984
46.28339,1,121,18.39,21.302,19.70339917355372,20.0842,18.0683,0.9659164319870784,0.593034768342767,0.2741852588879873,0.1288247534917104,775.8642668549362,2912.037610983396,3.233699999999999
12.86628,1,280,17.47,20.6525,19.140864285714287,19.1253,15.9865,0.4098544927693432,0.456001684035245,0.1897862980056667,0.042893017781874,918.6360240129816,3100.749100150497,4.666
0.96493,1,4,19.63,19.8141,19.57625,19.6677,19.1555,0.2908268499754913,0.258582966833058,0.226143951008783,0.0360933611542423,119.63667875231792,239.28047322949715,0.6585999999999999
27.07739,1,37,20.06,21.5584,20.62791891891892,20.5881,19.4517,0.4937850262332098,0.6084242834157,0.3938719974189313,0.1144727503373366,402.38403352094366,1885.8839453939,2.1067
20.35867,1,26,18.07,21.1799,18.92043461538461,18.45415,17.6048,1.1500301599322715,0.548551048473301,0.2012369945226927,0.1413739860735864,702.771469463626,2539.0012213888986,3.575099999999999
17.29861,1,30,16.01,20.2731,18.64108333333333,19.2217,15.6967,1.4783281146417506,0.334624372501801,0.1854538051356509,0.08012052985472,901.0573186285668,2897.0473403586,4.5764
42.84368,1,215,17.76,21.1621,19.262351162790697,19.7409,15.3372,1.4762480896300898,0.51451894338195,0.2321894447859346,0.0987571092520696,820.021264983768,2879.1675586342026,5.8249
5.59182,1,75,18.65,21.2488,19.853034666666662,19.8167,18.3402,0.6178610651343948,0.567824958599617,0.2752429108279264,0.0934731189759087,987.4385509240552,2946.887478703691,2.9086
-13.35846,0,188,14.2,18.1802,17.240502127659575,17.63625,14.1895,1.0754824731979036,0.166254528815217,0.0954279492927212,0.0187538268310247,920.066284886538,2969.91198090271,3.990699999999999
6.01296,1,86,17.95,21.0382,18.98941976744186,18.74695,17.4333,1.0078395533860325,0.53500065925789,0.224415875460106,0.116246673902424,926.3695392214468,2932.0024788426017,3.6049000000000007
19.24753,1,12,18.99,20.7251,19.3106,18.94355,18.5861,0.7619494912871386,0.415734154236977,0.2082476059300404,0.0989999127428683,425.26227021043087,1490.050459861297,2.139000000000003
-7.48181,0,80,17.35,17.9834,17.51177375,17.47765,17.2288,0.1611112366287286,0.135872794452279,0.1003062873285893,0.00956269628062,464.6014461738837,1939.7726720255012,0.7545999999999999
7.62556,1,265,17.49,20.8215,19.69996566037736,19.6846,18.5327,0.3551114472817883,0.5513169635191179,0.2688032546449016,0.0580828264063998,947.2456068624724,3082.7048202891965,2.288800000000002
3.14291,1,366,14.67,19.2608,17.987389890710382,18.2664,14.2469,0.9839065444992628,0.325279481425839,0.1208703705197582,0.0284455730711809,853.7539231874262,2932.984708425589,5.0139
5.09489,1,28,14.09,14.1111,14.086510714285714,14.08735,14.0647,0.0100848011525121,0.0551109267588987,0.0548022998514329,0.0002187481731654,64.17540030855476,221.6343135763964,0.0464000000000002
19.26978,1,9,18.31,20.7518,18.3072,18.1604,17.6609,0.9684460336022856,0.455169274559224,0.162416111297342,0.1098574516090104,469.9624029369161,1301.294208853804,3.0908999999999978
31.74712,1,13,17.13,21.2573,18.80558461538461,18.5488,17.1338,1.467253319895235,0.532955484167811,0.2084107119997954,0.1455324551893286,740.5553800508663,2298.823193240496,4.1235
39.42296,1,158,18.25,18.6903,18.3261582278481,18.3397,17.5067,0.1408834121661991,0.180945532783176,0.1303958904317075,0.0124677164850021,575.6077640573852,1932.7646548730045,1.183600000000002
25.26771,1,15,19.24,21.0279,19.64079333333333,19.5945,19.0456,0.5534730467907276,0.530428243065504,0.2436583749507788,0.0944231849209067,301.2492463101265,1508.909213507104,1.9822999999999984
35.77712,1,233,17.87,20.7881,19.166116309012875,19.1704,17.0036,0.6537963073136818,0.4894285276687289,0.196375420677792,0.0658758420461901,780.3633130349884,2936.0277801388875,3.784500000000001
13.28954,1,37,19.42,21.4706,20.52018918918919,20.5554,19.1548,0.6574929293171926,0.593712017664007,0.3797514435880755,0.1205685261969688,874.0411895436246,2987.976428414695,2.3157999999999994
3.26709,1,110,18.11,21.2957,20.193205454545453,20.1814,19.3751,0.4815374370417399,0.5271903622582679,0.3160714129202956,0.0864175771216268,851.3601248687762,2992.856633391297,1.9206000000000003
-13.55702,0,2,18.54,21.4191,20.8918,20.8918,20.3645,0.7457148114393335,0.4518806292718669,0.4098944791112439,0.0593773829889862,1335.6421009131675,1888.8831735878996,1.0546000000000006
16.8442,1,10,16.15,21.1763,20.43313,20.85305,16.9204,1.2960667155753294,0.527685060838485,0.3873503979622527,0.1384312317642671,939.7470129883404,2896.9416462965964,4.2559000000000005
1.04327,1,157,19.3,21.2469,19.95756433121019,19.8941,18.9144,0.4628255158032628,0.5808647699906191,0.2809820067109096,0.0776224338418228,736.7427221404014,2661.7607808913017,2.3325
-1.63015,1,68,18.82,21.2311,20.125261764705883,20.11575,16.0919,0.7883651402346117,0.5527139562978891,0.3197307001796463,0.1066666324302913,929.9461770406708,3006.875929687594,5.139200000000002
-16.03758,0,6,18.02,18.881,18.263283333333334,18.18965,17.6333,0.4485020196907333,0.1675491425185369,0.1305544871369443,0.0244373307005941,6.2177085867595645,12.051792939695588,1.2477000000000018
9.05619,1,15,19.5,20.9327,19.99493333333333,19.9383,19.0384,0.5523195421734295,0.473016239220765,0.2997854838178687,0.0900887412919633,488.8157100510202,1905.7699631020005,1.8943000000000008
31.96757,1,2,19.73,20.8421,20.36995,20.36995,19.8978,0.6677209334744557,0.4233030918975829,0.3643196176565975,0.0834152292274857,15.65617721205305,22.141178148202016,0.9442999999999984
-8.30096,0,7,16.29,21.0836,20.442542857142858,20.6104,19.087,0.657381874958391,0.50994604831253,0.3689780749091745,0.1137543480150423,767.6473556339497,2079.2182470604967,1.9966000000000008
27.44469,1,134,19.5,21.3908,20.04511791044776,20.00675,18.8339,0.5234573089214354,0.63442544081712,0.3035982066576592,0.0952639687570944,702.6047295233949,3069.796318078399,2.556899999999999
3.43573,1,198,19.25,21.1836,19.74363787878788,19.7108,18.6702,0.5127780481153412,0.51591242197914,0.2535492050186642,0.0752132707775024,738.4891759918386,2979.859442349596,2.513399999999997
5.37891,1,140,12.55,13.2037,12.545119285714286,12.52995,12.3567,0.1176877645006283,0.051784928506737,0.050854818703573,0.0002872082028432,328.11708219452464,1040.1671296530913,0.8469999999999995
11.95151,1,15,18.56,20.6954,19.311086666666665,19.5164,18.1299,0.7938040320117401,0.4450243426609989,0.2159140846516146,0.0904191458494003,268.9878994327397,1087.012512696514,2.5655
31.75134,1,4,19.15,20.1328,19.669525,19.6967,19.1519,0.4044890223067449,0.291554384493728,0.2416353025326702,0.0505179423423641,103.92731454451956,219.3143489465001,0.9808999999999984
14.87278,1,4,19.21,21.2436,20.600725,20.94895,19.2614,0.910952641926755,0.535773042864456,0.4302259780832932,0.1590651183881991,1054.9517144737647,2565.036611875097,1.9822000000000024
2.68499,1,7,17.07,20.1842,19.25495714285714,18.8042,18.4787,0.8562589753439916,0.34018282109666,0.2353945563679772,0.0843279236007392,1420.6813271790704,2887.1230397107065,1.705500000000001
36.20277,1,32,18.54,21.4243,20.61041875,20.6341,19.2366,0.5126436198056304,0.6393243985875731,0.4165308118571088,0.1192449115587383,913.5989242126876,3053.797775428204,2.1876999999999995
33.52381,0,12,15.2,16.9409,16.09495,16.16755,15.1646,0.7456524982737063,0.0815990678792807,0.0696928733031554,0.0093961493077552,7.279309922344005,17.074208958503732,1.776299999999999
12.91953,1,18,16.49,20.3553,17.73775,16.7267,16.4621,1.6576546888157788,0.4360642749857659,0.1567231197752459,0.1204182647292939,684.0508984561802,1951.777894178398,3.8932
15.05938,0,162,15.8,17.3275,16.79600864197531,16.77955,16.5354,0.1488612290521427,0.1165360358167739,0.087311642842859,0.004090620624078,833.1663428753429,2912.075140856701,0.7921000000000014
26.95875,1,2,17.92,21.1634,21.05415,21.05415,20.9449,0.1545028316892598,0.557248618266391,0.5433374619077616,0.0196733459906665,796.7479604805526,1126.7717715046963,0.2184999999999988
16.56628,1,9,18.84,19.7643,18.7988,18.8354,18.094,0.4824886190367585,0.224638253904386,0.1533133984956003,0.0337151309241624,8.744940177670149,30.984328564802126,1.6702999999999977
13.82958,1,9,20.4,21.3221,20.319666666666667,20.2685,18.9454,0.7636927981852389,0.567523916466938,0.36166299929343,0.1358428268369224,1054.1636482951435,2629.9514595142973,2.3767
34.45669,0,4,17.43,18.735,18.54125,18.51775,18.3945,0.1699530621475622,0.153547426454948,0.1418121679678132,0.0100732208619252,0.0073173842488164,0.016999478895741,0.3404999999999987
13.90438,1,133,18.63,21.2472,20.230346616541357,20.218,18.6918,0.4525853138307558,0.665861277583364,0.3320597937701727,0.0911970648919849,976.9248155798086,2958.8844783101013,2.555399999999999
15.41301,1,41,18.55,21.0805,19.425014634146343,19.3307,18.5532,0.5613899088694839,0.55639081764499,0.2250705083443163,0.084131454165242,1033.184827736669,2931.975039444398,2.5273000000000003
19.20576,1,94,17.51,18.2297,17.412621276595743,17.41275,17.0123,0.1255672504323824,0.131064663307891,0.0939994022585526,0.0076017074917929,239.22922821023727,865.7659451848958,1.2174000000000014
24.00659,1,381,16.19,19.2808,17.879857742782153,18.0557,15.9311,0.6472591401840002,0.479591430736981,0.1158396664172557,0.0355969826314673,962.4902444426252,3126.273073703888,3.3496999999999986
38.58823,1,13,18.84,21.6849,19.77284615384616,19.3279,18.7803,0.954357717364044,0.572700008175005,0.2769822183747266,0.14583068208902,661.9917910728699,2238.9888810185075,2.9045999999999985
5.9964,1,5,19.06,20.3434,19.25134,19.0556,18.7433,0.6257079774143826,0.3434033569520259,0.198528016082345,0.0815293265038832,826.927301152993,1849.0738836807068,1.6000999999999976
-27.72372,0,58,15.67,17.7293,16.98941551724138,17.085250000000002,15.6582,0.4766153430110991,0.125744180554808,0.0858573934969645,0.0116698839061806,737.6858615921307,2180.0492942132987,2.0710999999999977
3.38582,1,18,15.88,20.0401,18.44243888888889,18.6188,17.0592,0.9147040840292936,0.3445473204959239,0.1639263748915716,0.0857182264700115,349.2931789756875,1789.200716203697,2.9808999999999983
16.9846,1,205,19.26,21.1882,19.821242926829267,19.7542,18.7324,0.4474746024244531,0.5610069469222779,0.2640297316648939,0.0760065646442147,752.0884359580626,2984.950697812703,2.4558
0.10721,1,196,15.65,19.5749,18.21642142857143,18.33665,15.4038,0.7550201456643237,0.382306103172676,0.1569768593723686,0.0408845827809851,796.6896664975624,2660.719205624897,4.171099999999999
5.48883,0,347,15.36,17.4846,17.066571469740634,17.0701,16.6799,0.082365467249524,0.143068314218803,0.0859198027638594,0.0072658461215364,920.6226639523068,2948.857526354492,0.8047000000000004
6.03844,1,33,19.13,20.9733,19.779030303030304,19.7646,18.85,0.616137382957754,0.523277201210503,0.2854860416552375,0.0982456882906568,446.7023053880508,1627.3335576737009,2.123299999999997
10.29487,1,10,19.18,21.4006,20.07143,20.3092,19.0166,0.7942465934596262,0.5978189017124059,0.3269362089404578,0.1416399657484955,716.7916278658282,2593.9817460645063,2.3840000000000003
8.87347,1,333,15.72,19.3609,17.641090090090092,18.1174,15.3445,1.079973443779506,0.5259590752009791,0.1187791377824485,0.0611261822005503,964.8863502576256,3099.237706863787,4.016400000000001
33.81319,1,9,17.5,21.1366,20.36125555555556,20.0478,19.7162,0.5794570650857382,0.506587329321255,0.3527363204672703,0.1121924563173687,691.6729880361308,2213.222700034697,1.4204000000000008
-0.39275,1,28,17.05,18.9392,17.40039642857143,17.34695,16.4669,0.7463404805782249,0.144622287254626,0.0940632810011783,0.0213615358650734,902.7610315805788,2549.0002685881045,2.4723000000000006
46.90393,1,41,18.07,20.8116,19.38794634146341,19.3548,18.8228,0.3223591623465676,0.434594099033917,0.2099616232313845,0.0449299413436136,795.3418504391709,2424.58971437491,1.9887999999999977
26.20644,1,4,16.21,16.3302,16.249075,16.235500000000002,16.1951,0.0603609904380871,0.0708312054800688,0.0697328359681914,0.0008128693394245,0.0066780587511378,0.015518391104706,0.1351000000000013
17.86886,1,113,18.62,21.3574,20.392706194690263,20.3765,17.9438,0.5256206399994447,0.6590688355722671,0.36305295679966,0.0997607436553683,959.1227695280452,2948.874426585709,3.413599999999999
51.28569,1,2,12.5,12.5046,12.3105,12.3105,12.1164,0.274498852456618,0.0509791154493962,0.0509439892214657,4.967598793424921e-05,23.29085609681792,32.93824457139999,0.3881999999999994
21.32674,1,184,18.91,21.2483,20.05111739130435,20.07655,18.6491,0.5830255391136213,0.607701736730766,0.3017439174499197,0.0982828434893599,800.0202530934207,2926.932862638984,2.5992
1.46169,1,322,18.19,19.2711,18.602394720496893,18.58905,17.8837,0.2794935572406229,0.475429799224982,0.1450776353827551,0.0296209561558815,930.80138765357,2981.8883607984026,1.3873999999999995
-9.5222,0,4,18.85,19.2858,18.96035,18.87905,18.7975,0.2219528853908708,0.1908885732232439,0.1653578450043706,0.0173199302764629,0.0110705206935531,0.0257268515997566,0.4882999999999988
20.36995,1,199,19.56,21.2738,20.063481407035177,20.0423,18.8768,0.5222015700896294,0.587359882133207,0.3021179048459179,0.0959198386230501,727.5760690846826,3033.858095694697,2.397000000000002
42.82516,0,29,17.02,20.3892,17.363189655172416,16.2295,15.8656,1.5654977855860663,0.3518891400874779,0.1252105026132988,0.0841221730797165,861.3309073096552,2801.256269444304,4.523599999999998
-12.85467,0,6,19.12,20.9693,20.39633333333333,20.4939,19.3439,0.6079689553477762,0.509269510455183,0.3932338626226313,0.1233076577183497,431.0468131499312,1119.88418805549,1.625399999999999
34.06696,0,338,16.43,20.2109,18.060513609467456,18.17855,16.0855,0.7194614664548319,0.577688028851418,0.126767852819856,0.0436734107352493,946.6034594584928,3069.683660278104,4.125399999999999
-11.33258,0,51,17.69,20.9873,19.18923725490196,19.4652,16.7783,1.0795576062370718,0.493312069026217,0.2273156539235562,0.0972440278736642,684.1501223635305,2926.0328978705,4.209
15.4645,1,132,19.73,21.3618,20.19636287878788,20.21375,18.9929,0.4718148343624582,0.5681264142169511,0.3112258989939124,0.0799107235013734,809.7237318503412,2994.877607951399,2.3689
9.28271,1,13,19.26,21.328000000000003,20.96382307692308,21.0537,20.3637,0.3575581331612295,0.591686438168588,0.4663671419926244,0.088019858967197,679.5188241200339,2139.08710038189,0.9643000000000016
31.71904,1,163,19.31,21.1418,19.27597300613497,19.1785,17.7157,0.7181160745664902,0.5050401793032621,0.2062634135403857,0.0810682989211344,728.0819735137367,2684.719641377196,3.4261000000000017
5.94642,1,134,15.95,21.0098,19.7345052238806,19.9051,15.8761,0.9740345985361304,0.5378474026898049,0.2802883465833989,0.0880568176369127,935.5159152144804,3081.740172812206,5.133699999999999
43.23421,1,39,19.33,21.4817,20.666789743589742,20.6774,19.3796,0.4708412665783346,0.6241422412063199,0.4079615686973959,0.0963012079106882,800.0659959658485,2803.293069340609,2.1021
59.07524,1,31,17.66,17.8472,17.57273870967742,17.5356,17.4239,0.1106977828065212,0.121692733862783,0.1002087898955924,0.0098662250066053,238.32259584720683,820.9671994096061,0.4233000000000011
7.49183,1,80,18.83,21.2498,19.33118125,19.28865,18.2001,0.603465497444561,0.565130862764857,0.2178490454040992,0.0858081907615897,908.109375538225,2922.085693426001,3.0497000000000014
-6.72402,0,240,16.14,20.9883,18.838895416666663,19.10115,15.4436,1.0957094244288728,0.504381033544923,0.1791903589866386,0.0703215240005725,827.9733460946975,2928.0263733332904,5.544699999999999
-2.75077,0,278,15.62,18.2745,16.708222661870504,17.01325,15.1667,0.9731757130888318,0.15602701012239,0.0857898910226022,0.0209239827551375,895.6999157852864,2930.047317592805,3.1077999999999992
29.37984,1,358,18.21,20.3448,19.34113966480447,19.34495,17.0533,0.3220369009805623,0.5870305457561279,0.2118808938654648,0.0496219722228262,925.4656934182829,3116.715037742899,3.291499999999999
-21.85441,0,4,19.94,19.9412,19.387325,19.40785,18.7924,0.4985468307992731,0.306754793362293,0.2369748232772185,0.057671589283096,0.008702416026799,0.0201995716997771,1.1487999999999978
9.11479,1,12,19.07,21.2533,20.073825,19.8739,19.0722,0.7508546392732629,0.541264517160409,0.3090165452545171,0.1303329190915182,488.1846146206301,1819.9099608101023,2.1811000000000007
-4.22347,0,285,17.54,19.9974,18.86762807017544,18.8766,17.4739,0.3459094295254797,0.396905782273651,0.1691722388511297,0.0400956789043732,905.6756240561168,2956.056453506899,2.5234999999999985
28.4107,1,53,18.23,21.3287,20.29590943396226,20.3054,19.3268,0.4871050847231372,0.596441575842659,0.3291156275404547,0.0921053248057963,725.604465094337,2319.7817534491987,2.0019000000000027
31.9807,1,59,18.87,21.161,19.787477966101694,19.8525,13.354,0.97782564873996,0.493518790996623,0.2702226381521584,0.0709698401400136,1046.9460329296487,2913.974640115593,7.807000000000002
29.07429,1,26,19.81,21.6741,20.63870384615385,20.44895,19.6929,0.5154992248147563,0.673785866762016,0.4042616356657121,0.1215092998800086,702.7627348042976,2592.8845417591947,1.9811999999999976
1.63131,1,27,19.98,21.2707,20.08718148148148,19.9867,19.3686,0.5204126794684842,0.531687839816706,0.2937238303658886,0.097575284027228,298.06971761901025,1592.7449700463912,1.9021000000000008
6.75141,1,7,18.59,21.1449,20.21912857142857,20.5083,17.2074,1.3661861216714282,0.512676588715357,0.3620306420734094,0.1492440943006762,910.8257129149206,2302.81125092601,3.9375
32.61679,1,47,18.95,21.2888,20.30748510638298,20.5061,18.7297,0.6324673533347204,0.582148527142939,0.3499499681715612,0.1095822501404311,675.1938822062465,2920.949380706006,2.5590999999999973
3.14782,1,25,19.41,21.5709,20.462768,20.5345,19.5215,0.5740128705874114,0.561591158766578,0.3768266017488527,0.1148529697165005,909.1344900259564,2918.8995767938977,2.049400000000002
39.42331,1,98,18.23,18.6842,18.322497959183675,18.33,18.0151,0.1225713063911423,0.168336019922605,0.1287197187397475,0.0123126684376224,327.7645302128634,1260.654717303201,0.6691000000000003
-4.63406,1,10,17.25,20.0792,18.75845,19.2492,17.2485,1.10287954338732,0.292745980889771,0.1792164694092619,0.0773555120928302,5.131591876469242,9.9703487036968,2.8307
-17.59334,0,78,17.66,20.7894,19.367765384615385,19.38585,17.4076,0.6723512700550615,0.442698727453779,0.217582115905499,0.0683049601400614,746.5530806728333,2957.9710493749008,3.381800000000002
-8.56376,1,19,17.3,21.1404,19.10183157894737,19.6118,16.7626,1.8026173680551376,0.532447455492439,0.2611433781460266,0.169659723856901,607.0304215064996,2469.1922095599,4.377800000000001
6.94009,1,225,19.42,21.0976,19.67477688888889,19.6178,18.6254,0.5036637762960323,0.521829735116971,0.2450684177124633,0.0773761553632876,887.221732873733,3130.245041770897,2.472200000000001
30.53024,1,219,19.52,21.2461,19.61696894977169,19.5417,14.7119,0.6088719607077062,0.572700014338573,0.2382566083992463,0.0770966640301473,790.7384222840014,2979.957471840302,6.534199999999999
4.40888,1,5,19.09,20.7552,20.52248,20.5614,20.2246,0.1989119202059035,0.448018607635244,0.3989852114368309,0.0353145100990925,1304.2386243417595,2893.966987997192,0.5305999999999997
44.1964,1,16,19.53,21.4365,19.954325,19.67365,19.2182,0.7724072781462726,0.6113373894211329,0.3131598653176691,0.1438983678886315,810.3477256420996,2189.9483499074995,2.2182999999999997
35.73814,1,297,18.73,21.2939,20.037417845117844,19.9985,19.0687,0.4626722474555944,0.569640123838901,0.2856316511089047,0.0801049151231343,861.0811663673693,2882.0496518169093,2.225200000000001
-3.58989,0,205,17.93,20.578000000000003,19.509118536585365,19.5388,16.0965,0.4356777303842253,0.3725055692345639,0.2160338171298201,0.0362579159343156,764.4645184951424,2923.071601967305,4.481500000000004
21.24498,1,326,18.43,21.0689,19.1231,19.09735,18.153,0.5068108547802413,0.552433807435583,0.1926476779747095,0.0599583197781214,846.8802284973834,2952.983849352197,2.9159000000000006
27.09995,1,184,18.69,21.1487,20.24975978260869,20.20745,18.0659,0.4598706483752913,0.536807520885934,0.327742377605802,0.0782669865114099,912.5824648872488,3031.824313981502,3.0828000000000024
13.34353,1,19,18.85,21.5789,20.623773684210526,20.6474,19.5286,0.6108725606704866,0.591350611831675,0.3945921567310182,0.1183411068241791,784.294034950558,2247.962639930498,2.0503
20.60814,1,43,18.44,21.6685,20.703844186046517,20.7513,18.9038,0.5411233475713478,0.5880200319416989,0.3981790490367756,0.1005738942273631,806.3972777988361,2644.7455846643934,2.7647000000000013
30.0523,0,172,17.5,20.6872,19.382506976744185,19.4057,17.5974,0.543592149483673,0.398856057197557,0.2122361141738813,0.0523074049753404,963.145227360877,3055.8867352199886,3.0898000000000003
13.33235,1,8,18.89,20.6851,18.9277,18.6763,18.495,0.7205035560534813,0.385211058200714,0.1733765117914931,0.0863334625109863,427.8291097572791,1217.902098171195,2.190099999999997
41.91769,1,64,16.99,21.4015,19.1436703125,19.9072,16.3498,1.7411439597200855,0.573008407338234,0.259771853683727,0.1564658493721474,868.1402397246948,2678.734437233797,5.0517
43.65038,0,5,15.58,19.476,16.35186,15.5732,15.5607,1.7464596496913394,0.211707386457447,0.0919949990027838,0.0669212743121083,1018.6878895609308,2277.8631086344976,3.9152999999999984
31.72984,1,3,19.12,20.9525,20.76823333333333,20.7671,20.5851,0.1837026220099584,0.447383663557587,0.4127101971652346,0.0360637188974686,866.1990981949133,1582.909926666398,0.3673999999999999
69.0479,0,75,17.36,19.5518,18.434696,18.3969,17.7299,0.3392129895524071,0.7852200870388621,0.1691143932302999,0.1018869269126509,905.1913259211592,2569.8881823263,1.8218999999999996
35.76361,0,85,18.65,21.2045,18.116717647058824,18.0819,16.0805,1.348670247139088,0.567523907442319,0.1569663330907023,0.1018915331318244,1024.3651378929371,3061.7291517708,5.123999999999999
-24.3343,0,103,17.76,20.226,18.631433980582525,18.6596,17.4113,0.6760453202341334,0.326324828075765,0.1554975274249907,0.0500522099948727,923.2055800792664,2915.051780844602,2.8146999999999984
-15.26158,0,24,18.22,20.8522,19.922566666666665,20.049100000000003,18.1536,0.6815759721389111,0.448815749890341,0.2895384707807675,0.0837657526824121,952.9327702739664,2922.971272210598,2.698599999999999
47.56414,1,43,18.63,21.5465,19.62631395348837,19.4693,18.0545,1.1695632806392775,0.6312139366076099,0.2853776630222048,0.1665448647769794,708.13152651831,2708.7331571758987,3.492000000000001
8.80241,1,4,18.06,18.3798,18.094175,18.0212,17.9545,0.1957527926578139,0.132425506900704,0.1190598852224314,0.0091226159453707,0.0059041297246605,0.0137161341990577,0.4253
43.76615,1,62,19.85,21.4361,20.18743548387097,20.23165,18.9203,0.5224671379098054,0.5933731384746921,0.3258944804224716,0.0926125706389639,518.8688261027347,1855.927767152898,2.5157999999999987
1.55516,1,10,19.77,21.1557,19.3443,19.17665,18.5216,0.8321373991782318,0.5678249495622459,0.2260358770320728,0.1294790022204898,461.539154156542,1468.9130851273003,2.6341
-6.88071,0,8,13.16,13.1983,13.1808,13.1811,13.1617,0.011226753760549,0.0524541150913199,0.0520495857788646,0.0002036646737668,12.75237324555932,23.88136587940244,0.0365999999999999
51.27742,1,16,18.8,20.8747,19.610075,19.4588,18.6264,0.8909643580600356,0.431550474766869,0.2510410824754533,0.1161493598750904,443.2938530740991,1895.963706828596,2.2483000000000004
10.4197,1,4,19.58,20.3539,19.866425,19.84155,19.4287,0.4330596523575025,0.34363128753784,0.2694706836044387,0.0618808148539979,264.1414733462475,528.2937731597922,0.9252000000000002
-1.34761,1,41,19.06,21.1532,20.136436585365853,20.2123,18.7921,0.6186761942874867,0.516145673555291,0.317596811703152,0.0915024007680341,713.8205706935182,2850.1482689468976,2.361099999999997
47.7921,1,65,17.7,21.413,19.324916923076923,19.5099,17.1544,1.033620652211383,0.608062722480777,0.2249004783738043,0.1021143527350793,700.2831380157077,2629.927913066997,4.258600000000001
26.66148,1,100,14.76,14.7655,14.73898,14.74235,14.693,0.0152144402433739,0.058403471871459,0.0565801820300454,0.0006599380968765,187.8334873871335,510.7561058680949,0.0724999999999997
29.80137,0,338,15.02,17.1587,15.721673668639053,15.6453,14.7818,0.6490275261651338,0.121584259866613,0.0700181898728738,0.0091421972568125,933.3461907146408,3120.3245652430123,2.376899999999999
2.1088,1,86,18.29,21.1882,20.33568372093023,20.31865,18.8825,0.4432547584723085,0.6800153785754129,0.3459905219376397,0.0920695887386677,844.7194682941939,2931.9982105787058,2.305699999999998
-14.9763,0,9,14.37,20.1892,17.425155555555556,19.4331,14.3658,2.885989420940031,0.479209016145074,0.1810569617204459,0.1454959878955462,411.554029810872,1059.0588899306022,5.8234
49.85903,0,3,18.89,18.8858,17.973566666666667,18.4015,16.6334,1.1856102409026883,0.163406189826904,0.1239813881463494,0.0443999030415665,0.0041308962518293,0.008261782102636,2.252399999999998
-4.93278,1,178,18.96,21.0655,19.81258483146068,19.80785,17.2752,0.4709602928615433,0.4910536141032371,0.2576718072828715,0.0642376777272671,898.5502315038722,2968.991443171595,3.7902999999999984
-8.15225,0,2,17.85,19.7129,19.5487,19.5487,19.3845,0.2322138669416636,0.256873282113526,0.248579098689357,0.0117297466872699,1790.4543262195089,2532.084790949208,0.328400000000002
-7.48592,0,107,18.48,21.0754,19.700465420560747,19.648,18.2602,0.6358131025231781,0.5113064040011029,0.2488219260524157,0.0863661563815639,802.1265696427776,2708.6853515853,2.8151999999999973
-1.02556,1,5,18.77,21.0691,20.87014,21.0044,20.216,0.3668964472436324,0.51614566655391,0.471541857794964,0.0685246497257416,807.0761701635962,2221.965453912002,0.8530999999999977
-11.00749,1,16,19.07,20.9744,19.6641625,19.4254,18.9317,0.7199256645654466,0.492899362928457,0.2554795881917139,0.1224594486368026,468.69596165776034,2153.0467356364024,2.0427
-8.39796,1,36,13.4,13.5162,13.363477777777778,13.3527,13.2322,0.0613686477008809,0.0543471458528882,0.0536297090094547,0.0003299418711447,63.70443526388241,202.62318098399555,0.2839999999999989
17.73624,1,341,16.25,17.4328,17.156056011730207,17.1983,16.2195,0.1767810611710214,0.199595623192132,0.0882988850178106,0.012067566038722,908.2950275550488,3070.769115809795,1.2133000000000005
37.90417,1,173,18.3,21.2749,19.40393294797688,20.0909,16.1488,1.5419261355378318,0.545550965519109,0.2655701994988565,0.1297719646624102,870.0241270893453,3033.8518566666025,5.126099999999997
-16.19379,0,8,17.47,20.8541,18.9018375,18.851550000000003,17.4708,1.3214446033873033,0.430263866524615,0.2090268480234394,0.1242009924016596,1042.381890890255,2971.8596689234982,3.3832999999999984
-2.00552,1,345,16.63,19.9116,18.359732173913045,18.3779,16.8657,0.4290214225720916,0.5063655281073101,0.1355265964571887,0.0389894132923282,889.9842798658642,2901.052661111098,3.0459
1.73572,1,32,19.24,21.4777,20.019903125,20.1188,18.6197,0.8486149662583514,0.569336526205408,0.302768023806826,0.1257695097414852,639.8001017829937,2486.1117326622043,2.857999999999997
43.4271,1,155,18.89,21.1211,20.02234129032258,20.0439,18.7552,0.4597896946963612,0.8725303147734879,0.2911347019924491,0.0882373838156757,804.7995186294063,2738.749633332991,2.3659
2.67724,0,78,18.01,21.1586,19.69798846153846,19.8582,18.0128,0.8609892098484878,0.5561056669849089,0.2883223990880634,0.1186816944220232,769.966315977794,2939.0249871644046,3.1458000000000013
41.22475,1,8,19.66,21.371,19.8735875,19.8864,18.6905,0.7559802745678704,0.5923595908457379,0.316363139649474,0.1292770461422255,395.00166220167154,1102.959560416799,2.6804999999999986
-9.51979,0,3,18.71,21.1804,20.982466666666667,21.0573,20.7097,0.2441099001133153,0.533464798268041,0.482908921317293,0.0609579821526947,1303.8204593489177,2596.936158090401,0.4706999999999972
3.87959,1,4,15.61,15.7527,15.6708,15.6618,15.6069,0.0639898429440179,0.0639497183130517,0.0632331271464539,0.0005413037242408,0.0096808211793613,0.0224920025939354,0.1458000000000012
-7.40725,1,121,17.85,21.0052,19.641646280991736,19.8132,17.7524,0.7565887561990893,0.527932862522568,0.2653318714618199,0.0979895569249468,767.7973856206097,3067.7281918865992,3.252799999999997
-12.91118,0,70,17.37,20.7844,18.19808142857143,17.93395,17.2796,0.8390598994514606,0.42927039758436,0.1554379299140504,0.0835380546868242,935.1122653357736,2986.8725020600978,3.504800000000003
9.38749,1,9,19.72,20.9762,20.423177777777777,20.6569,19.7215,0.4663481767354139,0.5259590899301629,0.3756788998035102,0.0998330078951099,863.9319325387393,3021.797546585505,1.2546999999999997
-21.18512,1,128,17.65,20.3474,18.4230109375,18.2669,17.0064,0.6708629596184976,0.332043932605113,0.1406884781427215,0.0453821424271611,928.3633095297284,2959.9171240046053,3.341000000000001
23.2961,1,20,17.77,21.0883,18.720945,18.26185,17.6759,0.9922249057839126,0.481709588764394,0.1713256744899328,0.0941363223801399,1025.9443153858012,2831.087306007197,3.4124000000000017
19.4716,1,24,17.74,21.1414,18.986091666666667,18.8786,17.4467,1.067002337276552,0.541529784358711,0.215948350046157,0.1240106628373533,753.4012250886846,2870.1835225119,3.694700000000001
5.92634,1,123,17.24,21.1657,19.24257886178862,19.1807,17.2407,0.8519759326867055,0.538108187261812,0.2249753051554251,0.1005177300018587,1179.2943221701958,3080.733537349297,3.9250000000000007
26.61396,0,24,18.64,20.9863,19.593975,19.41215,18.6344,0.7950720931216677,0.5332099859465721,0.2677342009129812,0.1208831600031967,475.3419925275392,2207.942427662201,2.3519000000000005
30.81533,1,241,18.59,21.3393,19.910819917012446,19.8308,18.5746,0.5016305243254174,0.595756075497911,0.2748752439305197,0.0824559430392932,839.3128764059644,2984.9500874419973,2.7647000000000013
3.97118,1,329,16.78,19.9502,18.11658389057751,18.187,16.7506,0.3833303359734269,0.628044993637629,0.1240479813731718,0.0396213527169396,907.2235723697328,2992.8517123609927,3.1996
11.75135,1,10,18.63,20.1896,19.21749,19.12005,18.4707,0.5426170666317075,0.306644988177523,0.1995803963195459,0.053313803212371,250.5316528744717,861.7817148380127,1.718899999999998
-6.04633,1,98,17.55,21.1574,19.50306020408163,19.6822,17.4966,0.9328414794162756,0.53500065925789,0.2476528328406844,0.1069661638299134,973.4123770921128,3016.821565393897,3.6607999999999983
4.53918,0,7,16.71,20.5801,19.8755,19.7213,19.3557,0.4585695621531531,0.647715332516053,0.3385755237864506,0.1485997454599414,439.7185046590783,1360.1340461460932,1.2244000000000028
20.33012,1,114,16.28,19.5361,17.010379824561404,16.2945,15.5009,1.3063141988241316,0.24282481906797,0.1026866840167236,0.050999158779185,800.4264856172608,3121.728156366,4.0352000000000015
12.07644,1,357,16.6,20.7735,18.75437843137255,18.7991,14.674,0.7394026591584352,0.683924769229243,0.1762751295582613,0.066334551352144,877.2280516830707,3004.932900902815,6.099499999999999
29.59554,1,19,17.65,20.8743,18.627552631578947,18.0292,17.5929,1.1101725037971075,0.530679522505994,0.1887783032096303,0.1350859273609417,895.4958314041985,2380.735551747399,3.281400000000001
47.26719,1,67,19.21,21.4342,20.2937776119403,20.2102,18.9748,0.5726080199326419,0.605190563577283,0.3374224968575696,0.1133214903790626,644.7366483807712,2610.048580219904,2.4594000000000023
-10.78248,1,242,12.48,14.326,13.200720247933884,13.345,11.6658,0.6298243788370947,0.05914639009416,0.0531885492355847,0.0017041752322957,925.4720769841716,2963.918033043803,2.6602
-7.5305,1,13,18.79,21.2029,20.598615384615385,20.5933,19.5728,0.4464814158994632,0.591350611831675,0.3983900888235118,0.1005914732139332,852.7430886094354,2545.115317210504,1.6300999999999988
40.80292,1,297,17.79,19.7508,18.39351851851852,18.3162,17.7784,0.3677570313149376,0.8041455079491329,0.1370480130466658,0.0515265967122992,822.2986709239632,2738.767586770802,1.9724000000000004
33.16015,0,377,14.67,16.9386,15.34114854111406,15.2981,14.3075,0.7237125736872514,0.0812906222623311,0.0644393676571079,0.0070389742760265,930.7229297810668,2951.037610092593,2.6311000000000018
7.79438,0,300,17.39,20.4933,18.735856,18.79815,16.9371,0.8409929999414385,0.4773092703476889,0.181473739310883,0.0698294077428506,962.9573920650532,2962.9311101274,3.5562000000000005
6.16255,1,146,18.12,20.4467,19.427924657534245,19.4561,17.1943,0.3536129927324395,0.344700667005386,0.2100485792919476,0.0341410330498169,762.7981322365256,2389.7206160998976,3.252400000000001
24.75461,0,103,14.63,16.4124,14.947258252427185,15.2074,12.1331,1.0347854828866678,0.0804830363230045,0.0645206291745359,0.0069506875068591,944.0004993264024,3111.232669803292,4.279300000000001
29.41956,1,4,19.04,19.9608,19.3396,19.196,19.0056,0.4415026764735764,0.349233585945409,0.2552478780162722,0.0663417627085422,15.576787190169656,26.99021583369904,0.9551999999999978
22.62652,1,28,19.63,21.077,20.120385714285717,20.19545,18.8373,0.6505395969468483,0.5147504766454171,0.3025258376218375,0.0985377830540188,453.1365098198988,2126.0413772687025,2.2397000000000027
39.01327,1,2,18.48,20.7998,20.35725,20.35725,19.9147,0.6258602120282142,0.42772191933518,0.3736784743752519,0.0764289728196941,1207.108595860531,1707.10934752311,0.8851000000000013
50.6581,1,24,17.52,21.2838,18.748820833333333,17.974249999999998,17.2521,1.426277481076302,0.505701690727496,0.2026350221279123,0.1421080968664211,797.5974673845028,2627.9722830211103,4.031700000000001
12.26102,0,118,17.93,20.5199,19.212466949152542,19.29385,17.1515,0.7298761734406893,0.403551722549523,0.2211123198233124,0.0720696228690538,977.4932793752748,3072.680046007001,3.368400000000001
3.3353,0,7,18.56,21.0766,20.29151428571429,20.2571,19.427,0.6564088167917195,0.5013352614649651,0.3475601980287223,0.1213291084275472,658.9148243628879,1468.853871690102,1.6495999999999995
18.55922,0,246,18.11,20.6638,19.24183943089431,19.2507,18.0767,0.4196338986886718,0.4820974427037679,0.2283122685039519,0.0514705872383291,901.2497252437576,3110.3096542940984,2.5870999999999995
47.69551,1,41,12.52,12.4573,12.393478048780487,12.4003,12.2639,0.0422871050805984,0.0509122901458512,0.0507278700323147,7.433314109052894e-05,271.0433890930143,784.0288482173928,0.1934000000000004
55.75531,1,132,18.16,19.8799,18.778325,18.7501,18.0245,0.3748604897489366,0.649858695017091,0.1651893888427331,0.0530878141054609,792.827306384905,2578.932124467501,1.8553999999999995
26.57508,1,112,17.91,21.185,19.837082142857145,19.887500000000003,17.907,0.6896073561268036,0.5624705464684671,0.279947592746847,0.0895042798251404,991.6434619799188,2972.9071707521,3.2779999999999987
-10.45976,0,211,16.79,20.9494,19.077830331753557,19.3088,15.7226,0.9062587065877372,0.500045049699907,0.1973898383074688,0.0666421203802447,921.8770472006504,2977.931326458704,5.226800000000001
10.49436,0,136,18.06,20.8509,19.699124264705883,19.70805,15.8857,0.534286440792081,0.550206130910405,0.255456079402212,0.0598273543383215,972.8181280173897,2938.037935914399,4.965199999999999
27.59382,1,73,19.87,21.5334,20.42425479452055,20.382,18.9837,0.5383662304295952,0.626867402359437,0.3641270294860399,0.1060837278168891,865.6066879677664,2745.6515035997,2.5497000000000014
-13.81925,0,81,16.89,20.9772,18.663919753086414,18.7385,16.7617,1.0850272015506983,0.470272286396293,0.1763234608022401,0.0878251145089218,1013.8754133602356,3060.702954976805,4.215499999999999
52.10121,1,165,14.54,16.5827,15.388071515151516,15.4679,14.3841,0.6440795222268428,0.148785586082539,0.0638957758335241,0.0100426139238976,854.7538752238802,2745.712459965216,2.198599999999999
-7.55048,0,279,16.46,18.9619,17.305691039426524,17.3023,15.8413,0.6229878857431562,0.245732568554158,0.0989873534558978,0.0296045867338857,881.3879348840103,2951.028404328994,3.1206
19.99455,1,187,15.49,21.2799,19.084493048128344,19.7352,14.9136,1.7601242951298233,0.586701695794902,0.2448065990953655,0.1242871632661764,907.416313091702,3120.633264560304,6.366300000000001
6.51607,1,23,19.87,21.4872,19.810539130434783,19.5262,18.8265,0.6960157317573754,0.506809392395016,0.2591349057158919,0.0981532925596093,343.9126817882393,1496.9485865971,2.660700000000002
23.10565,0,5,19.01,20.9315,19.37668,18.9939,18.9537,0.8694500457185566,0.514287662195717,0.2493891612724149,0.148110855028222,676.6094598177402,1512.955130902592,1.9777999999999984
27.65955,0,29,16.94,19.4126,18.83532068965517,18.9662,17.454,0.4981959499601032,0.212121241218035,0.162330295824141,0.0326670765970541,798.4852718744531,2545.042131955699,1.9586000000000008
-6.51454,1,161,18.55,21.1689,19.7313198757764,19.6748,18.0469,0.5767440043923159,0.6172759066925301,0.2658708180176578,0.0858198248544904,1000.1927054633434,2968.9068292477023,3.122
15.61141,1,17,19.42,20.5652,19.422829411764702,19.4375,17.2945,0.718760219722741,0.431550474766869,0.2435734461837758,0.0878183785982506,430.1877393041127,1274.7939810419994,3.270700000000001
18.44666,1,169,18.92,21.4239,19.60932721893491,19.6199,18.0801,0.7999598251623452,0.605905242009425,0.2512626013461938,0.1031796054128846,705.2912428520046,2886.0404641893983,3.343799999999998
23.52933,0,204,19.42,20.9487,19.650228921568623,19.6121,18.7523,0.415201454453267,0.553556711697203,0.254554449854334,0.0613800351982426,838.2339898747825,2955.939219942302,2.196399999999997
23.26989,1,23,18.87,21.3215,20.167643478260867,20.4503,18.6925,0.8566927781915362,0.594731704750992,0.3599224664818735,0.1543150513415702,852.5921838657647,2901.1078048958952,2.6290000000000013
5.05572,0,3,15.93,20.8414,20.459233333333334,20.4972,20.0391,0.4024952463487408,0.489630867846904,0.3894739898146424,0.1086034992946722,557.8885916654552,1095.0117554515964,0.8022999999999989
18.51439,1,21,19.64,21.1602,19.90162380952381,19.9395,18.6601,0.7410515379545207,0.517081458826594,0.2681248823057803,0.1055795715600196,242.13863847894515,1102.04404778951,2.5001
4.61528,1,5,18.52,21.0499,20.79816,20.8665,20.5705,0.1995176633784592,0.484442412047511,0.4179786828559061,0.0501868645552688,870.6779661770139,2193.9220060184016,0.4794000000000018
18.66889,1,377,12.73,17.757,16.938261538461536,17.1878,12.4903,1.0066873515691603,0.2322832989525019,0.0888604679801256,0.0180695560873801,916.41532128116,3106.698973414408,5.266700000000002
1.89923,1,7,19.62,21.2729,20.22731428571429,20.19,19.4872,0.6581908447367206,0.499403274401882,0.3384639133333119,0.1091303670986137,914.6930968431606,2754.297591515802,1.7856999999999985
-3.24013,1,3,19.25,20.1475,19.564000000000004,19.2983,19.2462,0.5059968280533004,0.315031605111661,0.2347019420260309,0.0695987666659544,0.0148606802939199,0.0291868634012644,0.9012999999999992
26.66952,1,7,18.63,20.2264,19.4846,19.4127,18.6346,0.5558075866100912,0.300983545778576,0.2183099310872887,0.059549723755447,14.1723263549149,36.89665731511195,1.5918000000000028
13.79424,1,347,18.09,21.2464,19.479512680115278,19.5182,17.9704,0.5871805875385411,0.7076033660492791,0.2241085420288313,0.0722184500740283,901.4983268867696,2987.973249502007,3.276
-9.30843,0,10,18.54,19.3418,18.37095,18.7555,14.6226,1.3368517554729522,1.30665028360551,0.2927521809698844,0.3581510813152004,1047.5863586078278,2158.1313494793067,4.719199999999999
-6.6918,0,7,18.72,21.2585,20.562842857142854,20.654,19.9271,0.4826873620924938,0.4820974368797029,0.3663427183625795,0.08381734069721,932.2691604364056,2511.190001643597,1.331400000000002
39.92074,0,43,14.44,14.5508,14.45043488372093,14.4474,14.3977,0.0284636266112933,0.0574529071433421,0.0557392597159416,0.0005311657162742,265.13230283911787,723.0417079511099,0.1531000000000002
-6.21987,1,76,17.85,18.2368,17.811600000000002,17.82275,17.5145,0.1158735368120483,0.1261592445417799,0.1057056092212084,0.0065861064276719,236.2241814104252,747.9597687270143,0.722299999999997
5.71503,1,10,19.33,20.536,19.47668,19.24955,18.9008,0.5574543405318303,0.382100944715037,0.228350257928365,0.0727783093271809,7.398544952853857,18.029415220000374,1.635200000000001
29.64155,1,27,17.18,21.1419,20.425862962962963,20.4941,19.6386,0.4249005070404027,0.5624705464684671,0.3798357926593415,0.0942883499621593,772.6281688857378,2804.1704432867045,1.5032999999999994
65.90232,0,12,16.94,20.0331,19.378841666666663,19.44805,18.481,0.4264694968487476,0.288982039258678,0.2195202443260614,0.0362808366534871,856.806168308103,2226.902696111203,1.5520999999999994
23.61525,1,63,19.25,21.6154,20.29989047619048,20.2704,19.0399,0.5455526735203976,0.645590467548518,0.3378384905068408,0.1005711410948373,580.7940824320448,1981.8038408099017,2.5755000000000017
-11.58628,0,29,19.03,20.766,19.58678620689655,19.5924,18.6024,0.5324806225341766,0.432125703139561,0.2317058395745211,0.0688400776482605,848.936130795549,2863.204243425702,2.163599999999999
32.54156,0,213,17.07,19.3578,17.86288309859155,17.8959,16.5044,0.4882737966220492,0.23471858797526,0.1240823899754572,0.024020271313746,961.7237988704868,2951.0580079281062,2.8534000000000006
10.65908,1,49,17.81,21.2513,18.855432653061225,18.2862,17.5492,1.147977780234253,0.5933731486331729,0.2086709741747786,0.1332053315215372,381.26618474463805,2458.1343599305983,3.7021000000000015
37.16321,1,8,19.34,21.1703,19.7861375,19.77315,18.0401,0.9652398117085422,0.5149823041778601,0.2728904962110946,0.1282531940901248,395.81590301429526,1478.0745314122032,3.130200000000002
22.68647,1,35,16.81,21.1572,18.04152285714286,17.6334,16.81,1.226111169771589,0.5648336108897889,0.1629310718115539,0.1271876755977567,784.2818606710392,2917.962979039199,4.347200000000001
-10.04358,0,6,18.78,20.3586,19.305266666666665,18.9711,18.6971,0.7120003642321169,0.309481069885213,0.2138388095107583,0.0697433436286465,654.278858296954,1628.715848229309,1.6615000000000002
52.96845,1,15,19.0,21.4242,20.33216666666667,20.5896,18.9976,0.8540986683270819,0.596441586141003,0.3572129741229728,0.13226160458991,456.4541504158477,1477.9969594213037,2.4266000000000005
46.9642,1,4,19.19,21.1299,20.180025,20.4985,18.5932,1.1025037002961335,0.565428519789496,0.3470652056894725,0.1673277262646652,713.643517002707,1483.9423743631996,2.5367
6.17894,1,121,14.7,21.3039,19.45655041322314,19.9199,14.6764,1.553577846623935,0.589346282602782,0.2532537286847718,0.1063343656195887,918.6130130356288,3130.255633495304,6.6275
62.67612,1,141,14.36,14.4433,14.30527659574468,14.3025,14.2371,0.0441065068706226,0.0965188800075973,0.0576129690335117,0.0077324384981503,751.5588216884576,2842.257647673592,0.2062000000000008
-17.64101,0,6,18.63,19.811,19.11425,19.1181,18.6263,0.4129436026868558,0.25327223587338,0.1812333365381619,0.0398683440196429,14.219410212861009,25.98189977970469,1.1846999999999994
32.19963,1,4,17.48,17.5716,17.41415,17.443550000000002,17.1979,0.1589663381558072,0.111402956977693,0.1055715884212924,0.0056868563176258,0.0056903275239537,0.0132255554053699,0.3736999999999995
17.98281,1,14,18.64,20.6384,19.059535714285715,18.88625,18.4422,0.5745939778622865,0.452696708926185,0.1949942753841184,0.0807893804216066,533.1686961066197,1484.0800036112996,2.196200000000001
26.63455,1,378,13.38,19.3341,18.569800793650792,18.55785,17.9398,0.1957624523363109,0.246074930711994,0.1545827383890916,0.0178364996522595,923.4225664596056,2947.010698610902,1.3942999999999977
38.97688,1,38,18.51,21.4812,19.74524736842105,19.78125,17.8555,1.214216782758924,0.604122736138085,0.2944881263812137,0.1738665063742679,861.6021863172695,2674.810681203395,3.625700000000002
23.58022,1,91,15.31,15.4451,15.293041758241758,15.2919,15.249,0.0224522805866329,0.0642938136635098,0.0604924565074657,0.0011444647036376,194.6997437209913,523.7242692014988,0.1960999999999995
19.18687,1,229,17.59,21.063,19.44139344978166,19.4572,17.5897,0.4907138227014199,0.4870179574411939,0.2125969495956921,0.054677801073234,836.7705621530536,3121.240708136509,3.4732999999999983
-20.5365,0,68,17.37,20.9814,19.793026470588234,19.9014,17.2942,0.7434726522623312,0.479782959862155,0.2662141167377611,0.0784324274830185,905.3961316274066,2959.892756354005,3.6872000000000007
-7.08902,1,133,17.41,21.3233,20.018904511278198,19.9628,18.5778,0.5486519036175217,0.8259046256478292,0.2969144452758407,0.0973939689015051,928.125761455198,2965.0036536921034,2.7455
16.0189,0,185,16.97,18.7442,18.02993243243243,18.1507,16.8383,0.3863289947742597,0.221262042147798,0.1236493786465205,0.0190115819096933,947.3479094516908,3072.6757294558997,1.905899999999999
21.96171,1,314,17.95,21.1134,19.538922929936305,19.60585,17.7559,0.4778685752289927,0.5138259719007501,0.2321464823100399,0.0582527006068138,856.0818422664483,2994.870367037198,3.357499999999998
0.62737,1,46,19.66,21.348000000000003,20.161934782608693,20.151200000000003,19.2137,0.5733907553482541,0.5396801899451611,0.3140744171437952,0.0979501330848903,926.7168038815324,2953.833748078905,2.134300000000003
49.55821,1,51,18.85,21.4101,20.44704705882353,20.4478,19.4577,0.4906414170666565,0.585391153669409,0.3593472530696992,0.1014648528919595,667.048325774641,2874.1560511923744,1.9524000000000008
0.82518,1,17,19.07,21.3684,20.76547058823529,20.8557,19.6201,0.4503039164896109,0.59747378284723,0.4295378690686944,0.1054248802582775,790.6632072963163,2842.2047248031013,1.7483000000000004
40.00645,1,13,19.86,21.4745,20.68629230769231,20.7959,19.0694,0.6119734232540088,0.629228408425662,0.4255246139939546,0.1236715398420769,853.6717853495812,2653.8861387503057,2.4050999999999974
13.03861,0,185,19.95,21.0539,19.568996216216217,19.5184,18.2497,0.5712920638463889,0.566923123042634,0.2808443319684716,0.0798544912941155,642.7521788741836,2975.851166435102,2.804199999999998
16.45489,1,252,18.62,21.3448,19.838313095238096,19.8426,18.2886,0.4996441963790244,0.57055350234509,0.2624044450173897,0.0709323814302821,879.179924698033,2994.8716911226948,3.0562000000000005
37.07465,1,139,18.97,21.3884,20.32552446043165,20.2975,19.0296,0.4943166502371725,0.598510737479804,0.3367592970496074,0.0941839498438576,962.5877673311518,2915.0924936226,2.3588000000000022
44.5422,1,64,19.77,21.2835,19.8627890625,19.7452,18.8572,0.5857529164117066,0.5844133223308001,0.2829938768814174,0.098215032573295,845.7373191928618,2931.9485646644025,2.426300000000001
34.47464,1,33,19.63,21.5011,20.477969696969694,20.6343,19.1595,0.6377012302426827,0.6980854082017439,0.3750579118685779,0.1225088264987875,755.8910232542892,2677.7752579515,2.3416
63.97874,1,69,18.25,21.2208,19.444289855072466,19.221,18.1325,0.7662369688259418,0.535773042864456,0.2366322201557247,0.0992470692267061,823.870941821372,2706.7693126731974,3.0883000000000003
-18.9727,0,28,12.93,20.8207,16.000860714285714,16.00965,12.9332,1.627913897154153,0.451230648330859,0.0831610787867178,0.072948413311414,277.23009846091173,1531.8320869094969,7.887499999999999
39.23966,0,59,19.78,19.7833,18.29726779661017,18.2724,17.0374,0.5806130168402793,0.250722095859385,0.1380826476410763,0.0330246729142801,472.6881745210149,1364.2498791781982,2.745899999999999
18.80611,0,9,18.88,21.0158,18.82932222222222,18.4837,18.0721,0.9834503797571296,0.5043810203846539,0.1962684311216787,0.1235296174399744,1027.6671782288704,2833.2411304050984,2.9437
41.31175,1,251,16.95,21.169,19.260824302788848,19.3446,16.9219,0.7544328538491745,0.718586561898104,0.2112935986718603,0.0808989886617769,924.2697719776096,3061.795385798796,4.2471
6.79359,1,141,15.71,20.0683,18.612637588652483,18.8934,14.0912,1.0024393563801548,0.284426634435151,0.1594805882329261,0.0434602173764568,882.9016666616237,3107.65822379609,5.9771
33.58282,0,10,18.97,19.8097,19.20505,19.1918,18.8721,0.2982843656274622,0.3116442113900819,0.2185939847260833,0.0389164861079335,784.6127151819583,1640.2349264816005,0.9375999999999998
31.78935,1,154,19.44,21.3144,20.016042857142857,19.97285,19.0494,0.5366438476280297,0.5870305457561279,0.2910108122520279,0.0922571330207852,806.423973131123,2933.9726256708964,2.265000000000001
38.24825,1,153,17.0,21.0245,18.208451633986925,18.0691,16.5244,0.90118429223239,0.491871628202757,0.1431005979657013,0.0670678292971133,958.260212620928,2948.8183344560966,4.5001
46.22611,1,138,14.78,20.7368,19.457220289855076,19.4195,18.7436,0.3598885890378071,0.411645302508336,0.2196939914681664,0.0480312041896643,864.8354431517319,2952.947431898196,1.993199999999998
20.51055,1,26,18.42,21.4929,20.605811538461538,20.7467,19.2099,0.709571847427403,0.626476176857461,0.4186138069411553,0.1428282333778867,759.1432430234494,2908.0755155556035,2.2829999999999977
23.50505,0,18,18.62,20.0743,19.079633333333334,18.8993,18.3838,0.5223128091366657,0.293903402707461,0.1867063146766971,0.0486703028239135,35.090935309508055,90.7238395950044,1.6905
2.90788,1,33,17.51,21.1727,20.29710303030303,20.3258,18.1042,0.5950911487352423,0.6210657411737961,0.353370505016952,0.1032431275984833,974.0149010151816,2938.940553275396,3.0685
30.41504,1,27,19.39,20.4831,19.200655555555556,19.3478,17.9023,0.7260079530891642,0.371743997782106,0.1868386990030305,0.0671842421547215,70.6331829877389,379.948471527503,2.5808
8.95683,1,5,19.06,19.8874,18.62028,18.626,17.0035,1.051468633388557,0.288613389075513,0.1665717690266994,0.0761418894770548,574.0844228259809,1283.7009427664016,2.883900000000001
22.81271,1,205,19.66,21.4954,20.04427512195122,19.9916,19.0265,0.521146365270745,0.597818894804744,0.2903573316956475,0.0926252158844764,755.8415031317553,2719.815247280101,2.468900000000001
26.77845,1,4,19.15,19.1477,18.9532,18.91655,18.832,0.1392028016959438,0.161973730898212,0.1495762352800849,0.0086876950355664,0.0078557894155029,0.0182507173012709,0.3156999999999996
13.85381,1,66,16.0,21.2916,19.45224848484849,19.51205,18.0299,0.626619100409227,0.550206139219225,0.2282825702834,0.0856935305744517,1002.3193058938092,2987.9630219558967,3.2616999999999976
26.43945,1,4,18.22,19.6906,18.71425,18.4754,18.2156,0.6624147014270343,0.247168728266496,0.1631930522464135,0.056373876713062,7.9424698657997075,15.892489687597845,1.4750000000000014
-19.09799,0,41,18.39,20.9528,19.70918048780488,19.8585,18.1189,0.6364197939330267,0.453352470113767,0.2549809482826867,0.0737305967457955,812.4688897220956,2581.823824791587,2.8339
17.25556,1,174,16.04,21.2153,19.11355804597701,19.4187,15.6628,1.088938110110786,0.552433807435583,0.1999258246051141,0.0670155697296022,894.1591316425688,2922.971319201388,5.552499999999998
-7.81958,1,6,15.79,21.057,20.65748333333333,20.74995,19.926,0.3830303142920511,0.458863187878806,0.4043044459120857,0.0644867000152156,1009.785556270893,2239.938744015897,1.1310000000000002
1.47549,1,19,17.79,21.2715,18.848326315789475,18.5242,17.6427,1.237327827682662,0.561883895341763,0.2028864047011843,0.1449247408589799,441.31173868509694,1767.1476227659075,3.6287999999999982
10.18472,1,373,15.29,16.9614,16.143673190348526,16.2015,14.9395,0.24677740128441,0.142518738807594,0.0702545983281299,0.0076010555108372,932.0591858344236,3081.78367723382,2.0219000000000005
-4.18617,0,8,17.22,18.4931,17.756925,17.74005,16.8371,0.6674604616433416,0.150548361715077,0.1136528956719464,0.032326307835154,4.832773440183665,9.057253807906818,1.6559999999999988
11.47939,0,10,18.12,20.117,18.54125,18.26145,17.6506,0.8159228929391691,0.3334316852578119,0.1634159597539768,0.0792175038144717,1116.0783967312707,2895.1203420720994,2.4664
3.80483,1,152,17.82,21.0964,19.85969276315789,19.9307,17.6074,0.7164721886434939,0.586373311420922,0.2785796092634623,0.0934455924638627,1010.8561988079564,3008.8862192360903,3.4890000000000008
1.60972,0,278,18.02,19.4505,18.72754568345324,18.73845,17.0466,0.249476000957011,0.3591729108905189,0.1565730512231976,0.0313089932478224,916.024751951588,2996.861130856494,2.4039
30.16726,1,162,18.85,21.273000000000003,19.96028024691358,19.96085,19.1027,0.4133483638747722,0.551595605001999,0.2815647461492122,0.0720055336396157,904.8296481690842,2985.9624641089977,2.170300000000005
0.34185,1,12,19.21,21.2012,19.892591666666664,19.72115,19.1545,0.7594111935133244,0.54047079647411,0.3161875987779952,0.138059128109711,492.15953562726185,1553.835993993103,2.0467000000000013
18.92481,1,347,17.6,20.8006,19.33398097982709,19.4076,17.4059,0.5213666515608117,0.500904189772154,0.2062836892543472,0.0498460946598587,872.8354780840854,2994.8892091433954,3.3947000000000003
50.39758,1,176,16.08,17.2214,17.05633806818182,17.06595,16.0894,0.0982641459083816,0.196650439898266,0.0869510941107915,0.0152357987397442,852.9860860837166,3029.810461898305,1.131999999999998
8.77762,1,13,18.71,18.9842,18.72743076923077,18.67,18.4828,0.1956928051164862,0.179815353325553,0.1574081731166023,0.0142600068128215,859.7042991631466,2211.0120493286013,0.5014000000000003
-4.14287,0,229,17.49,20.6626,19.58933406113537,19.5915,15.1484,0.4760706599953781,0.4198038845336521,0.2309808482930958,0.0492498279182305,898.3591870792643,2948.998169143706,5.514200000000001
-7.74736,0,272,13.02,16.5792,14.24411838235294,13.97005,12.7851,1.0972434138917124,0.150089315282209,0.0597645943031204,0.0178838950084825,893.0800841269066,2952.9267081595026,3.7941
3.05017,1,140,19.29,20.8274,19.61238,19.5754,18.6657,0.4722501683087335,0.440557902708002,0.2359636542560008,0.0577857364126167,755.6325803211018,2858.1045940163967,2.1617
49.71413,1,15,19.95,21.3824,20.21916,20.1066,19.1211,0.73788145563595,0.594391297889423,0.3495967820823435,0.1300022230353259,777.8863434891624,2652.961893865904,2.261300000000002
16.19886,1,4,17.34,17.5117,17.377225,17.34575,17.3057,0.091676073759733,0.104426144483888,0.1004477999314106,0.0026939066633274,0.008895190126146,0.0206590509042143,0.2059999999999995
35.61559,1,12,19.95,21.4396,20.390625,20.20665,19.6303,0.6299917865626209,0.584738776412944,0.36204246231909,0.1330626264572166,1037.1064994350595,2585.0307562733,1.8093000000000004
41.42575,1,224,15.73,18.2588,16.458384375,16.487450000000003,15.3841,0.2701663368656296,0.491462161259986,0.0771583300227276,0.0312300872762045,894.7279089740828,2936.044257511894,2.8747000000000007
31.35658,0,248,17.63,21.0397,18.537958870967746,18.2266,17.4355,0.8344140780243369,0.5639443661355009,0.1727139217864325,0.0921008117169992,836.9670809186315,2951.059562638802,3.604199999999999
21.31189,1,71,19.17,21.5388,20.30841267605634,20.447,17.9506,0.7697526955234344,0.591350611831675,0.3627087121774079,0.1286066628714996,716.4397631952485,2894.0792416316035,3.588199999999997
-14.06741,1,85,13.03,13.2318,12.98709294117647,12.989,12.8767,0.0654291761558782,0.0620732924768609,0.051883201933504,0.0012781488181225,199.9267435636391,548.6237914930025,0.3551000000000002
22.25355,1,3,19.41,19.4069,18.51823333333333,18.5992,17.5486,0.9317920494044436,0.194617070638783,0.1409164300626759,0.0511229294065347,0.0054135463212053,0.0108270370983518,1.8583
3.5367,1,349,17.2,20.2452,19.1430770773639,19.1107,18.2654,0.3043655958051515,0.479974667600452,0.1977439034504103,0.0427019400650529,918.2461653062558,3080.717818078607,1.979800000000001
34.97443,0,99,15.48,21.3051,19.093485858585854,19.9824,15.2,1.9457269352436573,0.533719967693943,0.2508172574692423,0.1284913876135166,985.3614535966448,2949.9949077894053,6.1051
-9.73423,1,45,19.41,20.9899,19.857191111111117,19.6848,18.8532,0.674843416121716,0.514056660352058,0.283111090261102,0.1050983898025607,1042.1010241938757,2951.899980636801,2.1366999999999976
-13.61512,0,4,19.66,21.0621,20.10835,20.3783,18.6147,1.080321105042386,0.489226413384963,0.347887116780804,0.1540439750594236,1464.9547528667747,3010.798773217902,2.447400000000002
2.24427,1,37,13.73,13.7075,13.54137027027027,13.5351,13.5154,0.0297965496218833,0.0532324078212782,0.0530469250721424,0.0001403688711885,64.29445194444358,369.0034788429985,0.1920999999999999
-12.80243,1,64,16.9,21.0353,17.7434015625,17.14055,15.9761,1.4139444957216831,0.4292704060726829,0.147336368932328,0.0999508246559568,812.922635331351,2516.1341527429977,5.059199999999999
34.91894,0,225,14.89,19.8341,18.001458666666668,18.3695,14.5239,1.2701152371185516,0.2507523566299069,0.1281588539918708,0.0371512020557439,1087.2810246458305,2949.9999530441128,5.3102
23.17672,1,392,16.86,20.6662,19.095682908163266,19.18865,15.8773,0.5821957950497584,0.393527805755584,0.1846612347500105,0.0384626582278452,906.0103696554067,2992.920246076217,4.7889
47.66534,1,160,14.45,15.1764,14.490993125,14.47505,14.4236,0.0904250334918196,0.0749973954151729,0.0564694741339842,0.0032067313196254,878.119094331215,2952.947431898196,0.7527999999999988
15.89109,1,265,19.29,21.2955,19.84401132075472,19.8304,18.806,0.4852777783332766,0.569336526205408,0.2644555425175438,0.0731279805960681,862.9304209807017,2984.9288806943005,2.4895
12.68982,1,125,18.54,21.3261,20.27448,20.2609,19.195,0.4654786085310462,0.575491614190353,0.3254318250621511,0.0851294070728624,809.8866424288218,2987.975761204005,2.1311
-7.68135,1,40,13.77,13.8316,13.76832,13.76565,13.7345,0.0183038905770446,0.0535350312168597,0.0532269239790508,0.0002547566809964,164.64897086638308,401.9288465395002,0.0970999999999993
29.68731,1,37,18.82,20.9893,19.103094594594594,19.0451,18.5738,0.4294722723852461,0.509044534198931,0.1831946545173512,0.0655858160132682,355.2076514067095,2926.165644375091,2.415500000000001
21.71335,1,18,18.16,21.1413,19.9846,20.273,18.1639,0.9966120650660882,0.5149823111368971,0.3168105781329263,0.1354493013580998,885.9380894222703,2708.767795972497,2.9773999999999994
-22.0874,0,131,17.19,19.252,18.519683206106876,18.5453,16.6538,0.3490884673309731,0.6352350477760931,0.1579083056994214,0.0662561853420797,873.2202201815686,2927.0098190046992,2.5981999999999985
-16.48386,0,55,18.07,20.9042,19.61052727272727,19.6592,17.8616,0.7397138246582747,0.4874174843233589,0.2638082526550427,0.0932422086973633,879.5753379286651,2875.0865325694976,3.0426
-2.62299,1,9,18.89,20.8583,19.784522222222225,19.7921,18.8879,0.6768349979459133,0.466502423181017,0.26229776748297,0.1153921983288881,785.5514301981883,2626.806718541593,1.9704000000000013
25.4198,1,194,17.47,20.6446,19.0472587628866,19.44635,16.3416,1.0666575187137228,0.615403775520838,0.207016391662153,0.0823815446155111,983.883226369923,3118.647860636396,4.303000000000001
-12.60215,0,221,18.54,20.5586,18.9236185520362,18.8736,17.9764,0.4219286201692149,0.908666221523056,0.1784750419137175,0.0689109613156517,967.1633959190872,2969.9480717475963,2.5821999999999967
30.94361,1,53,16.68,20.4709,18.562518867924528,19.0657,15.4636,1.614653932921445,0.365080846651141,0.1882249928221563,0.0937070060181871,836.9904494691758,3120.7627429398053,5.007300000000001
27.01021,1,13,18.88,21.2683,19.123715384615384,19.1184,18.1726,0.8780540405219499,0.5529944959541839,0.2053802913729105,0.1211872136766848,207.32033851179008,759.9604509725032,3.095700000000001
11.60207,1,4,17.88,19.8534,19.53555,19.55805,19.1727,0.3476496752000022,0.2626971932406139,0.2196998037907674,0.032868688596463,315.2731172210288,650.1337057060009,0.6807000000000016
25.27449,1,517,15.3,17.6972,16.15623152804642,16.2702,14.512,0.3526106962263103,0.131279176292643,0.0708450057685809,0.0095771573540642,919.1987842608185,3126.2720846524026,3.1851999999999983
32.41108,1,64,17.03,21.3023,18.6030703125,18.5445,16.5105,1.5533631513262809,0.681962728818509,0.2063493260820455,0.144705898807903,836.6460220441625,2894.0882751387035,4.791799999999999
26.80914,1,58,19.67,20.8539,19.931541379310342,19.92285,18.8764,0.5318686914308648,0.509044527453656,0.309641941205606,0.0840620737302574,771.6609488579442,2572.990755566898,1.9774999999999991
41.34992,0,4,16.21,16.4985,16.44095,16.4292,16.4069,0.0398022193686058,0.0719021697426437,0.0712570675258055,0.0004662840379183,0.0070276597134542,0.0163387847060221,0.0915999999999996
15.67684,1,41,12.87,13.126,12.95050487804878,12.9521,12.8269,0.0499792704589587,0.0517066980895089,0.0515481029668024,9.48766688277576e-05,41.16065371767101,215.60190967549715,0.2990999999999992
-11.43356,0,13,16.24,20.4068,18.62068461538461,19.5243,16.0616,1.6715026342815786,0.345393128993561,0.192000981689486,0.0918029173109495,491.85353192135005,1553.786526794087,4.345200000000002
2.34275,1,23,18.88,21.3269,20.436330434782608,20.4224,19.0337,0.5767480483749794,0.552433807435583,0.373827019021254,0.1027540874508759,851.4201880052669,3005.796880659698,2.293199999999999
1.49869,1,299,13.66,15.05,14.89620635451505,14.8975,14.198,0.0562225681932946,0.109012255274421,0.0582959274634939,0.0043834767068891,964.9735199776246,2963.924247581097,0.8520000000000003
3.95574,0,131,18.85,21.0231,19.42793893129771,19.5639,18.0929,0.7271803806032139,0.495180937452897,0.2432875382749994,0.0818502566472507,844.3384194610472,2883.0267728934923,2.9301999999999992
1.19808,1,17,19.9,21.1813,20.028205882352943,19.8963,19.3097,0.5872938856213604,0.542861355248913,0.28212802917304,0.1101723109121653,169.52925924170376,739.0360340623956,1.8716000000000008
33.35653,1,39,18.34,21.305,19.02492307692308,18.7664,17.7051,0.9395837159031032,0.570248607890352,0.1990330695732476,0.1145818171312184,968.0773460727472,2859.1112109954047,3.599899999999998
13.16282,1,88,19.03,21.234,19.889020454545456,19.90405,18.5291,0.7104390362124712,0.554402880134858,0.2877548266695974,0.1073707418227686,839.5380380993686,2987.919329212993,2.704900000000002
-15.28853,1,108,17.21,20.1674,18.58806851851852,18.99385,12.6688,1.1661808354062464,0.437846607756537,0.1771479210834521,0.068602701942145,979.8520113886534,2918.972991214898,7.4986000000000015
-6.00948,1,147,16.53,21.1575,19.53281768707483,19.6317,16.5314,0.7883997535932182,0.5355152371206671,0.2509463490158372,0.0858647386743022,839.2940170332492,2951.9461085648,4.626099999999997
-6.77671,0,293,17.09,20.1602,18.76601877133106,18.8132,17.0907,0.3412428452095458,0.96900561628683,0.1630759798834105,0.0611951237047549,844.6494715026209,2919.023425103885,3.069500000000001
-6.74543,1,146,17.52,20.6674,19.31895547945205,19.31575,17.521,0.5583725797327042,0.468107997947693,0.2424681153570785,0.0676390175117647,859.647132363901,3069.7070713424982,3.1464
46.69388,1,11,20.45,21.2502,20.2453,20.6777,18.3559,0.9737066847875704,0.565428519789496,0.3703643781314037,0.1613843559581795,695.1127990748779,2222.986838529796,2.894300000000001
7.00008,1,162,19.09,21.3864,19.49126851851852,19.33035,17.2457,0.6591036861731144,0.553838383774299,0.2249097586698848,0.0838946315738527,577.268138810763,2810.2489409377013,4.140699999999999
-8.29153,0,2,17.47,17.51,17.487900000000003,17.487900000000003,17.4658,0.0312541197284466,0.0932155193267978,0.0926579756618402,0.0007884858125982,0.0074021967254952,0.010468287000549,0.0442
22.84566,1,34,18.25,21.3,19.18745,19.0346,18.0927,0.9147239196841984,0.5581099612588629,0.2170005398496131,0.1251483027963909,732.4430409088702,2711.7215186688045,3.2073
62.00675,1,117,14.63,18.0089,17.069875213675214,17.2463,15.1625,0.65168737929211,0.277173330673964,0.0927996475469945,0.0311875856078194,878.239243226477,2706.7240249421884,2.846400000000001
20.67151,1,395,15.4,18.8301,17.919394683544304,17.9443,15.3919,0.4842418432334821,0.407911235688926,0.1135665174800136,0.028019528481943,902.523785770402,3031.7828272106053,3.438200000000002
19.18552,1,448,13.62,19.4821,17.88447455357143,18.0441,12.6551,0.8635359849697112,0.7311965435585991,0.1169917865822864,0.0426020368870205,903.6668251271576,3122.288070590199,6.827
48.5142,0,159,17.0,21.3392,18.94797610062893,19.4212,16.47,1.3677848563824846,0.59747378284723,0.2098038443485538,0.1071524730909626,888.2847045907977,2904.1782376850024,4.869200000000003
1.37532,1,19,18.95,19.6669,18.987594736842105,18.9897,17.685,0.5065151379482743,0.665861291352527,0.248941873304291,0.1333143475470906,1070.4781692682068,2539.0381297572894,1.9819
30.18388,1,67,15.39,15.4577,15.411607462686568,15.4161,15.3408,0.0263136979734938,0.0626162133787685,0.0607578593486832,0.0011241940250844,166.93643067729025,472.92499112289806,0.1169000000000011
0.72563,1,2,19.09,20.42,19.263350000000003,19.263350000000003,18.1067,1.6357501169188404,0.433282498475941,0.2762821304813215,0.2220320497155577,631.6549000328624,893.2949263658957,2.3133000000000017
38.16288,1,267,18.58,21.2424,19.79547715355805,19.8005,18.2766,0.420725553619647,0.527932862522568,0.2481204569286709,0.0609802832251383,822.4115013585357,2912.9655785992,2.965800000000001
5.09127,1,2,17.85,20.7227,20.44495,20.44495,20.1672,0.3927978169491248,0.4282832282185109,0.3605865795315194,0.09573751870035,617.8677067571949,873.7968906483875,0.5554999999999986
-14.26955,0,14,19.16,20.5704,19.341507142857143,19.29385,18.2139,0.5102948114183015,0.384687803406657,0.2090375959502266,0.0602927335426592,100.14615405268124,385.9947602431057,2.3565000000000005
67.55935,0,21,13.84,13.7857,13.759666666666666,13.7642,13.6974,0.0210170724253722,0.0535377342907168,0.0532461771238692,0.0004051692671246,103.06218646481577,289.07133775439434,0.0883000000000002
25.76412,1,12,18.62,18.8055,18.36660833333333,18.62425,17.7424,0.4281440612655619,0.162501099758431,0.1371188718842881,0.0185674596037997,774.1294853291222,1802.087904224798,1.0630999999999986
-8.82816,1,16,18.57,19.0855,18.65424375,18.6505,18.1726,0.2031245528200202,0.177837112205421,0.1466881795610375,0.0125788461214118,14.059381180811014,31.967953889201453,0.9129000000000004
27.1622,1,171,19.81,21.3187,20.12323567251462,20.0555,19.3721,0.4354212630410058,0.55639081764499,0.2966203794584089,0.0830071279362432,548.8880946738786,2318.809182048615,1.9466
0.29226,1,261,19.26,20.922,19.51672222222222,19.5908,17.9588,0.4601332992945173,0.5063655281073101,0.2309218183580685,0.0541667121601596,858.1940824052688,3005.840527581008,2.9632000000000005
28.63784,1,9,17.92,18.9897,18.49417777777778,18.6388,17.9068,0.3728396967121982,0.16697951599116,0.1381436775615095,0.0193421935569237,740.2374110985343,1875.864629698888,1.0828999999999986
35.84971,0,225,13.77,16.6448,15.099004444444445,15.0604,13.748,0.6995890927114827,0.0759454185934059,0.059787205898234,0.0056142199506214,1074.2888926654964,2949.9334740741906,2.8968000000000007
3.01764,0,9,18.41,20.3254,18.95402222222222,18.8221,18.41,0.5985014761422437,0.464560248452948,0.2037994979997452,0.1010399870895271,219.00030082926887,664.0668627665145,1.9153999999999984
6.79945,1,82,19.41,21.2391,20.21238780487805,20.23955,18.4423,0.5726156046717905,0.567824958599617,0.3271612674093442,0.1060718301143384,691.2717020881936,2957.9695983327983,2.796800000000001
20.69279,1,17,18.8,21.2624,20.25688823529412,20.4622,18.7995,0.8342740773288739,0.5463648257382879,0.3426150304470757,0.1410458648408824,698.4644789984274,2297.882273449097,2.462900000000001
13.31854,0,29,18.18,19.893,18.61635517241379,18.2262,17.8348,0.6938415728938868,0.286700345587871,0.1650826846542148,0.051975924498731,736.9908110381416,2192.0419094907047,2.0582
8.42057,1,38,19.92,21.2212,20.200602631578946,20.26,17.6073,0.7259202195338185,0.5850647350250009,0.3437971033296638,0.1047158382149061,818.1590132261529,2905.0617302778046,3.613900000000001
6.00785,1,349,13.71,15.8958,14.442487392550143,14.5266,13.1053,0.6379749496589342,0.095728126240871,0.0566009550483099,0.0051972671457681,908.54041653082,2979.936874860905,2.7905
30.13205,1,38,17.09,17.0294,16.959007894736843,16.9809,16.6935,0.0672233686104768,0.0846459714061553,0.0818228178002953,0.0023821522523081,65.42760263489373,367.9885617131004,0.3358999999999987
-2.97396,1,113,15.75,20.75,18.828620353982306,19.037,15.6938,0.955044139608152,0.431406987129378,0.18259645463694,0.0649247154248557,940.4741410947596,3087.700797014004,5.0562000000000005
32.44168,1,25,18.32,21.0514,19.842636,19.9949,18.0154,0.7864652020697835,0.8771973444143499,0.3006650735487513,0.1501081598331377,1013.8969799376666,2926.994904930696,3.0360000000000014
-6.84977,1,90,17.44,21.3113,19.67477333333333,20.0946,17.2764,1.208887303211167,0.591015304025047,0.2843734368068993,0.1313289828415109,837.1804299917183,2928.9253674996944,4.0349
11.93162,1,84,14.34,21.1105,19.88393571428572,20.11675,14.3414,1.3594582394223151,0.559553455343515,0.3210725982174394,0.1168697046941226,978.6122207840672,3017.9149854396965,6.769099999999998
20.22315,1,80,18.98,21.1784,19.90207,19.84325,18.9251,0.5125378013598471,0.5780036196340229,0.287779297074211,0.0898814737861452,883.8885542247859,3027.742631643596,2.2532999999999994
55.29152,1,107,18.82,21.0342,19.58095140186916,19.5131,18.6416,0.4369006362067087,0.551595605001999,0.2406876111911806,0.0692250296414527,793.3570995964465,2701.677563032601,2.392599999999998
8.16404,1,35,18.25,21.253,19.70934,20.16,17.1242,1.2768953207360632,0.609149125777203,0.3047520653479889,0.1538901500888553,926.8115454862032,3027.79323811359,4.128800000000002
-7.6352,0,268,18.18,20.814,19.197375,19.15865,18.2319,0.4792292387837383,0.439045974876501,0.198511293318898,0.0524941760777159,874.2990558680603,2951.9777431483017,2.5821000000000005
53.09197,1,2,15.72,21.1809,20.7795,20.7795,20.3781,0.56766532393656,0.545550965519109,0.440405851671719,0.1486976460202421,565.5563690821076,799.8174874424003,0.8028000000000013
29.31733,1,163,19.36,21.3183,20.20148834355828,20.1384,19.1517,0.4708230919099382,0.7271219022137541,0.3330185823274869,0.0998934844209355,908.9504924853984,3069.823212951298,2.166599999999999
-8.04104,0,5,18.27,20.4728,19.77636,19.7634,18.8087,0.6615061927147787,0.323857674441049,0.2512196118140928,0.0739826152496825,921.3259622329592,1885.8079274883055,1.6640999999999977
49.79271,1,8,15.7,21.0402,17.4566,17.0651,15.6996,2.030450828194144,0.565428519789496,0.1668679757854842,0.1699693525314341,518.5778262606552,1486.9433996879015,5.340599999999999
-5.55593,0,18,18.39,20.6288,19.06168333333333,18.86765,18.2563,0.6473239794814981,0.395319418015892,0.2238917742377954,0.058997332945066,709.0263217946818,1843.931986006908,2.3724999999999987
11.35593,0,91,15.25,15.4849,15.268859340659342,15.2662,15.2206,0.0331079479481619,0.0721363653564725,0.0604917965655438,0.0022002753955828,220.3786619051472,770.7936736689953,0.2643000000000004
43.70525,1,21,18.45,20.8094,19.28125238095238,19.2257,18.1594,0.743290393869749,0.4192725858508239,0.2178627504691497,0.0891243790453891,403.9863174938722,1880.9092819560028,2.6499999999999986
-13.25698,0,10,15.95,16.8864,16.37295,16.343249999999998,15.8696,0.4854870870236059,0.0802240602898672,0.0724334563358241,0.0071308513793525,6.309677708799941,11.997322673392771,1.016799999999998
14.82425,1,285,18.42,20.6622,19.23179719298246,19.2794,17.605,0.4658208299613691,0.472647872631446,0.2010769350017498,0.053137882718933,924.246145896916,2989.924065208092,3.057199999999998
22.40007,0,345,17.72,20.4483,19.04308724637681,19.0702,17.217,0.3730890560338396,0.429979362151044,0.1932685207031007,0.0416430865529182,869.3275084670837,2943.9232269096974,3.231300000000001
14.01085,1,36,19.08,21.2002,19.413911111111112,19.42835,18.0438,0.8073355003706523,0.518493733848566,0.2225901037847477,0.0845852999092966,334.8741154912397,2097.1976858451017,3.156399999999998
24.48776,1,319,17.68,21.1826,18.404718495297807,18.2444,17.0576,0.7685833396189813,0.6572881107615369,0.1436076554444564,0.0638427310372786,922.0061535235776,3031.8111782177,4.125
-18.17228,0,14,16.32,19.2316,17.385535714285716,17.2103,16.2824,1.0279619056149931,0.2115819369450549,0.102988743675082,0.042427185114117,450.7851808551263,1862.9116005788965,2.949200000000001
12.80367,1,3,19.96,20.8659,20.445400000000003,20.5136,19.9567,0.458420756510871,0.422082762747294,0.3421591453721269,0.0828065196271893,0.0053839467710301,0.0107678934000432,0.9091999999999985
-14.69582,1,99,15.84,20.8807,18.503843434343437,19.5744,14.5898,2.042478196079839,0.5163791737612909,0.2150469186701847,0.1213838526997078,757.331947303992,2926.9945113193025,6.290900000000001
13.7132,1,53,19.22,21.3118,20.514556603773585,20.4825,19.4193,0.4674792885208243,0.5900124057604941,0.3905335566185186,0.0954708116392953,938.5982798483404,2887.110938368401,1.8925000000000016
-1.21039,1,5,18.87,21.1172,20.20582,20.6772,18.4786,1.1019501041335762,0.525224025812102,0.3578615647957942,0.1708320605262455,846.0632779389729,1961.679692025304,2.6386000000000003
22.43226,1,7,19.73,20.2565,19.63271428571429,19.5747,19.208,0.3779931191109674,0.321443246850266,0.2351767914759768,0.0476579278120218,5.856872189974236,10.98197128490574,1.0485000000000009
18.83964,1,182,14.85,17.4011,16.545903846153845,16.63475,15.185,0.5169400902875022,0.254118829749551,0.0886026554798535,0.0283283956999636,752.5253319167364,3102.280951446897,2.216099999999999
-3.96902,0,228,17.41,21.1824,19.101808771929825,19.0046,17.6941,0.704818266083289,0.54339643216192,0.1990126280890675,0.0785998391468262,971.7967644255028,2958.001238286997,3.4883000000000024
27.3579,1,13,18.67,20.8124,19.019446153846157,18.8506,18.3384,0.6892840205790651,0.4541758373302179,0.2006363135985673,0.0840954257670236,362.1358622155804,1313.2436562036964,2.474
-12.27287,0,28,16.57,20.4621,17.988642857142857,17.367199999999997,16.0036,1.5415414282893207,0.354353453776043,0.1488704425414322,0.0920040123817115,1175.4906432548205,2875.060226967391,4.458500000000001
2.14972,1,64,18.82,21.1398,20.1913828125,20.154,18.7407,0.4823709056859486,0.5474550088984621,0.346845062989755,0.0931225692225852,988.2338502270547,3034.768723032401,2.3991000000000007
41.7404,1,9,19.29,21.2264,19.930633333333333,19.8226,18.9349,0.8400637044296119,0.546636823422438,0.2952528117270501,0.1295944836902577,820.6028701628044,2248.946754074197,2.2915000000000028
32.55962,1,250,17.24,20.9531,19.330290400000003,19.3388,17.7799,0.6460820958719303,0.469367199667371,0.2140899056793442,0.0684165781479379,880.6887673391586,2982.057145926199,3.173199999999998
27.21929,1,71,16.17,21.3229,19.722749295774648,19.8233,16.1742,1.033517874456423,0.522552126353229,0.2668504987490716,0.0994051678195998,1133.523690780126,2883.113155671293,5.148700000000002
4.14366,1,219,17.54,21.2956,20.201442465753424,20.2315,16.7231,0.6375099915571326,0.5708588524217739,0.3216484208648111,0.0914421605385379,863.3662657821226,2932.984708425589,4.572500000000002
17.14118,1,191,17.65,20.6943,18.733675916230364,18.7918,16.8151,0.6708068257083554,0.408774134502854,0.1634255553462814,0.0513035048690477,918.4483975227188,2962.978247661995,3.879199999999997
4.9524,0,288,17.14,20.7104,19.24109027777778,19.3778,17.0617,0.6934890922644849,0.489833428240534,0.2278599999752071,0.069947064776065,903.6644771224344,2953.8554496528013,3.6487000000000016
18.43176,0,20,14.8,14.8209,14.80289,14.80145,14.7837,0.0090339068892817,0.0594616749962286,0.0587819025131659,0.0003329063830693,21.989770759578835,58.92027802069788,0.0372000000000003
57.63603,0,206,18.32,20.3817,19.195711165048543,19.21225,17.7676,0.4869823277422606,0.491871628202757,0.1962568179003459,0.0524648603242875,810.7027976856887,2820.3018878242,2.614099999999997
7.59911,0,12,18.81,18.83,18.195875,18.01465,17.7098,0.4523569731267138,0.139373780741121,0.1193998438134666,0.0136425421676478,16.713504766122053,36.96371733779961,1.120199999999997
-6.34579,1,312,17.94,20.5577,18.889454807692307,18.882,17.5549,0.3342483188085321,0.395206771676926,0.1669900008859272,0.0313696513518594,885.764828533282,2969.910101064488,3.0028000000000006
34.41457,1,12,18.79,20.9381,19.66165833333333,19.25855,18.7828,0.8091138940597951,0.5365484040466799,0.2588786049519777,0.1167132420890691,588.4600537391879,1494.959738356396,2.155299999999997
40.07955,1,433,17.19,18.8148,17.820289145496535,17.7016,17.2602,0.3370830585735151,0.231425452352075,0.1093081944916336,0.0186780846820123,886.4868096830846,3113.248281238608,1.5546000000000006
40.24677,0,9,16.56,19.731,17.146522222222224,17.3639,16.1787,1.1312805363588856,0.447859640878879,0.1215477826510817,0.1228780824451768,478.5185860005773,1349.0950093521096,3.5523000000000025
-7.94484,0,20,17.83,18.4454,17.853755,17.83345,17.5116,0.2332582473862053,0.143774878653746,0.1118369946717197,0.0126445386428335,704.3641244003286,1841.8995143750944,0.933799999999998
36.35301,1,314,18.51,20.7721,19.128233121019107,19.18495,17.8616,0.5191041478159145,0.567223301936036,0.1882011058092057,0.0555669342510289,863.0870660797067,2922.0039948265985,2.910499999999999
-21.02479,0,117,17.49,20.308,19.206894871794876,19.2929,16.8835,0.7033871618505917,0.3334316894459279,0.20296273530466,0.0539865910093498,939.377121388424,2959.911906597197,3.4244999999999983
-2.24644,1,4,18.78,17.7768,17.71855,17.705849999999998,17.6857,0.0406553399526648,0.105194199094975,0.1032798728495507,0.0013507194442938,0.00992719198731,0.0230435068006045,0.0911000000000008
-10.73806,0,7,17.96,19.5219,18.64337142857143,18.83,17.9573,0.5997705331049132,0.2236085704897089,0.1533505184042139,0.0408316807360186,19.007335047085867,43.8662012148925,1.5645999999999989
57.0799,1,5,17.32,20.8295,19.83792,20.7806,18.2417,1.3368937792509907,0.432847705489964,0.3078767966456728,0.1648295772963432,65.29832532902229,143.8204384720957,2.587799999999998
43.61439,1,35,19.04,21.1112,19.45658857142857,19.2454,18.4259,0.6505050914352586,0.511990263259519,0.2293736447429031,0.0891655607373184,324.00757961121366,2280.9026959031034,2.6853000000000016
-6.89331,0,14,17.91,20.2523,18.699142857142856,18.618,17.9142,0.6645301390563754,0.309763217113433,0.1611919893405644,0.0567539618813032,419.4574496254253,1611.6886603013045,2.3381000000000007
10.34559,0,11,18.15,20.6306,19.24646363636364,19.4695,18.0123,0.9356830930103722,0.428002320980946,0.2308463371733149,0.1086046371388396,524.0990684484656,1508.945964641396,2.6183000000000014
-13.70095,0,10,18.65,21.1031,19.20869,18.72255,18.0781,1.053516580526592,0.52134964005932,0.2210554557891764,0.1384003617486607,352.0583843561415,1072.0617961921016,3.025000000000002
-21.69168,1,134,16.85,19.3987,17.985414179104477,18.0532,16.3525,0.7444940989230698,0.208469045251907,0.119551823054831,0.0325693155975786,939.0699585727184,2959.9171240046053,3.0462000000000025
36.01507,1,210,16.93,21.0864,19.79349523809524,19.766350000000003,18.7481,0.4232457795765585,0.528927250951507,0.2590082343206356,0.0630809502823962,901.7543629416016,3082.8221942246964,2.3383000000000003
20.17796,0,19,17.48,17.6968,17.4914,17.4825,17.3349,0.0863212861607404,0.1248319252916,0.1108597705743625,0.0044572294298235,142.97572410494865,651.0813754857954,0.3618999999999985
35.94676,0,12,14.14,15.9574,15.098283333333333,15.3903,14.1205,0.797283276717462,0.0652611699827485,0.0593120559929277,0.0048907304319371,9.603875405404368,22.029646006900293,1.8369
2.11943,1,336,18.69,20.6629,19.307468154761903,19.30025,17.9184,0.3252183217528642,0.521589557277535,0.2003495442746602,0.0451258016919085,861.7568207063703,2899.093923530105,2.744500000000002
13.61204,1,237,19.33,21.2012,19.80043924050633,19.7132,18.63,0.4940067775776382,0.7938098840458359,0.2593716653097333,0.0845572007903245,852.8448894638757,2966.006493182904,2.571200000000001
5.88002,1,14,18.79,19.6542,18.424657142857143,18.6793,17.4627,0.6565246667277468,0.272825390830608,0.1451522979454056,0.0445972677684991,349.0987704877262,1327.2843211694053,2.191499999999998
14.7103,1,8,16.17,17.6725,16.323925,16.16885,16.0242,0.5509099401380024,0.104748569503549,0.0728252726477689,0.0129211897243713,31.950374775458226,92.8332384719106,1.648299999999999
-9.44691,0,80,16.16,21.208,19.7540675,19.90245,16.0812,0.9565618264342036,0.550483294521959,0.2647608896227569,0.086637861389095,662.2228170721139,2591.878766215399,5.126799999999999
28.9504,1,5,19.62,20.194000000000003,19.70136,19.6248,19.2414,0.3671420202047171,0.315865268882088,0.2621661059313501,0.036723566402653,641.3014816768451,1434.002875162303,0.952600000000004
-16.14945,0,11,19.09,20.5022,19.40487272727273,19.2954,19.0534,0.4280970102462971,0.3769709851657439,0.1959869684053175,0.0657549848271536,4.131403360235877,9.987198599796102,1.4487999999999983
18.93756,1,25,19.13,21.2923,19.271144,19.1222,18.5223,0.6113522048704827,0.5764302065205611,0.2047143135373433,0.100571925294164,831.7599541013036,2581.9353059953064,2.77
-12.1713,0,71,14.61,21.0635,18.96261690140845,19.6187,14.4478,1.9750131954702683,0.504820217251591,0.2420275336512831,0.1274196096684345,1134.0839482776346,2963.96880871521,6.6157
27.14659,1,57,19.15,21.3609,19.61558245614035,19.4336,18.7088,0.6497817059605506,0.584088352063124,0.2511190649182196,0.1037491475199071,676.9868418435987,2993.917854154897,2.652100000000001
64.38013,1,116,13.83,14.0379,13.847798275862068,13.84475,13.786,0.03079454774655,0.0558128540393436,0.0537060589944861,0.0006624878263626,795.8485437435961,2843.2406414584984,0.2519000000000009
39.71392,1,329,17.68,20.2941,18.630520060790275,18.6204,17.6633,0.3192462771121939,0.4778770562863049,0.1492922445283809,0.042956175946587,822.497688484027,2739.775348923504,2.6308000000000007
26.1021,1,5,19.52,20.5277,19.73272,19.5185,19.4806,0.4489583855993771,0.363555989903838,0.2453625016364035,0.0665706417668778,8.097616096520621,18.11725608769484,1.0471000000000004
33.91931,1,6,19.02,21.0799,19.56993333333333,19.1087,18.7969,0.951296953987902,0.4998308689530539,0.2547954887993746,0.1409097740449829,808.4190164113933,2218.9275976969147,2.2829999999999977
1.04078,1,346,17.68,20.4614,18.91104739884393,18.98695,16.2649,0.6543759586018661,0.4037905381822321,0.183573032673943,0.0584695629588071,966.8419065188776,3081.712922720195,4.1965
43.96323,1,20,14.07,14.094,14.066835,14.0657,14.0509,0.010212132876864,0.0552997544630085,0.0547191227314893,0.0004248293774427,176.2015733299511,365.12488195601327,0.043099999999999
-22.2933,0,3,17.5,21.0221,20.948633333333333,20.9864,20.8374,0.0979707269205107,0.499403274401882,0.4713612827985233,0.038193337254563,960.5093379319704,1822.081030647707,0.1846999999999994
-7.97812,1,3,17.88,17.9438,17.892733333333336,17.8805,17.8539,0.0461816341561589,0.110416269493675,0.1084372772207056,0.0017246393226588,0.0105666386357363,0.0207488657979411,0.0899
5.68492,1,9,19.34,20.9857,20.675922222222223,20.6138,20.2885,0.2328959144004991,0.516612993202041,0.4152234755964537,0.0772223823155104,974.4258724788912,2781.2736882525933,0.6972000000000023
22.91926,1,104,19.28,21.2851,19.900360576923077,19.84305,18.8186,0.5365856200589364,0.5624705464684671,0.2806104970226714,0.0893523121226234,360.5872515483782,1935.816905220105,2.4665
28.94749,1,216,17.98,21.4414,19.678311574074076,19.74545,17.8898,0.7745749454064937,0.6859016717116428,0.2584268361577206,0.1060588889302017,796.5729762529566,2977.9816800695044,3.5516000000000005
-15.85323,0,29,18.66,20.7471,18.96228620689655,18.4344,17.8979,0.9389193658228808,0.422895237563041,0.1980091854885684,0.0988131987293959,199.161913034778,745.8722413311916,2.8492
-4.26188,1,206,17.27,20.4654,19.40430242718447,19.39955,16.9638,0.505579286917428,0.463510102916345,0.2595210933008772,0.0608175194689232,937.4125106776044,3069.725078830903,3.5016
27.62196,1,14,20.04,21.4367,20.75406428571429,20.806,20.1107,0.4594426098037672,0.616900276587505,0.402539871050715,0.1166577167826985,760.7592625046502,1940.9184682751,1.325999999999997
0.47051,1,23,17.55,20.9986,17.93248695652174,17.5327,17.0673,0.9993069231423932,0.6336185244124699,0.1628739895582239,0.136871318678802,1086.5918825908093,2630.8431987734,3.9313
5.37809,1,85,12.51,13.2037,12.569621176470587,12.5372,12.4088,0.127706495802007,0.0512921992548224,0.0508073281770092,0.0002615700247679,197.7909327705191,632.2223620833975,0.7949000000000002
-10.53897,0,208,18.24,20.0839,19.11752307692308,19.0887,18.4122,0.30370698382696,0.7775546371601642,0.1942830800139522,0.0564574659715632,841.0046401992387,2575.968177210503,1.6717000000000013
24.2615,0,130,19.29,21.2814,19.98584230769231,19.94715,18.9326,0.505187475043047,0.620302870420346,0.3027893360494108,0.0939108127820261,715.090328349319,2917.02184691,2.3488000000000007
44.99215,1,105,13.93,16.5418,13.79310761904762,13.857,12.1323,0.5585555271094081,0.0740160628970666,0.0536353146728762,0.002425387991401,494.4340898074081,1588.8987173493952,4.409499999999998
1.29525,1,4,18.02,18.1841,18.107525000000003,18.11185,18.0223,0.066409255128082,0.115744490915059,0.1127533685379372,0.0025906934270781,0.0069159408606985,0.0160781136146397,0.1617999999999995
41.71687,1,355,17.92,20.4551,18.90064366197183,18.8988,17.6983,0.3142146389960727,0.711943750312163,0.1698906896371259,0.042226511812892,910.146917128109,3069.7102882289983,2.756800000000002
65.36683,1,84,16.69,16.8208,16.674736904761904,16.6741,16.5922,0.0370511589652132,0.165412998841934,0.080636487233743,0.0184370736969343,908.1833806166876,2599.7786879859923,0.2286000000000001
-17.96542,0,19,14.49,20.0784,18.316915789473683,19.191,14.4919,2.0750486974909923,0.304580086452916,0.1799270541295502,0.0815375995202069,744.3560765038291,1932.7798792245007,5.586499999999999
47.45137,0,133,17.69,20.8185,19.394064661654134,19.5715,17.6757,0.7397166776620878,0.497491227328425,0.2268453568816567,0.0743798431475356,941.7719375144997,3081.670460867703,3.142800000000001
49.84091,0,247,13.33,16.7844,16.354765587044536,16.4085,13.3287,0.4047322019241229,0.1812155607362749,0.073122119804749,0.0092125593409032,862.919740001622,2904.185266041706,3.455700000000002
21.328,1,4,19.75,19.9467,19.762025,19.7557,19.59,0.1460428561530273,0.268636419650179,0.2407623820226624,0.0207628838150412,0.0077129996834407,0.0179205666936468,0.3567
8.92073,1,335,15.83,18.4342,17.557487164179104,17.5598,16.8123,0.1493845286821862,0.299435594785723,0.1007768833933326,0.0224247702649292,923.538137379717,2987.950014455695,1.6219
-5.48553,0,13,18.82,20.7728,19.69992307692308,19.8555,18.7235,0.7210887117799101,0.4007160719659439,0.2482226802525529,0.0892088122541659,29.127952955194583,108.72768813699076,2.049299999999999
-15.56903,0,24,14.0,13.861,13.779425000000002,13.7749,13.7456,0.024232375935476,0.0560906138636683,0.0534020920187114,0.0008327546607834,52.03840825328866,146.78355490749527,0.115400000000001
43.22054,1,47,18.48,21.5385,20.14167872340425,20.2158,18.3629,0.8262421418257302,0.7092229041044241,0.3409577746823637,0.1463878524997817,638.8023685225219,2614.959371261306,3.1755999999999998
-0.16401,1,328,13.85,19.2533,17.70742317073171,18.0109,12.2673,1.2826353616757578,0.426883729353103,0.1261800690133766,0.0423036492370896,932.6223069962564,3005.843377696794,6.985999999999999
-10.79694,0,120,19.01,21.1444,20.019335,20.01945,18.7875,0.5655020472884205,0.539417322980019,0.286454029552122,0.0821917948871386,887.0245150836048,2951.0144665512053,2.3569
11.41181,1,31,19.04,21.565,20.69111612903226,20.7152,19.6187,0.5611785984852323,0.6020019555096761,0.4058990263397655,0.1153055297311959,675.2535174471243,2650.800751342402,1.9463000000000008
21.53328,0,133,14.77,16.5121,15.659011278195488,15.7367,14.6935,0.518259079450081,0.0751215009918622,0.0651990526110504,0.0049021256862068,837.549438234787,3121.728156366,1.8186
35.0943,1,149,17.82,21.4791,20.047970469798656,19.9982,18.9684,0.4663097503926595,0.604834056667981,0.295388832629247,0.0809868934622193,914.1144306383624,2980.9702729862984,2.5107
22.3401,1,214,14.69,17.3332,16.979335514018693,17.058500000000002,14.6933,0.3827526586452,0.1218016029845419,0.0867479911884959,0.0077081168265415,938.8765663439054,3121.7260316087995,2.639900000000001
37.1765,1,109,17.43,20.6807,19.310946788990822,19.3832,17.3844,0.6378165026332084,0.7974614969835458,0.2179713782982447,0.0912229857682786,548.6337034862535,2254.9059036457984,3.2963000000000022
11.85577,1,30,19.69,21.0965,19.21668333333333,18.98315,18.5922,0.5812835144706947,0.488420207199402,0.1877976214380962,0.0702633313748175,36.37476619874509,141.72166962970368,2.5043000000000006
-21.92087,0,128,17.02,18.1127,17.5457609375,17.678800000000003,16.7711,0.3468800035852504,0.121799064183166,0.0978153153352635,0.0105920999692297,824.2392666651991,2916.0793289117937,1.3415999999999997
25.94038,1,364,15.0,16.0227,15.227296703296703,15.234649999999998,14.6317,0.3092005776745619,0.121844752018095,0.0642934612266981,0.0073994916034889,940.7885048060258,3120.320450798696,1.391
3.82373,1,2,19.04,21.1291,20.9178,20.9178,20.7065,0.2988233257294369,0.525468731037611,0.456290029567308,0.0978334578466621,1085.9994395450592,1535.8351361341993,0.4226000000000027
27.63701,1,122,19.36,21.484,20.35868196721312,20.34375,19.2815,0.4868687876279862,0.62491765664946,0.3449482444639272,0.0995363679494348,772.368430656239,2985.939990798397,2.202500000000001
24.32977,1,241,19.38,21.3655,20.149621161825724,20.0876,18.9117,0.4990956391400784,0.5799068692430369,0.3155270278851325,0.0924389035992959,850.2086365405863,2977.968972430499,2.453800000000001
-7.20344,1,60,19.09,21.2299,20.252738333333333,20.28895,17.5605,0.6683223661645771,0.63161302452257,0.3407414021469614,0.1060654635652673,963.9013169609824,2965.0199436229013,3.6694
-16.41154,1,171,18.57,20.6973,19.171708771929826,19.1879,18.0397,0.530072167988037,0.4224884626904799,0.1918536717613601,0.049463042676212,870.1421888646507,2940.975061435187,2.657599999999998
8.78705,1,357,16.86,19.5199,18.56972801120448,18.6186,16.8575,0.3676553232105847,0.5488259651074701,0.1532439465444192,0.0352398249574819,905.561315928342,3123.640892094889,2.662399999999998
32.67611,1,21,19.22,21.4089,20.20677619047619,20.1202,18.3881,0.6929098035854027,0.620683998131875,0.327504275367882,0.1217491050893128,593.6204496111358,2008.731432963199,3.0207999999999977
33.54138,1,269,18.17,20.8222,19.611781040892197,19.6168,18.141,0.4202820957995441,0.426466321694757,0.2268771861830933,0.0515503507697958,869.6645574361528,2934.963320231589,2.6812000000000005
4.87015,1,296,18.87,21.278,19.89285675675676,19.9347,15.9305,0.4808083622136049,0.659516034633033,0.2675073576898223,0.0662991355193003,864.2069012460322,2948.9958409260944,5.347499999999998
16.61665,0,335,15.47,19.977,17.853571641791046,18.0359,14.951,1.01596526447735,0.35377408136746,0.1270499502994309,0.0452058348714297,909.7585849612718,2975.880103704003,5.026
-20.98954,0,34,18.44,21.1621,19.80437058823529,19.84755,18.3904,0.843857954989846,0.533975464329886,0.2838696156337878,0.1146269282197811,802.0488863393076,2919.0372338542,2.771699999999999
11.9668,1,57,17.05,20.9725,18.120552631578946,17.8641,16.9877,1.0457039355151538,0.500474116120187,0.1584662602043816,0.1045352845769988,842.1417885677515,2834.1578421295053,3.9848
21.81833,1,15,18.17,21.2409,19.459893333333333,19.4769,18.0335,1.0287970273692522,0.551038700336465,0.2708406753824068,0.1456793593156891,378.6937602444698,1704.1547438659036,3.2074
62.15576,1,109,14.69,15.2534,14.7989623853211,14.7862,14.7269,0.0649174258820112,0.0821370219893897,0.0584015144516549,0.0047614296713334,785.3511259932485,2653.9854869097835,0.5264999999999986
-2.10465,1,87,18.89,21.5183,19.8858367816092,19.8483,18.3242,0.6814005972849004,0.558974872808053,0.2850477425578787,0.1055810741966237,675.899036413288,2987.9280022913954,3.194099999999999
-2.92029,1,91,19.75,21.123,19.80467472527473,19.7643,18.4983,0.5430363948501694,0.5201545552463189,0.2624052545199679,0.0795385992403422,608.4586169636723,2951.036940521102,2.6247000000000007
1.4532,1,359,13.64,15.8633,14.44635208913649,14.3893,13.2009,0.7302912456358275,0.0823337007995707,0.0566498942936402,0.004433386206774,891.9336831866882,3005.811480914293,2.6624
4.81581,1,4,17.65,17.8237,17.621,17.6266,17.4071,0.1709422124578936,0.104453603249743,0.0979806604400402,0.0052828878014955,0.0083021511636618,0.0192945949020213,0.4165999999999989
-6.10192,1,245,17.05,19.9182,18.549271020408163,18.4934,17.8593,0.3414220033355476,0.268339169320265,0.164999075457523,0.0222317527266521,910.8689913096852,3071.725948495397,2.0588999999999977
10.61334,1,61,19.12,21.3559,20.422852459016397,20.5398,18.7242,0.7040531543869286,0.558974872808053,0.3681620728135296,0.1184666765228782,930.3165953706892,2987.940337604392,2.6316999999999986
-3.62884,1,8,19.98,20.3841,19.8009625,19.85585,19.2711,0.3884884184245392,0.3394460831320799,0.2530267516016019,0.0508228431585857,13.335725888790297,24.970825335498372,1.1129999999999995
16.10184,1,24,18.25,21.2608,19.035204166666663,18.8184,18.0409,0.8708557452944305,0.5546857174043629,0.1978746767617479,0.1174860673461334,24.69487561359258,94.98073711809413,3.219899999999999
65.19224,1,45,18.26,18.5433,18.308642222222225,18.2994,18.0998,0.1184373702712435,0.1665302076916689,0.1338472696659628,0.0106934484830528,279.7171679145899,1012.2073312385984,0.4435000000000002
8.98169,1,182,19.38,21.2614,19.67022252747253,19.6105,17.8177,0.5104076290889947,0.54339643216192,0.2540887957417257,0.072501461828034,630.9529644175918,2619.8205572106017,3.4437
-14.04032,1,111,13.83,14.9352,14.46348828828829,14.6349,13.6914,0.37577028929405,0.0610666686074981,0.0569702147621717,0.0021769633919759,1095.6495333459804,3067.6831841436,1.2438000000000002
30.6942,1,48,17.39,19.1326,17.95725,17.83595,16.7247,0.6351102477590093,0.212610351952032,0.134870407972709,0.035557331925467,763.0090320841207,1926.8288742360016,2.407900000000001
-3.42807,1,214,16.71,20.2817,19.16378364485981,19.28465,16.509,0.6398570464346688,0.334061595299074,0.1900273475755849,0.0477865009124667,868.2531088656453,2963.9598251619027,3.7727
1.73774,1,6,18.44,20.7413,18.879583333333333,18.328850000000003,17.9059,1.1836277107548077,0.4728319558039739,0.2072469910474816,0.1441803041126628,531.2658608532985,1616.7550497456104,2.8354
2.31694,1,208,18.11,21.1906,19.58571634615385,19.548,17.9837,0.5440151306169779,0.5360311424649461,0.2441931856998167,0.0763848293901183,887.8701716967547,2990.767853552905,3.206900000000001
36.24675,0,11,18.85,20.2548,19.317090909090908,19.2135,18.7009,0.5047285616141529,0.316765566377009,0.2038398007564242,0.05287175280363,7.012682653827942,16.951360486003978,1.5538999999999987
5.86888,1,33,16.65,21.2757,19.077093939393936,19.2152,16.6491,1.7781365653295929,0.54259434065371,0.254087167299999,0.1676479274252628,622.1639742182288,2584.924656018091,4.6266
13.2473,1,44,18.77,21.2333,20.166836363636364,20.2519,18.7708,0.6827236378093838,0.5365484195841121,0.3058350091718474,0.1039256194537385,836.3274460700725,2698.8238987962905,2.4624999999999986
35.35319,0,102,17.78,21.4046,19.979042156862747,20.2182,17.5923,1.045131407668104,0.590680503445439,0.3137481239546324,0.1352488623745343,920.4050121339618,2895.0127716088027,3.812299999999997
3.00323,1,48,12.97,13.0416,12.887495833333332,12.89085,12.7557,0.0747426078557472,0.0520917125219773,0.051470786307039,0.000290927357264,99.13807186215764,356.00175519669574,0.2859000000000016
11.5321,1,7,19.44,21.0825,19.907857142857143,19.8706,19.3116,0.6158136727321093,0.542327676998377,0.2821981896463575,0.1206975525671063,591.3450805041091,1230.7621783911964,1.770900000000001
33.11925,0,274,16.02,20.5662,18.063685401459857,17.94115,14.5101,1.32568324597189,0.371933975881849,0.1409900898322747,0.0691586573308463,911.9720526090256,3081.302142442306,6.056099999999999
20.0094,1,86,17.26,21.1985,19.362816279069765,19.2559,18.095,0.6754775311037318,0.5407350239390251,0.2149620853084892,0.0827882181776607,722.0324021596944,2282.935427140903,3.1035000000000004
17.91319,1,253,18.78,21.2394,20.01540632411067,20.017,18.6833,0.412481004612572,0.567523907442319,0.2857220265984917,0.0670037302597063,825.5868891430258,2983.9845414812958,2.5561000000000007
48.91624,1,259,15.97,18.4358,17.114111196911196,17.1687,15.2962,0.6703550016278537,0.125900279105221,0.0876582336949515,0.0150663491709422,844.4708074705217,2874.1575319441035,3.1396
46.08268,1,255,17.43,20.2865,18.14075176470588,18.1302,17.4321,0.2691827875935553,0.718586561898104,0.1257215316710014,0.0482080956773383,871.9886278534614,2919.999368402896,2.854400000000002
-6.1049,0,215,16.44,21.1218,19.08069813953488,18.9732,17.5496,0.6709298892966861,0.5857180530110511,0.2000497022243705,0.0807840591680931,945.69101365485,2951.028404328994,3.5721999999999987
27.44646,1,81,18.99,21.0202,19.761907407407406,19.7887,18.7762,0.4143227578765668,0.5122187614060999,0.2596184503287853,0.057997225471272,694.4724478803854,3069.820219166999,2.244
16.18206,1,12,18.85,21.1263,19.5013,19.3379,18.4747,0.8381802854452558,0.534743862587872,0.2560154547011935,0.1254639782022504,216.17850413418145,717.0236455672057,2.651600000000002
24.20146,1,261,17.43,18.7724,17.916257471264366,17.8992,17.3681,0.2869857037308459,0.298467104426468,0.1148342866053469,0.0225549863964445,976.3303986714816,3116.685558923906,1.4043000000000028
39.97617,1,322,15.93,19.2159,17.778238198757766,17.9117,15.9145,0.5179092010178307,0.594391291086247,0.1143428327155088,0.0491384400487272,862.1532413031108,2917.021307048395,3.301400000000001
67.4244,0,88,15.01,19.4277,18.232993181818184,18.31825,14.9917,0.7666909494098658,0.560715449354297,0.1331214605373591,0.0532132314898837,833.9259534168028,2654.0031700809923,4.436000000000002
38.12949,1,20,19.2,21.5176,20.429305,20.381,19.6208,0.5090098442590594,0.625695620331474,0.3711820196047347,0.1078586657424487,802.6129309687334,2213.05803663189,1.8968000000000025
9.32615,1,8,20.11,20.726,19.9804125,19.92615,19.4238,0.3841126822672885,0.411016403505807,0.2852371233742173,0.0595240053589488,8.702451527238384,18.027011377213057,1.3021999999999991
61.04383,1,85,18.92,21.3701,19.91665411764706,19.7909,18.9709,0.5333727735907068,0.6184064446423821,0.2819040228252392,0.0958269944462237,636.6768137894936,2632.9976063192958,2.3992000000000004
37.84062,1,57,19.5,21.3069,20.252387719298245,20.2363,18.5811,0.6076994766771121,0.5844133223308001,0.3369431899128398,0.1027102526199075,807.8672287126863,2936.0245067710057,2.7258
30.38205,1,358,18.2,20.1041,18.63543351955307,18.5975,17.9117,0.3727131039618647,0.552433807435583,0.1525560437162704,0.0475782785003556,888.3837512203831,2972.9921677894017,2.1923999999999992
5.79719,1,73,13.67,15.4496,13.518461643835616,13.4876,13.4517,0.2310930335926165,0.0613863827123003,0.0530327042376831,0.0010947810689245,267.28180197812065,1841.9713770253,1.9979
1.71506,1,164,19.34,21.2132,19.939763414634147,19.88725,18.5902,0.4943694270810428,0.551595605001999,0.2767592879331836,0.0791448094768118,838.9266568074124,2720.750782522802,2.623000000000001
-21.4905,0,113,16.7,19.123,17.58289911504425,17.9592,14.0802,1.2448904606498787,0.5780036196340229,0.1330095143935643,0.0905290586005531,814.5814708324132,2684.720010474797,5.0428000000000015
48.92288,1,62,18.5,19.0713,18.491846774193547,18.50355,17.939,0.1649328892011637,0.1762448051373299,0.1341401496879893,0.0105475838639752,244.0200269482746,874.8561786923019,1.1323000000000008
-6.78459,1,49,15.56,15.4329,15.387616326530612,15.3933,15.2464,0.0328490445506586,0.0655338040662866,0.0614431761004093,0.001331342970902,154.8238316095485,402.8837200459966,0.1865000000000005
33.70419,1,277,15.74,19.6994,17.99012274368231,18.1072,15.2053,0.932795415821685,0.3094810665039019,0.1396822331004713,0.0430026238062328,940.669490489061,3113.305419097,4.494100000000001
17.23368,1,19,17.8,21.0021,18.969826315789472,18.5588,16.9106,1.5083543983214531,0.526696935163719,0.2391925973458606,0.1644271407220217,603.0756719078812,2534.9835503358045,4.0915
-7.33528,1,340,17.14,20.0256,18.495795294117645,18.4942,17.0471,0.2488686324187489,0.652455526819189,0.1479982408951752,0.0490757930881627,960.8330952718612,3063.7172915972915,2.9785000000000004
50.82654,0,22,17.28,19.464,18.189104545454544,18.15595,17.4338,0.6057463554337013,0.237541572151348,0.1295744489816351,0.0380071800736249,735.0915950275443,2180.174562685199,2.030199999999997
15.94618,1,355,18.9,21.1077,19.366109577464787,19.2794,18.4698,0.470888634822702,0.53500065925789,0.2130545638142379,0.0655185215792008,857.9606853165176,3070.752018877298,2.637900000000002
33.95595,1,6,19.18,21.3526,19.95063333333333,20.4444,16.7105,1.681540034214669,0.609149114887593,0.3526026128892991,0.1805338575601613,1057.7565468890612,2884.1243527429037,4.642099999999999
32.44375,1,408,18.2,21.2719,19.35616225490196,19.36065,17.6035,0.678010147486855,0.5870305457561279,0.2143985807543275,0.0774789329342036,866.4798698801513,3078.349666122813,3.6683999999999983
23.22679,0,36,18.91,21.3292,20.31168888888889,20.34685,18.573,0.6134127469809629,0.560133637411588,0.360548477514485,0.1127624529120352,832.1318704570394,2562.041297129901,2.7562
2.72371,1,27,19.33,21.5609,20.261114814814817,20.2909,18.3578,0.7823883624978584,0.5569622852792591,0.3447946274306223,0.1272315654128184,791.1675414365799,2678.7511321297206,3.203099999999999
20.70372,1,25,18.55,21.3992,19.596804,19.9555,17.8354,1.1895968373360797,0.549929364563407,0.2618722673329879,0.1433894895574349,584.6867543339027,2324.8447501966148,3.5638000000000005
4.16326,1,19,16.37,19.3951,16.83992105263158,16.3719,15.7496,1.23782732397399,0.218553160403439,0.094545336953189,0.052020159483257,812.066971773011,1906.9034212962945,3.6455
27.23867,1,9,19.75,20.8119,20.15222222222222,20.3567,19.2837,0.5819487880771331,0.450260444227404,0.320899912048355,0.0992387705052026,103.42995685029166,262.1528953589077,1.5282000000000018
21.06279,1,22,17.67,20.9349,18.89809545454545,19.04895,17.3184,1.1967507834120694,0.498338597152707,0.2162585561991066,0.1223719219740838,857.6234314299209,2195.9607297222974,3.6164999999999994
8.96261,1,11,19.11,20.1402,19.330690909090908,19.1706,18.7553,0.4666915650717188,0.275153573612937,0.1889057851824495,0.0453043483151306,10.95759489337981,26.00333185170166,1.3849000000000018
14.60921,1,42,18.63,21.483,20.19440952380953,20.315150000000003,18.6295,0.7084346839127079,0.6785644261087221,0.3367129883095996,0.1261878865570383,696.7905936209557,2955.887484456398,2.8535000000000004
32.98034,1,30,18.29,21.4643,20.565716666666667,20.4792,19.7141,0.5111222366001368,0.6169002840940679,0.3819799968097896,0.1069688390839825,963.7007475292506,2651.829424005002,1.750200000000003
14.63244,0,171,17.57,21.1977,19.737119883040936,19.6859,18.4488,0.5633498266013309,0.5396801899451611,0.2882622916278457,0.0872079479205655,943.7151136666034,2943.065398344799,2.7489000000000026
42.71312,0,20,12.88,12.925999999999998,12.867515,12.8639,12.8231,0.0284648125346286,0.051914429842157,0.0517351007118261,0.0001495161577102,179.28657749422035,385.96818594870274,0.1028999999999982
30.96818,1,49,17.05,21.2097,17.603944897959185,17.054000000000002,16.4803,1.239461336471953,0.5378474026898049,0.1333089704623197,0.0978853952306917,977.4727857972384,2814.2926958445023,4.729400000000002
15.2853,1,22,19.75,21.3835,20.091486363636363,20.18155,16.703,0.998042715611987,0.605905242009425,0.3472816641316719,0.1216453153431436,777.3574871709731,2910.0782850691976,4.680500000000002
39.02283,1,2,15.83,18.5577,17.6203,17.6203,16.6829,1.3256837933685397,0.195611255477522,0.1945243250210179,0.0015371517929444,777.8872528642692,1100.098702997799,1.8748000000000005
39.00775,1,345,17.21,19.9226,18.760305217391306,18.7613,17.1943,0.3225367543082123,0.3356157758697269,0.1527773919839331,0.027207305370651,841.0989044130716,2912.9836959953027,2.728300000000001
-4.40227,0,101,18.46,21.1375,20.03569900990099,20.1313,18.3745,0.5764361209180159,0.515214398699779,0.2969951461836583,0.0824405444198337,960.4662736376736,2971.947387511398,2.762999999999998
32.91337,1,103,18.55,20.9456,18.92524854368932,18.954,17.2373,0.7888141322691096,0.43532749449661,0.1772681566965103,0.0599378789052134,927.2795073716292,2888.945060926104,3.7082999999999977
58.01799,0,221,15.14,15.2826,15.069405429864254,15.0666,14.9232,0.029719474292132,0.0646103836447836,0.0590118209887979,0.0015436034194163,800.8348308776204,2820.3018878242,0.3594000000000008
-7.54235,1,283,17.12,19.4353,18.85570883392226,18.8796,16.6892,0.2870386839024267,0.25580575037786,0.1644659333440801,0.0200161832122476,857.993416702919,2946.048886585493,2.746100000000002
12.89997,1,191,18.98,21.2781,20.278723560209425,20.2588,18.2787,0.4611792850598464,0.5474550088984621,0.3238003592351792,0.0811484602868037,859.579330942656,2943.933823205989,2.999399999999998
38.77144,0,4,14.19,14.1893,14.1769,14.185,14.1483,0.0192131899138754,0.0546001280663252,0.0545275222845695,8.745208794392885e-05,0.0067122498099538,0.0155712385094375,0.0409999999999985
-28.11091,0,56,17.21,20.5056,18.02542857142857,18.22965,16.5452,0.9865417561478976,0.369858997857967,0.1329601479796703,0.0576955346236333,707.575212015903,2180.0492942132987,3.9604
16.86618,0,39,12.49,12.3984,12.333976923076923,12.333,12.2369,0.0416361145207941,0.0509085932332791,0.0507156260675835,0.0001343856050388,124.39127727922497,300.173369236305,0.1615000000000002
5.14981,1,96,19.53,21.3664,20.103090625,20.0376,19.0019,0.5549283897050667,0.584088352063124,0.3048933650084863,0.0906685449013662,784.9287660137546,2946.000195636494,2.3645
31.13554,0,17,18.28,20.7586,17.861023529411767,17.3315,16.3017,1.4900903695453391,0.481129403753669,0.166969468858963,0.1350480252960865,988.3447661334416,2634.881189560197,4.456900000000001
26.92631,0,136,17.38,20.2104,19.134152205882355,19.187,18.0024,0.4194658868338622,0.508371193995948,0.200856082183996,0.0561160445399212,1095.9531789465034,3108.658113657504,2.2079999999999984
34.63811,1,16,17.84,20.6982,18.8641875,18.4501,17.8087,1.0723903504943204,0.4111419717588649,0.192031610948724,0.1008703291859667,25.62060586053114,63.883183634599845,2.889499999999998
-13.18834,0,31,14.36,20.9453,18.714358064516126,19.9474,14.3586,2.5647546433364985,0.498126381721223,0.2531609443015765,0.1338574847303052,960.862377046436,2351.6954347686988,6.5867
-8.98287,0,214,17.88,20.4724,19.31722056074766,19.3311,17.1671,0.4445975042619197,0.3660771522159339,0.2043195525758008,0.0436397109138448,988.7977697990142,2979.9335361114063,3.305299999999999
18.96127,1,36,20.07,21.4421,19.87645,19.7881,19.1199,0.5591010235828834,0.612439349761312,0.2871352361914534,0.1000520339526001,389.6308551872268,1591.8549088428117,2.3221999999999987
3.67509,1,44,14.39,14.4482,14.395725,14.3965,14.3548,0.0163225927745476,0.0614720449575161,0.0554170373807967,0.0009737869809087,45.03749231762325,144.75125032379583,0.0934000000000008
-4.1396,1,9,18.83,20.057,18.76451111111111,18.6286,18.3924,0.5032861771508437,0.283331250919037,0.1577346533269999,0.0478421477648974,139.30038530497924,420.7998041319079,1.6646
12.08089,1,311,16.01,21.335,19.514232154340835,19.7364,15.8545,0.9953691328224256,0.581184995956866,0.2387523973768674,0.0810452604333532,802.908581219617,2913.043801435102,5.480500000000001
41.89521,1,119,17.29,20.4875,19.16982268907563,19.2139,15.1007,0.5236781636244863,0.3676320147425739,0.2014079348905645,0.0344920018220318,998.4298995147784,3067.737068484006,5.386800000000001
-3.92503,1,82,15.25,21.1508,18.663681707317075,19.8466,15.2503,2.0864956086629776,0.576116887210896,0.2407942691845767,0.1520079023503176,914.7534286851636,3020.8571897451984,5.900500000000001
18.24838,1,20,20.31,21.236,20.287155,20.3313,19.0554,0.6286935723135886,0.592022767477822,0.3625343784635858,0.1223472083446025,1184.2317716782115,2901.0584000115123,2.180600000000002
26.82104,1,278,17.75,20.0881,18.367880215827338,18.42615,16.5815,0.4950196290502826,0.4444009240202229,0.1388597984537315,0.0357620794369898,921.4919124004912,2951.024288599401,3.5066000000000024
25.30198,1,334,14.54,16.9157,15.59162874251497,15.6726,13.4387,0.6458391843363492,0.120808829632217,0.0639902413250231,0.0080163447528203,929.8351368997412,2992.9073348612947,3.4770000000000003
28.8295,1,13,19.95,20.8347,20.27246153846153,20.2612,19.6441,0.4042840452340028,0.421812891074963,0.3144113442216708,0.0681074605146284,445.2264847970451,1624.7192108447998,1.1906
19.34577,1,231,14.83,21.1022,19.450986580086575,19.7812,14.7716,1.345760536435743,0.4874174843233589,0.2420979909251423,0.0828067439121122,836.0546403468489,3122.232269513901,6.3306
18.3426,1,67,18.65,21.427,20.54528656716418,20.5072,19.7304,0.4330712643068575,0.609512395552921,0.3935480831197838,0.0985489242970753,764.9641762103134,2585.8931721992994,1.6966
2.68257,1,210,14.19,15.9723,14.96608238095238,15.04575,13.6449,0.5485416681071794,0.125402890520995,0.0634749823476309,0.0101045684749363,788.0652125028605,2660.719205624897,2.327400000000001
-14.6291,1,18,17.92,19.9461,18.887294444444443,18.87815,17.9228,0.5823929878700996,0.302081055125085,0.197225095945796,0.0618165425666495,931.474286218511,2548.007190254292,2.0233000000000025
42.79636,1,230,17.59,20.2426,18.43306956521739,18.55615,16.3022,0.7538422292946526,0.4447123346723811,0.1469536084028911,0.0492065749651259,809.1522024925067,2920.0288125695006,3.9404
47.59933,1,69,19.28,21.347,20.256289855072463,20.1733,19.2119,0.5089142676397778,0.569336526205408,0.3281728689372894,0.0929128059779418,792.1856386343367,2652.9210501735,2.1351000000000013
-18.98886,0,82,18.11,20.812,19.442148780487805,19.5057,17.9118,0.5107258594559436,0.4384451568506839,0.2203243702215855,0.0551388541580912,853.8434577214352,2599.908077338303,2.9002000000000017
-8.07791,0,271,15.74,19.3729,17.80857490774908,18.0921,15.1052,0.8884395704024773,0.50394284503612,0.127395100585052,0.0491319743089795,914.3881229792836,2989.9005445138973,4.267700000000001
20.75393,1,171,19.86,21.3395,19.98454152046784,19.9211,18.7994,0.5433701976889221,0.591015310726227,0.2809206865735443,0.09343742358294,451.0402360034276,1937.8863449999044,2.5401000000000025
15.19416,1,16,20.09,21.1132,20.364525,20.23365,19.8192,0.4539223465160822,0.5189667997867979,0.3370995098907308,0.1038386287703307,371.1143805648473,1119.9099709838993,1.2940000000000005
-20.36064,0,4,17.92,18.0301,17.9569,17.99485,17.8078,0.1032062336618608,0.118308931284532,0.1150454703806987,0.004172612296869,0.0107338643253307,0.0249528703061514,0.2223000000000006
-7.17048,0,15,18.72,21.1625,20.07878,20.0823,19.1508,0.6320581033417735,0.5450101944226761,0.3034218261932572,0.1007521447705513,520.9461345355385,1487.9914424423914,2.011700000000001
14.24925,1,36,19.2,21.4201,20.406602777777778,20.5801,19.1109,0.7127333336172833,0.6176521342829829,0.376792003566709,0.1308091839772796,818.3616185993183,2634.965408414595,2.3092000000000006
-5.8552,0,8,19.99,19.9924,19.487925,19.439,19.1327,0.2477528362242163,0.231000188167376,0.1946407434779763,0.0299363094192585,7.512645612344746,21.87688443309889,0.8597000000000001
53.14913,1,234,16.22,16.4204,16.240011538461538,16.234050000000003,16.1396,0.0377355457275607,0.10277853458089,0.0698708635319602,0.003626857327318,852.4275456146369,2874.1392806595977,0.2807999999999993
17.38096,1,291,16.71,19.1928,18.16221065292096,18.18,16.2564,0.3576592159419244,0.3676320147425739,0.1219267131671985,0.0204568168442389,795.0687033973818,2994.8854597225,2.936399999999999
41.78382,0,36,15.73,21.3019,19.289522222222224,20.0522,15.7315,1.8894491705424343,0.572084523202219,0.2708019331274724,0.1383471775523558,789.7928467148828,2311.770786920999,5.570399999999999
20.09561,0,162,19.25,21.306,19.77795925925926,19.67725,18.3997,0.650074020109872,0.5569622852792591,0.269712238839189,0.0990607448303005,815.7712413346862,3031.7629617475977,2.9063000000000017
-1.04452,1,16,15.8,21.0821,18.507825,20.1394,14.519,2.728567655138254,0.568428293287317,0.2710222143972106,0.188924664328765,797.9697151775252,2824.284338518497,6.5631
-15.38993,0,175,15.66,20.4254,19.272068,19.3212,15.5419,0.6253577168529916,0.430977351523181,0.2027083109401492,0.0468351939831666,883.849741739897,2941.962027696907,4.8835
59.73473,1,95,18.86,19.9475,19.35764210526316,19.346,18.7762,0.2226231643712526,0.687394177356434,0.2122376892860287,0.0560032136166454,847.2413856862651,2692.770687199205,1.1713000000000022
28.79609,1,11,19.85,21.3383,19.98716363636364,19.8479,19.2671,0.6005145747985263,0.573936271343313,0.2966418598653646,0.110026063731848,573.8356791554282,2187.006473217596,2.071200000000001
3.2916,1,33,19.51,20.9892,20.056490909090908,20.2649,17.243,0.8501686911150468,0.479591430736981,0.3001895106331181,0.1089931133719048,562.5879487862549,2205.969510104507,3.7462000000000018
53.07531,1,18,17.16,21.2573,18.177794444444444,17.54155,16.858,1.4726052637786204,0.5678249495622459,0.1696260720643453,0.1384112373441637,840.5984527327033,2272.9973153121973,4.3993
4.55682,1,249,18.72,21.1449,19.933934136546185,19.9291,17.6196,0.4577087574126756,0.52207024622074,0.2829860069244446,0.0691296146001929,954.2909126848406,2991.8603188077977,3.525300000000001
17.94632,1,375,16.79,18.3219,17.952340266666667,17.9719,14.6336,0.2248671813684991,0.298568626541688,0.118914379437883,0.0217548127706086,915.5546069636924,3117.6712885536035,3.6883
22.37453,1,295,18.14,20.8294,19.442390847457627,19.458,17.9718,0.4256090425411766,0.443006884932586,0.2171432778492849,0.0492426137724499,902.4069452425732,2994.891539467506,2.857599999999998
-15.22041,0,79,16.91,21.2179,18.889384810126582,19.6304,15.8778,1.6544273532561666,0.509946061867484,0.2207886394677095,0.1173120038673126,811.9941160355072,2925.9995409492985,5.3401
3.19944,1,16,17.3,18.2568,17.49561875,17.49285,16.8851,0.4412219414591707,0.109224031508129,0.0945182011318051,0.008676151026892,14.620325339282084,36.00218950230192,1.371699999999997
23.54408,1,21,19.76,21.2794,20.059861904761902,20.0602,18.6499,0.6793216023918218,0.551038700336465,0.293486451826057,0.1072308557855063,661.79844902424,2880.0548509838045,2.6295
49.74537,1,66,15.41,15.4236,15.38098181818182,15.38165,15.3445,0.016622967513385,0.0657213626389317,0.0607779831542414,0.0011055134202953,182.53994451120408,527.8702173150014,0.0791000000000003
15.2663,1,176,19.83,21.4176,20.00437727272727,19.95185,19.0105,0.461940979959815,0.594731704750992,0.2871690719290623,0.0796126987288496,618.6897254950032,2659.795428472098,2.4071
28.47339,1,132,16.53,21.3672,20.41569924242424,20.395,18.9143,0.4669631663222612,0.5844133223308001,0.3475396608470273,0.0868266740132758,871.7498550950257,2922.9860807525984,2.4529
11.3953,0,18,18.69,21.2824,19.53705555555556,19.46375,18.4962,0.9089868097290728,0.578003625950549,0.2571780230233023,0.1355146066928117,179.78149239356586,791.9122756709912,2.7861999999999973
50.44604,1,17,18.47,21.4948,20.509852941176472,20.4833,19.4021,0.5077299751315245,0.6272592732908872,0.365032164474192,0.1083971912936923,703.418165167059,2679.897220925908,2.0927000000000007
39.86291,1,51,16.56,16.642,16.531645098039217,16.5367,16.3578,0.0527110550595429,0.0826108530503983,0.0746746760814395,0.0025916954598966,121.51511133615952,398.94022103009775,0.2841999999999984
9.56575,1,114,18.38,20.7731,19.360376315789477,19.40355,17.1925,0.513314799702275,0.45434100459014,0.2051341604421954,0.050061547175677,673.2749686312139,2253.007599606586,3.5806000000000004
49.72929,1,10,18.8,21.4069,19.70088,19.80125,18.515,1.0006337645046095,0.6135465783046539,0.2738872471742085,0.1503307412249678,452.35272785639376,1450.9988613422029,2.8919
5.75668,1,239,19.11,21.3817,19.96231757322176,19.9057,18.3992,0.4602973099589351,0.585391153669409,0.2766000011953883,0.0822402434953454,800.0332457688786,2979.9147831365044,2.982499999999998
53.0853,1,170,13.19,16.6361,13.229990588235292,13.1709,12.9893,0.3891074983039242,0.0755800467682727,0.0525544612540796,0.0027198570258829,833.4081381071362,2712.8299489006968,3.646799999999999
24.32118,1,31,13.69,13.5546,13.50902258064516,13.5146,13.4482,0.0307304594789105,0.0532873469960163,0.0527452655348692,0.0003048535227569,150.63560066565543,369.9736915506946,0.1064000000000007
17.23837,1,14,18.99,21.1955,20.10568571428572,20.30885,18.8514,0.8984801062453659,0.538630812480103,0.337204438411983,0.1450318533784023,999.8606281339502,2922.9799309722075,2.3440999999999974
38.5381,0,273,15.89,19.7673,18.363320146520145,18.3803,15.8665,0.5476492310696277,0.243210160469291,0.133233623245009,0.0278446512570652,915.6304506580822,2950.0113040046053,3.9007999999999994
12.49207,1,3,18.75,21.4614,21.04053333333333,21.0631,20.5971,0.4325916819973927,0.507700273138726,0.4655604701808883,0.0659335081144575,590.3223581574264,1171.7778071412977,0.8643000000000001
18.47881,1,24,18.65,21.5593,20.36402083333333,20.62695,18.6456,0.8574075587029854,0.66448811191672,0.3828439411626081,0.1424882850177063,899.6807633032189,2787.7108476851063,2.913699999999998
12.51982,1,319,18.54,20.9221,19.643978369905955,19.6298,17.1125,0.5451861641561229,0.496227480514791,0.2410404606175272,0.0705946746497552,916.4255557476438,2997.9294156250908,3.8096
23.61403,1,91,13.55,13.6089,13.462505494505494,13.4566,13.4254,0.027805848156408,0.0535797095062831,0.0525266381715852,0.000329780274093,194.6997437209989,523.7242692014988,0.1835000000000004
-1.65755,1,4,18.98,21.1159,19.2564,18.95415,18.0014,1.3186969806087625,0.522552126353229,0.2499967131441935,0.1839609380015461,198.48135497576345,396.9689877777928,3.1145
-20.58602,0,63,17.26,20.769,18.840657142857143,18.8322,17.5053,0.6969029602727103,0.445493490384462,0.1775265902378831,0.0643719637830799,640.0609404717726,2595.956320486104,3.2637
29.19976,1,14,19.53,21.1701,19.94467857142857,19.6783,18.9928,0.7217092672458715,0.527932869961523,0.2965522039589068,0.1241095957209236,754.5039246474847,2220.9554065968914,2.1773000000000025
16.87789,1,83,16.27,21.3405,19.51415421686747,20.0108,14.9269,1.5960059640072264,0.529176605550354,0.2691497993187299,0.1105349546333415,832.9433429171961,2980.9198253122013,6.413599999999999
16.26361,1,340,16.29,21.1199,19.17384676470588,19.1874,16.2881,0.7027325217941329,0.628438815043573,0.2039852144368185,0.0742810475970317,901.3848577159752,3096.7043790738026,4.831800000000001
36.21584,1,15,18.73,21.1974,19.70537333333333,19.5335,18.6377,0.8191343649301525,0.5402069141485759,0.2680059361060409,0.1447294965167329,692.0209970246628,2577.9436099073064,2.5596999999999994
57.17437,0,66,14.86,15.2304,14.821716666666669,14.82235,14.603,0.06779913678446,0.0610244508462932,0.0578457333268508,0.0010008377016407,214.3396853066212,719.0305543284048,0.6273999999999997
17.74644,1,20,18.67,21.2412,20.61487,20.776850000000003,18.9761,0.5479683385974624,0.541264501254804,0.3958113774468882,0.0950419899646172,952.2912771992324,2951.8938683453016,2.2651000000000003
-19.4626,0,22,18.0,21.003,19.18394545454545,19.2709,17.9375,0.9331181320238544,0.486818516944191,0.2105011648770562,0.1039519773422598,499.1021502118022,2530.1468259143003,3.0655
8.16082,1,16,20.21,21.2247,20.6230375,20.65755,19.8784,0.3632029898463565,0.565428519789496,0.4017972799553326,0.08892879602551,840.4742425004752,2895.0267597916973,1.3462999999999994
58.42613,1,24,18.09,18.411,18.183375,18.16465,18.0011,0.1081742927348988,0.127365023530246,0.1159801148535848,0.0079538202367591,158.03476651195058,448.99164069451217,0.4099000000000004
21.35139,1,9,14.0,18.0278,16.78231111111111,17.1029,15.3793,0.9583094234698478,0.1084759044795749,0.0802748324897854,0.0176242735880651,743.5071990834982,1890.8938154628995,2.6484999999999985
54.52146,0,182,18.82,20.974,19.6905021978022,19.64315,17.5652,0.4813106489250166,0.558397859761303,0.2488342084651408,0.0659935464732332,790.8708129899708,2842.287952303399,3.4087999999999994
6.34385,1,66,19.92,21.4784,20.345327272727275,20.34295,19.347,0.4833427312582037,0.6157770009518879,0.340544142673961,0.0868579187368639,761.8709629975019,2613.929595821392,2.1313999999999997
39.73173,1,18,18.93,21.3093,19.411183333333334,19.0918,16.05,1.2134092478002048,0.519441027024221,0.2583676971665387,0.1290784041066099,421.1101089049153,1680.1968941782034,5.2593
24.84764,1,35,20.38,21.4536,20.320934285714287,20.1983,19.0895,0.5389940357319566,0.637271086841677,0.3475353265519216,0.1096112133813697,469.7969513503268,1862.989336388695,2.3641000000000005
1.11426,1,360,14.53,19.2641,17.91401527777778,17.979950000000002,14.1744,0.6732608283755939,0.205906505482515,0.1192173268499285,0.0236912315546226,906.0209752360984,3060.753692361104,5.089699999999999
-0.36227,1,142,18.7,21.1908,19.83517957746479,19.84935,18.2739,0.6233862384957816,0.563648785059395,0.2724732590726218,0.0894604934915837,835.7430199009852,2963.9101655557024,2.9168999999999983
14.45379,0,159,12.23,17.5952,12.700287421383647,12.8694,11.3431,0.6697564144156455,0.0982566035706919,0.052540524315391,0.004154910634268,766.7851751308631,2631.819116632003,6.252099999999999
34.05529,1,44,18.88,21.3852,19.809979545454546,19.57065,18.6171,0.9084914983615072,0.6109712441188629,0.2881585080084607,0.1437233865621411,610.242995109168,2863.0268031946034,2.7681000000000004
-18.45311,0,16,18.22,18.9697,18.3921625,18.35955,17.9654,0.2217039403498878,0.1773009769356799,0.1362855241643911,0.0143863402741927,20.36566730683067,52.88668352980312,1.0043000000000006
19.11324,1,73,19.03,21.3264,20.07249315068493,20.2596,18.4348,0.8266765690483477,0.59747378284723,0.3273091598111445,0.1249323796875043,830.877111008162,2941.834819896103,2.8916000000000004
64.63568,1,28,18.87,21.4327,19.613703571428573,19.3876,18.3995,0.8375762180827988,0.629624203623932,0.2643359037761023,0.13374675909692,690.246811387883,2822.2067766087057,3.033200000000001
-5.13917,1,12,13.89,13.9048,13.89,13.892600000000002,13.8689,0.0111993506305257,0.0538593420985029,0.0537737206922193,5.290425373189135e-05,10.706862874668325,25.122760277699854,0.0358999999999998
27.03884,1,337,16.64,20.8875,18.01457952522255,17.8938,16.5516,0.9403546792376022,0.553838383774299,0.1440642285352421,0.0692503681768143,940.2240044760664,3120.321494039097,4.335899999999999
-0.92257,1,7,18.85,20.586,19.477942857142857,18.9077,18.8032,0.7833325365750761,0.329048013721486,0.2190678519946088,0.0788873768141592,12.71833357739317,32.96263140049996,1.7827999999999982
34.79828,1,20,18.7,21.0626,19.39783,19.2446,18.4515,0.6942449098424168,0.437399150923707,0.2148587623993058,0.0807066458828962,287.4239232568121,1300.6499515742034,2.6111000000000004
10.50751,1,33,17.19,19.0792,17.52642424242424,17.4173,17.0156,0.4479898631877061,0.172561457411448,0.0953885681668674,0.0179642752827188,27.623172371396503,90.7220497225062,2.063600000000001
-1.43924,1,14,18.24,21.2804,18.671321428571428,18.2285,17.4357,1.1115418115106,0.5546857174043629,0.1715986810081892,0.1232095516464796,286.5264576622912,1072.0882740970046,3.8447
17.36878,1,457,18.51,20.4359,19.356558205689275,19.3486,17.590999999999998,0.3031917961373937,0.5923595908457379,0.2019059890314046,0.0437422032294055,889.0183990348514,3121.300427534596,2.844900000000002
-0.51599,1,118,18.81,21.2291,19.710414406779662,19.63725,18.7264,0.5949995507109453,0.558397859761303,0.2749716435428613,0.0949485500928619,602.0040679324103,3005.785750671297,2.5026999999999973
18.54743,1,6,18.2,20.5589,19.69245,19.76905,18.1089,0.8564346087121891,0.45009929656289,0.3087020646230363,0.0965186670727902,829.3196054215681,2238.848609143897,2.450000000000003
-11.21836,0,8,17.89,21.3526,20.17455,20.67565,15.9691,1.798516867548689,0.581826876627241,0.380610456210471,0.164760335624727,831.3163010525266,2506.056096654902,5.3835
39.27016,1,20,18.7,21.4678,20.34407,20.52045,18.7,0.880389104227277,0.6117041266388199,0.3640307620298183,0.1525850036724149,1041.2393281697475,2708.781810231303,2.767800000000001
-5.88787,1,8,17.43,18.4052,17.8557375,17.84525,17.2847,0.508008680852434,0.131917059835834,0.1114390548336962,0.0187859537419915,3.7773354064965208,7.088876689798781,1.1204999999999998
9.21784,1,296,18.95,21.0967,19.50050337837838,19.5061,18.3215,0.5709426731786167,0.517786302513275,0.2278775763343637,0.0745379441340035,903.7380497628628,2979.965056771005,2.775199999999998
-0.21057,1,299,17.88,20.3253,19.227405016722408,19.2494,15.7696,0.3754447592611029,0.326785187409839,0.1889041228891921,0.0282403800889901,854.3176920724054,3124.251818321507,4.555699999999998
9.1421,1,7,18.82,20.148,18.929642857142856,18.8196,18.3196,0.5997409214462053,0.3231534190002069,0.181531618531415,0.0647104329727839,30.28269972548601,85.79371658569289,1.8283999999999985
7.50031,1,16,19.28,21.5257,20.08463125,19.8596,18.6291,0.9607664917267884,0.545550965519109,0.3171366198863909,0.149808986431635,26.414582979295087,85.94856895839621,2.8965999999999994
23.90144,1,71,19.08,21.3556,19.924722535211263,19.7352,18.5996,0.67032766192516,0.596441575842659,0.2880371420800331,0.1117624044496609,554.3128276845629,2863.9846975230976,2.756
26.24794,1,115,19.18,20.9465,19.558642608695653,19.4209,18.6744,0.5050747224657322,0.507031717820165,0.2345168159285261,0.0704246476327762,495.2839969457691,2282.968287152704,2.272100000000002
40.10215,0,132,13.92,18.7585,17.908344696969696,17.9862,13.916,0.5306568348602297,0.179857574423658,0.1174246450381884,0.0166347819405413,1051.0162595880738,3108.8064816780025,4.842500000000001
31.7855,1,21,19.16,21.3811,20.64838095238095,20.5011,19.9505,0.4860207563664823,0.6087864137425949,0.4000337989836466,0.1113756339093416,737.0183022578003,2548.973752326303,1.4305999999999983
13.30685,1,409,14.45,20.5634,18.957305378973107,19.1698,14.0282,1.17784225776913,0.746249243774259,0.1881820497151758,0.0632876680294824,851.6983232460626,3130.254684756903,6.5352000000000015
49.12888,1,3,18.64,21.0631,20.88713333333333,20.992,20.6063,0.2457932532298887,0.496858272678627,0.4455595784712327,0.0476362075092958,810.2516941650333,1561.883314478997,0.4567999999999976
1.71497,0,3,19.42,20.3047,19.01083333333333,19.9526,16.7752,1.9441028530747364,0.3769709851657439,0.2547393254728785,0.1470301764182792,644.4089096322203,1124.0053331596937,3.5294999999999987
8.33266,1,6,20.1,21.3303,20.436400000000003,20.38655,19.6183,0.6609184700097289,0.568428293287317,0.3864700896255682,0.1196035327459087,696.7081736667353,1778.1190023147938,1.7119999999999995
12.06781,1,4,18.82,19.1007,18.79045,18.80045,18.4602,0.3511203829647791,0.188904324366198,0.168486242052927,0.0233349371985922,0.0082713538272499,0.019389687498915,0.6404999999999994
51.85106,1,170,17.97,20.6672,18.88261176470588,18.8692,17.5607,0.5737555502637045,0.473940588661194,0.1699157984133167,0.054849427859039,908.0255087851268,2712.853748611204,3.1065000000000005
16.83042,1,45,19.07,20.5073,19.415815555555557,19.4465,18.373,0.5674221199887486,0.3767737148893739,0.2310216851394302,0.0657666537939537,252.6339206381785,833.7353293284978,2.1343
20.0777,1,5,18.63,20.7894,20.30614,20.3632,19.9063,0.3619568109595393,0.432125703139561,0.34979042550659,0.063859545668351,812.0916311939249,1927.7172863539015,0.8830999999999989
7.34719,1,71,17.76,21.5056,19.38132816901409,20.0299,16.5924,1.5138164957845668,0.5711646163575219,0.2661070589619975,0.154084028807436,879.8175369621471,2979.9294593054947,4.9132
33.06853,0,130,15.79,17.7639,17.19855692307692,17.330849999999998,16.3879,0.4526175528387567,0.163482409878636,0.0917211648844171,0.0147451532693771,1071.0568664048108,3116.6724568055943,1.3760000000000012
8.60308,1,15,19.07,21.356,20.54604,20.6465,18.9803,0.6851186454080158,0.570553511498524,0.4279851116450652,0.1016890613457965,1004.4930861710238,2945.952732511294,2.375700000000002
35.50481,1,285,17.33,19.8138,18.373306315789478,18.512,16.1719,0.6661315946859454,0.431981703146985,0.1520696926588425,0.0392779951760084,926.1470075502922,2944.0317124771027,3.6419
34.83504,1,157,19.6,21.4129,20.038846496815285,19.996,18.4573,0.512176418239957,0.5799068692430369,0.2865074742841986,0.0803846625466131,685.2857810058943,2749.753841168713,2.9556000000000004
36.51075,1,188,16.05,19.2316,17.99781914893617,18.03465,16.0542,0.4610088076174641,0.213802621397619,0.1258500189761834,0.0215090549304455,746.946380931549,2581.831650868102,3.1773999999999987
47.75253,1,37,13.02,15.7611,13.059402702702704,12.9745,12.8764,0.4590311751011198,0.0641369949223522,0.0517734197798391,0.0020934366291127,196.67837211961827,767.0325803931992,2.8847000000000005
28.26506,1,9,17.9,18.2173,18.02106666666667,18.0499,17.8179,0.1519174364580972,0.144274287364723,0.1193157657261425,0.0111608475332385,6.827213356223026,12.978980081199552,0.3994
6.918,1,22,19.53,21.3947,19.826190909090908,19.83895,17.5352,0.8094622082469854,0.516612993202041,0.2817092682336428,0.0973208492209754,852.8179335137693,2867.2249733331846,3.8595000000000006
-1.34447,1,53,18.88,21.103,18.90933396226415,18.8216,17.8812,0.6956372811324212,0.531687832235064,0.182255805132724,0.0808790454226193,772.3101989558254,2503.1330824885954,3.2218000000000018
-27.1688,0,49,17.71,19.8973,19.26074489795918,19.2554,18.5502,0.307615447881783,0.272747484386885,0.1978397439994532,0.0289336038369061,611.069471782318,1881.8724651621087,1.347100000000001
-3.63711,1,18,19.66,20.8759,19.629183333333334,19.5051,18.73,0.576472065799427,0.452860407830796,0.2353067752880136,0.0815588619268719,429.2561506643918,1832.072402291502,2.145900000000001
30.11582,0,61,12.19,14.8021,13.303765573770493,13.156,12.1473,0.7982666037286127,0.0585867990125465,0.0535065021217235,0.0023423963303859,935.1665330973416,3110.3060449420955,2.6548
34.5202,1,271,17.85,20.1026,18.748032841328413,18.7348,16.8116,0.3112847036593143,0.345315984711239,0.1578894056915056,0.0302994897791117,836.8116971651838,2984.032893402502,3.2910000000000004
25.54803,1,3,19.47,21.4163,21.004066666666667,20.8297,20.7662,0.3584135925621869,0.623369337615911,0.541987698511681,0.0929409160527671,742.0825541291993,1483.9686941550972,0.6500999999999983
51.45671,1,187,13.73,13.8651,13.781408556149731,13.7833,13.6733,0.0242892699782464,0.0709572793022147,0.0536140664939583,0.0024100008352826,862.9453761609235,2737.816986099395,0.1918000000000006
-10.45566,0,11,18.96,21.1844,20.43480909090909,20.3422,19.7069,0.4258126852374067,0.534743862587872,0.3538359420717851,0.0947409598879489,760.4900724030525,2571.000908379501,1.4774999999999991
26.05414,1,19,18.04,18.6563,18.392552631578948,18.4031,18.0413,0.1631715231433241,0.150668203227365,0.1351128443076141,0.0092188186559424,34.64696526309591,106.81438686329784,0.615000000000002
28.59392,1,23,19.03,20.4077,19.646960869565216,19.598,19.0344,0.3283092953286718,0.3439358637390159,0.2323656719375899,0.0415847622414971,81.26763353699987,418.8462871638985,1.3732999999999969
30.48945,1,105,19.7,20.8818,19.63649333333333,19.6784,18.4923,0.488837646335017,0.4773092646790279,0.2419761411434287,0.0654035505713709,859.3998613838726,2952.9102825117006,2.389499999999998
-16.05381,0,8,16.45,16.4028,16.3613,16.369500000000002,16.3209,0.0327634814127817,0.0750861037360604,0.0724040584929167,0.0011814231396111,22.439760830053363,42.00214662030339,0.0818999999999974
39.90713,1,3,20.12,20.9333,19.5441,20.2043,17.4947,1.811874863228693,0.435621796095188,0.2746613837631067,0.1768600957412352,884.4451770618833,1746.1403851969008,3.438599999999997
38.45209,1,27,19.6,21.1228,19.867459259259256,19.7627,19.1865,0.5228509769002877,0.507031717820165,0.2694626286128423,0.0938630612049846,200.14326626868,1193.652193240494,1.9363000000000028
22.61162,1,8,18.78,21.491,20.627825,20.802100000000003,19.7003,0.6097465205195627,0.542327676998377,0.4112108384064215,0.1052750740981095,701.6857985243792,1923.7899545370965,1.790700000000001
21.95206,0,56,18.5,21.2333,19.090057142857145,19.8195,15.1372,1.8641643185335093,0.63442544081712,0.2723732027471655,0.1490142892244607,927.5138269741108,2943.9076711689995,6.0961
20.65234,1,11,19.2,19.9999,19.41264545454545,19.2805,19.1512,0.3177574337875867,0.500904189772154,0.2326166125916576,0.100615819223067,60.390253534774445,228.6473883216022,0.8487000000000009
17.76041,0,38,13.87,13.8946,13.871147368421054,13.87245,13.8255,0.0161281143959455,0.0542220784967434,0.0537151040499185,0.0003633713112693,119.37431535826566,295.2084989585055,0.0691000000000006
-9.85855,1,13,17.92,20.9563,19.93757692307692,20.0347,18.8269,0.7583763381438079,0.478827426740519,0.2942386271904914,0.1083041283968861,1174.164748853792,2881.066928969718,2.1294000000000004
43.59957,1,24,13.97,13.9978,13.9779375,13.9773,13.9562,0.0125453546746611,0.0547794353698739,0.0537702323640874,0.0004696581601392,134.72972714683192,366.1091457524017,0.0415999999999989
31.76066,1,107,17.95,21.471,20.48395420560748,20.4878,19.2789,0.4224825177315023,0.544201718102131,0.3665510746462591,0.0816252351478852,878.2409493771889,2940.957570034596,2.1921
11.5787,0,23,17.33,19.2693,17.524647826086955,17.3583,17.0618,0.5485479691210938,0.2669039932793769,0.1193130310820726,0.0416605473351643,992.1147096879192,2342.654167326691,2.2075
-1.22763,1,5,18.99,20.5195,19.32324,19.094,18.8951,0.6743696931209181,0.4233030918975829,0.2233630894939861,0.1119799880277695,167.72102062718602,375.0483498382018,1.6244000000000014
15.57832,1,10,17.04,19.5508,17.73328,17.46105,17.0403,0.9003841116126177,0.2102348952280739,0.1100196848213038,0.0470517921902397,184.26629690251235,385.0012094671984,2.5105000000000004
28.27968,1,179,19.38,21.3116,19.61325083798883,19.4909,17.9311,0.5874368272388814,0.5493769345751189,0.2398817548149527,0.0804914562379366,812.0349201886434,2970.950521898005,3.380499999999998
-2.94107,1,302,16.73,19.2534,18.016755960264906,18.06005,16.6319,0.5017606142715088,0.286520073337156,0.1182551873281781,0.0281744085113695,915.0328885099692,2963.9577259840007,2.621499999999997
-11.84145,0,38,18.83,21.0586,20.13662105263158,20.23735,17.1581,0.8420703071878917,0.515446802557313,0.3311897960008382,0.1059547818388103,1063.61357698868,3062.7251880439,3.900499999999997
20.09979,1,4,18.86,19.1056,18.962075,18.9585,18.8257,0.1384920063878521,0.1904913633593889,0.1776036324558222,0.0111791563533739,0.0111163985666152,0.0258441088008112,0.2798999999999978
47.60035,1,2,13.43,13.4485,13.4457,13.4457,13.4429,0.0039597979746436,0.0517816949538934,0.0517816536752728,5.83767850171254e-08,0.0053430837510779,0.0075562615020317,0.0055999999999993
28.80241,1,348,16.15,18.5405,17.49933764367816,17.62365,15.4715,0.5823445764296459,0.159993122505629,0.1018433221271555,0.0178782627129215,902.7548779245484,2950.9747989233947,3.069000000000001
28.73439,1,190,14.5,19.3605,17.712584736842103,17.83155,14.4893,0.7451398358368669,0.289028212048504,0.111062592875169,0.0243612610801076,951.2003065894704,3120.749472951509,4.871199999999998
41.23145,1,564,18.15,21.0005,19.070211702127654,19.048,17.4679,0.563520349470886,0.8033956247411379,0.1889634873780985,0.0703958758580177,863.3048585152087,2922.999508031993,3.532599999999998
29.64658,1,100,18.35,21.3592,20.27677,20.2728,19.2684,0.452114927174206,0.6117041266388199,0.3365349406833721,0.095578051861237,864.3082460179565,3116.662135902603,2.090800000000001
19.95751,1,170,19.35,21.1471,19.55610823529412,19.46785,18.603,0.532479071280643,0.6218310949110389,0.2487416424007768,0.091788617825211,689.4947556773528,2947.8930536806,2.5440999999999967
10.34491,1,75,18.97,21.2807,19.710756,19.6287,18.1503,0.7481336808279567,0.575491614190353,0.3027141435155916,0.1177877137096546,844.9415342192558,2936.978626655,3.130399999999998
